id,password,last_login,is_superuser,username,last_name,email,is_staff,is_active,date_joined,first_name
1,pbkdf2_sha256$720000$Lv2A7mTQgDAyi5Zmg045vK$6zRDRqk62seB9oCVZ15V2sxjcFzYbtWcUGX5EX++L9Q=,2024-12-07 19:13:07.621035,1,admin,,,1,1,2024-11-18 05:46:58.684193,
2,dummy123,,0,user_1001,,user_1001@example.com,0,1,2024-11-18 19:43:14.038413,
3,dummy123,,0,user_1002,,user_1002@example.com,0,1,2024-11-18 19:43:14.038413,
4,dummy123,,0,user_1003,,user_1003@example.com,0,1,2024-11-18 19:43:14.038413,
5,dummy123,,0,user_1004,,user_1004@example.com,0,1,2024-11-18 19:43:14.038413,
6,dummy123,,0,user_1005,,user_1005@example.com,0,1,2024-11-18 19:43:14.038413,
7,dummy123,,0,user_1006,,user_1006@example.com,0,1,2024-11-18 19:43:14.038413,
8,dummy123,,0,user_1007,,user_1007@example.com,0,1,2024-11-18 19:43:14.038413,
9,dummy123,,0,user_1008,,user_1008@example.com,0,1,2024-11-18 19:43:14.038413,
10,dummy123,,0,user_1009,,user_1009@example.com,0,1,2024-11-18 19:43:14.038413,
11,dummy123,,0,user_1010,,user_1010@example.com,0,1,2024-11-18 19:43:14.038413,
12,dummy123,,0,user_1011,,user_1011@example.com,0,1,2024-11-18 19:43:14.039259,
13,dummy123,,0,user_1012,,user_1012@example.com,0,1,2024-11-18 19:43:14.039259,
14,dummy123,,0,user_1013,,user_1013@example.com,0,1,2024-11-18 19:43:14.039259,
15,dummy123,,0,user_1014,,user_1014@example.com,0,1,2024-11-18 19:43:14.039259,
16,dummy123,,0,user_1015,,user_1015@example.com,0,1,2024-11-18 19:43:14.039259,
17,dummy123,,0,user_1016,,user_1016@example.com,0,1,2024-11-18 19:43:14.039259,
18,dummy123,,0,user_1017,,user_1017@example.com,0,1,2024-11-18 19:43:14.039259,
19,dummy123,,0,user_1018,,user_1018@example.com,0,1,2024-11-18 19:43:14.039259,
20,dummy123,,0,user_1019,,user_1019@example.com,0,1,2024-11-18 19:43:14.039259,
21,dummy123,,0,user_1020,,user_1020@example.com,0,1,2024-11-18 19:43:14.039259,
22,dummy123,,0,user_1021,,user_1021@example.com,0,1,2024-11-18 19:43:14.039259,
23,dummy123,,0,user_1022,,user_1022@example.com,0,1,2024-11-18 19:43:14.039259,
24,dummy123,,0,user_1023,,user_1023@example.com,0,1,2024-11-18 19:43:14.039259,
25,dummy123,,0,user_1024,,user_1024@example.com,0,1,2024-11-18 19:43:14.039259,
26,dummy123,,0,user_1025,,user_1025@example.com,0,1,2024-11-18 19:43:14.040244,
27,dummy123,,0,user_1026,,user_1026@example.com,0,1,2024-11-18 19:43:14.040244,
28,dummy123,,0,user_1027,,user_1027@example.com,0,1,2024-11-18 19:43:14.040244,
29,dummy123,,0,user_1028,,user_1028@example.com,0,1,2024-11-18 19:43:14.040244,
30,dummy123,,0,user_1029,,user_1029@example.com,0,1,2024-11-18 19:43:14.040244,
31,dummy123,,0,user_1030,,user_1030@example.com,0,1,2024-11-18 19:43:14.040244,
32,dummy123,,0,user_1031,,user_1031@example.com,0,1,2024-11-18 19:43:14.040244,
33,dummy123,,0,user_1032,,user_1032@example.com,0,1,2024-11-18 19:43:14.040244,
34,dummy123,,0,user_1033,,user_1033@example.com,0,1,2024-11-18 19:43:14.040244,
35,dummy123,,0,user_1034,,user_1034@example.com,0,1,2024-11-18 19:43:14.040244,
36,dummy123,,0,user_1035,,user_1035@example.com,0,1,2024-11-18 19:43:14.040244,
37,dummy123,,0,user_1036,,user_1036@example.com,0,1,2024-11-18 19:43:14.040244,
38,dummy123,,0,user_1037,,user_1037@example.com,0,1,2024-11-18 19:43:14.040244,
39,dummy123,,0,user_1038,,user_1038@example.com,0,1,2024-11-18 19:43:14.040244,
40,dummy123,,0,user_1039,,user_1039@example.com,0,1,2024-11-18 19:43:14.040244,
41,dummy123,,0,user_1040,,user_1040@example.com,0,1,2024-11-18 19:43:14.040244,
42,dummy123,,0,user_1041,,user_1041@example.com,0,1,2024-11-18 19:43:14.040244,
43,dummy123,,0,user_1042,,user_1042@example.com,0,1,2024-11-18 19:43:14.040244,
44,dummy123,,0,user_1043,,user_1043@example.com,0,1,2024-11-18 19:43:14.040244,
45,dummy123,,0,user_1044,,user_1044@example.com,0,1,2024-11-18 19:43:14.040244,
46,dummy123,,0,user_1045,,user_1045@example.com,0,1,2024-11-18 19:43:14.040244,
47,dummy123,,0,user_1046,,user_1046@example.com,0,1,2024-11-18 19:43:14.040244,
48,dummy123,,0,user_1047,,user_1047@example.com,0,1,2024-11-18 19:43:14.041247,
49,dummy123,,0,user_1048,,user_1048@example.com,0,1,2024-11-18 19:43:14.041247,
50,dummy123,,0,user_1049,,user_1049@example.com,0,1,2024-11-18 19:43:14.041247,
51,dummy123,,0,user_1050,,user_1050@example.com,0,1,2024-11-18 19:43:14.041247,
52,dummy123,,0,user_1051,,user_1051@example.com,0,1,2024-11-18 19:43:14.041247,
53,dummy123,,0,user_1052,,user_1052@example.com,0,1,2024-11-18 19:43:14.041247,
54,dummy123,,0,user_1053,,user_1053@example.com,0,1,2024-11-18 19:43:14.041247,
55,dummy123,,0,user_1054,,user_1054@example.com,0,1,2024-11-18 19:43:14.041573,
56,dummy123,,0,user_1055,,user_1055@example.com,0,1,2024-11-18 19:43:14.041573,
57,dummy123,,0,user_1056,,user_1056@example.com,0,1,2024-11-18 19:43:14.041573,
58,dummy123,,0,user_1057,,user_1057@example.com,0,1,2024-11-18 19:43:14.041677,
59,dummy123,,0,user_1058,,user_1058@example.com,0,1,2024-11-18 19:43:14.041736,
60,dummy123,,0,user_1059,,user_1059@example.com,0,1,2024-11-18 19:43:14.041736,
61,dummy123,,0,user_1060,,user_1060@example.com,0,1,2024-11-18 19:43:14.041736,
62,dummy123,,0,user_1061,,user_1061@example.com,0,1,2024-11-18 19:43:14.041854,
63,dummy123,,0,user_1062,,user_1062@example.com,0,1,2024-11-18 19:43:14.041854,
64,dummy123,,0,user_1063,,user_1063@example.com,0,1,2024-11-18 19:43:14.041854,
65,dummy123,,0,user_1064,,user_1064@example.com,0,1,2024-11-18 19:43:14.041854,
66,dummy123,,0,user_1065,,user_1065@example.com,0,1,2024-11-18 19:43:14.041854,
67,dummy123,,0,user_1066,,user_1066@example.com,0,1,2024-11-18 19:43:14.041854,
68,dummy123,,0,user_1067,,user_1067@example.com,0,1,2024-11-18 19:43:14.041854,
69,dummy123,,0,user_1068,,user_1068@example.com,0,1,2024-11-18 19:43:14.041854,
70,dummy123,,0,user_1069,,user_1069@example.com,0,1,2024-11-18 19:43:14.041854,
71,dummy123,,0,user_1070,,user_1070@example.com,0,1,2024-11-18 19:43:14.041854,
72,dummy123,,0,user_1071,,user_1071@example.com,0,1,2024-11-18 19:43:14.041854,
73,dummy123,,0,user_1072,,user_1072@example.com,0,1,2024-11-18 19:43:14.041854,
74,dummy123,,0,user_1073,,user_1073@example.com,0,1,2024-11-18 19:43:14.041854,
75,dummy123,,0,user_1074,,user_1074@example.com,0,1,2024-11-18 19:43:14.041854,
76,dummy123,,0,user_1075,,user_1075@example.com,0,1,2024-11-18 19:43:14.041854,
77,dummy123,,0,user_1076,,user_1076@example.com,0,1,2024-11-18 19:43:14.041854,
78,dummy123,,0,user_1077,,user_1077@example.com,0,1,2024-11-18 19:43:14.041854,
79,dummy123,,0,user_1078,,user_1078@example.com,0,1,2024-11-18 19:43:14.041854,
80,dummy123,,0,user_1079,,user_1079@example.com,0,1,2024-11-18 19:43:14.041854,
81,dummy123,,0,user_1080,,user_1080@example.com,0,1,2024-11-18 19:43:14.041854,
82,dummy123,,0,user_1081,,user_1081@example.com,0,1,2024-11-18 19:43:14.041854,
83,dummy123,,0,user_1082,,user_1082@example.com,0,1,2024-11-18 19:43:14.041854,
84,dummy123,,0,user_1083,,user_1083@example.com,0,1,2024-11-18 19:43:14.041854,
85,dummy123,,0,user_1084,,user_1084@example.com,0,1,2024-11-18 19:43:14.041854,
86,dummy123,,0,user_1085,,user_1085@example.com,0,1,2024-11-18 19:43:14.041854,
87,dummy123,,0,user_1086,,user_1086@example.com,0,1,2024-11-18 19:43:14.042894,
88,dummy123,,0,user_1087,,user_1087@example.com,0,1,2024-11-18 19:43:14.042894,
89,dummy123,,0,user_1088,,user_1088@example.com,0,1,2024-11-18 19:43:14.042894,
90,dummy123,,0,user_1089,,user_1089@example.com,0,1,2024-11-18 19:43:14.042894,
91,dummy123,,0,user_1090,,user_1090@example.com,0,1,2024-11-18 19:43:14.042894,
92,dummy123,,0,user_1091,,user_1091@example.com,0,1,2024-11-18 19:43:14.042894,
93,dummy123,,0,user_1092,,user_1092@example.com,0,1,2024-11-18 19:43:14.042894,
94,dummy123,,0,user_1093,,user_1093@example.com,0,1,2024-11-18 19:43:14.042894,
95,dummy123,,0,user_1094,,user_1094@example.com,0,1,2024-11-18 19:43:14.042894,
96,dummy123,,0,user_1095,,user_1095@example.com,0,1,2024-11-18 19:43:14.042894,
97,dummy123,,0,user_1096,,user_1096@example.com,0,1,2024-11-18 19:43:14.042894,
98,dummy123,,0,user_1097,,user_1097@example.com,0,1,2024-11-18 19:43:14.042894,
99,dummy123,,0,user_1098,,user_1098@example.com,0,1,2024-11-18 19:43:14.042894,
100,dummy123,,0,user_1099,,user_1099@example.com,0,1,2024-11-18 19:43:14.042894,
101,dummy123,,0,user_1100,,user_1100@example.com,0,1,2024-11-18 19:43:14.042894,
102,dummy123,,0,user_1101,,user_1101@example.com,0,1,2024-11-18 19:43:14.042894,
103,dummy123,,0,user_1102,,user_1102@example.com,0,1,2024-11-18 19:43:14.042894,
104,dummy123,,0,user_1103,,user_1103@example.com,0,1,2024-11-18 19:43:14.042894,
105,dummy123,,0,user_1104,,user_1104@example.com,0,1,2024-11-18 19:43:14.042894,
106,dummy123,,0,user_1105,,user_1105@example.com,0,1,2024-11-18 19:43:14.042894,
107,dummy123,,0,user_1106,,user_1106@example.com,0,1,2024-11-18 19:43:14.042894,
108,dummy123,,0,user_1107,,user_1107@example.com,0,1,2024-11-18 19:43:14.042894,
109,dummy123,,0,user_1108,,user_1108@example.com,0,1,2024-11-18 19:43:14.042894,
110,dummy123,,0,user_1109,,user_1109@example.com,0,1,2024-11-18 19:43:14.042894,
111,dummy123,,0,user_1110,,user_1110@example.com,0,1,2024-11-18 19:43:14.042894,
112,dummy123,,0,user_1111,,user_1111@example.com,0,1,2024-11-18 19:43:14.042894,
113,dummy123,,0,user_1112,,user_1112@example.com,0,1,2024-11-18 19:43:14.042894,
114,dummy123,,0,user_1113,,user_1113@example.com,0,1,2024-11-18 19:43:14.042894,
115,dummy123,,0,user_1114,,user_1114@example.com,0,1,2024-11-18 19:43:14.042894,
116,dummy123,,0,user_1115,,user_1115@example.com,0,1,2024-11-18 19:43:14.042894,
117,dummy123,,0,user_1116,,user_1116@example.com,0,1,2024-11-18 19:43:14.042894,
118,dummy123,,0,user_1117,,user_1117@example.com,0,1,2024-11-18 19:43:14.042894,
119,dummy123,,0,user_1118,,user_1118@example.com,0,1,2024-11-18 19:43:14.042894,
120,dummy123,,0,user_1119,,user_1119@example.com,0,1,2024-11-18 19:43:14.042894,
121,dummy123,,0,user_1120,,user_1120@example.com,0,1,2024-11-18 19:43:14.042894,
122,dummy123,,0,user_1121,,user_1121@example.com,0,1,2024-11-18 19:43:14.042894,
123,dummy123,,0,user_1122,,user_1122@example.com,0,1,2024-11-18 19:43:14.042894,
124,dummy123,,0,user_1123,,user_1123@example.com,0,1,2024-11-18 19:43:14.042894,
125,dummy123,,0,user_1124,,user_1124@example.com,0,1,2024-11-18 19:43:14.042894,
126,dummy123,,0,user_1125,,user_1125@example.com,0,1,2024-11-18 19:43:14.042894,
127,dummy123,,0,user_1126,,user_1126@example.com,0,1,2024-11-18 19:43:14.042894,
128,dummy123,,0,user_1127,,user_1127@example.com,0,1,2024-11-18 19:43:14.042894,
129,dummy123,,0,user_1128,,user_1128@example.com,0,1,2024-11-18 19:43:14.042894,
130,dummy123,,0,user_1129,,user_1129@example.com,0,1,2024-11-18 19:43:14.042894,
131,dummy123,,0,user_1130,,user_1130@example.com,0,1,2024-11-18 19:43:14.042894,
132,dummy123,,0,user_1131,,user_1131@example.com,0,1,2024-11-18 19:43:14.042894,
133,dummy123,,0,user_1132,,user_1132@example.com,0,1,2024-11-18 19:43:14.042894,
134,dummy123,,0,user_1133,,user_1133@example.com,0,1,2024-11-18 19:43:14.042894,
135,dummy123,,0,user_1134,,user_1134@example.com,0,1,2024-11-18 19:43:14.042894,
136,dummy123,,0,user_1135,,user_1135@example.com,0,1,2024-11-18 19:43:14.042894,
137,dummy123,,0,user_1136,,user_1136@example.com,0,1,2024-11-18 19:43:14.042894,
138,dummy123,,0,user_1137,,user_1137@example.com,0,1,2024-11-18 19:43:14.042894,
139,dummy123,,0,user_1138,,user_1138@example.com,0,1,2024-11-18 19:43:14.042894,
140,dummy123,,0,user_1139,,user_1139@example.com,0,1,2024-11-18 19:43:14.042894,
141,dummy123,,0,user_1140,,user_1140@example.com,0,1,2024-11-18 19:43:14.042894,
142,dummy123,,0,user_1141,,user_1141@example.com,0,1,2024-11-18 19:43:14.042894,
143,dummy123,,0,user_1142,,user_1142@example.com,0,1,2024-11-18 19:43:14.045176,
144,dummy123,,0,user_1143,,user_1143@example.com,0,1,2024-11-18 19:43:14.045354,
145,dummy123,,0,user_1144,,user_1144@example.com,0,1,2024-11-18 19:43:14.045354,
146,dummy123,,0,user_1145,,user_1145@example.com,0,1,2024-11-18 19:43:14.045354,
147,dummy123,,0,user_1146,,user_1146@example.com,0,1,2024-11-18 19:43:14.045354,
148,dummy123,,0,user_1147,,user_1147@example.com,0,1,2024-11-18 19:43:14.045354,
149,dummy123,,0,user_1148,,user_1148@example.com,0,1,2024-11-18 19:43:14.045354,
150,dummy123,,0,user_1149,,user_1149@example.com,0,1,2024-11-18 19:43:14.045354,
151,dummy123,,0,user_1150,,user_1150@example.com,0,1,2024-11-18 19:43:14.045354,
152,dummy123,,0,user_1151,,user_1151@example.com,0,1,2024-11-18 19:43:14.045354,
153,dummy123,,0,user_1152,,user_1152@example.com,0,1,2024-11-18 19:43:14.045354,
154,dummy123,,0,user_1153,,user_1153@example.com,0,1,2024-11-18 19:43:14.045354,
155,dummy123,,0,user_1154,,user_1154@example.com,0,1,2024-11-18 19:43:14.045354,
156,dummy123,,0,user_1155,,user_1155@example.com,0,1,2024-11-18 19:43:14.045354,
157,dummy123,,0,user_1156,,user_1156@example.com,0,1,2024-11-18 19:43:14.045354,
158,dummy123,,0,user_1157,,user_1157@example.com,0,1,2024-11-18 19:43:14.045354,
159,dummy123,,0,user_1158,,user_1158@example.com,0,1,2024-11-18 19:43:14.046354,
160,dummy123,,0,user_1159,,user_1159@example.com,0,1,2024-11-18 19:43:14.046354,
161,dummy123,,0,user_1160,,user_1160@example.com,0,1,2024-11-18 19:43:14.046354,
162,dummy123,,0,user_1161,,user_1161@example.com,0,1,2024-11-18 19:43:14.046354,
163,dummy123,,0,user_1162,,user_1162@example.com,0,1,2024-11-18 19:43:14.046354,
164,dummy123,,0,user_1163,,user_1163@example.com,0,1,2024-11-18 19:43:14.046354,
165,dummy123,,0,user_1164,,user_1164@example.com,0,1,2024-11-18 19:43:14.046354,
166,dummy123,,0,user_1165,,user_1165@example.com,0,1,2024-11-18 19:43:14.046354,
167,dummy123,,0,user_1166,,user_1166@example.com,0,1,2024-11-18 19:43:14.046354,
168,dummy123,,0,user_1167,,user_1167@example.com,0,1,2024-11-18 19:43:14.046354,
169,dummy123,,0,user_1168,,user_1168@example.com,0,1,2024-11-18 19:43:14.046354,
170,dummy123,,0,user_1169,,user_1169@example.com,0,1,2024-11-18 19:43:14.046354,
171,dummy123,,0,user_1170,,user_1170@example.com,0,1,2024-11-18 19:43:14.046354,
172,dummy123,,0,user_1171,,user_1171@example.com,0,1,2024-11-18 19:43:14.046354,
173,dummy123,,0,user_1172,,user_1172@example.com,0,1,2024-11-18 19:43:14.046354,
174,dummy123,,0,user_1173,,user_1173@example.com,0,1,2024-11-18 19:43:14.047007,
175,dummy123,,0,user_1174,,user_1174@example.com,0,1,2024-11-18 19:43:14.047007,
176,dummy123,,0,user_1175,,user_1175@example.com,0,1,2024-11-18 19:43:14.047007,
177,dummy123,,0,user_1176,,user_1176@example.com,0,1,2024-11-18 19:43:14.047007,
178,dummy123,,0,user_1177,,user_1177@example.com,0,1,2024-11-18 19:43:14.047007,
179,dummy123,,0,user_1178,,user_1178@example.com,0,1,2024-11-18 19:43:14.047007,
180,dummy123,,0,user_1179,,user_1179@example.com,0,1,2024-11-18 19:43:14.047007,
181,dummy123,,0,user_1180,,user_1180@example.com,0,1,2024-11-18 19:43:14.047007,
182,dummy123,,0,user_1181,,user_1181@example.com,0,1,2024-11-18 19:43:14.047007,
183,dummy123,,0,user_1182,,user_1182@example.com,0,1,2024-11-18 19:43:14.047007,
184,dummy123,,0,user_1183,,user_1183@example.com,0,1,2024-11-18 19:43:14.047007,
185,dummy123,,0,user_1184,,user_1184@example.com,0,1,2024-11-18 19:43:14.047007,
186,dummy123,,0,user_1185,,user_1185@example.com,0,1,2024-11-18 19:43:14.047007,
187,dummy123,,0,user_1186,,user_1186@example.com,0,1,2024-11-18 19:43:14.047007,
188,dummy123,,0,user_1187,,user_1187@example.com,0,1,2024-11-18 19:43:14.047007,
189,dummy123,,0,user_1188,,user_1188@example.com,0,1,2024-11-18 19:43:14.047007,
190,dummy123,,0,user_1189,,user_1189@example.com,0,1,2024-11-18 19:43:14.047007,
191,dummy123,,0,user_1190,,user_1190@example.com,0,1,2024-11-18 19:43:14.047007,
192,dummy123,,0,user_1191,,user_1191@example.com,0,1,2024-11-18 19:43:14.047007,
193,dummy123,,0,user_1192,,user_1192@example.com,0,1,2024-11-18 19:43:14.047007,
194,dummy123,,0,user_1193,,user_1193@example.com,0,1,2024-11-18 19:43:14.047007,
195,dummy195,,0,username_195,,username_195@gmail.com,0,1,2019-11-03 00:00:00,
196,dummy196,,0,username_196,,username_196@gmail.com,0,1,2019-07-23 00:00:00,
197,dummy197,,0,username_197,,username_197@gmail.com,0,1,2019-07-20 00:00:00,
198,dummy198,,0,username_198,,username_198@gmail.com,0,1,2022-01-03 00:00:00,
199,dummy199,,0,username_199,,username_199@gmail.com,0,1,2011-08-07 00:00:00,
200,dummy200,,0,username_200,,username_200@gmail.com,0,1,2019-06-25 00:00:00,
201,dummy201,,0,username_201,,username_201@gmail.com,0,1,2012-07-09 00:00:00,
202,dummy202,,0,username_202,,username_202@gmail.com,0,1,2012-06-01 00:00:00,
203,dummy203,,0,username_203,,username_203@gmail.com,0,1,2016-10-26 00:00:00,
204,dummy204,,0,username_204,,username_204@gmail.com,0,1,2015-11-07 00:00:00,
205,dummy205,,0,username_205,,username_205@gmail.com,0,1,2014-10-20 00:00:00,
206,dummy206,,0,username_206,,username_206@gmail.com,0,1,2010-04-19 00:00:00,
207,dummy207,,0,username_207,,username_207@gmail.com,0,1,2019-04-30 00:00:00,
208,dummy208,,0,username_208,,username_208@gmail.com,0,1,2013-08-03 00:00:00,
209,dummy209,,0,username_209,,username_209@gmail.com,0,1,2022-02-03 00:00:00,
210,dummy210,,0,username_210,,username_210@gmail.com,0,1,2013-05-18 00:00:00,
211,dummy211,,0,username_211,,username_211@gmail.com,0,1,2022-10-24 00:00:00,
212,dummy212,,0,username_212,,username_212@gmail.com,0,1,2022-10-23 00:00:00,
213,dummy213,,0,username_213,,username_213@gmail.com,0,1,2021-11-04 00:00:00,
214,dummy214,,0,username_214,,username_214@gmail.com,0,1,2014-04-28 00:00:00,
215,dummy215,,0,username_215,,username_215@gmail.com,0,1,2014-09-14 00:00:00,
216,dummy216,,0,username_216,,username_216@gmail.com,0,1,2010-04-04 00:00:00,
217,dummy217,,0,username_217,,username_217@gmail.com,0,1,2013-01-20 00:00:00,
218,dummy218,,0,username_218,,username_218@gmail.com,0,1,2020-06-30 00:00:00,
219,dummy219,,0,username_219,,username_219@gmail.com,0,1,2021-09-25 00:00:00,
220,dummy220,,0,username_220,,username_220@gmail.com,0,1,2014-04-29 00:00:00,
221,dummy221,,0,username_221,,username_221@gmail.com,0,1,2010-01-22 00:00:00,
222,dummy222,,0,username_222,,username_222@gmail.com,0,1,2017-10-02 00:00:00,
223,dummy223,,0,username_223,,username_223@gmail.com,0,1,2019-06-30 00:00:00,
224,dummy224,,0,username_224,,username_224@gmail.com,0,1,2011-07-17 00:00:00,
225,dummy225,,0,username_225,,username_225@gmail.com,0,1,2015-05-26 00:00:00,
226,dummy226,,0,username_226,,username_226@gmail.com,0,1,2017-05-02 00:00:00,
227,dummy227,,0,username_227,,username_227@gmail.com,0,1,2018-10-22 00:00:00,
228,dummy228,,0,username_228,,username_228@gmail.com,0,1,2024-07-11 00:00:00,
229,dummy229,,0,username_229,,username_229@gmail.com,0,1,2021-04-06 00:00:00,
230,dummy230,,0,username_230,,username_230@gmail.com,0,1,2017-03-09 00:00:00,
231,dummy231,,0,username_231,,username_231@gmail.com,0,1,2015-04-14 00:00:00,
232,dummy232,,0,username_232,,username_232@gmail.com,0,1,2011-09-07 00:00:00,
233,dummy233,,0,username_233,,username_233@gmail.com,0,1,2024-12-15 00:00:00,
234,dummy234,,0,username_234,,username_234@gmail.com,0,1,2011-02-21 00:00:00,
235,dummy235,,0,username_235,,username_235@gmail.com,0,1,2013-01-13 00:00:00,
236,dummy236,,0,username_236,,username_236@gmail.com,0,1,2023-10-22 00:00:00,
237,dummy237,,0,username_237,,username_237@gmail.com,0,1,2013-05-03 00:00:00,
238,dummy238,,0,username_238,,username_238@gmail.com,0,1,2019-08-15 00:00:00,
239,dummy239,,0,username_239,,username_239@gmail.com,0,1,2013-02-13 00:00:00,
240,dummy240,,0,username_240,,username_240@gmail.com,0,1,2024-08-09 00:00:00,
241,dummy241,,0,username_241,,username_241@gmail.com,0,1,2015-04-10 00:00:00,
242,dummy242,,0,username_242,,username_242@gmail.com,0,1,2019-12-23 00:00:00,
243,dummy243,,0,username_243,,username_243@gmail.com,0,1,2022-12-27 00:00:00,
244,dummy244,,0,username_244,,username_244@gmail.com,0,1,2019-09-25 00:00:00,
245,dummy245,,0,username_245,,username_245@gmail.com,0,1,2015-09-04 00:00:00,
246,dummy246,,0,username_246,,username_246@gmail.com,0,1,2012-05-07 00:00:00,
247,dummy247,,0,username_247,,username_247@gmail.com,0,1,2017-12-06 00:00:00,
248,dummy248,,0,username_248,,username_248@gmail.com,0,1,2023-08-09 00:00:00,
249,dummy249,,0,username_249,,username_249@gmail.com,0,1,2012-06-07 00:00:00,
250,dummy250,,0,username_250,,username_250@gmail.com,0,1,2016-04-12 00:00:00,
251,dummy251,,0,username_251,,username_251@gmail.com,0,1,2014-09-24 00:00:00,
252,dummy252,,0,username_252,,username_252@gmail.com,0,1,2014-12-31 00:00:00,
253,dummy253,,0,username_253,,username_253@gmail.com,0,1,2011-08-10 00:00:00,
254,dummy254,,0,username_254,,username_254@gmail.com,0,1,2019-11-19 00:00:00,
255,dummy255,,0,username_255,,username_255@gmail.com,0,1,2017-10-22 00:00:00,
256,dummy256,,0,username_256,,username_256@gmail.com,0,1,2012-11-27 00:00:00,
257,dummy257,,0,username_257,,username_257@gmail.com,0,1,2015-03-07 00:00:00,
258,dummy258,,0,username_258,,username_258@gmail.com,0,1,2016-12-27 00:00:00,
259,dummy259,,0,username_259,,username_259@gmail.com,0,1,2011-11-23 00:00:00,
260,dummy260,,0,username_260,,username_260@gmail.com,0,1,2020-11-15 00:00:00,
261,dummy261,,0,username_261,,username_261@gmail.com,0,1,2012-11-03 00:00:00,
262,dummy262,,0,username_262,,username_262@gmail.com,0,1,2023-06-28 00:00:00,
263,dummy263,,0,username_263,,username_263@gmail.com,0,1,2011-09-19 00:00:00,
264,dummy264,,0,username_264,,username_264@gmail.com,0,1,2015-12-15 00:00:00,
265,dummy265,,0,username_265,,username_265@gmail.com,0,1,2012-01-22 00:00:00,
266,dummy266,,0,username_266,,username_266@gmail.com,0,1,2021-05-18 00:00:00,
267,dummy267,,0,username_267,,username_267@gmail.com,0,1,2022-03-14 00:00:00,
268,dummy268,,0,username_268,,username_268@gmail.com,0,1,2021-05-28 00:00:00,
269,dummy269,,0,username_269,,username_269@gmail.com,0,1,2022-09-01 00:00:00,
270,dummy270,,0,username_270,,username_270@gmail.com,0,1,2021-03-07 00:00:00,
271,dummy271,,0,username_271,,username_271@gmail.com,0,1,2020-12-27 00:00:00,
272,dummy272,,0,username_272,,username_272@gmail.com,0,1,2011-05-05 00:00:00,
273,dummy273,,0,username_273,,username_273@gmail.com,0,1,2022-09-03 00:00:00,
274,dummy274,,0,username_274,,username_274@gmail.com,0,1,2011-11-14 00:00:00,
275,dummy275,,0,username_275,,username_275@gmail.com,0,1,2011-08-28 00:00:00,
276,dummy276,,0,username_276,,username_276@gmail.com,0,1,2021-08-27 00:00:00,
277,dummy277,,0,username_277,,username_277@gmail.com,0,1,2022-01-21 00:00:00,
278,dummy278,,0,username_278,,username_278@gmail.com,0,1,2019-08-24 00:00:00,
279,dummy279,,0,username_279,,username_279@gmail.com,0,1,2019-08-07 00:00:00,
280,dummy280,,0,username_280,,username_280@gmail.com,0,1,2014-11-20 00:00:00,
281,dummy281,,0,username_281,,username_281@gmail.com,0,1,2012-09-30 00:00:00,
282,dummy282,,0,username_282,,username_282@gmail.com,0,1,2023-01-16 00:00:00,
283,dummy283,,0,username_283,,username_283@gmail.com,0,1,2021-09-01 00:00:00,
284,dummy284,,0,username_284,,username_284@gmail.com,0,1,2010-07-17 00:00:00,
285,dummy285,,0,username_285,,username_285@gmail.com,0,1,2010-10-04 00:00:00,
286,dummy286,,0,username_286,,username_286@gmail.com,0,1,2022-02-24 00:00:00,
287,dummy287,,0,username_287,,username_287@gmail.com,0,1,2023-06-15 00:00:00,
288,dummy288,,0,username_288,,username_288@gmail.com,0,1,2016-07-15 00:00:00,
289,dummy289,,0,username_289,,username_289@gmail.com,0,1,2011-10-14 00:00:00,
290,dummy290,,0,username_290,,username_290@gmail.com,0,1,2016-01-23 00:00:00,
291,dummy291,,0,username_291,,username_291@gmail.com,0,1,2019-01-14 00:00:00,
292,dummy292,,0,username_292,,username_292@gmail.com,0,1,2016-07-04 00:00:00,
293,dummy293,,0,username_293,,username_293@gmail.com,0,1,2020-01-03 00:00:00,
294,dummy294,,0,username_294,,username_294@gmail.com,0,1,2010-03-18 00:00:00,
295,dummy295,,0,username_295,,username_295@gmail.com,0,1,2016-09-18 00:00:00,
296,dummy296,,0,username_296,,username_296@gmail.com,0,1,2021-04-14 00:00:00,
297,dummy297,,0,username_297,,username_297@gmail.com,0,1,2014-01-01 00:00:00,
298,dummy298,,0,username_298,,username_298@gmail.com,0,1,2023-12-15 00:00:00,
299,dummy299,,0,username_299,,username_299@gmail.com,0,1,2019-12-12 00:00:00,
300,dummy300,,0,username_300,,username_300@gmail.com,0,1,2010-02-16 00:00:00,
301,dummy301,,0,username_301,,username_301@gmail.com,0,1,2020-12-31 00:00:00,
302,dummy302,,0,username_302,,username_302@gmail.com,0,1,2014-12-09 00:00:00,
303,dummy303,,0,username_303,,username_303@gmail.com,0,1,2011-04-07 00:00:00,
304,dummy304,,0,username_304,,username_304@gmail.com,0,1,2021-09-26 00:00:00,
305,dummy305,,0,username_305,,username_305@gmail.com,0,1,2010-03-06 00:00:00,
306,dummy306,,0,username_306,,username_306@gmail.com,0,1,2012-06-30 00:00:00,
307,dummy307,,0,username_307,,username_307@gmail.com,0,1,2023-08-02 00:00:00,
308,dummy308,,0,username_308,,username_308@gmail.com,0,1,2021-11-18 00:00:00,
309,dummy309,,0,username_309,,username_309@gmail.com,0,1,2011-08-18 00:00:00,
310,dummy310,,0,username_310,,username_310@gmail.com,0,1,2012-10-09 00:00:00,
311,dummy311,,0,username_311,,username_311@gmail.com,0,1,2015-03-27 00:00:00,
312,dummy312,,0,username_312,,username_312@gmail.com,0,1,2015-07-04 00:00:00,
313,dummy313,,0,username_313,,username_313@gmail.com,0,1,2018-03-20 00:00:00,
314,dummy314,,0,username_314,,username_314@gmail.com,0,1,2023-04-10 00:00:00,
315,dummy315,,0,username_315,,username_315@gmail.com,0,1,2010-03-21 00:00:00,
316,dummy316,,0,username_316,,username_316@gmail.com,0,1,2013-11-18 00:00:00,
317,dummy317,,0,username_317,,username_317@gmail.com,0,1,2013-05-09 00:00:00,
318,dummy318,,0,username_318,,username_318@gmail.com,0,1,2012-08-08 00:00:00,
319,dummy319,,0,username_319,,username_319@gmail.com,0,1,2024-02-15 00:00:00,
320,dummy320,,0,username_320,,username_320@gmail.com,0,1,2021-09-07 00:00:00,
321,dummy321,,0,username_321,,username_321@gmail.com,0,1,2021-03-23 00:00:00,
322,dummy322,,0,username_322,,username_322@gmail.com,0,1,2015-10-11 00:00:00,
323,dummy323,,0,username_323,,username_323@gmail.com,0,1,2012-09-27 00:00:00,
324,dummy324,,0,username_324,,username_324@gmail.com,0,1,2020-12-21 00:00:00,
325,dummy325,,0,username_325,,username_325@gmail.com,0,1,2015-01-12 00:00:00,
326,dummy326,,0,username_326,,username_326@gmail.com,0,1,2010-04-01 00:00:00,
327,dummy327,,0,username_327,,username_327@gmail.com,0,1,2024-01-23 00:00:00,
328,dummy328,,0,username_328,,username_328@gmail.com,0,1,2022-03-01 00:00:00,
329,dummy329,,0,username_329,,username_329@gmail.com,0,1,2018-09-22 00:00:00,
330,dummy330,,0,username_330,,username_330@gmail.com,0,1,2011-06-17 00:00:00,
331,dummy331,,0,username_331,,username_331@gmail.com,0,1,2019-04-16 00:00:00,
332,dummy332,,0,username_332,,username_332@gmail.com,0,1,2013-03-26 00:00:00,
333,dummy333,,0,username_333,,username_333@gmail.com,0,1,2010-01-18 00:00:00,
334,dummy334,,0,username_334,,username_334@gmail.com,0,1,2014-02-17 00:00:00,
335,dummy335,,0,username_335,,username_335@gmail.com,0,1,2019-03-31 00:00:00,
336,dummy336,,0,username_336,,username_336@gmail.com,0,1,2020-02-04 00:00:00,
337,dummy337,,0,username_337,,username_337@gmail.com,0,1,2024-12-19 00:00:00,
338,dummy338,,0,username_338,,username_338@gmail.com,0,1,2023-02-24 00:00:00,
339,dummy339,,0,username_339,,username_339@gmail.com,0,1,2018-01-20 00:00:00,
340,dummy340,,0,username_340,,username_340@gmail.com,0,1,2018-03-03 00:00:00,
341,dummy341,,0,username_341,,username_341@gmail.com,0,1,2017-08-25 00:00:00,
342,dummy342,,0,username_342,,username_342@gmail.com,0,1,2023-04-13 00:00:00,
343,dummy343,,0,username_343,,username_343@gmail.com,0,1,2017-05-28 00:00:00,
344,dummy344,,0,username_344,,username_344@gmail.com,0,1,2017-06-03 00:00:00,
345,dummy345,,0,username_345,,username_345@gmail.com,0,1,2012-04-19 00:00:00,
346,dummy346,,0,username_346,,username_346@gmail.com,0,1,2011-05-20 00:00:00,
347,dummy347,,0,username_347,,username_347@gmail.com,0,1,2018-04-14 00:00:00,
348,dummy348,,0,username_348,,username_348@gmail.com,0,1,2017-01-29 00:00:00,
349,dummy349,,0,username_349,,username_349@gmail.com,0,1,2023-12-19 00:00:00,
350,dummy350,,0,username_350,,username_350@gmail.com,0,1,2012-09-20 00:00:00,
351,dummy351,,0,username_351,,username_351@gmail.com,0,1,2015-11-17 00:00:00,
352,dummy352,,0,username_352,,username_352@gmail.com,0,1,2024-12-08 00:00:00,
353,dummy353,,0,username_353,,username_353@gmail.com,0,1,2016-02-26 00:00:00,
354,dummy354,,0,username_354,,username_354@gmail.com,0,1,2012-03-19 00:00:00,
355,dummy355,,0,username_355,,username_355@gmail.com,0,1,2011-01-19 00:00:00,
356,dummy356,,0,username_356,,username_356@gmail.com,0,1,2016-06-23 00:00:00,
357,dummy357,,0,username_357,,username_357@gmail.com,0,1,2016-12-19 00:00:00,
358,dummy358,,0,username_358,,username_358@gmail.com,0,1,2016-05-17 00:00:00,
359,dummy359,,0,username_359,,username_359@gmail.com,0,1,2010-01-11 00:00:00,
360,dummy360,,0,username_360,,username_360@gmail.com,0,1,2019-01-20 00:00:00,
361,dummy361,,0,username_361,,username_361@gmail.com,0,1,2019-05-16 00:00:00,
362,dummy362,,0,username_362,,username_362@gmail.com,0,1,2018-03-17 00:00:00,
363,dummy363,,0,username_363,,username_363@gmail.com,0,1,2016-04-07 00:00:00,
364,dummy364,,0,username_364,,username_364@gmail.com,0,1,2021-02-23 00:00:00,
365,dummy365,,0,username_365,,username_365@gmail.com,0,1,2024-02-07 00:00:00,
366,dummy366,,0,username_366,,username_366@gmail.com,0,1,2014-07-04 00:00:00,
367,dummy367,,0,username_367,,username_367@gmail.com,0,1,2014-11-17 00:00:00,
368,dummy368,,0,username_368,,username_368@gmail.com,0,1,2021-02-16 00:00:00,
369,dummy369,,0,username_369,,username_369@gmail.com,0,1,2018-06-10 00:00:00,
370,dummy370,,0,username_370,,username_370@gmail.com,0,1,2021-04-30 00:00:00,
371,dummy371,,0,username_371,,username_371@gmail.com,0,1,2022-10-09 00:00:00,
372,dummy372,,0,username_372,,username_372@gmail.com,0,1,2022-12-16 00:00:00,
373,dummy373,,0,username_373,,username_373@gmail.com,0,1,2018-10-11 00:00:00,
374,dummy374,,0,username_374,,username_374@gmail.com,0,1,2011-12-19 00:00:00,
375,dummy375,,0,username_375,,username_375@gmail.com,0,1,2020-07-04 00:00:00,
376,dummy376,,0,username_376,,username_376@gmail.com,0,1,2011-08-15 00:00:00,
377,dummy377,,0,username_377,,username_377@gmail.com,0,1,2023-07-22 00:00:00,
378,dummy378,,0,username_378,,username_378@gmail.com,0,1,2023-11-15 00:00:00,
379,dummy379,,0,username_379,,username_379@gmail.com,0,1,2012-06-16 00:00:00,
380,dummy380,,0,username_380,,username_380@gmail.com,0,1,2015-06-12 00:00:00,
381,dummy381,,0,username_381,,username_381@gmail.com,0,1,2017-07-14 00:00:00,
382,dummy382,,0,username_382,,username_382@gmail.com,0,1,2010-06-06 00:00:00,
383,dummy383,,0,username_383,,username_383@gmail.com,0,1,2020-03-22 00:00:00,
384,dummy384,,0,username_384,,username_384@gmail.com,0,1,2012-11-22 00:00:00,
385,dummy385,,0,username_385,,username_385@gmail.com,0,1,2021-02-28 00:00:00,
386,dummy386,,0,username_386,,username_386@gmail.com,0,1,2016-01-31 00:00:00,
387,dummy387,,0,username_387,,username_387@gmail.com,0,1,2011-11-30 00:00:00,
388,dummy388,,0,username_388,,username_388@gmail.com,0,1,2017-10-16 00:00:00,
389,dummy389,,0,username_389,,username_389@gmail.com,0,1,2011-08-06 00:00:00,
390,dummy390,,0,username_390,,username_390@gmail.com,0,1,2019-04-14 00:00:00,
391,dummy391,,0,username_391,,username_391@gmail.com,0,1,2011-01-02 00:00:00,
392,dummy392,,0,username_392,,username_392@gmail.com,0,1,2024-01-02 00:00:00,
393,dummy393,,0,username_393,,username_393@gmail.com,0,1,2024-09-09 00:00:00,
394,dummy394,,0,username_394,,username_394@gmail.com,0,1,2024-03-27 00:00:00,
395,dummy395,,0,username_395,,username_395@gmail.com,0,1,2015-02-15 00:00:00,
396,dummy396,,0,username_396,,username_396@gmail.com,0,1,2016-02-28 00:00:00,
397,dummy397,,0,username_397,,username_397@gmail.com,0,1,2024-06-30 00:00:00,
398,dummy398,,0,username_398,,username_398@gmail.com,0,1,2014-11-19 00:00:00,
399,dummy399,,0,username_399,,username_399@gmail.com,0,1,2016-07-20 00:00:00,
400,dummy400,,0,username_400,,username_400@gmail.com,0,1,2023-01-08 00:00:00,
401,dummy401,,0,username_401,,username_401@gmail.com,0,1,2017-07-10 00:00:00,
402,dummy402,,0,username_402,,username_402@gmail.com,0,1,2013-05-27 00:00:00,
403,dummy403,,0,username_403,,username_403@gmail.com,0,1,2017-08-09 00:00:00,
404,dummy404,,0,username_404,,username_404@gmail.com,0,1,2015-05-21 00:00:00,
405,dummy405,,0,username_405,,username_405@gmail.com,0,1,2018-11-02 00:00:00,
406,dummy406,,0,username_406,,username_406@gmail.com,0,1,2021-07-08 00:00:00,
407,dummy407,,0,username_407,,username_407@gmail.com,0,1,2010-08-28 00:00:00,
408,dummy408,,0,username_408,,username_408@gmail.com,0,1,2015-09-10 00:00:00,
409,dummy409,,0,username_409,,username_409@gmail.com,0,1,2012-10-31 00:00:00,
410,dummy410,,0,username_410,,username_410@gmail.com,0,1,2016-11-09 00:00:00,
411,dummy411,,0,username_411,,username_411@gmail.com,0,1,2021-10-21 00:00:00,
412,dummy412,,0,username_412,,username_412@gmail.com,0,1,2017-06-20 00:00:00,
413,dummy413,,0,username_413,,username_413@gmail.com,0,1,2023-01-28 00:00:00,
414,dummy414,,0,username_414,,username_414@gmail.com,0,1,2012-01-08 00:00:00,
415,dummy415,,0,username_415,,username_415@gmail.com,0,1,2021-11-25 00:00:00,
416,dummy416,,0,username_416,,username_416@gmail.com,0,1,2023-06-09 00:00:00,
417,dummy417,,0,username_417,,username_417@gmail.com,0,1,2013-06-21 00:00:00,
418,dummy418,,0,username_418,,username_418@gmail.com,0,1,2012-02-08 00:00:00,
419,dummy419,,0,username_419,,username_419@gmail.com,0,1,2010-11-25 00:00:00,
420,dummy420,,0,username_420,,username_420@gmail.com,0,1,2010-10-09 00:00:00,
421,dummy421,,0,username_421,,username_421@gmail.com,0,1,2010-07-02 00:00:00,
422,dummy422,,0,username_422,,username_422@gmail.com,0,1,2017-09-13 00:00:00,
423,dummy423,,0,username_423,,username_423@gmail.com,0,1,2024-01-18 00:00:00,
424,dummy424,,0,username_424,,username_424@gmail.com,0,1,2011-11-08 00:00:00,
425,dummy425,,0,username_425,,username_425@gmail.com,0,1,2017-10-21 00:00:00,
426,dummy426,,0,username_426,,username_426@gmail.com,0,1,2012-05-27 00:00:00,
427,dummy427,,0,username_427,,username_427@gmail.com,0,1,2024-08-29 00:00:00,
428,dummy428,,0,username_428,,username_428@gmail.com,0,1,2024-12-18 00:00:00,
429,dummy429,,0,username_429,,username_429@gmail.com,0,1,2011-01-30 00:00:00,
430,dummy430,,0,username_430,,username_430@gmail.com,0,1,2017-03-06 00:00:00,
431,dummy431,,0,username_431,,username_431@gmail.com,0,1,2010-09-18 00:00:00,
432,dummy432,,0,username_432,,username_432@gmail.com,0,1,2018-12-03 00:00:00,
433,dummy433,,0,username_433,,username_433@gmail.com,0,1,2018-05-11 00:00:00,
434,dummy434,,0,username_434,,username_434@gmail.com,0,1,2023-12-06 00:00:00,
435,dummy435,,0,username_435,,username_435@gmail.com,0,1,2017-06-17 00:00:00,
436,dummy436,,0,username_436,,username_436@gmail.com,0,1,2011-06-16 00:00:00,
437,dummy437,,0,username_437,,username_437@gmail.com,0,1,2018-05-21 00:00:00,
438,dummy438,,0,username_438,,username_438@gmail.com,0,1,2024-03-12 00:00:00,
439,dummy439,,0,username_439,,username_439@gmail.com,0,1,2021-10-21 00:00:00,
440,dummy440,,0,username_440,,username_440@gmail.com,0,1,2017-04-26 00:00:00,
441,dummy441,,0,username_441,,username_441@gmail.com,0,1,2020-06-17 00:00:00,
442,dummy442,,0,username_442,,username_442@gmail.com,0,1,2012-01-21 00:00:00,
443,dummy443,,0,username_443,,username_443@gmail.com,0,1,2020-09-20 00:00:00,
444,dummy444,,0,username_444,,username_444@gmail.com,0,1,2019-06-17 00:00:00,
445,dummy445,,0,username_445,,username_445@gmail.com,0,1,2017-04-24 00:00:00,
446,dummy446,,0,username_446,,username_446@gmail.com,0,1,2019-04-01 00:00:00,
447,dummy447,,0,username_447,,username_447@gmail.com,0,1,2019-06-10 00:00:00,
448,dummy448,,0,username_448,,username_448@gmail.com,0,1,2013-01-24 00:00:00,
449,dummy449,,0,username_449,,username_449@gmail.com,0,1,2021-12-18 00:00:00,
450,dummy450,,0,username_450,,username_450@gmail.com,0,1,2020-10-23 00:00:00,
451,dummy451,,0,username_451,,username_451@gmail.com,0,1,2023-05-20 00:00:00,
452,dummy452,,0,username_452,,username_452@gmail.com,0,1,2020-02-14 00:00:00,
453,dummy453,,0,username_453,,username_453@gmail.com,0,1,2011-02-18 00:00:00,
454,dummy454,,0,username_454,,username_454@gmail.com,0,1,2014-03-06 00:00:00,
455,dummy455,,0,username_455,,username_455@gmail.com,0,1,2010-08-08 00:00:00,
456,dummy456,,0,username_456,,username_456@gmail.com,0,1,2015-11-27 00:00:00,
457,dummy457,,0,username_457,,username_457@gmail.com,0,1,2012-03-01 00:00:00,
458,dummy458,,0,username_458,,username_458@gmail.com,0,1,2011-01-28 00:00:00,
459,dummy459,,0,username_459,,username_459@gmail.com,0,1,2017-07-18 00:00:00,
460,dummy460,,0,username_460,,username_460@gmail.com,0,1,2020-07-08 00:00:00,
461,dummy461,,0,username_461,,username_461@gmail.com,0,1,2019-06-01 00:00:00,
462,dummy462,,0,username_462,,username_462@gmail.com,0,1,2018-12-28 00:00:00,
463,dummy463,,0,username_463,,username_463@gmail.com,0,1,2014-01-20 00:00:00,
464,dummy464,,0,username_464,,username_464@gmail.com,0,1,2010-03-16 00:00:00,
465,dummy465,,0,username_465,,username_465@gmail.com,0,1,2020-09-15 00:00:00,
466,dummy466,,0,username_466,,username_466@gmail.com,0,1,2018-05-30 00:00:00,
467,dummy467,,0,username_467,,username_467@gmail.com,0,1,2024-12-17 00:00:00,
468,dummy468,,0,username_468,,username_468@gmail.com,0,1,2017-08-21 00:00:00,
469,dummy469,,0,username_469,,username_469@gmail.com,0,1,2017-05-25 00:00:00,
470,dummy470,,0,username_470,,username_470@gmail.com,0,1,2015-09-09 00:00:00,
471,dummy471,,0,username_471,,username_471@gmail.com,0,1,2011-10-01 00:00:00,
472,dummy472,,0,username_472,,username_472@gmail.com,0,1,2022-08-09 00:00:00,
473,dummy473,,0,username_473,,username_473@gmail.com,0,1,2018-08-20 00:00:00,
474,dummy474,,0,username_474,,username_474@gmail.com,0,1,2021-11-23 00:00:00,
475,dummy475,,0,username_475,,username_475@gmail.com,0,1,2024-04-19 00:00:00,
476,dummy476,,0,username_476,,username_476@gmail.com,0,1,2015-04-22 00:00:00,
477,dummy477,,0,username_477,,username_477@gmail.com,0,1,2012-02-19 00:00:00,
478,dummy478,,0,username_478,,username_478@gmail.com,0,1,2010-11-19 00:00:00,
479,dummy479,,0,username_479,,username_479@gmail.com,0,1,2017-11-06 00:00:00,
480,dummy480,,0,username_480,,username_480@gmail.com,0,1,2024-01-26 00:00:00,
481,dummy481,,0,username_481,,username_481@gmail.com,0,1,2019-09-20 00:00:00,
482,dummy482,,0,username_482,,username_482@gmail.com,0,1,2011-11-23 00:00:00,
483,dummy483,,0,username_483,,username_483@gmail.com,0,1,2024-08-07 00:00:00,
484,dummy484,,0,username_484,,username_484@gmail.com,0,1,2018-04-06 00:00:00,
485,dummy485,,0,username_485,,username_485@gmail.com,0,1,2020-01-09 00:00:00,
486,dummy486,,0,username_486,,username_486@gmail.com,0,1,2021-02-08 00:00:00,
487,dummy487,,0,username_487,,username_487@gmail.com,0,1,2021-05-15 00:00:00,
488,dummy488,,0,username_488,,username_488@gmail.com,0,1,2010-05-10 00:00:00,
489,dummy489,,0,username_489,,username_489@gmail.com,0,1,2024-11-29 00:00:00,
490,dummy490,,0,username_490,,username_490@gmail.com,0,1,2015-06-19 00:00:00,
491,dummy491,,0,username_491,,username_491@gmail.com,0,1,2012-04-30 00:00:00,
492,dummy492,,0,username_492,,username_492@gmail.com,0,1,2011-10-29 00:00:00,
493,dummy493,,0,username_493,,username_493@gmail.com,0,1,2014-05-30 00:00:00,
494,dummy494,,0,username_494,,username_494@gmail.com,0,1,2023-08-19 00:00:00,
495,dummy495,,0,username_495,,username_495@gmail.com,0,1,2019-07-23 00:00:00,
496,dummy496,,0,username_496,,username_496@gmail.com,0,1,2020-09-17 00:00:00,
497,dummy497,,0,username_497,,username_497@gmail.com,0,1,2012-01-16 00:00:00,
498,dummy498,,0,username_498,,username_498@gmail.com,0,1,2013-05-03 00:00:00,
499,dummy499,,0,username_499,,username_499@gmail.com,0,1,2017-03-07 00:00:00,
500,dummy500,,0,username_500,,username_500@gmail.com,0,1,2012-03-01 00:00:00,
501,dummy501,,0,username_501,,username_501@gmail.com,0,1,2010-03-11 00:00:00,
502,dummy502,,0,username_502,,username_502@gmail.com,0,1,2018-11-05 00:00:00,
503,dummy503,,0,username_503,,username_503@gmail.com,0,1,2013-08-20 00:00:00,
504,dummy504,,0,username_504,,username_504@gmail.com,0,1,2010-08-30 00:00:00,
505,dummy505,,0,username_505,,username_505@gmail.com,0,1,2014-06-13 00:00:00,
506,dummy506,,0,username_506,,username_506@gmail.com,0,1,2021-02-06 00:00:00,
507,dummy507,,0,username_507,,username_507@gmail.com,0,1,2018-01-22 00:00:00,
508,dummy508,,0,username_508,,username_508@gmail.com,0,1,2011-10-23 00:00:00,
509,dummy509,,0,username_509,,username_509@gmail.com,0,1,2010-05-27 00:00:00,
510,dummy510,,0,username_510,,username_510@gmail.com,0,1,2024-06-27 00:00:00,
511,dummy511,,0,username_511,,username_511@gmail.com,0,1,2019-08-30 00:00:00,
512,dummy512,,0,username_512,,username_512@gmail.com,0,1,2010-06-09 00:00:00,
513,dummy513,,0,username_513,,username_513@gmail.com,0,1,2020-02-15 00:00:00,
514,dummy514,,0,username_514,,username_514@gmail.com,0,1,2011-04-16 00:00:00,
515,dummy515,,0,username_515,,username_515@gmail.com,0,1,2010-10-05 00:00:00,
516,dummy516,,0,username_516,,username_516@gmail.com,0,1,2013-04-29 00:00:00,
517,dummy517,,0,username_517,,username_517@gmail.com,0,1,2021-06-19 00:00:00,
518,dummy518,,0,username_518,,username_518@gmail.com,0,1,2021-04-27 00:00:00,
519,dummy519,,0,username_519,,username_519@gmail.com,0,1,2013-08-30 00:00:00,
520,dummy520,,0,username_520,,username_520@gmail.com,0,1,2016-11-11 00:00:00,
521,dummy521,,0,username_521,,username_521@gmail.com,0,1,2011-09-10 00:00:00,
522,dummy522,,0,username_522,,username_522@gmail.com,0,1,2012-07-17 00:00:00,
523,dummy523,,0,username_523,,username_523@gmail.com,0,1,2021-03-26 00:00:00,
524,dummy524,,0,username_524,,username_524@gmail.com,0,1,2022-12-29 00:00:00,
525,dummy525,,0,username_525,,username_525@gmail.com,0,1,2019-07-31 00:00:00,
526,dummy526,,0,username_526,,username_526@gmail.com,0,1,2019-04-26 00:00:00,
527,dummy527,,0,username_527,,username_527@gmail.com,0,1,2024-04-10 00:00:00,
528,dummy528,,0,username_528,,username_528@gmail.com,0,1,2024-01-24 00:00:00,
529,dummy529,,0,username_529,,username_529@gmail.com,0,1,2014-10-31 00:00:00,
530,dummy530,,0,username_530,,username_530@gmail.com,0,1,2021-03-13 00:00:00,
531,dummy531,,0,username_531,,username_531@gmail.com,0,1,2011-11-13 00:00:00,
532,dummy532,,0,username_532,,username_532@gmail.com,0,1,2017-10-30 00:00:00,
533,dummy533,,0,username_533,,username_533@gmail.com,0,1,2013-02-16 00:00:00,
534,dummy534,,0,username_534,,username_534@gmail.com,0,1,2016-02-04 00:00:00,
535,dummy535,,0,username_535,,username_535@gmail.com,0,1,2018-06-12 00:00:00,
536,dummy536,,0,username_536,,username_536@gmail.com,0,1,2012-07-19 00:00:00,
537,dummy537,,0,username_537,,username_537@gmail.com,0,1,2022-10-17 00:00:00,
538,dummy538,,0,username_538,,username_538@gmail.com,0,1,2021-12-15 00:00:00,
539,dummy539,,0,username_539,,username_539@gmail.com,0,1,2017-06-19 00:00:00,
540,dummy540,,0,username_540,,username_540@gmail.com,0,1,2016-10-06 00:00:00,
541,dummy541,,0,username_541,,username_541@gmail.com,0,1,2022-01-05 00:00:00,
542,dummy542,,0,username_542,,username_542@gmail.com,0,1,2023-03-15 00:00:00,
543,dummy543,,0,username_543,,username_543@gmail.com,0,1,2012-09-27 00:00:00,
544,dummy544,,0,username_544,,username_544@gmail.com,0,1,2010-07-03 00:00:00,
545,dummy545,,0,username_545,,username_545@gmail.com,0,1,2016-11-28 00:00:00,
546,dummy546,,0,username_546,,username_546@gmail.com,0,1,2011-02-18 00:00:00,
547,dummy547,,0,username_547,,username_547@gmail.com,0,1,2012-04-07 00:00:00,
548,dummy548,,0,username_548,,username_548@gmail.com,0,1,2024-10-28 00:00:00,
549,dummy549,,0,username_549,,username_549@gmail.com,0,1,2014-06-18 00:00:00,
550,dummy550,,0,username_550,,username_550@gmail.com,0,1,2024-12-25 00:00:00,
551,dummy551,,0,username_551,,username_551@gmail.com,0,1,2019-01-25 00:00:00,
552,dummy552,,0,username_552,,username_552@gmail.com,0,1,2016-02-20 00:00:00,
553,dummy553,,0,username_553,,username_553@gmail.com,0,1,2010-04-17 00:00:00,
554,dummy554,,0,username_554,,username_554@gmail.com,0,1,2020-05-10 00:00:00,
555,dummy555,,0,username_555,,username_555@gmail.com,0,1,2017-05-25 00:00:00,
556,dummy556,,0,username_556,,username_556@gmail.com,0,1,2021-02-14 00:00:00,
557,dummy557,,0,username_557,,username_557@gmail.com,0,1,2020-10-14 00:00:00,
558,dummy558,,0,username_558,,username_558@gmail.com,0,1,2024-02-05 00:00:00,
559,dummy559,,0,username_559,,username_559@gmail.com,0,1,2022-03-26 00:00:00,
560,dummy560,,0,username_560,,username_560@gmail.com,0,1,2020-02-09 00:00:00,
561,dummy561,,0,username_561,,username_561@gmail.com,0,1,2017-09-18 00:00:00,
562,dummy562,,0,username_562,,username_562@gmail.com,0,1,2014-01-10 00:00:00,
563,dummy563,,0,username_563,,username_563@gmail.com,0,1,2014-02-14 00:00:00,
564,dummy564,,0,username_564,,username_564@gmail.com,0,1,2014-01-08 00:00:00,
565,dummy565,,0,username_565,,username_565@gmail.com,0,1,2017-12-22 00:00:00,
566,dummy566,,0,username_566,,username_566@gmail.com,0,1,2014-08-18 00:00:00,
567,dummy567,,0,username_567,,username_567@gmail.com,0,1,2011-05-28 00:00:00,
568,dummy568,,0,username_568,,username_568@gmail.com,0,1,2010-09-13 00:00:00,
569,dummy569,,0,username_569,,username_569@gmail.com,0,1,2011-12-14 00:00:00,
570,dummy570,,0,username_570,,username_570@gmail.com,0,1,2014-02-05 00:00:00,
571,dummy571,,0,username_571,,username_571@gmail.com,0,1,2019-04-15 00:00:00,
572,dummy572,,0,username_572,,username_572@gmail.com,0,1,2019-02-09 00:00:00,
573,dummy573,,0,username_573,,username_573@gmail.com,0,1,2014-10-31 00:00:00,
574,dummy574,,0,username_574,,username_574@gmail.com,0,1,2019-07-19 00:00:00,
575,dummy575,,0,username_575,,username_575@gmail.com,0,1,2016-09-18 00:00:00,
576,dummy576,,0,username_576,,username_576@gmail.com,0,1,2010-02-26 00:00:00,
577,dummy577,,0,username_577,,username_577@gmail.com,0,1,2022-07-12 00:00:00,
578,dummy578,,0,username_578,,username_578@gmail.com,0,1,2015-06-29 00:00:00,
579,dummy579,,0,username_579,,username_579@gmail.com,0,1,2019-09-19 00:00:00,
580,dummy580,,0,username_580,,username_580@gmail.com,0,1,2013-09-11 00:00:00,
581,dummy581,,0,username_581,,username_581@gmail.com,0,1,2012-08-27 00:00:00,
582,dummy582,,0,username_582,,username_582@gmail.com,0,1,2011-04-08 00:00:00,
583,dummy583,,0,username_583,,username_583@gmail.com,0,1,2011-07-15 00:00:00,
584,dummy584,,0,username_584,,username_584@gmail.com,0,1,2011-09-06 00:00:00,
585,dummy585,,0,username_585,,username_585@gmail.com,0,1,2017-06-16 00:00:00,
586,dummy586,,0,username_586,,username_586@gmail.com,0,1,2020-08-11 00:00:00,
587,dummy587,,0,username_587,,username_587@gmail.com,0,1,2021-02-04 00:00:00,
588,dummy588,,0,username_588,,username_588@gmail.com,0,1,2022-12-23 00:00:00,
589,dummy589,,0,username_589,,username_589@gmail.com,0,1,2019-11-04 00:00:00,
590,dummy590,,0,username_590,,username_590@gmail.com,0,1,2024-06-11 00:00:00,
591,dummy591,,0,username_591,,username_591@gmail.com,0,1,2021-03-01 00:00:00,
592,dummy592,,0,username_592,,username_592@gmail.com,0,1,2011-08-19 00:00:00,
593,dummy593,,0,username_593,,username_593@gmail.com,0,1,2019-12-12 00:00:00,
594,dummy594,,0,username_594,,username_594@gmail.com,0,1,2010-11-29 00:00:00,
595,dummy595,,0,username_595,,username_595@gmail.com,0,1,2017-01-31 00:00:00,
596,dummy596,,0,username_596,,username_596@gmail.com,0,1,2024-11-02 00:00:00,
597,dummy597,,0,username_597,,username_597@gmail.com,0,1,2024-12-13 00:00:00,
598,dummy598,,0,username_598,,username_598@gmail.com,0,1,2015-02-09 00:00:00,
599,dummy599,,0,username_599,,username_599@gmail.com,0,1,2018-05-14 00:00:00,
600,dummy600,,0,username_600,,username_600@gmail.com,0,1,2022-06-01 00:00:00,
601,dummy601,,0,username_601,,username_601@gmail.com,0,1,2020-08-20 00:00:00,
602,dummy602,,0,username_602,,username_602@gmail.com,0,1,2013-08-24 00:00:00,
603,dummy603,,0,username_603,,username_603@gmail.com,0,1,2014-05-14 00:00:00,
604,dummy604,,0,username_604,,username_604@gmail.com,0,1,2018-08-13 00:00:00,
605,dummy605,,0,username_605,,username_605@gmail.com,0,1,2013-05-06 00:00:00,
606,dummy606,,0,username_606,,username_606@gmail.com,0,1,2019-12-01 00:00:00,
607,dummy607,,0,username_607,,username_607@gmail.com,0,1,2016-01-31 00:00:00,
608,dummy608,,0,username_608,,username_608@gmail.com,0,1,2015-11-03 00:00:00,
609,dummy609,,0,username_609,,username_609@gmail.com,0,1,2013-01-19 00:00:00,
610,dummy610,,0,username_610,,username_610@gmail.com,0,1,2019-05-12 00:00:00,
611,dummy611,,0,username_611,,username_611@gmail.com,0,1,2013-10-30 00:00:00,
612,dummy612,,0,username_612,,username_612@gmail.com,0,1,2020-07-21 00:00:00,
613,dummy613,,0,username_613,,username_613@gmail.com,0,1,2016-09-16 00:00:00,
614,dummy614,,0,username_614,,username_614@gmail.com,0,1,2014-08-20 00:00:00,
615,dummy615,,0,username_615,,username_615@gmail.com,0,1,2011-09-25 00:00:00,
616,dummy616,,0,username_616,,username_616@gmail.com,0,1,2013-06-20 00:00:00,
617,dummy617,,0,username_617,,username_617@gmail.com,0,1,2019-06-28 00:00:00,
618,dummy618,,0,username_618,,username_618@gmail.com,0,1,2024-08-27 00:00:00,
619,dummy619,,0,username_619,,username_619@gmail.com,0,1,2016-03-20 00:00:00,
620,dummy620,,0,username_620,,username_620@gmail.com,0,1,2016-09-28 00:00:00,
621,dummy621,,0,username_621,,username_621@gmail.com,0,1,2017-05-22 00:00:00,
622,dummy622,,0,username_622,,username_622@gmail.com,0,1,2023-08-10 00:00:00,
623,dummy623,,0,username_623,,username_623@gmail.com,0,1,2011-08-30 00:00:00,
624,dummy624,,0,username_624,,username_624@gmail.com,0,1,2021-06-13 00:00:00,
625,dummy625,,0,username_625,,username_625@gmail.com,0,1,2020-03-11 00:00:00,
626,dummy626,,0,username_626,,username_626@gmail.com,0,1,2021-07-28 00:00:00,
627,dummy627,,0,username_627,,username_627@gmail.com,0,1,2010-02-21 00:00:00,
628,dummy628,,0,username_628,,username_628@gmail.com,0,1,2019-03-03 00:00:00,
629,dummy629,,0,username_629,,username_629@gmail.com,0,1,2016-07-28 00:00:00,
630,dummy630,,0,username_630,,username_630@gmail.com,0,1,2022-09-25 00:00:00,
631,dummy631,,0,username_631,,username_631@gmail.com,0,1,2018-08-26 00:00:00,
632,dummy632,,0,username_632,,username_632@gmail.com,0,1,2016-04-29 00:00:00,
633,dummy633,,0,username_633,,username_633@gmail.com,0,1,2010-02-25 00:00:00,
634,dummy634,,0,username_634,,username_634@gmail.com,0,1,2024-05-01 00:00:00,
635,dummy635,,0,username_635,,username_635@gmail.com,0,1,2014-12-31 00:00:00,
636,dummy636,,0,username_636,,username_636@gmail.com,0,1,2015-08-14 00:00:00,
637,dummy637,,0,username_637,,username_637@gmail.com,0,1,2020-06-12 00:00:00,
638,dummy638,,0,username_638,,username_638@gmail.com,0,1,2015-02-21 00:00:00,
639,dummy639,,0,username_639,,username_639@gmail.com,0,1,2013-11-05 00:00:00,
640,dummy640,,0,username_640,,username_640@gmail.com,0,1,2023-07-13 00:00:00,
641,dummy641,,0,username_641,,username_641@gmail.com,0,1,2014-02-07 00:00:00,
642,dummy642,,0,username_642,,username_642@gmail.com,0,1,2022-11-01 00:00:00,
643,dummy643,,0,username_643,,username_643@gmail.com,0,1,2015-11-23 00:00:00,
644,dummy644,,0,username_644,,username_644@gmail.com,0,1,2015-06-26 00:00:00,
645,dummy645,,0,username_645,,username_645@gmail.com,0,1,2011-02-28 00:00:00,
646,dummy646,,0,username_646,,username_646@gmail.com,0,1,2014-02-23 00:00:00,
647,dummy647,,0,username_647,,username_647@gmail.com,0,1,2011-08-05 00:00:00,
648,dummy648,,0,username_648,,username_648@gmail.com,0,1,2014-10-30 00:00:00,
649,dummy649,,0,username_649,,username_649@gmail.com,0,1,2011-09-26 00:00:00,
650,dummy650,,0,username_650,,username_650@gmail.com,0,1,2014-03-05 00:00:00,
651,dummy651,,0,username_651,,username_651@gmail.com,0,1,2011-03-24 00:00:00,
652,dummy652,,0,username_652,,username_652@gmail.com,0,1,2011-11-10 00:00:00,
653,dummy653,,0,username_653,,username_653@gmail.com,0,1,2025-01-06 00:00:00,
654,dummy654,,0,username_654,,username_654@gmail.com,0,1,2018-07-11 00:00:00,
655,dummy655,,0,username_655,,username_655@gmail.com,0,1,2013-11-20 00:00:00,
656,dummy656,,0,username_656,,username_656@gmail.com,0,1,2010-08-27 00:00:00,
657,dummy657,,0,username_657,,username_657@gmail.com,0,1,2020-08-05 00:00:00,
658,dummy658,,0,username_658,,username_658@gmail.com,0,1,2013-01-28 00:00:00,
659,dummy659,,0,username_659,,username_659@gmail.com,0,1,2017-12-10 00:00:00,
660,dummy660,,0,username_660,,username_660@gmail.com,0,1,2024-07-16 00:00:00,
661,dummy661,,0,username_661,,username_661@gmail.com,0,1,2020-12-02 00:00:00,
662,dummy662,,0,username_662,,username_662@gmail.com,0,1,2018-09-17 00:00:00,
663,dummy663,,0,username_663,,username_663@gmail.com,0,1,2015-02-18 00:00:00,
664,dummy664,,0,username_664,,username_664@gmail.com,0,1,2022-08-30 00:00:00,
665,dummy665,,0,username_665,,username_665@gmail.com,0,1,2015-02-03 00:00:00,
666,dummy666,,0,username_666,,username_666@gmail.com,0,1,2021-09-02 00:00:00,
667,dummy667,,0,username_667,,username_667@gmail.com,0,1,2023-01-31 00:00:00,
668,dummy668,,0,username_668,,username_668@gmail.com,0,1,2019-09-03 00:00:00,
669,dummy669,,0,username_669,,username_669@gmail.com,0,1,2015-05-25 00:00:00,
670,dummy670,,0,username_670,,username_670@gmail.com,0,1,2022-03-30 00:00:00,
671,dummy671,,0,username_671,,username_671@gmail.com,0,1,2019-10-25 00:00:00,
672,dummy672,,0,username_672,,username_672@gmail.com,0,1,2021-11-20 00:00:00,
673,dummy673,,0,username_673,,username_673@gmail.com,0,1,2019-05-10 00:00:00,
674,dummy674,,0,username_674,,username_674@gmail.com,0,1,2011-08-12 00:00:00,
675,dummy675,,0,username_675,,username_675@gmail.com,0,1,2012-08-22 00:00:00,
676,dummy676,,0,username_676,,username_676@gmail.com,0,1,2013-05-15 00:00:00,
677,dummy677,,0,username_677,,username_677@gmail.com,0,1,2014-11-24 00:00:00,
678,dummy678,,0,username_678,,username_678@gmail.com,0,1,2024-11-07 00:00:00,
679,dummy679,,0,username_679,,username_679@gmail.com,0,1,2024-12-19 00:00:00,
680,dummy680,,0,username_680,,username_680@gmail.com,0,1,2015-06-16 00:00:00,
681,dummy681,,0,username_681,,username_681@gmail.com,0,1,2020-05-11 00:00:00,
682,dummy682,,0,username_682,,username_682@gmail.com,0,1,2022-02-15 00:00:00,
683,dummy683,,0,username_683,,username_683@gmail.com,0,1,2011-03-14 00:00:00,
684,dummy684,,0,username_684,,username_684@gmail.com,0,1,2016-02-03 00:00:00,
685,dummy685,,0,username_685,,username_685@gmail.com,0,1,2022-07-07 00:00:00,
686,dummy686,,0,username_686,,username_686@gmail.com,0,1,2021-10-08 00:00:00,
687,dummy687,,0,username_687,,username_687@gmail.com,0,1,2021-04-03 00:00:00,
688,dummy688,,0,username_688,,username_688@gmail.com,0,1,2024-12-04 00:00:00,
689,dummy689,,0,username_689,,username_689@gmail.com,0,1,2011-08-19 00:00:00,
690,dummy690,,0,username_690,,username_690@gmail.com,0,1,2010-10-10 00:00:00,
691,dummy691,,0,username_691,,username_691@gmail.com,0,1,2011-07-08 00:00:00,
692,dummy692,,0,username_692,,username_692@gmail.com,0,1,2020-05-21 00:00:00,
693,dummy693,,0,username_693,,username_693@gmail.com,0,1,2021-12-14 00:00:00,
694,dummy694,,0,username_694,,username_694@gmail.com,0,1,2013-10-14 00:00:00,
695,dummy695,,0,username_695,,username_695@gmail.com,0,1,2010-12-07 00:00:00,
696,dummy696,,0,username_696,,username_696@gmail.com,0,1,2018-03-30 00:00:00,
697,dummy697,,0,username_697,,username_697@gmail.com,0,1,2015-10-22 00:00:00,
698,dummy698,,0,username_698,,username_698@gmail.com,0,1,2020-10-08 00:00:00,
699,dummy699,,0,username_699,,username_699@gmail.com,0,1,2013-05-11 00:00:00,
700,dummy700,,0,username_700,,username_700@gmail.com,0,1,2022-03-25 00:00:00,
701,dummy701,,0,username_701,,username_701@gmail.com,0,1,2018-06-03 00:00:00,
702,dummy702,,0,username_702,,username_702@gmail.com,0,1,2014-12-23 00:00:00,
703,dummy703,,0,username_703,,username_703@gmail.com,0,1,2015-05-28 00:00:00,
704,dummy704,,0,username_704,,username_704@gmail.com,0,1,2017-10-05 00:00:00,
705,dummy705,,0,username_705,,username_705@gmail.com,0,1,2022-12-29 00:00:00,
706,dummy706,,0,username_706,,username_706@gmail.com,0,1,2017-01-21 00:00:00,
707,dummy707,,0,username_707,,username_707@gmail.com,0,1,2022-09-09 00:00:00,
708,dummy708,,0,username_708,,username_708@gmail.com,0,1,2021-07-20 00:00:00,
709,dummy709,,0,username_709,,username_709@gmail.com,0,1,2011-03-05 00:00:00,
710,dummy710,,0,username_710,,username_710@gmail.com,0,1,2014-06-17 00:00:00,
711,dummy711,,0,username_711,,username_711@gmail.com,0,1,2018-12-16 00:00:00,
712,dummy712,,0,username_712,,username_712@gmail.com,0,1,2019-06-10 00:00:00,
713,dummy713,,0,username_713,,username_713@gmail.com,0,1,2024-10-06 00:00:00,
714,dummy714,,0,username_714,,username_714@gmail.com,0,1,2018-05-26 00:00:00,
715,dummy715,,0,username_715,,username_715@gmail.com,0,1,2018-01-26 00:00:00,
716,dummy716,,0,username_716,,username_716@gmail.com,0,1,2014-01-03 00:00:00,
717,dummy717,,0,username_717,,username_717@gmail.com,0,1,2016-06-30 00:00:00,
718,dummy718,,0,username_718,,username_718@gmail.com,0,1,2015-08-23 00:00:00,
719,dummy719,,0,username_719,,username_719@gmail.com,0,1,2020-12-28 00:00:00,
720,dummy720,,0,username_720,,username_720@gmail.com,0,1,2024-12-21 00:00:00,
721,dummy721,,0,username_721,,username_721@gmail.com,0,1,2016-04-29 00:00:00,
722,dummy722,,0,username_722,,username_722@gmail.com,0,1,2016-08-05 00:00:00,
723,dummy723,,0,username_723,,username_723@gmail.com,0,1,2011-10-18 00:00:00,
724,dummy724,,0,username_724,,username_724@gmail.com,0,1,2019-07-21 00:00:00,
725,dummy725,,0,username_725,,username_725@gmail.com,0,1,2010-10-04 00:00:00,
726,dummy726,,0,username_726,,username_726@gmail.com,0,1,2011-07-03 00:00:00,
727,dummy727,,0,username_727,,username_727@gmail.com,0,1,2021-09-10 00:00:00,
728,dummy728,,0,username_728,,username_728@gmail.com,0,1,2018-03-10 00:00:00,
729,dummy729,,0,username_729,,username_729@gmail.com,0,1,2019-10-21 00:00:00,
730,dummy730,,0,username_730,,username_730@gmail.com,0,1,2022-04-30 00:00:00,
731,dummy731,,0,username_731,,username_731@gmail.com,0,1,2023-04-18 00:00:00,
732,dummy732,,0,username_732,,username_732@gmail.com,0,1,2015-02-22 00:00:00,
733,dummy733,,0,username_733,,username_733@gmail.com,0,1,2017-02-19 00:00:00,
734,dummy734,,0,username_734,,username_734@gmail.com,0,1,2010-09-01 00:00:00,
735,dummy735,,0,username_735,,username_735@gmail.com,0,1,2016-09-29 00:00:00,
736,dummy736,,0,username_736,,username_736@gmail.com,0,1,2016-10-13 00:00:00,
737,dummy737,,0,username_737,,username_737@gmail.com,0,1,2020-11-23 00:00:00,
738,dummy738,,0,username_738,,username_738@gmail.com,0,1,2017-05-15 00:00:00,
739,dummy739,,0,username_739,,username_739@gmail.com,0,1,2014-11-04 00:00:00,
740,dummy740,,0,username_740,,username_740@gmail.com,0,1,2021-08-08 00:00:00,
741,dummy741,,0,username_741,,username_741@gmail.com,0,1,2023-03-21 00:00:00,
742,dummy742,,0,username_742,,username_742@gmail.com,0,1,2014-03-28 00:00:00,
743,dummy743,,0,username_743,,username_743@gmail.com,0,1,2021-12-16 00:00:00,
744,dummy744,,0,username_744,,username_744@gmail.com,0,1,2019-09-25 00:00:00,
745,dummy745,,0,username_745,,username_745@gmail.com,0,1,2016-10-11 00:00:00,
746,dummy746,,0,username_746,,username_746@gmail.com,0,1,2010-05-08 00:00:00,
747,dummy747,,0,username_747,,username_747@gmail.com,0,1,2022-11-30 00:00:00,
748,dummy748,,0,username_748,,username_748@gmail.com,0,1,2016-06-27 00:00:00,
749,dummy749,,0,username_749,,username_749@gmail.com,0,1,2014-11-02 00:00:00,
750,dummy750,,0,username_750,,username_750@gmail.com,0,1,2021-05-05 00:00:00,
751,dummy751,,0,username_751,,username_751@gmail.com,0,1,2013-02-20 00:00:00,
752,dummy752,,0,username_752,,username_752@gmail.com,0,1,2015-02-04 00:00:00,
753,dummy753,,0,username_753,,username_753@gmail.com,0,1,2018-09-22 00:00:00,
754,dummy754,,0,username_754,,username_754@gmail.com,0,1,2010-04-02 00:00:00,
755,dummy755,,0,username_755,,username_755@gmail.com,0,1,2020-10-04 00:00:00,
756,dummy756,,0,username_756,,username_756@gmail.com,0,1,2011-06-28 00:00:00,
757,dummy757,,0,username_757,,username_757@gmail.com,0,1,2023-06-29 00:00:00,
758,dummy758,,0,username_758,,username_758@gmail.com,0,1,2016-12-05 00:00:00,
759,dummy759,,0,username_759,,username_759@gmail.com,0,1,2012-08-13 00:00:00,
760,dummy760,,0,username_760,,username_760@gmail.com,0,1,2021-10-05 00:00:00,
761,dummy761,,0,username_761,,username_761@gmail.com,0,1,2011-09-30 00:00:00,
762,dummy762,,0,username_762,,username_762@gmail.com,0,1,2011-07-06 00:00:00,
763,dummy763,,0,username_763,,username_763@gmail.com,0,1,2012-06-08 00:00:00,
764,dummy764,,0,username_764,,username_764@gmail.com,0,1,2011-02-22 00:00:00,
765,dummy765,,0,username_765,,username_765@gmail.com,0,1,2021-05-25 00:00:00,
766,dummy766,,0,username_766,,username_766@gmail.com,0,1,2013-11-26 00:00:00,
767,dummy767,,0,username_767,,username_767@gmail.com,0,1,2019-12-24 00:00:00,
768,dummy768,,0,username_768,,username_768@gmail.com,0,1,2020-08-31 00:00:00,
769,dummy769,,0,username_769,,username_769@gmail.com,0,1,2020-05-11 00:00:00,
770,dummy770,,0,username_770,,username_770@gmail.com,0,1,2020-09-17 00:00:00,
771,dummy771,,0,username_771,,username_771@gmail.com,0,1,2022-12-14 00:00:00,
772,dummy772,,0,username_772,,username_772@gmail.com,0,1,2021-09-27 00:00:00,
773,dummy773,,0,username_773,,username_773@gmail.com,0,1,2018-06-20 00:00:00,
774,dummy774,,0,username_774,,username_774@gmail.com,0,1,2022-04-09 00:00:00,
775,dummy775,,0,username_775,,username_775@gmail.com,0,1,2024-12-25 00:00:00,
776,dummy776,,0,username_776,,username_776@gmail.com,0,1,2015-06-09 00:00:00,
777,dummy777,,0,username_777,,username_777@gmail.com,0,1,2022-12-21 00:00:00,
778,dummy778,,0,username_778,,username_778@gmail.com,0,1,2019-11-01 00:00:00,
779,dummy779,,0,username_779,,username_779@gmail.com,0,1,2016-08-13 00:00:00,
780,dummy780,,0,username_780,,username_780@gmail.com,0,1,2012-05-14 00:00:00,
781,dummy781,,0,username_781,,username_781@gmail.com,0,1,2011-07-02 00:00:00,
782,dummy782,,0,username_782,,username_782@gmail.com,0,1,2011-09-08 00:00:00,
783,dummy783,,0,username_783,,username_783@gmail.com,0,1,2020-08-24 00:00:00,
784,dummy784,,0,username_784,,username_784@gmail.com,0,1,2010-10-04 00:00:00,
785,dummy785,,0,username_785,,username_785@gmail.com,0,1,2024-02-02 00:00:00,
786,dummy786,,0,username_786,,username_786@gmail.com,0,1,2010-06-04 00:00:00,
787,dummy787,,0,username_787,,username_787@gmail.com,0,1,2020-10-20 00:00:00,
788,dummy788,,0,username_788,,username_788@gmail.com,0,1,2020-01-10 00:00:00,
789,dummy789,,0,username_789,,username_789@gmail.com,0,1,2020-08-28 00:00:00,
790,dummy790,,0,username_790,,username_790@gmail.com,0,1,2016-10-11 00:00:00,
791,dummy791,,0,username_791,,username_791@gmail.com,0,1,2022-09-16 00:00:00,
792,dummy792,,0,username_792,,username_792@gmail.com,0,1,2012-03-06 00:00:00,
793,dummy793,,0,username_793,,username_793@gmail.com,0,1,2013-06-19 00:00:00,
794,dummy794,,0,username_794,,username_794@gmail.com,0,1,2012-06-04 00:00:00,
795,dummy795,,0,username_795,,username_795@gmail.com,0,1,2018-09-08 00:00:00,
796,dummy796,,0,username_796,,username_796@gmail.com,0,1,2022-07-08 00:00:00,
797,dummy797,,0,username_797,,username_797@gmail.com,0,1,2011-04-14 00:00:00,
798,dummy798,,0,username_798,,username_798@gmail.com,0,1,2023-08-22 00:00:00,
799,dummy799,,0,username_799,,username_799@gmail.com,0,1,2021-03-09 00:00:00,
800,dummy800,,0,username_800,,username_800@gmail.com,0,1,2022-06-18 00:00:00,
801,dummy801,,0,username_801,,username_801@gmail.com,0,1,2014-11-18 00:00:00,
802,dummy802,,0,username_802,,username_802@gmail.com,0,1,2010-02-12 00:00:00,
803,dummy803,,0,username_803,,username_803@gmail.com,0,1,2010-07-10 00:00:00,
804,dummy804,,0,username_804,,username_804@gmail.com,0,1,2024-09-26 00:00:00,
805,dummy805,,0,username_805,,username_805@gmail.com,0,1,2023-10-15 00:00:00,
806,dummy806,,0,username_806,,username_806@gmail.com,0,1,2014-06-06 00:00:00,
807,dummy807,,0,username_807,,username_807@gmail.com,0,1,2013-02-12 00:00:00,
808,dummy808,,0,username_808,,username_808@gmail.com,0,1,2022-09-14 00:00:00,
809,dummy809,,0,username_809,,username_809@gmail.com,0,1,2012-03-05 00:00:00,
810,dummy810,,0,username_810,,username_810@gmail.com,0,1,2013-03-05 00:00:00,
811,dummy811,,0,username_811,,username_811@gmail.com,0,1,2013-05-14 00:00:00,
812,dummy812,,0,username_812,,username_812@gmail.com,0,1,2015-03-24 00:00:00,
813,dummy813,,0,username_813,,username_813@gmail.com,0,1,2016-08-07 00:00:00,
814,dummy814,,0,username_814,,username_814@gmail.com,0,1,2024-04-18 00:00:00,
815,dummy815,,0,username_815,,username_815@gmail.com,0,1,2022-12-18 00:00:00,
816,dummy816,,0,username_816,,username_816@gmail.com,0,1,2024-05-28 00:00:00,
817,dummy817,,0,username_817,,username_817@gmail.com,0,1,2011-01-30 00:00:00,
818,dummy818,,0,username_818,,username_818@gmail.com,0,1,2011-04-08 00:00:00,
819,dummy819,,0,username_819,,username_819@gmail.com,0,1,2022-04-16 00:00:00,
820,dummy820,,0,username_820,,username_820@gmail.com,0,1,2017-07-21 00:00:00,
821,dummy821,,0,username_821,,username_821@gmail.com,0,1,2012-02-23 00:00:00,
822,dummy822,,0,username_822,,username_822@gmail.com,0,1,2014-03-12 00:00:00,
823,dummy823,,0,username_823,,username_823@gmail.com,0,1,2011-06-25 00:00:00,
824,dummy824,,0,username_824,,username_824@gmail.com,0,1,2011-08-04 00:00:00,
825,dummy825,,0,username_825,,username_825@gmail.com,0,1,2020-08-09 00:00:00,
826,dummy826,,0,username_826,,username_826@gmail.com,0,1,2010-12-26 00:00:00,
827,dummy827,,0,username_827,,username_827@gmail.com,0,1,2018-05-15 00:00:00,
828,dummy828,,0,username_828,,username_828@gmail.com,0,1,2014-11-06 00:00:00,
829,dummy829,,0,username_829,,username_829@gmail.com,0,1,2019-06-09 00:00:00,
830,dummy830,,0,username_830,,username_830@gmail.com,0,1,2021-02-27 00:00:00,
831,dummy831,,0,username_831,,username_831@gmail.com,0,1,2015-08-25 00:00:00,
832,dummy832,,0,username_832,,username_832@gmail.com,0,1,2018-05-27 00:00:00,
833,dummy833,,0,username_833,,username_833@gmail.com,0,1,2021-06-13 00:00:00,
834,dummy834,,0,username_834,,username_834@gmail.com,0,1,2012-09-24 00:00:00,
835,dummy835,,0,username_835,,username_835@gmail.com,0,1,2020-03-31 00:00:00,
836,dummy836,,0,username_836,,username_836@gmail.com,0,1,2012-01-26 00:00:00,
837,dummy837,,0,username_837,,username_837@gmail.com,0,1,2010-10-24 00:00:00,
838,dummy838,,0,username_838,,username_838@gmail.com,0,1,2018-09-09 00:00:00,
839,dummy839,,0,username_839,,username_839@gmail.com,0,1,2023-11-21 00:00:00,
840,dummy840,,0,username_840,,username_840@gmail.com,0,1,2012-11-16 00:00:00,
841,dummy841,,0,username_841,,username_841@gmail.com,0,1,2014-12-24 00:00:00,
842,dummy842,,0,username_842,,username_842@gmail.com,0,1,2016-03-21 00:00:00,
843,dummy843,,0,username_843,,username_843@gmail.com,0,1,2023-05-15 00:00:00,
844,dummy844,,0,username_844,,username_844@gmail.com,0,1,2015-02-07 00:00:00,
845,dummy845,,0,username_845,,username_845@gmail.com,0,1,2023-09-26 00:00:00,
846,dummy846,,0,username_846,,username_846@gmail.com,0,1,2019-02-16 00:00:00,
847,dummy847,,0,username_847,,username_847@gmail.com,0,1,2010-07-29 00:00:00,
848,dummy848,,0,username_848,,username_848@gmail.com,0,1,2014-09-09 00:00:00,
849,dummy849,,0,username_849,,username_849@gmail.com,0,1,2017-04-15 00:00:00,
850,dummy850,,0,username_850,,username_850@gmail.com,0,1,2017-02-09 00:00:00,
851,dummy851,,0,username_851,,username_851@gmail.com,0,1,2015-11-27 00:00:00,
852,dummy852,,0,username_852,,username_852@gmail.com,0,1,2021-07-28 00:00:00,
853,dummy853,,0,username_853,,username_853@gmail.com,0,1,2011-02-11 00:00:00,
854,dummy854,,0,username_854,,username_854@gmail.com,0,1,2016-09-30 00:00:00,
855,dummy855,,0,username_855,,username_855@gmail.com,0,1,2016-03-14 00:00:00,
856,dummy856,,0,username_856,,username_856@gmail.com,0,1,2012-04-29 00:00:00,
857,dummy857,,0,username_857,,username_857@gmail.com,0,1,2018-06-30 00:00:00,
858,dummy858,,0,username_858,,username_858@gmail.com,0,1,2019-04-27 00:00:00,
859,dummy859,,0,username_859,,username_859@gmail.com,0,1,2021-05-18 00:00:00,
860,dummy860,,0,username_860,,username_860@gmail.com,0,1,2011-12-17 00:00:00,
861,dummy861,,0,username_861,,username_861@gmail.com,0,1,2013-08-26 00:00:00,
862,dummy862,,0,username_862,,username_862@gmail.com,0,1,2015-09-15 00:00:00,
863,dummy863,,0,username_863,,username_863@gmail.com,0,1,2011-04-28 00:00:00,
864,dummy864,,0,username_864,,username_864@gmail.com,0,1,2022-08-11 00:00:00,
865,dummy865,,0,username_865,,username_865@gmail.com,0,1,2016-07-27 00:00:00,
866,dummy866,,0,username_866,,username_866@gmail.com,0,1,2016-02-13 00:00:00,
867,dummy867,,0,username_867,,username_867@gmail.com,0,1,2020-07-07 00:00:00,
868,dummy868,,0,username_868,,username_868@gmail.com,0,1,2013-08-14 00:00:00,
869,dummy869,,0,username_869,,username_869@gmail.com,0,1,2015-03-26 00:00:00,
870,dummy870,,0,username_870,,username_870@gmail.com,0,1,2016-05-11 00:00:00,
871,dummy871,,0,username_871,,username_871@gmail.com,0,1,2013-10-28 00:00:00,
872,dummy872,,0,username_872,,username_872@gmail.com,0,1,2016-05-03 00:00:00,
873,dummy873,,0,username_873,,username_873@gmail.com,0,1,2013-11-06 00:00:00,
874,dummy874,,0,username_874,,username_874@gmail.com,0,1,2016-06-09 00:00:00,
875,dummy875,,0,username_875,,username_875@gmail.com,0,1,2021-08-12 00:00:00,
876,dummy876,,0,username_876,,username_876@gmail.com,0,1,2014-04-21 00:00:00,
877,dummy877,,0,username_877,,username_877@gmail.com,0,1,2010-08-14 00:00:00,
878,dummy878,,0,username_878,,username_878@gmail.com,0,1,2014-08-04 00:00:00,
879,dummy879,,0,username_879,,username_879@gmail.com,0,1,2017-10-02 00:00:00,
880,dummy880,,0,username_880,,username_880@gmail.com,0,1,2022-03-08 00:00:00,
881,dummy881,,0,username_881,,username_881@gmail.com,0,1,2020-07-08 00:00:00,
882,dummy882,,0,username_882,,username_882@gmail.com,0,1,2011-05-11 00:00:00,
883,dummy883,,0,username_883,,username_883@gmail.com,0,1,2013-11-30 00:00:00,
884,dummy884,,0,username_884,,username_884@gmail.com,0,1,2012-03-03 00:00:00,
885,dummy885,,0,username_885,,username_885@gmail.com,0,1,2012-08-11 00:00:00,
886,dummy886,,0,username_886,,username_886@gmail.com,0,1,2015-06-29 00:00:00,
887,dummy887,,0,username_887,,username_887@gmail.com,0,1,2022-08-27 00:00:00,
888,dummy888,,0,username_888,,username_888@gmail.com,0,1,2021-02-15 00:00:00,
889,dummy889,,0,username_889,,username_889@gmail.com,0,1,2010-06-21 00:00:00,
890,dummy890,,0,username_890,,username_890@gmail.com,0,1,2018-10-17 00:00:00,
891,dummy891,,0,username_891,,username_891@gmail.com,0,1,2018-09-21 00:00:00,
892,dummy892,,0,username_892,,username_892@gmail.com,0,1,2013-12-04 00:00:00,
893,dummy893,,0,username_893,,username_893@gmail.com,0,1,2016-05-12 00:00:00,
894,dummy894,,0,username_894,,username_894@gmail.com,0,1,2022-08-17 00:00:00,
895,dummy895,,0,username_895,,username_895@gmail.com,0,1,2013-07-25 00:00:00,
896,dummy896,,0,username_896,,username_896@gmail.com,0,1,2010-06-03 00:00:00,
897,dummy897,,0,username_897,,username_897@gmail.com,0,1,2020-11-14 00:00:00,
898,dummy898,,0,username_898,,username_898@gmail.com,0,1,2011-05-03 00:00:00,
899,dummy899,,0,username_899,,username_899@gmail.com,0,1,2014-09-09 00:00:00,
900,dummy900,,0,username_900,,username_900@gmail.com,0,1,2013-05-12 00:00:00,
901,dummy901,,0,username_901,,username_901@gmail.com,0,1,2018-01-06 00:00:00,
902,dummy902,,0,username_902,,username_902@gmail.com,0,1,2015-12-06 00:00:00,
903,dummy903,,0,username_903,,username_903@gmail.com,0,1,2020-10-01 00:00:00,
904,dummy904,,0,username_904,,username_904@gmail.com,0,1,2020-02-05 00:00:00,
905,dummy905,,0,username_905,,username_905@gmail.com,0,1,2013-02-21 00:00:00,
906,dummy906,,0,username_906,,username_906@gmail.com,0,1,2015-07-07 00:00:00,
907,dummy907,,0,username_907,,username_907@gmail.com,0,1,2021-05-17 00:00:00,
908,dummy908,,0,username_908,,username_908@gmail.com,0,1,2022-09-02 00:00:00,
909,dummy909,,0,username_909,,username_909@gmail.com,0,1,2023-11-25 00:00:00,
910,dummy910,,0,username_910,,username_910@gmail.com,0,1,2018-04-21 00:00:00,
911,dummy911,,0,username_911,,username_911@gmail.com,0,1,2011-04-26 00:00:00,
912,dummy912,,0,username_912,,username_912@gmail.com,0,1,2022-08-11 00:00:00,
913,dummy913,,0,username_913,,username_913@gmail.com,0,1,2018-06-09 00:00:00,
914,dummy914,,0,username_914,,username_914@gmail.com,0,1,2024-06-02 00:00:00,
915,dummy915,,0,username_915,,username_915@gmail.com,0,1,2024-01-29 00:00:00,
916,dummy916,,0,username_916,,username_916@gmail.com,0,1,2015-04-20 00:00:00,
917,dummy917,,0,username_917,,username_917@gmail.com,0,1,2016-03-20 00:00:00,
918,dummy918,,0,username_918,,username_918@gmail.com,0,1,2018-03-07 00:00:00,
919,dummy919,,0,username_919,,username_919@gmail.com,0,1,2018-08-31 00:00:00,
920,dummy920,,0,username_920,,username_920@gmail.com,0,1,2020-06-16 00:00:00,
921,dummy921,,0,username_921,,username_921@gmail.com,0,1,2021-10-14 00:00:00,
922,dummy922,,0,username_922,,username_922@gmail.com,0,1,2015-09-08 00:00:00,
923,dummy923,,0,username_923,,username_923@gmail.com,0,1,2015-11-09 00:00:00,
924,dummy924,,0,username_924,,username_924@gmail.com,0,1,2017-05-28 00:00:00,
925,dummy925,,0,username_925,,username_925@gmail.com,0,1,2013-05-15 00:00:00,
926,dummy926,,0,username_926,,username_926@gmail.com,0,1,2016-01-24 00:00:00,
927,dummy927,,0,username_927,,username_927@gmail.com,0,1,2010-08-30 00:00:00,
928,dummy928,,0,username_928,,username_928@gmail.com,0,1,2019-03-17 00:00:00,
929,dummy929,,0,username_929,,username_929@gmail.com,0,1,2014-09-20 00:00:00,
930,dummy930,,0,username_930,,username_930@gmail.com,0,1,2017-12-06 00:00:00,
931,dummy931,,0,username_931,,username_931@gmail.com,0,1,2023-09-20 00:00:00,
932,dummy932,,0,username_932,,username_932@gmail.com,0,1,2022-01-13 00:00:00,
933,dummy933,,0,username_933,,username_933@gmail.com,0,1,2024-10-09 00:00:00,
934,dummy934,,0,username_934,,username_934@gmail.com,0,1,2011-02-26 00:00:00,
935,dummy935,,0,username_935,,username_935@gmail.com,0,1,2018-10-30 00:00:00,
936,dummy936,,0,username_936,,username_936@gmail.com,0,1,2018-03-25 00:00:00,
937,dummy937,,0,username_937,,username_937@gmail.com,0,1,2013-01-29 00:00:00,
938,dummy938,,0,username_938,,username_938@gmail.com,0,1,2012-01-15 00:00:00,
939,dummy939,,0,username_939,,username_939@gmail.com,0,1,2019-04-03 00:00:00,
940,dummy940,,0,username_940,,username_940@gmail.com,0,1,2024-10-21 00:00:00,
941,dummy941,,0,username_941,,username_941@gmail.com,0,1,2021-05-04 00:00:00,
942,dummy942,,0,username_942,,username_942@gmail.com,0,1,2018-02-14 00:00:00,
943,dummy943,,0,username_943,,username_943@gmail.com,0,1,2013-04-18 00:00:00,
944,dummy944,,0,username_944,,username_944@gmail.com,0,1,2013-01-08 00:00:00,
945,dummy945,,0,username_945,,username_945@gmail.com,0,1,2012-06-07 00:00:00,
946,dummy946,,0,username_946,,username_946@gmail.com,0,1,2019-02-02 00:00:00,
947,dummy947,,0,username_947,,username_947@gmail.com,0,1,2013-07-15 00:00:00,
948,dummy948,,0,username_948,,username_948@gmail.com,0,1,2011-06-09 00:00:00,
949,dummy949,,0,username_949,,username_949@gmail.com,0,1,2024-07-27 00:00:00,
950,dummy950,,0,username_950,,username_950@gmail.com,0,1,2020-03-26 00:00:00,
951,dummy951,,0,username_951,,username_951@gmail.com,0,1,2012-05-22 00:00:00,
952,dummy952,,0,username_952,,username_952@gmail.com,0,1,2010-07-28 00:00:00,
953,dummy953,,0,username_953,,username_953@gmail.com,0,1,2018-06-06 00:00:00,
954,dummy954,,0,username_954,,username_954@gmail.com,0,1,2023-10-29 00:00:00,
955,dummy955,,0,username_955,,username_955@gmail.com,0,1,2017-12-20 00:00:00,
956,dummy956,,0,username_956,,username_956@gmail.com,0,1,2012-02-13 00:00:00,
957,dummy957,,0,username_957,,username_957@gmail.com,0,1,2022-02-28 00:00:00,
958,dummy958,,0,username_958,,username_958@gmail.com,0,1,2014-03-18 00:00:00,
959,dummy959,,0,username_959,,username_959@gmail.com,0,1,2018-10-19 00:00:00,
960,dummy960,,0,username_960,,username_960@gmail.com,0,1,2020-12-19 00:00:00,
961,dummy961,,0,username_961,,username_961@gmail.com,0,1,2024-12-12 00:00:00,
962,dummy962,,0,username_962,,username_962@gmail.com,0,1,2015-02-05 00:00:00,
963,dummy963,,0,username_963,,username_963@gmail.com,0,1,2013-09-30 00:00:00,
964,dummy964,,0,username_964,,username_964@gmail.com,0,1,2014-12-14 00:00:00,
965,dummy965,,0,username_965,,username_965@gmail.com,0,1,2020-12-19 00:00:00,
966,dummy966,,0,username_966,,username_966@gmail.com,0,1,2020-03-20 00:00:00,
967,dummy967,,0,username_967,,username_967@gmail.com,0,1,2020-05-08 00:00:00,
968,dummy968,,0,username_968,,username_968@gmail.com,0,1,2010-12-23 00:00:00,
969,dummy969,,0,username_969,,username_969@gmail.com,0,1,2010-01-14 00:00:00,
970,dummy970,,0,username_970,,username_970@gmail.com,0,1,2017-10-21 00:00:00,
971,dummy971,,0,username_971,,username_971@gmail.com,0,1,2013-08-20 00:00:00,
972,dummy972,,0,username_972,,username_972@gmail.com,0,1,2017-03-25 00:00:00,
973,dummy973,,0,username_973,,username_973@gmail.com,0,1,2021-05-19 00:00:00,
974,dummy974,,0,username_974,,username_974@gmail.com,0,1,2019-05-30 00:00:00,
975,dummy975,,0,username_975,,username_975@gmail.com,0,1,2024-12-24 00:00:00,
976,dummy976,,0,username_976,,username_976@gmail.com,0,1,2011-11-18 00:00:00,
977,dummy977,,0,username_977,,username_977@gmail.com,0,1,2013-01-17 00:00:00,
978,dummy978,,0,username_978,,username_978@gmail.com,0,1,2015-07-17 00:00:00,
979,dummy979,,0,username_979,,username_979@gmail.com,0,1,2014-03-03 00:00:00,
980,dummy980,,0,username_980,,username_980@gmail.com,0,1,2014-01-24 00:00:00,
981,dummy981,,0,username_981,,username_981@gmail.com,0,1,2011-01-23 00:00:00,
982,dummy982,,0,username_982,,username_982@gmail.com,0,1,2010-03-31 00:00:00,
983,dummy983,,0,username_983,,username_983@gmail.com,0,1,2022-11-13 00:00:00,
984,dummy984,,0,username_984,,username_984@gmail.com,0,1,2018-10-20 00:00:00,
985,dummy985,,0,username_985,,username_985@gmail.com,0,1,2012-10-28 00:00:00,
986,dummy986,,0,username_986,,username_986@gmail.com,0,1,2011-06-19 00:00:00,
987,dummy987,,0,username_987,,username_987@gmail.com,0,1,2024-09-26 00:00:00,
988,dummy988,,0,username_988,,username_988@gmail.com,0,1,2023-02-20 00:00:00,
989,dummy989,,0,username_989,,username_989@gmail.com,0,1,2023-04-23 00:00:00,
990,dummy990,,0,username_990,,username_990@gmail.com,0,1,2023-05-03 00:00:00,
991,dummy991,,0,username_991,,username_991@gmail.com,0,1,2021-10-21 00:00:00,
992,dummy992,,0,username_992,,username_992@gmail.com,0,1,2023-06-12 00:00:00,
993,dummy993,,0,username_993,,username_993@gmail.com,0,1,2024-04-25 00:00:00,
994,dummy994,,0,username_994,,username_994@gmail.com,0,1,2010-05-25 00:00:00,
995,dummy995,,0,username_995,,username_995@gmail.com,0,1,2013-11-25 00:00:00,
996,dummy996,,0,username_996,,username_996@gmail.com,0,1,2011-06-16 00:00:00,
997,dummy997,,0,username_997,,username_997@gmail.com,0,1,2018-05-31 00:00:00,
998,dummy998,,0,username_998,,username_998@gmail.com,0,1,2020-02-23 00:00:00,
999,dummy999,,0,username_999,,username_999@gmail.com,0,1,2018-03-02 00:00:00,
1000,dummy1000,,0,username_1000,,username_1000@gmail.com,0,1,2019-05-05 00:00:00,
1001,dummy_password,,0,user1001,,user1001@example.com,0,1,2024-11-18 19:54:23.575928,
1002,dummy_password,,0,user1002,,user1002@example.com,0,1,2024-11-18 19:54:23.597778,
1003,dummy_password,,0,user1003,,user1003@example.com,0,1,2024-11-18 19:54:23.605730,
1004,dummy_password,,0,user1004,,user1004@example.com,0,1,2024-11-18 19:54:23.609718,
1005,dummy_password,,0,user1005,,user1005@example.com,0,1,2024-11-18 19:54:23.613709,
1006,dummy_password,,0,user1006,,user1006@example.com,0,1,2024-11-18 19:54:23.618696,
1007,dummy_password,,0,user1007,,user1007@example.com,0,1,2024-11-18 19:54:23.621951,
1008,dummy_password,,0,user1008,,user1008@example.com,0,1,2024-11-18 19:54:23.624943,
1009,dummy_password,,0,user1009,,user1009@example.com,0,1,2024-11-18 19:54:23.628932,
1010,dummy_password,,0,user1010,,user1010@example.com,0,1,2024-11-18 19:54:23.631983,
1011,dummy_password,,0,user1011,,user1011@example.com,0,1,2024-11-18 19:54:23.634884,
1012,dummy_password,,0,user1012,,user1012@example.com,0,1,2024-11-18 19:54:23.638872,
1013,dummy_password,,0,user1013,,user1013@example.com,0,1,2024-11-18 19:54:23.641864,
1014,dummy_password,,0,user1014,,user1014@example.com,0,1,2024-11-18 19:54:23.645160,
1015,dummy_password,,0,user1015,,user1015@example.com,0,1,2024-11-18 19:54:23.648153,
1016,dummy_password,,0,user1016,,user1016@example.com,0,1,2024-11-18 19:54:23.651165,
1017,dummy_password,,0,user1017,,user1017@example.com,0,1,2024-11-18 19:54:23.654137,
1018,dummy_password,,0,user1018,,user1018@example.com,0,1,2024-11-18 19:54:23.658159,
1019,dummy_password,,0,user1019,,user1019@example.com,0,1,2024-11-18 19:54:23.661486,
1020,dummy_password,,0,user1020,,user1020@example.com,0,1,2024-11-18 19:54:23.665477,
1021,dummy_password,,0,user1021,,user1021@example.com,0,1,2024-11-18 19:54:23.668468,
1022,dummy_password,,0,user1022,,user1022@example.com,0,1,2024-11-18 19:54:23.671460,
1023,dummy_password,,0,user1023,,user1023@example.com,0,1,2024-11-18 19:54:23.674451,
1024,dummy_password,,0,user1024,,user1024@example.com,0,1,2024-11-18 19:54:23.677444,
1025,dummy_password,,0,user1025,,user1025@example.com,0,1,2024-11-18 19:54:23.681432,
1026,dummy_password,,0,user1026,,user1026@example.com,0,1,2024-11-18 19:54:23.684624,
1027,dummy_password,,0,user1027,,user1027@example.com,0,1,2024-11-18 19:54:23.687616,
1028,dummy_password,,0,user1028,,user1028@example.com,0,1,2024-11-18 19:54:23.690608,
1029,dummy_password,,0,user1029,,user1029@example.com,0,1,2024-11-18 19:54:23.693600,
1030,dummy_password,,0,user1030,,user1030@example.com,0,1,2024-11-18 19:54:23.696938,
1031,dummy_password,,0,user1031,,user1031@example.com,0,1,2024-11-18 19:54:23.700926,
1032,dummy_password,,0,user1032,,user1032@example.com,0,1,2024-11-18 19:54:23.703913,
1033,dummy_password,,0,user1033,,user1033@example.com,0,1,2024-11-18 19:54:23.708002,
1034,dummy_password,,0,user1034,,user1034@example.com,0,1,2024-11-18 19:54:23.710994,
1035,dummy_password,,0,user1035,,user1035@example.com,0,1,2024-11-18 19:54:23.714122,
1036,dummy_password,,0,user1036,,user1036@example.com,0,1,2024-11-18 19:54:23.717114,
1037,dummy_password,,0,user1037,,user1037@example.com,0,1,2024-11-18 19:54:23.720144,
1038,dummy_password,,0,user1038,,user1038@example.com,0,1,2024-11-18 19:54:23.723137,
1039,dummy_password,,0,user1039,,user1039@example.com,0,1,2024-11-18 19:54:23.727125,
1040,dummy_password,,0,user1040,,user1040@example.com,0,1,2024-11-18 19:54:23.730118,
1041,dummy_password,,0,user1041,,user1041@example.com,0,1,2024-11-18 19:54:23.733110,
1042,dummy_password,,0,user1042,,user1042@example.com,0,1,2024-11-18 19:54:23.737109,
1043,dummy_password,,0,user1043,,user1043@example.com,0,1,2024-11-18 19:54:23.741099,
1044,dummy_password,,0,user1044,,user1044@example.com,0,1,2024-11-18 19:54:23.744090,
1045,dummy_password,,0,user1045,,user1045@example.com,0,1,2024-11-18 19:54:23.748079,
1046,dummy_password,,0,user1046,,user1046@example.com,0,1,2024-11-18 19:54:23.751071,
1047,dummy_password,,0,user1047,,user1047@example.com,0,1,2024-11-18 19:54:23.754063,
1048,dummy_password,,0,user1048,,user1048@example.com,0,1,2024-11-18 19:54:23.758054,
1049,dummy_password,,0,user1049,,user1049@example.com,0,1,2024-11-18 19:54:23.762097,
1050,dummy_password,,0,user1050,,user1050@example.com,0,1,2024-11-18 19:54:23.765090,
1051,dummy_password,,0,user1051,,user1051@example.com,0,1,2024-11-18 19:54:23.769078,
1052,dummy_password,,0,user1052,,user1052@example.com,0,1,2024-11-18 19:54:23.773068,
1053,dummy_password,,0,user1053,,user1053@example.com,0,1,2024-11-18 19:54:23.776060,
1054,dummy_password,,0,user1054,,user1054@example.com,0,1,2024-11-18 19:54:23.780049,
1055,dummy_password,,0,user1055,,user1055@example.com,0,1,2024-11-18 19:54:23.783416,
1056,dummy_password,,0,user1056,,user1056@example.com,0,1,2024-11-18 19:54:23.786408,
1057,dummy_password,,0,user1057,,user1057@example.com,0,1,2024-11-18 19:54:23.790458,
1058,dummy_password,,0,user1058,,user1058@example.com,0,1,2024-11-18 19:54:23.794487,
1059,dummy_password,,0,user1059,,user1059@example.com,0,1,2024-11-18 19:54:23.797480,
1060,dummy_password,,0,user1060,,user1060@example.com,0,1,2024-11-18 19:54:23.800471,
1061,dummy_password,,0,user1061,,user1061@example.com,0,1,2024-11-18 19:54:23.804460,
1062,dummy_password,,0,user1062,,user1062@example.com,0,1,2024-11-18 19:54:23.807452,
1063,dummy_password,,0,user1063,,user1063@example.com,0,1,2024-11-18 19:54:23.811442,
1064,dummy_password,,0,user1064,,user1064@example.com,0,1,2024-11-18 19:54:23.814702,
1065,dummy_password,,0,user1065,,user1065@example.com,0,1,2024-11-18 19:54:23.817695,
1066,dummy_password,,0,user1066,,user1066@example.com,0,1,2024-11-18 19:54:23.820687,
1067,dummy_password,,0,user1067,,user1067@example.com,0,1,2024-11-18 19:54:23.823678,
1068,dummy_password,,0,user1068,,user1068@example.com,0,1,2024-11-18 19:54:23.826670,
1069,dummy_password,,0,user1069,,user1069@example.com,0,1,2024-11-18 19:54:23.831370,
1070,dummy_password,,0,user1070,,user1070@example.com,0,1,2024-11-18 19:54:23.834361,
1071,dummy_password,,0,user1071,,user1071@example.com,0,1,2024-11-18 19:54:23.838352,
1072,dummy_password,,0,user1072,,user1072@example.com,0,1,2024-11-18 19:54:23.841343,
1073,dummy_password,,0,user1073,,user1073@example.com,0,1,2024-11-18 19:54:23.844335,
1074,dummy_password,,0,user1074,,user1074@example.com,0,1,2024-11-18 19:54:23.848349,
1075,dummy_password,,0,user1075,,user1075@example.com,0,1,2024-11-18 19:54:23.851348,
1076,dummy_password,,0,user1076,,user1076@example.com,0,1,2024-11-18 19:54:23.854341,
1077,dummy_password,,0,user1077,,user1077@example.com,0,1,2024-11-18 19:54:23.858349,
1078,dummy_password,,0,user1078,,user1078@example.com,0,1,2024-11-18 19:54:23.862531,
1079,dummy_password,,0,user1079,,user1079@example.com,0,1,2024-11-18 19:54:23.867643,
1080,dummy_password,,0,user1080,,user1080@example.com,0,1,2024-11-18 19:54:23.870636,
1081,dummy_password,,0,user1081,,user1081@example.com,0,1,2024-11-18 19:54:23.874625,
1082,dummy_password,,0,user1082,,user1082@example.com,0,1,2024-11-18 19:54:23.878727,
1083,dummy_password,,0,user1083,,user1083@example.com,0,1,2024-11-18 19:54:23.881719,
1084,dummy_password,,0,user1084,,user1084@example.com,0,1,2024-11-18 19:54:23.884730,
1085,dummy_password,,0,user1085,,user1085@example.com,0,1,2024-11-18 19:54:23.887723,
1086,dummy_password,,0,user1086,,user1086@example.com,0,1,2024-11-18 19:54:23.891721,
1087,dummy_password,,0,user1087,,user1087@example.com,0,1,2024-11-18 19:54:23.893717,
1088,dummy_password,,0,user1088,,user1088@example.com,0,1,2024-11-18 19:54:23.896709,
1089,dummy_password,,0,user1089,,user1089@example.com,0,1,2024-11-18 19:54:23.899701,
1090,dummy_password,,0,user1090,,user1090@example.com,0,1,2024-11-18 19:54:23.902693,
1091,dummy_password,,0,user1091,,user1091@example.com,0,1,2024-11-18 19:54:23.905687,
1092,dummy_password,,0,user1092,,user1092@example.com,0,1,2024-11-18 19:54:23.915877,
1093,dummy_password,,0,user1093,,user1093@example.com,0,1,2024-11-18 19:54:23.922078,
1094,dummy_password,,0,user1094,,user1094@example.com,0,1,2024-11-18 19:54:23.928332,
1095,dummy_password,,0,user1095,,user1095@example.com,0,1,2024-11-18 19:54:23.934813,
1096,dummy_password,,0,user1096,,user1096@example.com,0,1,2024-11-18 19:54:23.942195,
1097,dummy_password,,0,user1097,,user1097@example.com,0,1,2024-11-18 19:54:23.948422,
1098,dummy_password,,0,user1098,,user1098@example.com,0,1,2024-11-18 19:54:23.955279,
1099,dummy_password,,0,user1099,,user1099@example.com,0,1,2024-11-18 19:54:23.961977,
1100,dummy_password,,0,user1100,,user1100@example.com,0,1,2024-11-18 19:54:23.968579,
1101,dummy_password,,0,user1101,,user1101@example.com,0,1,2024-11-18 19:54:23.974878,
1102,dummy_password,,0,user1102,,user1102@example.com,0,1,2024-11-18 19:54:23.981929,
1103,dummy_password,,0,user1103,,user1103@example.com,0,1,2024-11-18 19:54:23.988283,
1104,dummy_password,,0,user1104,,user1104@example.com,0,1,2024-11-18 19:54:23.993587,
1105,dummy_password,,0,user1105,,user1105@example.com,0,1,2024-11-18 19:54:24.000253,
1106,dummy_password,,0,user1106,,user1106@example.com,0,1,2024-11-18 19:54:24.007304,
1107,dummy_password,,0,user1107,,user1107@example.com,0,1,2024-11-18 19:54:24.013410,
1108,dummy_password,,0,user1108,,user1108@example.com,0,1,2024-11-18 19:54:24.019835,
1109,dummy_password,,0,user1109,,user1109@example.com,0,1,2024-11-18 19:54:24.026375,
1110,dummy_password,,0,user1110,,user1110@example.com,0,1,2024-11-18 19:54:24.034575,
1111,dummy_password,,0,user1111,,user1111@example.com,0,1,2024-11-18 19:54:24.041426,
1112,dummy_password,,0,user1112,,user1112@example.com,0,1,2024-11-18 19:54:24.047437,
1113,dummy_password,,0,user1113,,user1113@example.com,0,1,2024-11-18 19:54:24.053536,
1114,dummy_password,,0,user1114,,user1114@example.com,0,1,2024-11-18 19:54:24.060034,
1115,dummy_password,,0,user1115,,user1115@example.com,0,1,2024-11-18 19:54:24.068089,
1116,dummy_password,,0,user1116,,user1116@example.com,0,1,2024-11-18 19:54:24.074986,
1117,dummy_password,,0,user1117,,user1117@example.com,0,1,2024-11-18 19:54:24.081585,
1118,dummy_password,,0,user1118,,user1118@example.com,0,1,2024-11-18 19:54:24.088732,
1119,dummy_password,,0,user1119,,user1119@example.com,0,1,2024-11-18 19:54:24.094778,
1120,dummy_password,,0,user1120,,user1120@example.com,0,1,2024-11-18 19:54:24.100980,
1121,dummy_password,,0,user1121,,user1121@example.com,0,1,2024-11-18 19:54:24.107378,
1122,dummy_password,,0,user1122,,user1122@example.com,0,1,2024-11-18 19:54:24.112740,
1123,dummy_password,,0,user1123,,user1123@example.com,0,1,2024-11-18 19:54:24.119841,
1124,dummy_password,,0,user1124,,user1124@example.com,0,1,2024-11-18 19:54:24.125579,
1125,dummy_password,,0,user1125,,user1125@example.com,0,1,2024-11-18 19:54:24.132229,
1126,dummy_password,,0,user1126,,user1126@example.com,0,1,2024-11-18 19:54:24.139479,
1127,dummy_password,,0,user1127,,user1127@example.com,0,1,2024-11-18 19:54:24.146387,
1128,dummy_password,,0,user1128,,user1128@example.com,0,1,2024-11-18 19:54:24.151817,
1129,dummy_password,,0,user1129,,user1129@example.com,0,1,2024-11-18 19:54:24.159020,
1130,dummy_password,,0,user1130,,user1130@example.com,0,1,2024-11-18 19:54:24.164307,
1131,dummy_password,,0,user1131,,user1131@example.com,0,1,2024-11-18 19:54:24.170567,
1132,dummy_password,,0,user1132,,user1132@example.com,0,1,2024-11-18 19:54:24.177444,
1133,dummy_password,,0,user1133,,user1133@example.com,0,1,2024-11-18 19:54:24.184256,
1134,dummy_password,,0,user1134,,user1134@example.com,0,1,2024-11-18 19:54:24.190269,
1135,dummy_password,,0,user1135,,user1135@example.com,0,1,2024-11-18 19:54:24.197301,
1136,dummy_password,,0,user1136,,user1136@example.com,0,1,2024-11-18 19:54:24.204625,
1137,dummy_password,,0,user1137,,user1137@example.com,0,1,2024-11-18 19:54:24.211020,
1138,dummy_password,,0,user1138,,user1138@example.com,0,1,2024-11-18 19:54:24.217338,
1139,dummy_password,,0,user1139,,user1139@example.com,0,1,2024-11-18 19:54:24.223771,
1140,dummy_password,,0,user1140,,user1140@example.com,0,1,2024-11-18 19:54:24.231167,
1141,dummy_password,,0,user1141,,user1141@example.com,0,1,2024-11-18 19:54:24.238010,
1142,dummy_password,,0,user1142,,user1142@example.com,0,1,2024-11-18 19:54:24.244888,
1143,dummy_password,,0,user1143,,user1143@example.com,0,1,2024-11-18 19:54:24.251838,
1144,dummy_password,,0,user1144,,user1144@example.com,0,1,2024-11-18 19:54:24.258978,
1145,dummy_password,,0,user1145,,user1145@example.com,0,1,2024-11-18 19:54:24.265237,
1146,dummy_password,,0,user1146,,user1146@example.com,0,1,2024-11-18 19:54:24.271571,
1147,dummy_password,,0,user1147,,user1147@example.com,0,1,2024-11-18 19:54:24.278763,
1148,dummy_password,,0,user1148,,user1148@example.com,0,1,2024-11-18 19:54:24.283849,
1149,dummy_password,,0,user1149,,user1149@example.com,0,1,2024-11-18 19:54:24.291196,
1150,dummy_password,,0,user1150,,user1150@example.com,0,1,2024-11-18 19:54:24.296786,
1151,dummy_password,,0,user1151,,user1151@example.com,0,1,2024-11-18 19:54:24.303288,
1152,dummy_password,,0,user1152,,user1152@example.com,0,1,2024-11-18 19:54:24.309318,
1153,dummy_password,,0,user1153,,user1153@example.com,0,1,2024-11-18 19:54:24.316640,
1154,dummy_password,,0,user1154,,user1154@example.com,0,1,2024-11-18 19:54:24.323210,
1155,dummy_password,,0,user1155,,user1155@example.com,0,1,2024-11-18 19:54:24.330352,
1156,dummy_password,,0,user1156,,user1156@example.com,0,1,2024-11-18 19:54:24.336856,
1157,dummy_password,,0,user1157,,user1157@example.com,0,1,2024-11-18 19:54:24.344649,
1158,dummy_password,,0,user1158,,user1158@example.com,0,1,2024-11-18 19:54:24.352297,
1159,dummy_password,,0,user1159,,user1159@example.com,0,1,2024-11-18 19:54:24.358791,
1160,dummy_password,,0,user1160,,user1160@example.com,0,1,2024-11-18 19:54:24.365270,
1161,dummy_password,,0,user1161,,user1161@example.com,0,1,2024-11-18 19:54:24.372795,
1162,dummy_password,,0,user1162,,user1162@example.com,0,1,2024-11-18 19:54:24.379778,
1163,dummy_password,,0,user1163,,user1163@example.com,0,1,2024-11-18 19:54:24.385744,
1164,dummy_password,,0,user1164,,user1164@example.com,0,1,2024-11-18 19:54:24.392863,
1165,dummy_password,,0,user1165,,user1165@example.com,0,1,2024-11-18 19:54:24.400056,
1166,dummy_password,,0,user1166,,user1166@example.com,0,1,2024-11-18 19:54:24.406114,
1167,dummy_password,,0,user1167,,user1167@example.com,0,1,2024-11-18 19:54:24.414493,
1168,dummy_password,,0,user1168,,user1168@example.com,0,1,2024-11-18 19:54:24.419866,
1169,dummy_password,,0,user1169,,user1169@example.com,0,1,2024-11-18 19:54:24.427457,
1170,dummy_password,,0,user1170,,user1170@example.com,0,1,2024-11-18 19:54:24.434508,
1171,dummy_password,,0,user1171,,user1171@example.com,0,1,2024-11-18 19:54:24.440206,
1172,dummy_password,,0,user1172,,user1172@example.com,0,1,2024-11-18 19:54:24.447506,
1173,dummy_password,,0,user1173,,user1173@example.com,0,1,2024-11-18 19:54:24.453718,
1174,dummy_password,,0,user1174,,user1174@example.com,0,1,2024-11-18 19:54:24.460244,
1175,dummy_password,,0,user1175,,user1175@example.com,0,1,2024-11-18 19:54:24.466331,
1176,dummy_password,,0,user1176,,user1176@example.com,0,1,2024-11-18 19:54:24.473200,
1177,dummy_password,,0,user1177,,user1177@example.com,0,1,2024-11-18 19:54:24.480073,
1178,dummy_password,,0,user1178,,user1178@example.com,0,1,2024-11-18 19:54:24.486353,
1179,dummy_password,,0,user1179,,user1179@example.com,0,1,2024-11-18 19:54:24.492145,
1180,dummy_password,,0,user1180,,user1180@example.com,0,1,2024-11-18 19:54:24.499185,
1181,dummy_password,,0,user1181,,user1181@example.com,0,1,2024-11-18 19:54:24.505542,
1182,dummy_password,,0,user1182,,user1182@example.com,0,1,2024-11-18 19:54:24.512669,
1183,dummy_password,,0,user1183,,user1183@example.com,0,1,2024-11-18 19:54:24.518881,
1184,dummy_password,,0,user1184,,user1184@example.com,0,1,2024-11-18 19:54:24.524165,
1185,dummy_password,,0,user1185,,user1185@example.com,0,1,2024-11-18 19:54:24.531755,
1186,dummy_password,,0,user1186,,user1186@example.com,0,1,2024-11-18 19:54:24.538736,
1187,dummy_password,,0,user1187,,user1187@example.com,0,1,2024-11-18 19:54:24.545869,
1188,dummy_password,,0,user1188,,user1188@example.com,0,1,2024-11-18 19:54:24.551128,
1189,dummy_password,,0,user1189,,user1189@example.com,0,1,2024-11-18 19:54:24.558625,
1190,dummy_password,,0,user1190,,user1190@example.com,0,1,2024-11-18 19:54:24.565643,
1191,dummy_password,,0,user1191,,user1191@example.com,0,1,2024-11-18 19:54:24.571683,
1192,dummy_password,,0,user1192,,user1192@example.com,0,1,2024-11-18 19:54:24.575902,
1193,dummy_password,,0,user1193,,user1193@example.com,0,1,2024-11-18 19:54:24.580728,
1194,pbkdf2_sha256$870000$gANNSpG9RlOFocnVywmCEy$r4DxxEGIqcvKs5g5oD7MBBr8pUSbI58+oMI/hwZBXm4=,,0,skcdeeps@gmail.com,,skcdeeps@gmail.com,0,1,2024-11-26 16:53:45.116510,deeps
1195,pbkdf2_sha256$720000$hcQs2Oxywd8tyafjwvdzCK$zshC2YJ6QIxNiPwN6LTRUy8m2msdOHNhT5ZCc7p1Xtc=,2024-12-08 05:39:27.753369,0,Deepshova Karki,,karkideepshova@gmail.com,0,1,2024-11-26 17:04:13.070574,
1196,pbkdf2_sha256$720000$EZE8nFv5m9C03yQVBszmr4$mmnGre3CiH6nzejCRaTepcckEqzBX2XQ3Zq8M58LZ54=,2024-12-05 03:21:28.017804,0,Kristu,,kristu@wishy.fr,0,1,2024-12-05 03:21:26.237626,
1197,pbkdf2_sha256$720000$ZaSflgzSmIQTVVdBPm7O7D$oL0p0qiSigqH536UTt9I6ZAXG6IUSsPNYEQ+3JZHm0o=,2024-12-07 16:20:46.103860,0,Prasansha Ojha,,ojhaprasansha63@gmail.com,0,1,2024-12-06 15:52:41.223119,
1198,pbkdf2_sha256$720000$esiBDzMBZ6kcdEVUCxRDJT$fGaHKpuXJpmlkp5qpJM4hxy5yboY0fNFriZVMvPiZcI=,2024-12-07 16:49:23.702444,0,ojha,,ojhaprasansha36@gmail.com,0,1,2024-12-06 16:29:32.401552,
1199,pbkdf2_sha256$720000$2QP7a7bRqxCp0nEp7wPK6V$ceE/UBVJct27LidRVmrhCwB/LK+Z2T5akuIMYE1s8Q4=,2024-12-07 16:46:38.506215,0,Barsha Ojha,,barsha@gmail.com,0,1,2024-12-06 17:27:59.347819,
1200,pbkdf2_sha256$720000$72BbPiNa40gZKcFOLKjfgE$+E/9O2XlTDiQx5ZXLTxMFYgjrnsj9PiCJtNXa3SmPCo=,2024-12-07 16:58:51.522085,0,Kritika Ghimire,,kritika@gmail.com,0,1,2024-12-07 16:58:50.829830,
1201,pbkdf2_sha256$720000$MzZeX6El3TgvTRGZDcMWvu$aVsZIEtcHESLBkn/BFfOfvRqwEQO7czh4j9MeBkvdyI=,2024-12-07 17:12:37.473846,0,Manisha,,manisha@gmail.com,0,1,2024-12-07 17:12:36.768065,
1202,password123,,0,jonathanballard,,williamthompson@example.com,0,1,2024-12-07 19:23:38.835055,
1203,password123,,0,tina29,,apotter@example.net,0,1,2024-12-07 19:23:38.850082,
1204,password123,,0,jamescurtis,,jennifer30@example.org,0,1,2024-12-07 19:23:38.856379,
1205,password123,,0,bakerkimberly,,matthew62@example.net,0,1,2024-12-07 19:23:38.860030,
1206,password123,,0,jonathanbenson,,john50@example.com,0,1,2024-12-07 19:23:38.864755,
1207,password123,,0,rita83,,kristysingleton@example.org,0,1,2024-12-07 19:23:38.868215,
1208,password123,,0,eddie12,,robert30@example.org,0,1,2024-12-07 19:23:38.873668,
1209,password123,,0,jasminecole,,powelltracy@example.org,0,1,2024-12-07 19:23:38.878165,
1210,password123,,0,ffreeman,,walkerdorothy@example.org,0,1,2024-12-07 19:23:38.883342,
1211,password123,,0,jonathanward,,patricia92@example.net,0,1,2024-12-07 19:23:38.888181,
1212,password123,,0,luisavila,,kathryn84@example.org,0,1,2024-12-07 19:24:37.158727,
1213,password123,,0,leeharding,,franksanchez@example.org,0,1,2024-12-07 19:24:37.163061,
1214,password123,,0,iwilson,,lovetyler@example.com,0,1,2024-12-07 19:24:37.167187,
1215,password123,,0,osherman,,carolvaldez@example.net,0,1,2024-12-07 19:24:37.171337,
1216,password123,,0,zacharymartin,,edwin63@example.com,0,1,2024-12-07 19:24:37.174713,
1217,password123,,0,tara89,,natalie75@example.org,0,1,2024-12-07 19:24:37.178128,
1218,password123,,0,evanphillips,,calhounjulie@example.com,0,1,2024-12-07 19:24:37.181518,
1219,password123,,0,victoria03,,thomasmckay@example.org,0,1,2024-12-07 19:24:37.185427,
1220,password123,,0,lindahunt,,fjohnson@example.org,0,1,2024-12-07 19:24:37.188829,
1221,password123,,0,denise39,,emmamoran@example.com,0,1,2024-12-07 19:24:37.192280,
1222,password123,,0,alvarezjennifer,,millerchristopher@example.net,0,1,2024-12-07 19:24:57.011398,
1223,password123,,0,johnanderson,,williamsbrian@example.org,0,1,2024-12-07 19:24:57.022618,
1224,password123,,0,adamcampbell,,jwilcox@example.com,0,1,2024-12-07 19:24:57.026156,
1225,password123,,0,holmesnicholas,,wilkinsonandrew@example.com,0,1,2024-12-07 19:24:57.029928,
1226,password123,,0,joshua75,,kristen11@example.org,0,1,2024-12-07 19:24:57.033399,
1227,password123,,0,bridgetschultz,,awolfe@example.net,0,1,2024-12-07 19:24:57.036677,
1228,password123,,0,xphillips,,pwalters@example.org,0,1,2024-12-07 19:24:57.040092,
1229,password123,,0,robinsongrace,,dcox@example.org,0,1,2024-12-07 19:24:57.043414,
1230,password123,,0,robertsrebecca,,philipgarcia@example.net,0,1,2024-12-07 19:24:57.045454,
1231,password123,,0,brettmartinez,,walter34@example.org,0,1,2024-12-07 19:24:57.050164,
1232,password123,,0,kennethmendez,,leonjohn@example.net,0,1,2024-12-07 19:25:44.413027,
1233,password123,,0,maytodd,,michael87@example.com,0,1,2024-12-07 19:26:37.645985,
1234,password123,,0,yhughes,,matthewsjamie@example.org,0,1,2024-12-07 19:26:37.665308,
1235,password123,,0,dkaufman,,laura45@example.com,0,1,2024-12-07 19:26:37.668666,
1236,password123,,0,margaret24,,aaron32@example.org,0,1,2024-12-07 19:26:37.673027,
1237,password123,,0,scottrobinson,,heathermorrison@example.org,0,1,2024-12-07 19:26:37.677048,
1238,password123,,0,ibuchanan,,lanechristine@example.com,0,1,2024-12-07 19:26:37.680863,
1239,password123,,0,hhall,,kpierce@example.com,0,1,2024-12-07 19:26:37.684265,
1240,password123,,0,fowlercynthia,,kennedywilliam@example.org,0,1,2024-12-07 19:26:37.688325,
1241,password123,,0,moorerichard,,omeyer@example.com,0,1,2024-12-07 19:26:37.691289,
1242,password123,,0,turnerlauren,,pmurphy@example.org,0,1,2024-12-07 19:26:37.695281,
