id,viewed_at,public_letter_id,user_id
1,2025-01-18 17:00:56.186301,483,1
2,2025-01-18 17:00:56.186301,595,1
3,2025-01-18 17:00:56.186301,579,1
4,2025-01-18 17:00:56.186301,644,1
5,2025-01-18 17:00:56.186301,470,1
6,2025-01-18 17:00:56.186301,553,1
7,2025-01-18 17:00:56.186301,484,1
8,2025-01-18 17:00:56.186301,437,1
9,2025-01-18 17:00:56.186301,299,1
10,2025-01-18 17:00:56.186301,506,1
11,2025-01-18 17:00:56.186301,587,2
12,2025-01-18 17:00:56.186301,408,2
13,2025-01-18 17:00:56.187265,200,2
14,2025-01-18 17:00:56.187265,502,2
15,2025-01-18 17:00:56.187265,537,2
16,2025-01-18 17:00:56.187265,473,2
17,2025-01-18 17:00:56.187265,657,2
18,2025-01-18 17:00:56.187265,493,2
19,2025-01-18 17:00:56.187265,239,2
20,2025-01-18 17:00:56.187265,641,2
21,2025-01-18 17:00:56.187265,215,3
22,2025-01-18 17:00:56.187265,477,3
23,2025-01-18 17:00:56.187265,303,3
24,2025-01-18 17:00:56.187265,537,3
25,2025-01-18 17:00:56.187265,415,3
26,2025-01-18 17:00:56.187265,360,3
27,2025-01-18 17:00:56.187265,354,3
28,2025-01-18 17:00:56.187265,243,3
29,2025-01-18 17:00:56.187265,398,3
30,2025-01-18 17:00:56.187265,632,3
31,2025-01-18 17:00:56.187265,453,4
32,2025-01-18 17:00:56.187265,287,4
33,2025-01-18 17:00:56.187265,536,4
34,2025-01-18 17:00:56.187265,591,4
35,2025-01-18 17:00:56.187265,640,4
36,2025-01-18 17:00:56.187265,609,4
37,2025-01-18 17:00:56.187265,504,4
38,2025-01-18 17:00:56.187265,443,4
39,2025-01-18 17:00:56.187265,354,4
40,2025-01-18 17:00:56.187265,657,4
41,2025-01-18 17:00:56.187265,536,5
42,2025-01-18 17:00:56.187265,583,5
43,2025-01-18 17:00:56.187265,541,5
44,2025-01-18 17:00:56.187265,311,5
45,2025-01-18 17:00:56.187265,244,5
46,2025-01-18 17:00:56.187265,199,5
47,2025-01-18 17:00:56.187265,448,5
48,2025-01-18 17:00:56.187265,540,5
49,2025-01-18 17:00:56.187265,495,5
50,2025-01-18 17:00:56.187265,469,5
51,2025-01-18 17:00:56.187265,641,6
52,2025-01-18 17:00:56.187265,371,6
53,2025-01-18 17:00:56.187265,256,6
54,2025-01-18 17:00:56.187265,383,6
55,2025-01-18 17:00:56.187265,525,6
56,2025-01-18 17:00:56.187265,532,6
57,2025-01-18 17:00:56.187265,275,6
58,2025-01-18 17:00:56.187265,615,6
59,2025-01-18 17:00:56.187265,295,6
60,2025-01-18 17:00:56.187265,534,6
61,2025-01-18 17:00:56.187265,453,7
62,2025-01-18 17:00:56.187265,294,7
63,2025-01-18 17:00:56.187265,584,7
64,2025-01-18 17:00:56.187265,308,7
65,2025-01-18 17:00:56.187265,327,7
66,2025-01-18 17:00:56.187265,646,7
67,2025-01-18 17:00:56.187265,305,7
68,2025-01-18 17:00:56.187265,204,7
69,2025-01-18 17:00:56.187265,206,7
70,2025-01-18 17:00:56.187265,199,7
71,2025-01-18 17:00:56.187265,604,8
72,2025-01-18 17:00:56.187265,578,8
73,2025-01-18 17:00:56.187265,620,8
74,2025-01-18 17:00:56.187265,469,8
75,2025-01-18 17:00:56.187265,415,8
76,2025-01-18 17:00:56.187265,254,8
77,2025-01-18 17:00:56.187265,504,8
78,2025-01-18 17:00:56.187265,570,8
79,2025-01-18 17:00:56.187265,528,8
80,2025-01-18 17:00:56.187265,422,8
81,2025-01-18 17:00:56.187265,386,9
82,2025-01-18 17:00:56.187265,429,9
83,2025-01-18 17:00:56.187265,269,9
84,2025-01-18 17:00:56.187265,435,9
85,2025-01-18 17:00:56.187265,351,9
86,2025-01-18 17:00:56.187265,458,9
87,2025-01-18 17:00:56.187265,517,9
88,2025-01-18 17:00:56.187265,643,9
89,2025-01-18 17:00:56.187265,573,9
90,2025-01-18 17:00:56.187265,548,9
91,2025-01-18 17:00:56.187265,321,10
92,2025-01-18 17:00:56.187265,438,10
93,2025-01-18 17:00:56.187265,577,10
94,2025-01-18 17:00:56.187265,447,10
95,2025-01-18 17:00:56.187265,260,10
96,2025-01-18 17:00:56.187265,269,10
97,2025-01-18 17:00:56.187265,614,10
98,2025-01-18 17:00:56.187265,569,10
99,2025-01-18 17:00:56.187265,473,10
100,2025-01-18 17:00:56.187265,370,10
101,2025-01-18 17:00:56.187265,574,11
102,2025-01-18 17:00:56.187265,232,11
103,2025-01-18 17:00:56.187265,417,11
104,2025-01-18 17:00:56.187265,203,11
105,2025-01-18 17:00:56.187265,496,11
106,2025-01-18 17:00:56.187265,275,11
107,2025-01-18 17:00:56.188293,381,11
108,2025-01-18 17:00:56.188293,656,11
109,2025-01-18 17:00:56.188293,406,11
110,2025-01-18 17:00:56.188293,471,11
111,2025-01-18 17:00:56.188293,327,12
112,2025-01-18 17:00:56.188293,480,12
113,2025-01-18 17:00:56.188293,365,12
114,2025-01-18 17:00:56.188293,271,12
115,2025-01-18 17:00:56.188293,492,12
116,2025-01-18 17:00:56.188293,244,12
117,2025-01-18 17:00:56.188293,582,12
118,2025-01-18 17:00:56.188293,223,12
119,2025-01-18 17:00:56.188293,510,12
120,2025-01-18 17:00:56.188293,466,12
121,2025-01-18 17:00:56.188293,469,13
122,2025-01-18 17:00:56.188293,263,13
123,2025-01-18 17:00:56.188293,222,13
124,2025-01-18 17:00:56.188293,484,13
125,2025-01-18 17:00:56.188293,277,13
126,2025-01-18 17:00:56.188293,274,13
127,2025-01-18 17:00:56.188293,628,13
128,2025-01-18 17:00:56.188293,537,13
129,2025-01-18 17:00:56.188293,344,13
130,2025-01-18 17:00:56.188293,592,13
131,2025-01-18 17:00:56.188293,442,14
132,2025-01-18 17:00:56.188293,458,14
133,2025-01-18 17:00:56.188293,531,14
134,2025-01-18 17:00:56.188293,664,14
135,2025-01-18 17:00:56.188293,469,14
136,2025-01-18 17:00:56.188293,643,14
137,2025-01-18 17:00:56.188293,415,14
138,2025-01-18 17:00:56.188293,479,14
139,2025-01-18 17:00:56.188293,359,14
140,2025-01-18 17:00:56.188293,323,14
141,2025-01-18 17:00:56.188293,374,15
142,2025-01-18 17:00:56.188293,206,15
143,2025-01-18 17:00:56.188293,493,15
144,2025-01-18 17:00:56.188293,349,15
145,2025-01-18 17:00:56.188293,559,15
146,2025-01-18 17:00:56.188293,565,15
147,2025-01-18 17:00:56.188293,461,15
148,2025-01-18 17:00:56.188293,620,15
149,2025-01-18 17:00:56.188293,379,15
150,2025-01-18 17:00:56.188293,295,15
151,2025-01-18 17:00:56.188293,636,16
152,2025-01-18 17:00:56.188293,224,16
153,2025-01-18 17:00:56.188293,259,16
154,2025-01-18 17:00:56.188293,422,16
155,2025-01-18 17:00:56.188293,444,16
156,2025-01-18 17:00:56.188293,565,16
157,2025-01-18 17:00:56.188293,386,16
158,2025-01-18 17:00:56.188293,391,16
159,2025-01-18 17:00:56.188293,429,16
160,2025-01-18 17:00:56.188293,443,16
161,2025-01-18 17:00:56.188293,376,17
162,2025-01-18 17:00:56.188293,468,17
163,2025-01-18 17:00:56.188293,199,17
164,2025-01-18 17:00:56.188293,322,17
165,2025-01-18 17:00:56.188293,627,17
166,2025-01-18 17:00:56.188293,364,17
167,2025-01-18 17:00:56.188293,496,17
168,2025-01-18 17:00:56.188293,497,17
169,2025-01-18 17:00:56.188293,514,17
170,2025-01-18 17:00:56.188293,383,17
171,2025-01-18 17:00:56.188293,542,18
172,2025-01-18 17:00:56.188293,407,18
173,2025-01-18 17:00:56.188293,379,18
174,2025-01-18 17:00:56.188293,501,18
175,2025-01-18 17:00:56.188293,332,18
176,2025-01-18 17:00:56.188293,285,18
177,2025-01-18 17:00:56.188293,281,18
178,2025-01-18 17:00:56.188293,412,18
179,2025-01-18 17:00:56.188293,302,18
180,2025-01-18 17:00:56.188293,351,18
181,2025-01-18 17:00:56.188293,580,19
182,2025-01-18 17:00:56.188293,351,19
183,2025-01-18 17:00:56.188293,306,19
184,2025-01-18 17:00:56.188293,283,19
185,2025-01-18 17:00:56.188293,522,19
186,2025-01-18 17:00:56.188293,212,19
187,2025-01-18 17:00:56.188293,592,19
188,2025-01-18 17:00:56.188293,525,19
189,2025-01-18 17:00:56.188293,578,19
190,2025-01-18 17:00:56.188293,487,19
191,2025-01-18 17:00:56.188293,454,20
192,2025-01-18 17:00:56.188293,415,20
193,2025-01-18 17:00:56.188293,520,20
194,2025-01-18 17:00:56.188293,359,20
195,2025-01-18 17:00:56.188293,249,20
196,2025-01-18 17:00:56.188293,324,20
197,2025-01-18 17:00:56.188293,225,20
198,2025-01-18 17:00:56.188293,235,20
199,2025-01-18 17:00:56.188293,568,20
200,2025-01-18 17:00:56.188293,360,20
201,2025-01-18 17:00:56.188293,454,21
202,2025-01-18 17:00:56.189292,560,21
203,2025-01-18 17:00:56.189292,532,21
204,2025-01-18 17:00:56.189292,577,21
205,2025-01-18 17:00:56.189292,526,21
206,2025-01-18 17:00:56.189292,557,21
207,2025-01-18 17:00:56.189292,331,21
208,2025-01-18 17:00:56.189292,517,21
209,2025-01-18 17:00:56.189292,323,21
210,2025-01-18 17:00:56.189292,236,21
211,2025-01-18 17:00:56.189292,608,22
212,2025-01-18 17:00:56.189292,512,22
213,2025-01-18 17:00:56.189292,523,22
214,2025-01-18 17:00:56.189292,348,22
215,2025-01-18 17:00:56.189292,556,22
216,2025-01-18 17:00:56.189292,542,22
217,2025-01-18 17:00:56.189292,221,22
218,2025-01-18 17:00:56.189292,405,22
219,2025-01-18 17:00:56.189292,540,22
220,2025-01-18 17:00:56.189292,559,22
221,2025-01-18 17:00:56.189292,435,23
222,2025-01-18 17:00:56.189292,446,23
223,2025-01-18 17:00:56.189292,579,23
224,2025-01-18 17:00:56.189292,618,23
225,2025-01-18 17:00:56.189292,277,23
226,2025-01-18 17:00:56.189292,536,23
227,2025-01-18 17:00:56.189292,513,23
228,2025-01-18 17:00:56.189292,503,23
229,2025-01-18 17:00:56.189292,591,23
230,2025-01-18 17:00:56.189292,645,23
231,2025-01-18 17:00:56.189292,498,24
232,2025-01-18 17:00:56.189292,283,24
233,2025-01-18 17:00:56.189292,455,24
234,2025-01-18 17:00:56.189292,465,24
235,2025-01-18 17:00:56.189292,226,24
236,2025-01-18 17:00:56.189292,510,24
237,2025-01-18 17:00:56.189292,615,24
238,2025-01-18 17:00:56.189292,502,24
239,2025-01-18 17:00:56.189292,490,24
240,2025-01-18 17:00:56.189292,446,24
241,2025-01-18 17:00:56.189292,515,25
242,2025-01-18 17:00:56.189292,505,25
243,2025-01-18 17:00:56.189292,366,25
244,2025-01-18 17:00:56.189292,277,25
245,2025-01-18 17:00:56.189292,237,25
246,2025-01-18 17:00:56.189292,522,25
247,2025-01-18 17:00:56.189292,523,25
248,2025-01-18 17:00:56.189292,508,25
249,2025-01-18 17:00:56.189292,609,25
250,2025-01-18 17:00:56.189292,471,25
251,2025-01-18 17:00:56.189292,377,26
252,2025-01-18 17:00:56.189292,394,26
253,2025-01-18 17:00:56.189292,455,26
254,2025-01-18 17:00:56.189292,289,26
255,2025-01-18 17:00:56.189292,203,26
256,2025-01-18 17:00:56.189292,200,26
257,2025-01-18 17:00:56.189292,304,26
258,2025-01-18 17:00:56.189292,557,26
259,2025-01-18 17:00:56.189292,629,26
260,2025-01-18 17:00:56.189292,249,26
261,2025-01-18 17:00:56.189292,281,27
262,2025-01-18 17:00:56.189292,614,27
263,2025-01-18 17:00:56.189292,250,27
264,2025-01-18 17:00:56.189292,207,27
265,2025-01-18 17:00:56.189292,372,27
266,2025-01-18 17:00:56.189292,240,27
267,2025-01-18 17:00:56.189292,208,27
268,2025-01-18 17:00:56.189292,248,27
269,2025-01-18 17:00:56.189292,436,27
270,2025-01-18 17:00:56.189292,211,27
271,2025-01-18 17:00:56.189292,251,28
272,2025-01-18 17:00:56.189292,319,28
273,2025-01-18 17:00:56.189292,600,28
274,2025-01-18 17:00:56.189292,602,28
275,2025-01-18 17:00:56.189292,515,28
276,2025-01-18 17:00:56.189292,468,28
277,2025-01-18 17:00:56.189292,371,28
278,2025-01-18 17:00:56.189292,635,28
279,2025-01-18 17:00:56.189292,204,28
280,2025-01-18 17:00:56.189292,362,28
281,2025-01-18 17:00:56.189292,600,29
282,2025-01-18 17:00:56.189292,273,29
283,2025-01-18 17:00:56.189292,290,29
284,2025-01-18 17:00:56.189292,518,29
285,2025-01-18 17:00:56.189292,526,29
286,2025-01-18 17:00:56.189292,372,29
287,2025-01-18 17:00:56.189292,516,29
288,2025-01-18 17:00:56.189292,248,29
289,2025-01-18 17:00:56.189292,498,29
290,2025-01-18 17:00:56.189292,573,29
291,2025-01-18 17:00:56.189292,483,30
292,2025-01-18 17:00:56.189292,450,30
293,2025-01-18 17:00:56.189292,346,30
294,2025-01-18 17:00:56.189292,333,30
295,2025-01-18 17:00:56.189292,486,30
296,2025-01-18 17:00:56.189292,509,30
297,2025-01-18 17:00:56.189292,638,30
298,2025-01-18 17:00:56.190288,273,30
299,2025-01-18 17:00:56.190288,262,30
300,2025-01-18 17:00:56.190288,228,30
301,2025-01-18 17:00:56.190288,433,31
302,2025-01-18 17:00:56.190288,649,31
303,2025-01-18 17:00:56.190288,291,31
304,2025-01-18 17:00:56.190288,198,31
305,2025-01-18 17:00:56.190288,256,31
306,2025-01-18 17:00:56.190288,229,31
307,2025-01-18 17:00:56.190288,269,31
308,2025-01-18 17:00:56.190288,538,31
309,2025-01-18 17:00:56.190288,647,31
310,2025-01-18 17:00:56.190288,279,31
311,2025-01-18 17:00:56.190288,247,32
312,2025-01-18 17:00:56.190288,198,32
313,2025-01-18 17:00:56.190288,482,32
314,2025-01-18 17:00:56.190288,407,32
315,2025-01-18 17:00:56.190288,586,32
316,2025-01-18 17:00:56.190288,469,32
317,2025-01-18 17:00:56.190288,599,32
318,2025-01-18 17:00:56.190288,419,32
319,2025-01-18 17:00:56.190288,363,32
320,2025-01-18 17:00:56.190288,530,32
321,2025-01-18 17:00:56.190288,624,33
322,2025-01-18 17:00:56.190288,209,33
323,2025-01-18 17:00:56.190288,539,33
324,2025-01-18 17:00:56.190288,612,33
325,2025-01-18 17:00:56.190288,434,33
326,2025-01-18 17:00:56.190288,263,33
327,2025-01-18 17:00:56.190288,419,33
328,2025-01-18 17:00:56.190288,534,33
329,2025-01-18 17:00:56.190288,446,33
330,2025-01-18 17:00:56.190288,637,33
331,2025-01-18 17:00:56.190288,252,34
332,2025-01-18 17:00:56.190288,660,34
333,2025-01-18 17:00:56.190288,347,34
334,2025-01-18 17:00:56.202043,612,34
335,2025-01-18 17:00:56.202043,458,34
336,2025-01-18 17:00:56.202043,528,34
337,2025-01-18 17:00:56.202043,403,34
338,2025-01-18 17:00:56.202043,277,34
339,2025-01-18 17:00:56.202043,270,34
340,2025-01-18 17:00:56.202043,591,34
341,2025-01-18 17:00:56.202043,504,35
342,2025-01-18 17:00:56.202043,204,35
343,2025-01-18 17:00:56.202043,444,35
344,2025-01-18 17:00:56.202043,226,35
345,2025-01-18 17:00:56.202043,605,35
346,2025-01-18 17:00:56.202043,365,35
347,2025-01-18 17:00:56.202043,391,35
348,2025-01-18 17:00:56.202043,282,35
349,2025-01-18 17:00:56.202043,281,35
350,2025-01-18 17:00:56.202043,331,35
351,2025-01-18 17:00:56.202043,311,36
352,2025-01-18 17:00:56.202043,432,36
353,2025-01-18 17:00:56.202043,651,36
354,2025-01-18 17:00:56.202043,555,36
355,2025-01-18 17:00:56.202043,213,36
356,2025-01-18 17:00:56.202043,643,36
357,2025-01-18 17:00:56.202043,479,36
358,2025-01-18 17:00:56.202043,282,36
359,2025-01-18 17:00:56.202043,378,36
360,2025-01-18 17:00:56.202043,629,36
361,2025-01-18 17:00:56.202043,287,37
362,2025-01-18 17:00:56.202043,628,37
363,2025-01-18 17:00:56.202043,595,37
364,2025-01-18 17:00:56.202043,507,37
365,2025-01-18 17:00:56.202043,215,37
366,2025-01-18 17:00:56.202043,253,37
367,2025-01-18 17:00:56.202043,299,37
368,2025-01-18 17:00:56.202043,382,37
369,2025-01-18 17:00:56.202043,461,37
370,2025-01-18 17:00:56.202043,485,37
371,2025-01-18 17:00:56.202043,396,38
372,2025-01-18 17:00:56.202043,323,38
373,2025-01-18 17:00:56.202043,570,38
374,2025-01-18 17:00:56.202043,608,38
375,2025-01-18 17:00:56.202043,511,38
376,2025-01-18 17:00:56.202043,645,38
377,2025-01-18 17:00:56.202043,599,38
378,2025-01-18 17:00:56.202043,259,38
379,2025-01-18 17:00:56.202043,291,38
380,2025-01-18 17:00:56.202043,620,38
381,2025-01-18 17:00:56.202043,194,39
382,2025-01-18 17:00:56.202043,641,39
383,2025-01-18 17:00:56.202043,319,39
384,2025-01-18 17:00:56.202043,655,39
385,2025-01-18 17:00:56.202043,448,39
386,2025-01-18 17:00:56.202043,405,39
387,2025-01-18 17:00:56.202043,255,39
388,2025-01-18 17:00:56.202043,582,39
389,2025-01-18 17:00:56.202043,443,39
390,2025-01-18 17:00:56.202043,643,39
391,2025-01-18 17:00:56.202043,412,40
392,2025-01-18 17:00:56.202043,200,40
393,2025-01-18 17:00:56.202043,529,40
394,2025-01-18 17:00:56.202043,362,40
395,2025-01-18 17:00:56.202043,245,40
396,2025-01-18 17:00:56.202043,562,40
397,2025-01-18 17:00:56.202043,608,40
398,2025-01-18 17:00:56.202043,357,40
399,2025-01-18 17:00:56.202043,302,40
400,2025-01-18 17:00:56.202043,223,40
401,2025-01-18 17:00:56.203043,336,41
402,2025-01-18 17:00:56.203043,494,41
403,2025-01-18 17:00:56.203043,644,41
404,2025-01-18 17:00:56.203043,370,41
405,2025-01-18 17:00:56.203043,359,41
406,2025-01-18 17:00:56.203043,478,41
407,2025-01-18 17:00:56.203043,438,41
408,2025-01-18 17:00:56.203043,570,41
409,2025-01-18 17:00:56.203043,302,41
410,2025-01-18 17:00:56.203043,484,41
411,2025-01-18 17:00:56.203043,497,42
412,2025-01-18 17:00:56.203043,312,42
413,2025-01-18 17:00:56.203043,252,42
414,2025-01-18 17:00:56.203043,526,42
415,2025-01-18 17:00:56.203043,245,42
416,2025-01-18 17:00:56.203043,336,42
417,2025-01-18 17:00:56.203043,219,42
418,2025-01-18 17:00:56.203043,280,42
419,2025-01-18 17:00:56.203043,264,42
420,2025-01-18 17:00:56.203043,654,42
421,2025-01-18 17:00:56.203043,363,43
422,2025-01-18 17:00:56.203043,225,43
423,2025-01-18 17:00:56.203043,471,43
424,2025-01-18 17:00:56.203043,529,43
425,2025-01-18 17:00:56.203043,527,43
426,2025-01-18 17:00:56.203043,513,43
427,2025-01-18 17:00:56.203043,430,43
428,2025-01-18 17:00:56.203043,558,43
429,2025-01-18 17:00:56.203043,629,43
430,2025-01-18 17:00:56.203043,660,43
431,2025-01-18 17:00:56.203043,291,44
432,2025-01-18 17:00:56.203043,501,44
433,2025-01-18 17:00:56.203043,619,44
434,2025-01-18 17:00:56.203043,569,44
435,2025-01-18 17:00:56.203043,347,44
436,2025-01-18 17:00:56.203043,597,44
437,2025-01-18 17:00:56.203043,371,44
438,2025-01-18 17:00:56.203043,216,44
439,2025-01-18 17:00:56.203043,602,44
440,2025-01-18 17:00:56.203043,491,44
441,2025-01-18 17:00:56.203043,215,45
442,2025-01-18 17:00:56.203043,487,45
443,2025-01-18 17:00:56.203043,496,45
444,2025-01-18 17:00:56.203043,484,45
445,2025-01-18 17:00:56.203043,229,45
446,2025-01-18 17:00:56.203043,449,45
447,2025-01-18 17:00:56.203043,247,45
448,2025-01-18 17:00:56.203043,440,45
449,2025-01-18 17:00:56.203043,495,45
450,2025-01-18 17:00:56.203043,439,45
451,2025-01-18 17:00:56.203043,652,46
452,2025-01-18 17:00:56.203043,639,46
453,2025-01-18 17:00:56.203043,365,46
454,2025-01-18 17:00:56.203043,461,46
455,2025-01-18 17:00:56.203043,216,46
456,2025-01-18 17:00:56.203043,302,46
457,2025-01-18 17:00:56.203043,468,46
458,2025-01-18 17:00:56.203043,333,46
459,2025-01-18 17:00:56.203043,532,46
460,2025-01-18 17:00:56.203043,458,46
461,2025-01-18 17:00:56.203043,435,47
462,2025-01-18 17:00:56.203043,395,47
463,2025-01-18 17:00:56.203043,273,47
464,2025-01-18 17:00:56.203043,258,47
465,2025-01-18 17:00:56.203043,347,47
466,2025-01-18 17:00:56.203043,557,47
467,2025-01-18 17:00:56.203043,439,47
468,2025-01-18 17:00:56.203043,245,47
469,2025-01-18 17:00:56.203043,295,47
470,2025-01-18 17:00:56.203043,488,47
471,2025-01-18 17:00:56.203043,421,48
472,2025-01-18 17:00:56.203043,445,48
473,2025-01-18 17:00:56.203043,475,48
474,2025-01-18 17:00:56.203043,635,48
475,2025-01-18 17:00:56.203043,301,48
476,2025-01-18 17:00:56.203043,453,48
477,2025-01-18 17:00:56.203043,433,48
478,2025-01-18 17:00:56.203043,610,48
479,2025-01-18 17:00:56.203043,525,48
480,2025-01-18 17:00:56.203043,247,48
481,2025-01-18 17:00:56.203043,379,49
482,2025-01-18 17:00:56.203043,566,49
483,2025-01-18 17:00:56.203043,306,49
484,2025-01-18 17:00:56.203043,635,49
485,2025-01-18 17:00:56.204040,592,49
486,2025-01-18 17:00:56.204040,202,49
487,2025-01-18 17:00:56.204040,204,49
488,2025-01-18 17:00:56.204040,438,49
489,2025-01-18 17:00:56.204040,462,49
490,2025-01-18 17:00:56.204040,292,49
491,2025-01-18 17:00:56.204040,539,50
492,2025-01-18 17:00:56.204040,415,50
493,2025-01-18 17:00:56.204040,543,50
494,2025-01-18 17:00:56.204040,497,50
495,2025-01-18 17:00:56.204040,307,50
496,2025-01-18 17:00:56.204040,323,50
497,2025-01-18 17:00:56.204040,411,50
498,2025-01-18 17:00:56.204040,223,50
499,2025-01-18 17:00:56.204040,593,50
500,2025-01-18 17:00:56.204040,390,50
501,2025-01-18 17:00:56.204040,479,51
502,2025-01-18 17:00:56.204040,419,51
503,2025-01-18 17:00:56.204040,539,51
504,2025-01-18 17:00:56.204040,439,51
505,2025-01-18 17:00:56.204040,569,51
506,2025-01-18 17:00:56.204040,555,51
507,2025-01-18 17:00:56.204040,499,51
508,2025-01-18 17:00:56.204040,591,51
509,2025-01-18 17:00:56.204040,543,51
510,2025-01-18 17:00:56.204040,376,51
511,2025-01-18 17:00:56.204040,267,52
512,2025-01-18 17:00:56.204040,421,52
513,2025-01-18 17:00:56.204040,392,52
514,2025-01-18 17:00:56.204040,426,52
515,2025-01-18 17:00:56.204040,491,52
516,2025-01-18 17:00:56.204040,340,52
517,2025-01-18 17:00:56.204040,545,52
518,2025-01-18 17:00:56.204040,318,52
519,2025-01-18 17:00:56.204040,441,52
520,2025-01-18 17:00:56.204040,652,52
521,2025-01-18 17:00:56.204040,472,53
522,2025-01-18 17:00:56.204040,490,53
523,2025-01-18 17:00:56.204040,358,53
524,2025-01-18 17:00:56.204040,245,53
525,2025-01-18 17:00:56.204040,586,53
526,2025-01-18 17:00:56.204040,536,53
527,2025-01-18 17:00:56.204040,496,53
528,2025-01-18 17:00:56.204040,332,53
529,2025-01-18 17:00:56.204040,288,53
530,2025-01-18 17:00:56.204040,645,53
531,2025-01-18 17:00:56.204040,214,54
532,2025-01-18 17:00:56.204040,627,54
533,2025-01-18 17:00:56.204040,351,54
534,2025-01-18 17:00:56.204040,198,54
535,2025-01-18 17:00:56.204040,220,54
536,2025-01-18 17:00:56.204040,504,54
537,2025-01-18 17:00:56.204040,530,54
538,2025-01-18 17:00:56.204040,348,54
539,2025-01-18 17:00:56.204040,523,54
540,2025-01-18 17:00:56.204040,324,54
541,2025-01-18 17:00:56.204040,284,55
542,2025-01-18 17:00:56.204040,592,55
543,2025-01-18 17:00:56.204040,662,55
544,2025-01-18 17:00:56.204040,381,55
545,2025-01-18 17:00:56.204040,450,55
546,2025-01-18 17:00:56.204040,485,55
547,2025-01-18 17:00:56.204040,266,55
548,2025-01-18 17:00:56.204040,350,55
549,2025-01-18 17:00:56.204040,446,55
550,2025-01-18 17:00:56.204040,377,55
551,2025-01-18 17:00:56.204040,506,56
552,2025-01-18 17:00:56.204040,643,56
553,2025-01-18 17:00:56.204040,584,56
554,2025-01-18 17:00:56.204040,465,56
555,2025-01-18 17:00:56.204040,331,56
556,2025-01-18 17:00:56.204040,404,56
557,2025-01-18 17:00:56.204040,375,56
558,2025-01-18 17:00:56.204040,293,56
559,2025-01-18 17:00:56.204040,590,56
560,2025-01-18 17:00:56.204040,217,56
561,2025-01-18 17:00:56.204040,569,57
562,2025-01-18 17:00:56.204040,302,57
563,2025-01-18 17:00:56.204040,341,57
564,2025-01-18 17:00:56.204040,468,57
565,2025-01-18 17:00:56.204040,368,57
566,2025-01-18 17:00:56.204040,225,57
567,2025-01-18 17:00:56.204040,335,57
568,2025-01-18 17:00:56.204040,391,57
569,2025-01-18 17:00:56.204040,266,57
570,2025-01-18 17:00:56.204040,324,57
571,2025-01-18 17:00:56.204040,364,58
572,2025-01-18 17:00:56.204040,594,58
573,2025-01-18 17:00:56.204040,252,58
574,2025-01-18 17:00:56.204040,534,58
575,2025-01-18 17:00:56.204040,602,58
576,2025-01-18 17:00:56.204040,621,58
577,2025-01-18 17:00:56.204040,444,58
578,2025-01-18 17:00:56.204040,386,58
579,2025-01-18 17:00:56.204040,256,58
580,2025-01-18 17:00:56.205037,521,58
581,2025-01-18 17:00:56.205037,354,59
582,2025-01-18 17:00:56.205037,206,59
583,2025-01-18 17:00:56.205037,610,59
584,2025-01-18 17:00:56.205037,617,59
585,2025-01-18 17:00:56.205037,571,59
586,2025-01-18 17:00:56.205037,424,59
587,2025-01-18 17:00:56.205037,663,59
588,2025-01-18 17:00:56.205037,441,59
589,2025-01-18 17:00:56.205037,398,59
590,2025-01-18 17:00:56.205037,236,59
591,2025-01-18 17:00:56.205037,222,60
592,2025-01-18 17:00:56.205037,390,60
593,2025-01-18 17:00:56.205037,646,60
594,2025-01-18 17:00:56.205037,313,60
595,2025-01-18 17:00:56.205037,349,60
596,2025-01-18 17:00:56.205037,435,60
597,2025-01-18 17:00:56.205037,363,60
598,2025-01-18 17:00:56.205037,199,60
599,2025-01-18 17:00:56.205037,215,60
600,2025-01-18 17:00:56.205037,303,60
601,2025-01-18 17:00:56.205037,206,61
602,2025-01-18 17:00:56.205037,204,61
603,2025-01-18 17:00:56.205037,197,61
604,2025-01-18 17:00:56.205037,298,61
605,2025-01-18 17:00:56.205037,608,61
606,2025-01-18 17:00:56.205037,604,61
607,2025-01-18 17:00:56.205037,474,61
608,2025-01-18 17:00:56.205037,513,61
609,2025-01-18 17:00:56.205037,549,61
610,2025-01-18 17:00:56.205037,610,61
611,2025-01-18 17:00:56.205037,530,62
612,2025-01-18 17:00:56.205037,286,62
613,2025-01-18 17:00:56.205037,416,62
614,2025-01-18 17:00:56.205037,469,62
615,2025-01-18 17:00:56.205037,411,62
616,2025-01-18 17:00:56.205037,500,62
617,2025-01-18 17:00:56.205037,307,62
618,2025-01-18 17:00:56.205037,203,62
619,2025-01-18 17:00:56.205037,502,62
620,2025-01-18 17:00:56.205037,552,62
621,2025-01-18 17:00:56.205037,506,63
622,2025-01-18 17:00:56.205037,289,63
623,2025-01-18 17:00:56.205037,338,63
624,2025-01-18 17:00:56.205037,345,63
625,2025-01-18 17:00:56.205037,422,63
626,2025-01-18 17:00:56.205037,269,63
627,2025-01-18 17:00:56.205037,206,63
628,2025-01-18 17:00:56.205037,416,63
629,2025-01-18 17:00:56.205037,290,63
630,2025-01-18 17:00:56.205037,280,63
631,2025-01-18 17:00:56.205037,468,64
632,2025-01-18 17:00:56.205037,455,64
633,2025-01-18 17:00:56.205037,373,64
634,2025-01-18 17:00:56.205037,579,64
635,2025-01-18 17:00:56.205037,651,64
636,2025-01-18 17:00:56.205037,661,64
637,2025-01-18 17:00:56.205037,386,64
638,2025-01-18 17:00:56.205037,627,64
639,2025-01-18 17:00:56.205037,353,64
640,2025-01-18 17:00:56.205037,522,64
641,2025-01-18 17:00:56.205037,488,65
642,2025-01-18 17:00:56.205037,509,65
643,2025-01-18 17:00:56.205037,299,65
644,2025-01-18 17:00:56.205037,426,65
645,2025-01-18 17:00:56.205037,581,65
646,2025-01-18 17:00:56.205037,359,65
647,2025-01-18 17:00:56.205037,433,65
648,2025-01-18 17:00:56.205037,413,65
649,2025-01-18 17:00:56.205037,656,65
650,2025-01-18 17:00:56.205037,490,65
651,2025-01-18 17:00:56.205037,366,66
652,2025-01-18 17:00:56.205037,467,66
653,2025-01-18 17:00:56.205037,461,66
654,2025-01-18 17:00:56.205037,545,66
655,2025-01-18 17:00:56.205037,445,66
656,2025-01-18 17:00:56.205037,505,66
657,2025-01-18 17:00:56.205037,471,66
658,2025-01-18 17:00:56.205037,299,66
659,2025-01-18 17:00:56.205037,295,66
660,2025-01-18 17:00:56.205037,650,66
661,2025-01-18 17:00:56.205037,245,67
662,2025-01-18 17:00:56.205037,599,67
663,2025-01-18 17:00:56.205037,407,67
664,2025-01-18 17:00:56.205037,538,67
665,2025-01-18 17:00:56.205037,556,67
666,2025-01-18 17:00:56.205037,547,67
667,2025-01-18 17:00:56.209026,525,67
668,2025-01-18 17:00:56.209026,535,67
669,2025-01-18 17:00:56.209026,552,67
670,2025-01-18 17:00:56.209026,521,67
671,2025-01-18 17:00:56.209026,363,68
672,2025-01-18 17:00:56.209026,306,68
673,2025-01-18 17:00:56.209026,345,68
674,2025-01-18 17:00:56.209026,431,68
675,2025-01-18 17:00:56.209026,197,68
676,2025-01-18 17:00:56.209026,469,68
677,2025-01-18 17:00:56.209026,271,68
678,2025-01-18 17:00:56.209026,231,68
679,2025-01-18 17:00:56.209026,604,68
680,2025-01-18 17:00:56.209026,562,68
681,2025-01-18 17:00:56.209026,437,69
682,2025-01-18 17:00:56.209026,231,69
683,2025-01-18 17:00:56.209026,580,69
684,2025-01-18 17:00:56.209026,199,69
685,2025-01-18 17:00:56.209026,485,69
686,2025-01-18 17:00:56.209026,339,69
687,2025-01-18 17:00:56.209026,275,69
688,2025-01-18 17:00:56.209026,549,69
689,2025-01-18 17:00:56.209026,395,69
690,2025-01-18 17:00:56.209026,370,69
691,2025-01-18 17:00:56.209026,371,70
692,2025-01-18 17:00:56.209026,236,70
693,2025-01-18 17:00:56.209026,577,70
694,2025-01-18 17:00:56.209026,362,70
695,2025-01-18 17:00:56.209026,485,70
696,2025-01-18 17:00:56.209026,399,70
697,2025-01-18 17:00:56.209026,196,70
698,2025-01-18 17:00:56.209026,351,70
699,2025-01-18 17:00:56.209026,295,70
700,2025-01-18 17:00:56.209026,272,70
701,2025-01-18 17:00:56.209026,313,71
702,2025-01-18 17:00:56.209026,626,71
703,2025-01-18 17:00:56.209026,425,71
704,2025-01-18 17:00:56.210024,219,71
705,2025-01-18 17:00:56.210024,555,71
706,2025-01-18 17:00:56.210024,459,71
707,2025-01-18 17:00:56.210024,208,71
708,2025-01-18 17:00:56.210024,493,71
709,2025-01-18 17:00:56.210024,410,71
710,2025-01-18 17:00:56.210024,499,71
711,2025-01-18 17:00:56.210024,495,72
712,2025-01-18 17:00:56.210024,270,72
713,2025-01-18 17:00:56.210024,198,72
714,2025-01-18 17:00:56.210024,352,72
715,2025-01-18 17:00:56.210024,475,72
716,2025-01-18 17:00:56.210024,468,72
717,2025-01-18 17:00:56.210024,226,72
718,2025-01-18 17:00:56.210024,373,72
719,2025-01-18 17:00:56.210024,546,72
720,2025-01-18 17:00:56.210024,511,72
721,2025-01-18 17:00:56.210024,227,73
722,2025-01-18 17:00:56.210024,605,73
723,2025-01-18 17:00:56.210024,354,73
724,2025-01-18 17:00:56.210024,208,73
725,2025-01-18 17:00:56.210024,432,73
726,2025-01-18 17:00:56.210024,416,73
727,2025-01-18 17:00:56.210024,297,73
728,2025-01-18 17:00:56.210024,405,73
729,2025-01-18 17:00:56.210024,302,73
730,2025-01-18 17:00:56.210024,322,73
731,2025-01-18 17:00:56.210024,632,74
732,2025-01-18 17:00:56.210024,474,74
733,2025-01-18 17:00:56.210024,314,74
734,2025-01-18 17:00:56.210024,347,74
735,2025-01-18 17:00:56.210024,325,74
736,2025-01-18 17:00:56.210024,266,74
737,2025-01-18 17:00:56.210024,440,74
738,2025-01-18 17:00:56.210024,409,74
739,2025-01-18 17:00:56.210024,645,74
740,2025-01-18 17:00:56.210024,199,74
741,2025-01-18 17:00:56.210024,414,75
742,2025-01-18 17:00:56.210024,455,75
743,2025-01-18 17:00:56.210024,347,75
744,2025-01-18 17:00:56.210024,562,75
745,2025-01-18 17:00:56.210024,271,75
746,2025-01-18 17:00:56.210024,419,75
747,2025-01-18 17:00:56.210024,640,75
748,2025-01-18 17:00:56.210024,561,75
749,2025-01-18 17:00:56.210024,426,75
750,2025-01-18 17:00:56.210024,393,75
751,2025-01-18 17:00:56.210024,590,76
752,2025-01-18 17:00:56.210024,532,76
753,2025-01-18 17:00:56.210024,430,76
754,2025-01-18 17:00:56.210024,549,76
755,2025-01-18 17:00:56.210024,414,76
756,2025-01-18 17:00:56.210024,624,76
757,2025-01-18 17:00:56.210024,407,76
758,2025-01-18 17:00:56.210024,272,76
759,2025-01-18 17:00:56.210024,641,76
760,2025-01-18 17:00:56.210024,528,76
761,2025-01-18 17:00:56.210024,578,77
762,2025-01-18 17:00:56.210024,303,77
763,2025-01-18 17:00:56.210024,463,77
764,2025-01-18 17:00:56.210024,421,77
765,2025-01-18 17:00:56.210024,652,77
766,2025-01-18 17:00:56.210024,445,77
767,2025-01-18 17:00:56.210024,364,77
768,2025-01-18 17:00:56.210024,386,77
769,2025-01-18 17:00:56.210024,607,77
770,2025-01-18 17:00:56.210024,636,77
771,2025-01-18 17:00:56.210024,334,78
772,2025-01-18 17:00:56.210024,653,78
773,2025-01-18 17:00:56.210024,417,78
774,2025-01-18 17:00:56.210024,540,78
775,2025-01-18 17:00:56.210024,480,78
776,2025-01-18 17:00:56.210024,207,78
777,2025-01-18 17:00:56.210024,600,78
778,2025-01-18 17:00:56.210024,366,78
779,2025-01-18 17:00:56.210024,474,78
780,2025-01-18 17:00:56.210024,328,78
781,2025-01-18 17:00:56.210024,558,79
782,2025-01-18 17:00:56.210024,281,79
783,2025-01-18 17:00:56.210024,198,79
784,2025-01-18 17:00:56.210024,618,79
785,2025-01-18 17:00:56.210024,215,79
786,2025-01-18 17:00:56.210024,588,79
787,2025-01-18 17:00:56.210024,511,79
788,2025-01-18 17:00:56.210024,390,79
789,2025-01-18 17:00:56.210024,625,79
790,2025-01-18 17:00:56.210024,639,79
791,2025-01-18 17:00:56.210024,585,80
792,2025-01-18 17:00:56.210024,353,80
793,2025-01-18 17:00:56.210024,524,80
794,2025-01-18 17:00:56.210024,576,80
795,2025-01-18 17:00:56.210024,394,80
796,2025-01-18 17:00:56.210024,642,80
797,2025-01-18 17:00:56.210024,468,80
798,2025-01-18 17:00:56.210024,618,80
799,2025-01-18 17:00:56.210024,548,80
800,2025-01-18 17:00:56.210024,307,80
801,2025-01-18 17:00:56.210024,657,81
802,2025-01-18 17:00:56.211021,585,81
803,2025-01-18 17:00:56.211021,658,81
804,2025-01-18 17:00:56.211021,584,81
805,2025-01-18 17:00:56.211021,379,81
806,2025-01-18 17:00:56.211021,550,81
807,2025-01-18 17:00:56.211021,447,81
808,2025-01-18 17:00:56.211021,388,81
809,2025-01-18 17:00:56.211021,659,81
810,2025-01-18 17:00:56.211021,258,81
811,2025-01-18 17:00:56.211021,606,82
812,2025-01-18 17:00:56.211021,256,82
813,2025-01-18 17:00:56.211021,644,82
814,2025-01-18 17:00:56.211021,338,82
815,2025-01-18 17:00:56.211021,575,82
816,2025-01-18 17:00:56.211021,645,82
817,2025-01-18 17:00:56.211021,328,82
818,2025-01-18 17:00:56.211021,650,82
819,2025-01-18 17:00:56.211021,282,82
820,2025-01-18 17:00:56.211021,557,82
821,2025-01-18 17:00:56.211021,457,83
822,2025-01-18 17:00:56.211021,567,83
823,2025-01-18 17:00:56.211021,200,83
824,2025-01-18 17:00:56.211021,624,83
825,2025-01-18 17:00:56.211021,379,83
826,2025-01-18 17:00:56.211021,305,83
827,2025-01-18 17:00:56.211021,607,83
828,2025-01-18 17:00:56.211021,238,83
829,2025-01-18 17:00:56.211021,343,83
830,2025-01-18 17:00:56.211021,616,83
831,2025-01-18 17:00:56.211021,599,84
832,2025-01-18 17:00:56.211021,285,84
833,2025-01-18 17:00:56.211021,550,84
834,2025-01-18 17:00:56.211021,267,84
835,2025-01-18 17:00:56.211021,339,84
836,2025-01-18 17:00:56.211021,280,84
837,2025-01-18 17:00:56.211021,361,84
838,2025-01-18 17:00:56.211021,373,84
839,2025-01-18 17:00:56.211021,211,84
840,2025-01-18 17:00:56.211021,468,84
841,2025-01-18 17:00:56.211021,565,85
842,2025-01-18 17:00:56.211021,518,85
843,2025-01-18 17:00:56.211021,540,85
844,2025-01-18 17:00:56.211021,424,85
845,2025-01-18 17:00:56.211021,304,85
846,2025-01-18 17:00:56.211021,653,85
847,2025-01-18 17:00:56.211021,242,85
848,2025-01-18 17:00:56.211021,198,85
849,2025-01-18 17:00:56.211021,220,85
850,2025-01-18 17:00:56.211021,494,85
851,2025-01-18 17:00:56.211021,596,86
852,2025-01-18 17:00:56.211021,638,86
853,2025-01-18 17:00:56.211021,278,86
854,2025-01-18 17:00:56.211021,362,86
855,2025-01-18 17:00:56.211021,291,86
856,2025-01-18 17:00:56.211021,277,86
857,2025-01-18 17:00:56.211021,202,86
858,2025-01-18 17:00:56.211021,492,86
859,2025-01-18 17:00:56.211021,574,86
860,2025-01-18 17:00:56.211021,531,86
861,2025-01-18 17:00:56.211021,619,87
862,2025-01-18 17:00:56.211021,536,87
863,2025-01-18 17:00:56.211021,271,87
864,2025-01-18 17:00:56.211021,362,87
865,2025-01-18 17:00:56.211021,606,87
866,2025-01-18 17:00:56.211021,333,87
867,2025-01-18 17:00:56.211021,437,87
868,2025-01-18 17:00:56.211021,302,87
869,2025-01-18 17:00:56.211021,316,87
870,2025-01-18 17:00:56.211021,385,87
871,2025-01-18 17:00:56.211021,259,88
872,2025-01-18 17:00:56.211021,345,88
873,2025-01-18 17:00:56.211021,636,88
874,2025-01-18 17:00:56.211021,497,88
875,2025-01-18 17:00:56.211021,375,88
876,2025-01-18 17:00:56.211021,573,88
877,2025-01-18 17:00:56.211021,557,88
878,2025-01-18 17:00:56.211021,482,88
879,2025-01-18 17:00:56.211021,514,88
880,2025-01-18 17:00:56.211021,590,88
881,2025-01-18 17:00:56.211021,625,89
882,2025-01-18 17:00:56.211021,281,89
883,2025-01-18 17:00:56.211021,317,89
884,2025-01-18 17:00:56.211021,500,89
885,2025-01-18 17:00:56.211021,644,89
886,2025-01-18 17:00:56.211021,491,89
887,2025-01-18 17:00:56.211021,493,89
888,2025-01-18 17:00:56.211021,499,89
889,2025-01-18 17:00:56.211021,258,89
890,2025-01-18 17:00:56.211021,340,89
891,2025-01-18 17:00:56.211021,329,90
892,2025-01-18 17:00:56.211021,516,90
893,2025-01-18 17:00:56.211021,292,90
894,2025-01-18 17:00:56.211021,256,90
895,2025-01-18 17:00:56.211021,267,90
896,2025-01-18 17:00:56.211021,608,90
897,2025-01-18 17:00:56.211021,347,90
898,2025-01-18 17:00:56.211021,366,90
899,2025-01-18 17:00:56.211021,409,90
900,2025-01-18 17:00:56.212018,422,90
901,2025-01-18 17:00:56.212018,330,91
902,2025-01-18 17:00:56.212018,393,91
903,2025-01-18 17:00:56.212018,323,91
904,2025-01-18 17:00:56.212018,625,91
905,2025-01-18 17:00:56.212018,442,91
906,2025-01-18 17:00:56.212018,296,91
907,2025-01-18 17:00:56.212018,267,91
908,2025-01-18 17:00:56.212018,526,91
909,2025-01-18 17:00:56.212018,455,91
910,2025-01-18 17:00:56.212018,654,91
911,2025-01-18 17:00:56.212018,468,92
912,2025-01-18 17:00:56.212018,459,92
913,2025-01-18 17:00:56.212018,195,92
914,2025-01-18 17:00:56.212018,535,92
915,2025-01-18 17:00:56.212018,519,92
916,2025-01-18 17:00:56.212018,647,92
917,2025-01-18 17:00:56.212018,658,92
918,2025-01-18 17:00:56.212018,324,92
919,2025-01-18 17:00:56.212018,279,92
920,2025-01-18 17:00:56.212018,488,92
921,2025-01-18 17:00:56.212018,247,93
922,2025-01-18 17:00:56.212018,353,93
923,2025-01-18 17:00:56.212018,381,93
924,2025-01-18 17:00:56.212018,578,93
925,2025-01-18 17:00:56.212018,582,93
926,2025-01-18 17:00:56.212018,435,93
927,2025-01-18 17:00:56.212018,511,93
928,2025-01-18 17:00:56.212018,400,93
929,2025-01-18 17:00:56.212018,333,93
930,2025-01-18 17:00:56.212018,391,93
931,2025-01-18 17:00:56.212018,300,94
932,2025-01-18 17:00:56.212018,309,94
933,2025-01-18 17:00:56.212018,476,94
934,2025-01-18 17:00:56.212018,335,94
935,2025-01-18 17:00:56.212018,473,94
936,2025-01-18 17:00:56.212018,257,94
937,2025-01-18 17:00:56.212018,606,94
938,2025-01-18 17:00:56.212018,393,94
939,2025-01-18 17:00:56.212018,287,94
940,2025-01-18 17:00:56.212018,402,94
941,2025-01-18 17:00:56.212018,272,95
942,2025-01-18 17:00:56.212018,503,95
943,2025-01-18 17:00:56.212018,275,95
944,2025-01-18 17:00:56.212018,409,95
945,2025-01-18 17:00:56.212018,563,95
946,2025-01-18 17:00:56.212018,385,95
947,2025-01-18 17:00:56.212018,261,95
948,2025-01-18 17:00:56.212018,651,95
949,2025-01-18 17:00:56.212018,666,95
950,2025-01-18 17:00:56.212018,207,95
951,2025-01-18 17:00:56.212018,316,96
952,2025-01-18 17:00:56.212018,490,96
953,2025-01-18 17:00:56.212018,585,96
954,2025-01-18 17:00:56.212018,662,96
955,2025-01-18 17:00:56.212018,615,96
956,2025-01-18 17:00:56.212018,392,96
957,2025-01-18 17:00:56.212018,563,96
958,2025-01-18 17:00:56.212018,610,96
959,2025-01-18 17:00:56.212018,421,96
960,2025-01-18 17:00:56.212018,288,96
961,2025-01-18 17:00:56.212018,511,97
962,2025-01-18 17:00:56.212018,339,97
963,2025-01-18 17:00:56.212018,628,97
964,2025-01-18 17:00:56.212018,421,97
965,2025-01-18 17:00:56.212018,498,97
966,2025-01-18 17:00:56.212018,637,97
967,2025-01-18 17:00:56.212018,561,97
968,2025-01-18 17:00:56.212018,357,97
969,2025-01-18 17:00:56.212018,223,97
970,2025-01-18 17:00:56.212018,520,97
971,2025-01-18 17:00:56.212018,572,98
972,2025-01-18 17:00:56.212018,299,98
973,2025-01-18 17:00:56.212018,347,98
974,2025-01-18 17:00:56.212018,512,98
975,2025-01-18 17:00:56.212018,475,98
976,2025-01-18 17:00:56.212018,395,98
977,2025-01-18 17:00:56.212018,322,98
978,2025-01-18 17:00:56.212018,610,98
979,2025-01-18 17:00:56.212018,544,98
980,2025-01-18 17:00:56.212018,207,98
981,2025-01-18 17:00:56.212018,215,99
982,2025-01-18 17:00:56.212018,568,99
983,2025-01-18 17:00:56.212018,574,99
984,2025-01-18 17:00:56.212018,483,99
985,2025-01-18 17:00:56.212018,504,99
986,2025-01-18 17:00:56.212018,415,99
987,2025-01-18 17:00:56.212018,615,99
988,2025-01-18 17:00:56.212018,456,99
989,2025-01-18 17:00:56.212018,558,99
990,2025-01-18 17:00:56.212018,500,99
991,2025-01-18 17:00:56.212018,284,100
992,2025-01-18 17:00:56.212018,584,100
993,2025-01-18 17:00:56.212018,665,100
994,2025-01-18 17:00:56.212018,215,100
995,2025-01-18 17:00:56.212018,565,100
996,2025-01-18 17:00:56.212018,369,100
997,2025-01-18 17:00:56.212018,610,100
998,2025-01-18 17:00:56.212018,640,100
999,2025-01-18 17:00:56.213016,613,100
1000,2025-01-18 17:00:56.216008,592,100
1001,2025-01-18 17:00:56.216008,345,101
1002,2025-01-18 17:00:56.216008,389,101
1003,2025-01-18 17:00:56.216008,517,101
1004,2025-01-18 17:00:56.216008,506,101
1005,2025-01-18 17:00:56.216008,480,101
1006,2025-01-18 17:00:56.216008,259,101
1007,2025-01-18 17:00:56.216008,312,101
1008,2025-01-18 17:00:56.216008,198,101
1009,2025-01-18 17:00:56.216008,242,101
1010,2025-01-18 17:00:56.216008,462,101
1011,2025-01-18 17:00:56.216008,500,102
1012,2025-01-18 17:00:56.216008,468,102
1013,2025-01-18 17:00:56.216008,351,102
1014,2025-01-18 17:00:56.216008,401,102
1015,2025-01-18 17:00:56.216008,452,102
1016,2025-01-18 17:00:56.216008,602,102
1017,2025-01-18 17:00:56.216008,382,102
1018,2025-01-18 17:00:56.216008,371,102
1019,2025-01-18 17:00:56.216008,333,102
1020,2025-01-18 17:00:56.217005,423,102
1021,2025-01-18 17:00:56.217005,260,103
1022,2025-01-18 17:00:56.217005,309,103
1023,2025-01-18 17:00:56.217005,518,103
1024,2025-01-18 17:00:56.217005,437,103
1025,2025-01-18 17:00:56.217005,348,103
1026,2025-01-18 17:00:56.217005,578,103
1027,2025-01-18 17:00:56.217005,657,103
1028,2025-01-18 17:00:56.217005,380,103
1029,2025-01-18 17:00:56.217005,269,103
1030,2025-01-18 17:00:56.217005,621,103
1031,2025-01-18 17:00:56.217005,492,104
1032,2025-01-18 17:00:56.217005,589,104
1033,2025-01-18 17:00:56.217005,216,104
1034,2025-01-18 17:00:56.217005,358,104
1035,2025-01-18 17:00:56.217005,651,104
1036,2025-01-18 17:00:56.217005,648,104
1037,2025-01-18 17:00:56.217005,570,104
1038,2025-01-18 17:00:56.217005,479,104
1039,2025-01-18 17:00:56.217005,530,104
1040,2025-01-18 17:00:56.217005,311,104
1041,2025-01-18 17:00:56.217005,223,105
1042,2025-01-18 17:00:56.217005,550,105
1043,2025-01-18 17:00:56.217005,256,105
1044,2025-01-18 17:00:56.217005,306,105
1045,2025-01-18 17:00:56.217005,340,105
1046,2025-01-18 17:00:56.217005,257,105
1047,2025-01-18 17:00:56.217005,575,105
1048,2025-01-18 17:00:56.217005,231,105
1049,2025-01-18 17:00:56.217005,435,105
1050,2025-01-18 17:00:56.217005,378,105
1051,2025-01-18 17:00:56.217005,226,106
1052,2025-01-18 17:00:56.217005,329,106
1053,2025-01-18 17:00:56.217005,368,106
1054,2025-01-18 17:00:56.217005,612,106
1055,2025-01-18 17:00:56.217005,658,106
1056,2025-01-18 17:00:56.217005,629,106
1057,2025-01-18 17:00:56.217005,254,106
1058,2025-01-18 17:00:56.217005,451,106
1059,2025-01-18 17:00:56.217005,311,106
1060,2025-01-18 17:00:56.217005,622,106
1061,2025-01-18 17:00:56.217005,258,107
1062,2025-01-18 17:00:56.217005,510,107
1063,2025-01-18 17:00:56.217005,608,107
1064,2025-01-18 17:00:56.217005,539,107
1065,2025-01-18 17:00:56.217005,337,107
1066,2025-01-18 17:00:56.217005,382,107
1067,2025-01-18 17:00:56.217005,570,107
1068,2025-01-18 17:00:56.217005,278,107
1069,2025-01-18 17:00:56.217005,360,107
1070,2025-01-18 17:00:56.217005,335,107
1071,2025-01-18 17:00:56.217005,512,108
1072,2025-01-18 17:00:56.217005,394,108
1073,2025-01-18 17:00:56.217005,580,108
1074,2025-01-18 17:00:56.217005,461,108
1075,2025-01-18 17:00:56.217005,642,108
1076,2025-01-18 17:00:56.217005,338,108
1077,2025-01-18 17:00:56.217005,539,108
1078,2025-01-18 17:00:56.217005,217,108
1079,2025-01-18 17:00:56.217005,312,108
1080,2025-01-18 17:00:56.217005,215,108
1081,2025-01-18 17:00:56.217005,308,109
1082,2025-01-18 17:00:56.217005,386,109
1083,2025-01-18 17:00:56.217005,593,109
1084,2025-01-18 17:00:56.217005,591,109
1085,2025-01-18 17:00:56.217005,234,109
1086,2025-01-18 17:00:56.217005,524,109
1087,2025-01-18 17:00:56.217005,250,109
1088,2025-01-18 17:00:56.217005,379,109
1089,2025-01-18 17:00:56.217005,662,109
1090,2025-01-18 17:00:56.217005,578,109
1091,2025-01-18 17:00:56.217005,341,110
1092,2025-01-18 17:00:56.217005,506,110
1093,2025-01-18 17:00:56.217005,541,110
1094,2025-01-18 17:00:56.217005,638,110
1095,2025-01-18 17:00:56.217005,430,110
1096,2025-01-18 17:00:56.217005,353,110
1097,2025-01-18 17:00:56.217005,428,110
1098,2025-01-18 17:00:56.217005,385,110
1099,2025-01-18 17:00:56.217005,217,110
1100,2025-01-18 17:00:56.217005,618,110
1101,2025-01-18 17:00:56.217005,617,111
1102,2025-01-18 17:00:56.217005,441,111
1103,2025-01-18 17:00:56.217005,315,111
1104,2025-01-18 17:00:56.217005,618,111
1105,2025-01-18 17:00:56.217005,467,111
1106,2025-01-18 17:00:56.217005,327,111
1107,2025-01-18 17:00:56.217005,487,111
1108,2025-01-18 17:00:56.217005,506,111
1109,2025-01-18 17:00:56.217005,518,111
1110,2025-01-18 17:00:56.217005,442,111
1111,2025-01-18 17:00:56.217005,236,112
1112,2025-01-18 17:00:56.217005,605,112
1113,2025-01-18 17:00:56.217005,636,112
1114,2025-01-18 17:00:56.217005,515,112
1115,2025-01-18 17:00:56.217005,392,112
1116,2025-01-18 17:00:56.217005,443,112
1117,2025-01-18 17:00:56.217005,506,112
1118,2025-01-18 17:00:56.218002,336,112
1119,2025-01-18 17:00:56.218002,412,112
1120,2025-01-18 17:00:56.218002,310,112
1121,2025-01-18 17:00:56.218002,591,113
1122,2025-01-18 17:00:56.218002,364,113
1123,2025-01-18 17:00:56.218002,638,113
1124,2025-01-18 17:00:56.218002,632,113
1125,2025-01-18 17:00:56.218002,281,113
1126,2025-01-18 17:00:56.218002,326,113
1127,2025-01-18 17:00:56.218002,217,113
1128,2025-01-18 17:00:56.218002,561,113
1129,2025-01-18 17:00:56.218002,480,113
1130,2025-01-18 17:00:56.218002,652,113
1131,2025-01-18 17:00:56.218002,317,114
1132,2025-01-18 17:00:56.218002,289,114
1133,2025-01-18 17:00:56.218002,579,114
1134,2025-01-18 17:00:56.218002,383,114
1135,2025-01-18 17:00:56.218002,451,114
1136,2025-01-18 17:00:56.218002,444,114
1137,2025-01-18 17:00:56.218002,428,114
1138,2025-01-18 17:00:56.218002,287,114
1139,2025-01-18 17:00:56.218002,517,114
1140,2025-01-18 17:00:56.218002,369,114
1141,2025-01-18 17:00:56.218002,268,115
1142,2025-01-18 17:00:56.218002,351,115
1143,2025-01-18 17:00:56.218002,397,115
1144,2025-01-18 17:00:56.218002,257,115
1145,2025-01-18 17:00:56.218002,212,115
1146,2025-01-18 17:00:56.218002,580,115
1147,2025-01-18 17:00:56.218002,644,115
1148,2025-01-18 17:00:56.218002,412,115
1149,2025-01-18 17:00:56.218002,369,115
1150,2025-01-18 17:00:56.218002,625,115
1151,2025-01-18 17:00:56.218002,311,116
1152,2025-01-18 17:00:56.218002,651,116
1153,2025-01-18 17:00:56.218002,448,116
1154,2025-01-18 17:00:56.218002,495,116
1155,2025-01-18 17:00:56.218002,306,116
1156,2025-01-18 17:00:56.218002,489,116
1157,2025-01-18 17:00:56.218002,492,116
1158,2025-01-18 17:00:56.218002,509,116
1159,2025-01-18 17:00:56.218002,640,116
1160,2025-01-18 17:00:56.218002,459,116
1161,2025-01-18 17:00:56.218002,283,117
1162,2025-01-18 17:00:56.218002,384,117
1163,2025-01-18 17:00:56.218002,507,117
1164,2025-01-18 17:00:56.218002,559,117
1165,2025-01-18 17:00:56.218002,508,117
1166,2025-01-18 17:00:56.218002,392,117
1167,2025-01-18 17:00:56.218002,480,117
1168,2025-01-18 17:00:56.218002,231,117
1169,2025-01-18 17:00:56.218002,467,117
1170,2025-01-18 17:00:56.218002,637,117
1171,2025-01-18 17:00:56.218002,631,118
1172,2025-01-18 17:00:56.218002,544,118
1173,2025-01-18 17:00:56.218002,215,118
1174,2025-01-18 17:00:56.218002,434,118
1175,2025-01-18 17:00:56.218002,298,118
1176,2025-01-18 17:00:56.218002,422,118
1177,2025-01-18 17:00:56.218002,567,118
1178,2025-01-18 17:00:56.218002,446,118
1179,2025-01-18 17:00:56.218002,248,118
1180,2025-01-18 17:00:56.218002,497,118
1181,2025-01-18 17:00:56.218002,552,119
1182,2025-01-18 17:00:56.218002,613,119
1183,2025-01-18 17:00:56.218002,222,119
1184,2025-01-18 17:00:56.218002,331,119
1185,2025-01-18 17:00:56.218002,231,119
1186,2025-01-18 17:00:56.218002,372,119
1187,2025-01-18 17:00:56.218002,307,119
1188,2025-01-18 17:00:56.218002,553,119
1189,2025-01-18 17:00:56.218002,492,119
1190,2025-01-18 17:00:56.218002,520,119
1191,2025-01-18 17:00:56.218002,306,120
1192,2025-01-18 17:00:56.218002,477,120
1193,2025-01-18 17:00:56.218002,416,120
1194,2025-01-18 17:00:56.218002,389,120
1195,2025-01-18 17:00:56.218002,294,120
1196,2025-01-18 17:00:56.218002,411,120
1197,2025-01-18 17:00:56.218002,274,120
1198,2025-01-18 17:00:56.218002,410,120
1199,2025-01-18 17:00:56.218002,205,120
1200,2025-01-18 17:00:56.218002,397,120
1201,2025-01-18 17:00:56.218002,279,121
1202,2025-01-18 17:00:56.218002,645,121
1203,2025-01-18 17:00:56.218002,260,121
1204,2025-01-18 17:00:56.218002,293,121
1205,2025-01-18 17:00:56.218002,446,121
1206,2025-01-18 17:00:56.218002,428,121
1207,2025-01-18 17:00:56.218002,498,121
1208,2025-01-18 17:00:56.218002,558,121
1209,2025-01-18 17:00:56.218002,334,121
1210,2025-01-18 17:00:56.218002,506,121
1211,2025-01-18 17:00:56.218002,365,122
1212,2025-01-18 17:00:56.218002,488,122
1213,2025-01-18 17:00:56.218002,484,122
1214,2025-01-18 17:00:56.218002,379,122
1215,2025-01-18 17:00:56.218002,526,122
1216,2025-01-18 17:00:56.219000,509,122
1217,2025-01-18 17:00:56.219000,220,122
1218,2025-01-18 17:00:56.219000,536,122
1219,2025-01-18 17:00:56.219000,302,122
1220,2025-01-18 17:00:56.219000,256,122
1221,2025-01-18 17:00:56.219000,275,123
1222,2025-01-18 17:00:56.219000,206,123
1223,2025-01-18 17:00:56.219000,395,123
1224,2025-01-18 17:00:56.219000,524,123
1225,2025-01-18 17:00:56.219000,586,123
1226,2025-01-18 17:00:56.219000,194,123
1227,2025-01-18 17:00:56.219000,384,123
1228,2025-01-18 17:00:56.219000,381,123
1229,2025-01-18 17:00:56.219000,453,123
1230,2025-01-18 17:00:56.219000,492,123
1231,2025-01-18 17:00:56.219000,270,124
1232,2025-01-18 17:00:56.219000,297,124
1233,2025-01-18 17:00:56.219000,285,124
1234,2025-01-18 17:00:56.219000,476,124
1235,2025-01-18 17:00:56.219000,428,124
1236,2025-01-18 17:00:56.219000,393,124
1237,2025-01-18 17:00:56.219000,423,124
1238,2025-01-18 17:00:56.219000,312,124
1239,2025-01-18 17:00:56.219000,624,124
1240,2025-01-18 17:00:56.219000,598,124
1241,2025-01-18 17:00:56.219000,349,125
1242,2025-01-18 17:00:56.219000,208,125
1243,2025-01-18 17:00:56.219000,615,125
1244,2025-01-18 17:00:56.219000,483,125
1245,2025-01-18 17:00:56.219000,222,125
1246,2025-01-18 17:00:56.219000,301,125
1247,2025-01-18 17:00:56.219000,322,125
1248,2025-01-18 17:00:56.219000,339,125
1249,2025-01-18 17:00:56.219000,607,125
1250,2025-01-18 17:00:56.219000,650,125
1251,2025-01-18 17:00:56.219000,374,126
1252,2025-01-18 17:00:56.219000,653,126
1253,2025-01-18 17:00:56.219000,633,126
1254,2025-01-18 17:00:56.219000,398,126
1255,2025-01-18 17:00:56.219000,494,126
1256,2025-01-18 17:00:56.219000,201,126
1257,2025-01-18 17:00:56.219000,372,126
1258,2025-01-18 17:00:56.219000,332,126
1259,2025-01-18 17:00:56.219000,509,126
1260,2025-01-18 17:00:56.219000,199,126
1261,2025-01-18 17:00:56.219000,624,127
1262,2025-01-18 17:00:56.219000,605,127
1263,2025-01-18 17:00:56.219000,449,127
1264,2025-01-18 17:00:56.219000,288,127
1265,2025-01-18 17:00:56.219000,600,127
1266,2025-01-18 17:00:56.219000,639,127
1267,2025-01-18 17:00:56.219000,461,127
1268,2025-01-18 17:00:56.219000,474,127
1269,2025-01-18 17:00:56.219000,459,127
1270,2025-01-18 17:00:56.219000,582,127
1271,2025-01-18 17:00:56.219000,446,128
1272,2025-01-18 17:00:56.219000,475,128
1273,2025-01-18 17:00:56.219000,558,128
1274,2025-01-18 17:00:56.219000,333,128
1275,2025-01-18 17:00:56.219000,576,128
1276,2025-01-18 17:00:56.219000,522,128
1277,2025-01-18 17:00:56.219000,322,128
1278,2025-01-18 17:00:56.219000,413,128
1279,2025-01-18 17:00:56.219000,441,128
1280,2025-01-18 17:00:56.219000,285,128
1281,2025-01-18 17:00:56.219000,398,129
1282,2025-01-18 17:00:56.219000,569,129
1283,2025-01-18 17:00:56.219000,617,129
1284,2025-01-18 17:00:56.219000,502,129
1285,2025-01-18 17:00:56.219000,530,129
1286,2025-01-18 17:00:56.219000,253,129
1287,2025-01-18 17:00:56.219000,663,129
1288,2025-01-18 17:00:56.219000,308,129
1289,2025-01-18 17:00:56.219000,607,129
1290,2025-01-18 17:00:56.219000,296,129
1291,2025-01-18 17:00:56.219000,265,130
1292,2025-01-18 17:00:56.219000,547,130
1293,2025-01-18 17:00:56.219000,219,130
1294,2025-01-18 17:00:56.219000,397,130
1295,2025-01-18 17:00:56.219000,437,130
1296,2025-01-18 17:00:56.219000,376,130
1297,2025-01-18 17:00:56.219000,667,130
1298,2025-01-18 17:00:56.219000,427,130
1299,2025-01-18 17:00:56.219000,469,130
1300,2025-01-18 17:00:56.219000,405,130
1301,2025-01-18 17:00:56.219000,198,131
1302,2025-01-18 17:00:56.219000,628,131
1303,2025-01-18 17:00:56.219000,471,131
1304,2025-01-18 17:00:56.219000,625,131
1305,2025-01-18 17:00:56.219000,379,131
1306,2025-01-18 17:00:56.219000,462,131
1307,2025-01-18 17:00:56.219000,623,131
1308,2025-01-18 17:00:56.219000,603,131
1309,2025-01-18 17:00:56.219000,461,131
1310,2025-01-18 17:00:56.219000,534,131
1311,2025-01-18 17:00:56.219000,386,132
1312,2025-01-18 17:00:56.219000,328,132
1313,2025-01-18 17:00:56.219000,405,132
1314,2025-01-18 17:00:56.219000,473,132
1315,2025-01-18 17:00:56.219997,228,132
1316,2025-01-18 17:00:56.219997,384,132
1317,2025-01-18 17:00:56.219997,281,132
1318,2025-01-18 17:00:56.219997,594,132
1319,2025-01-18 17:00:56.219997,283,132
1320,2025-01-18 17:00:56.219997,448,132
1321,2025-01-18 17:00:56.219997,580,133
1322,2025-01-18 17:00:56.219997,300,133
1323,2025-01-18 17:00:56.219997,449,133
1324,2025-01-18 17:00:56.219997,289,133
1325,2025-01-18 17:00:56.219997,667,133
1326,2025-01-18 17:00:56.219997,405,133
1327,2025-01-18 17:00:56.219997,302,133
1328,2025-01-18 17:00:56.219997,380,133
1329,2025-01-18 17:00:56.219997,234,133
1330,2025-01-18 17:00:56.219997,381,133
1331,2025-01-18 17:00:56.219997,346,134
1332,2025-01-18 17:00:56.219997,430,134
1333,2025-01-18 17:00:56.224985,637,134
1334,2025-01-18 17:00:56.225982,568,134
1335,2025-01-18 17:00:56.225982,629,134
1336,2025-01-18 17:00:56.225982,622,134
1337,2025-01-18 17:00:56.225982,228,134
1338,2025-01-18 17:00:56.225982,508,134
1339,2025-01-18 17:00:56.225982,234,134
1340,2025-01-18 17:00:56.225982,481,134
1341,2025-01-18 17:00:56.225982,346,135
1342,2025-01-18 17:00:56.225982,329,135
1343,2025-01-18 17:00:56.225982,664,135
1344,2025-01-18 17:00:56.225982,584,135
1345,2025-01-18 17:00:56.225982,484,135
1346,2025-01-18 17:00:56.225982,229,135
1347,2025-01-18 17:00:56.225982,265,135
1348,2025-01-18 17:00:56.225982,440,135
1349,2025-01-18 17:00:56.225982,573,135
1350,2025-01-18 17:00:56.225982,314,135
1351,2025-01-18 17:00:56.225982,378,136
1352,2025-01-18 17:00:56.225982,495,136
1353,2025-01-18 17:00:56.225982,657,136
1354,2025-01-18 17:00:56.225982,409,136
1355,2025-01-18 17:00:56.225982,511,136
1356,2025-01-18 17:00:56.225982,315,136
1357,2025-01-18 17:00:56.225982,491,136
1358,2025-01-18 17:00:56.225982,664,136
1359,2025-01-18 17:00:56.225982,627,136
1360,2025-01-18 17:00:56.225982,538,136
1361,2025-01-18 17:00:56.225982,220,137
1362,2025-01-18 17:00:56.225982,412,137
1363,2025-01-18 17:00:56.225982,558,137
1364,2025-01-18 17:00:56.225982,454,137
1365,2025-01-18 17:00:56.225982,411,137
1366,2025-01-18 17:00:56.225982,399,137
1367,2025-01-18 17:00:56.225982,321,137
1368,2025-01-18 17:00:56.225982,637,137
1369,2025-01-18 17:00:56.225982,585,137
1370,2025-01-18 17:00:56.225982,492,137
1371,2025-01-18 17:00:56.225982,256,138
1372,2025-01-18 17:00:56.225982,522,138
1373,2025-01-18 17:00:56.225982,629,138
1374,2025-01-18 17:00:56.225982,377,138
1375,2025-01-18 17:00:56.225982,449,138
1376,2025-01-18 17:00:56.225982,395,138
1377,2025-01-18 17:00:56.225982,329,138
1378,2025-01-18 17:00:56.225982,295,138
1379,2025-01-18 17:00:56.225982,432,138
1380,2025-01-18 17:00:56.225982,455,138
1381,2025-01-18 17:00:56.225982,558,139
1382,2025-01-18 17:00:56.225982,354,139
1383,2025-01-18 17:00:56.225982,576,139
1384,2025-01-18 17:00:56.225982,398,139
1385,2025-01-18 17:00:56.225982,636,139
1386,2025-01-18 17:00:56.225982,606,139
1387,2025-01-18 17:00:56.225982,478,139
1388,2025-01-18 17:00:56.225982,214,139
1389,2025-01-18 17:00:56.225982,286,139
1390,2025-01-18 17:00:56.225982,465,139
1391,2025-01-18 17:00:56.225982,247,140
1392,2025-01-18 17:00:56.225982,433,140
1393,2025-01-18 17:00:56.225982,344,140
1394,2025-01-18 17:00:56.225982,640,140
1395,2025-01-18 17:00:56.225982,417,140
1396,2025-01-18 17:00:56.225982,280,140
1397,2025-01-18 17:00:56.225982,268,140
1398,2025-01-18 17:00:56.225982,214,140
1399,2025-01-18 17:00:56.225982,466,140
1400,2025-01-18 17:00:56.225982,527,140
1401,2025-01-18 17:00:56.225982,469,141
1402,2025-01-18 17:00:56.225982,338,141
1403,2025-01-18 17:00:56.225982,421,141
1404,2025-01-18 17:00:56.225982,593,141
1405,2025-01-18 17:00:56.225982,540,141
1406,2025-01-18 17:00:56.225982,597,141
1407,2025-01-18 17:00:56.225982,228,141
1408,2025-01-18 17:00:56.225982,428,141
1409,2025-01-18 17:00:56.225982,586,141
1410,2025-01-18 17:00:56.225982,530,141
1411,2025-01-18 17:00:56.225982,314,142
1412,2025-01-18 17:00:56.225982,560,142
1413,2025-01-18 17:00:56.225982,605,142
1414,2025-01-18 17:00:56.225982,619,142
1415,2025-01-18 17:00:56.225982,545,142
1416,2025-01-18 17:00:56.225982,371,142
1417,2025-01-18 17:00:56.225982,591,142
1418,2025-01-18 17:00:56.225982,331,142
1419,2025-01-18 17:00:56.225982,446,142
1420,2025-01-18 17:00:56.225982,607,142
1421,2025-01-18 17:00:56.225982,540,143
1422,2025-01-18 17:00:56.225982,254,143
1423,2025-01-18 17:00:56.225982,453,143
1424,2025-01-18 17:00:56.225982,198,143
1425,2025-01-18 17:00:56.225982,355,143
1426,2025-01-18 17:00:56.225982,639,143
1427,2025-01-18 17:00:56.225982,365,143
1428,2025-01-18 17:00:56.225982,195,143
1429,2025-01-18 17:00:56.225982,237,143
1430,2025-01-18 17:00:56.226978,519,143
1431,2025-01-18 17:00:56.226978,488,144
1432,2025-01-18 17:00:56.226978,227,144
1433,2025-01-18 17:00:56.226978,657,144
1434,2025-01-18 17:00:56.226978,644,144
1435,2025-01-18 17:00:56.226978,595,144
1436,2025-01-18 17:00:56.226978,212,144
1437,2025-01-18 17:00:56.226978,629,144
1438,2025-01-18 17:00:56.226978,214,144
1439,2025-01-18 17:00:56.226978,373,144
1440,2025-01-18 17:00:56.226978,551,144
1441,2025-01-18 17:00:56.226978,262,145
1442,2025-01-18 17:00:56.226978,638,145
1443,2025-01-18 17:00:56.226978,518,145
1444,2025-01-18 17:00:56.226978,332,145
1445,2025-01-18 17:00:56.226978,433,145
1446,2025-01-18 17:00:56.226978,605,145
1447,2025-01-18 17:00:56.226978,216,145
1448,2025-01-18 17:00:56.226978,222,145
1449,2025-01-18 17:00:56.226978,373,145
1450,2025-01-18 17:00:56.226978,650,145
1451,2025-01-18 17:00:56.226978,414,146
1452,2025-01-18 17:00:56.226978,220,146
1453,2025-01-18 17:00:56.226978,237,146
1454,2025-01-18 17:00:56.226978,663,146
1455,2025-01-18 17:00:56.226978,655,146
1456,2025-01-18 17:00:56.226978,637,146
1457,2025-01-18 17:00:56.226978,580,146
1458,2025-01-18 17:00:56.226978,511,146
1459,2025-01-18 17:00:56.226978,206,146
1460,2025-01-18 17:00:56.226978,662,146
1461,2025-01-18 17:00:56.226978,403,147
1462,2025-01-18 17:00:56.226978,509,147
1463,2025-01-18 17:00:56.226978,325,147
1464,2025-01-18 17:00:56.226978,615,147
1465,2025-01-18 17:00:56.226978,427,147
1466,2025-01-18 17:00:56.226978,390,147
1467,2025-01-18 17:00:56.226978,505,147
1468,2025-01-18 17:00:56.226978,580,147
1469,2025-01-18 17:00:56.226978,495,147
1470,2025-01-18 17:00:56.226978,559,147
1471,2025-01-18 17:00:56.226978,242,148
1472,2025-01-18 17:00:56.226978,244,148
1473,2025-01-18 17:00:56.226978,593,148
1474,2025-01-18 17:00:56.226978,437,148
1475,2025-01-18 17:00:56.226978,527,148
1476,2025-01-18 17:00:56.226978,592,148
1477,2025-01-18 17:00:56.226978,663,148
1478,2025-01-18 17:00:56.226978,607,148
1479,2025-01-18 17:00:56.226978,313,148
1480,2025-01-18 17:00:56.226978,344,148
1481,2025-01-18 17:00:56.226978,280,149
1482,2025-01-18 17:00:56.226978,438,149
1483,2025-01-18 17:00:56.226978,504,149
1484,2025-01-18 17:00:56.226978,566,149
1485,2025-01-18 17:00:56.226978,603,149
1486,2025-01-18 17:00:56.226978,586,149
1487,2025-01-18 17:00:56.226978,429,149
1488,2025-01-18 17:00:56.226978,419,149
1489,2025-01-18 17:00:56.226978,621,149
1490,2025-01-18 17:00:56.226978,409,149
1491,2025-01-18 17:00:56.226978,589,150
1492,2025-01-18 17:00:56.226978,279,150
1493,2025-01-18 17:00:56.226978,302,150
1494,2025-01-18 17:00:56.226978,425,150
1495,2025-01-18 17:00:56.226978,537,150
1496,2025-01-18 17:00:56.226978,446,150
1497,2025-01-18 17:00:56.226978,641,150
1498,2025-01-18 17:00:56.226978,630,150
1499,2025-01-18 17:00:56.226978,636,150
1500,2025-01-18 17:00:56.226978,479,150
1501,2025-01-18 17:00:56.226978,644,151
1502,2025-01-18 17:00:56.226978,363,151
1503,2025-01-18 17:00:56.226978,243,151
1504,2025-01-18 17:00:56.226978,215,151
1505,2025-01-18 17:00:56.226978,601,151
1506,2025-01-18 17:00:56.226978,310,151
1507,2025-01-18 17:00:56.226978,241,151
1508,2025-01-18 17:00:56.226978,415,151
1509,2025-01-18 17:00:56.226978,306,151
1510,2025-01-18 17:00:56.226978,293,151
1511,2025-01-18 17:00:56.226978,441,152
1512,2025-01-18 17:00:56.226978,573,152
1513,2025-01-18 17:00:56.226978,340,152
1514,2025-01-18 17:00:56.226978,218,152
1515,2025-01-18 17:00:56.226978,400,152
1516,2025-01-18 17:00:56.226978,409,152
1517,2025-01-18 17:00:56.226978,390,152
1518,2025-01-18 17:00:56.226978,586,152
1519,2025-01-18 17:00:56.226978,453,152
1520,2025-01-18 17:00:56.226978,524,152
1521,2025-01-18 17:00:56.226978,248,153
1522,2025-01-18 17:00:56.226978,271,153
1523,2025-01-18 17:00:56.226978,551,153
1524,2025-01-18 17:00:56.226978,349,153
1525,2025-01-18 17:00:56.226978,459,153
1526,2025-01-18 17:00:56.226978,257,153
1527,2025-01-18 17:00:56.227976,266,153
1528,2025-01-18 17:00:56.227976,661,153
1529,2025-01-18 17:00:56.227976,427,153
1530,2025-01-18 17:00:56.227976,448,153
1531,2025-01-18 17:00:56.227976,664,154
1532,2025-01-18 17:00:56.227976,322,154
1533,2025-01-18 17:00:56.227976,621,154
1534,2025-01-18 17:00:56.227976,441,154
1535,2025-01-18 17:00:56.227976,244,154
1536,2025-01-18 17:00:56.227976,623,154
1537,2025-01-18 17:00:56.227976,397,154
1538,2025-01-18 17:00:56.227976,645,154
1539,2025-01-18 17:00:56.227976,194,154
1540,2025-01-18 17:00:56.227976,556,154
1541,2025-01-18 17:00:56.227976,358,155
1542,2025-01-18 17:00:56.227976,376,155
1543,2025-01-18 17:00:56.227976,665,155
1544,2025-01-18 17:00:56.227976,488,155
1545,2025-01-18 17:00:56.227976,649,155
1546,2025-01-18 17:00:56.227976,411,155
1547,2025-01-18 17:00:56.227976,216,155
1548,2025-01-18 17:00:56.227976,423,155
1549,2025-01-18 17:00:56.227976,254,155
1550,2025-01-18 17:00:56.227976,373,155
1551,2025-01-18 17:00:56.227976,273,156
1552,2025-01-18 17:00:56.227976,620,156
1553,2025-01-18 17:00:56.227976,502,156
1554,2025-01-18 17:00:56.227976,605,156
1555,2025-01-18 17:00:56.227976,473,156
1556,2025-01-18 17:00:56.227976,449,156
1557,2025-01-18 17:00:56.227976,483,156
1558,2025-01-18 17:00:56.227976,618,156
1559,2025-01-18 17:00:56.227976,379,156
1560,2025-01-18 17:00:56.227976,324,156
1561,2025-01-18 17:00:56.227976,435,157
1562,2025-01-18 17:00:56.227976,347,157
1563,2025-01-18 17:00:56.227976,463,157
1564,2025-01-18 17:00:56.227976,607,157
1565,2025-01-18 17:00:56.227976,651,157
1566,2025-01-18 17:00:56.227976,386,157
1567,2025-01-18 17:00:56.227976,439,157
1568,2025-01-18 17:00:56.227976,253,157
1569,2025-01-18 17:00:56.227976,491,157
1570,2025-01-18 17:00:56.227976,622,157
1571,2025-01-18 17:00:56.227976,643,158
1572,2025-01-18 17:00:56.227976,551,158
1573,2025-01-18 17:00:56.227976,391,158
1574,2025-01-18 17:00:56.227976,242,158
1575,2025-01-18 17:00:56.227976,608,158
1576,2025-01-18 17:00:56.227976,288,158
1577,2025-01-18 17:00:56.227976,226,158
1578,2025-01-18 17:00:56.227976,383,158
1579,2025-01-18 17:00:56.227976,490,158
1580,2025-01-18 17:00:56.227976,578,158
1581,2025-01-18 17:00:56.227976,519,159
1582,2025-01-18 17:00:56.227976,627,159
1583,2025-01-18 17:00:56.227976,530,159
1584,2025-01-18 17:00:56.227976,558,159
1585,2025-01-18 17:00:56.227976,607,159
1586,2025-01-18 17:00:56.227976,577,159
1587,2025-01-18 17:00:56.227976,586,159
1588,2025-01-18 17:00:56.227976,459,159
1589,2025-01-18 17:00:56.227976,430,159
1590,2025-01-18 17:00:56.227976,428,159
1591,2025-01-18 17:00:56.227976,561,160
1592,2025-01-18 17:00:56.227976,576,160
1593,2025-01-18 17:00:56.227976,663,160
1594,2025-01-18 17:00:56.227976,253,160
1595,2025-01-18 17:00:56.227976,594,160
1596,2025-01-18 17:00:56.227976,625,160
1597,2025-01-18 17:00:56.227976,579,160
1598,2025-01-18 17:00:56.227976,589,160
1599,2025-01-18 17:00:56.227976,359,160
1600,2025-01-18 17:00:56.227976,585,160
1601,2025-01-18 17:00:56.227976,629,161
1602,2025-01-18 17:00:56.227976,639,161
1603,2025-01-18 17:00:56.227976,362,161
1604,2025-01-18 17:00:56.227976,196,161
1605,2025-01-18 17:00:56.227976,338,161
1606,2025-01-18 17:00:56.227976,200,161
1607,2025-01-18 17:00:56.227976,334,161
1608,2025-01-18 17:00:56.227976,252,161
1609,2025-01-18 17:00:56.227976,355,161
1610,2025-01-18 17:00:56.227976,346,161
1611,2025-01-18 17:00:56.227976,253,162
1612,2025-01-18 17:00:56.227976,560,162
1613,2025-01-18 17:00:56.227976,202,162
1614,2025-01-18 17:00:56.227976,316,162
1615,2025-01-18 17:00:56.227976,585,162
1616,2025-01-18 17:00:56.227976,578,162
1617,2025-01-18 17:00:56.227976,648,162
1618,2025-01-18 17:00:56.227976,569,162
1619,2025-01-18 17:00:56.227976,639,162
1620,2025-01-18 17:00:56.227976,581,162
1621,2025-01-18 17:00:56.227976,446,163
1622,2025-01-18 17:00:56.227976,212,163
1623,2025-01-18 17:00:56.228973,268,163
1624,2025-01-18 17:00:56.228973,490,163
1625,2025-01-18 17:00:56.228973,663,163
1626,2025-01-18 17:00:56.228973,305,163
1627,2025-01-18 17:00:56.228973,415,163
1628,2025-01-18 17:00:56.228973,585,163
1629,2025-01-18 17:00:56.228973,245,163
1630,2025-01-18 17:00:56.228973,302,163
1631,2025-01-18 17:00:56.228973,389,164
1632,2025-01-18 17:00:56.228973,284,164
1633,2025-01-18 17:00:56.228973,350,164
1634,2025-01-18 17:00:56.228973,664,164
1635,2025-01-18 17:00:56.228973,234,164
1636,2025-01-18 17:00:56.228973,339,164
1637,2025-01-18 17:00:56.228973,223,164
1638,2025-01-18 17:00:56.228973,395,164
1639,2025-01-18 17:00:56.228973,390,164
1640,2025-01-18 17:00:56.228973,659,164
1641,2025-01-18 17:00:56.228973,362,165
1642,2025-01-18 17:00:56.228973,540,165
1643,2025-01-18 17:00:56.228973,238,165
1644,2025-01-18 17:00:56.228973,552,165
1645,2025-01-18 17:00:56.228973,435,165
1646,2025-01-18 17:00:56.228973,649,165
1647,2025-01-18 17:00:56.228973,334,165
1648,2025-01-18 17:00:56.228973,471,165
1649,2025-01-18 17:00:56.228973,234,165
1650,2025-01-18 17:00:56.228973,415,165
1651,2025-01-18 17:00:56.228973,461,166
1652,2025-01-18 17:00:56.228973,276,166
1653,2025-01-18 17:00:56.228973,433,166
1654,2025-01-18 17:00:56.228973,534,166
1655,2025-01-18 17:00:56.228973,638,166
1656,2025-01-18 17:00:56.228973,608,166
1657,2025-01-18 17:00:56.228973,550,166
1658,2025-01-18 17:00:56.228973,591,166
1659,2025-01-18 17:00:56.228973,346,166
1660,2025-01-18 17:00:56.228973,230,166
1661,2025-01-18 17:00:56.228973,241,167
1662,2025-01-18 17:00:56.228973,419,167
1663,2025-01-18 17:00:56.228973,622,167
1664,2025-01-18 17:00:56.228973,277,167
1665,2025-01-18 17:00:56.228973,480,167
1666,2025-01-18 17:00:56.232963,199,167
1667,2025-01-18 17:00:56.232963,379,167
1668,2025-01-18 17:00:56.232963,225,167
1669,2025-01-18 17:00:56.232963,458,167
1670,2025-01-18 17:00:56.232963,621,167
1671,2025-01-18 17:00:56.232963,366,168
1672,2025-01-18 17:00:56.232963,416,168
1673,2025-01-18 17:00:56.232963,401,168
1674,2025-01-18 17:00:56.232963,595,168
1675,2025-01-18 17:00:56.232963,244,168
1676,2025-01-18 17:00:56.232963,603,168
1677,2025-01-18 17:00:56.232963,538,168
1678,2025-01-18 17:00:56.232963,354,168
1679,2025-01-18 17:00:56.232963,308,168
1680,2025-01-18 17:00:56.232963,200,168
1681,2025-01-18 17:00:56.232963,391,169
1682,2025-01-18 17:00:56.232963,372,169
1683,2025-01-18 17:00:56.232963,235,169
1684,2025-01-18 17:00:56.232963,441,169
1685,2025-01-18 17:00:56.232963,561,169
1686,2025-01-18 17:00:56.232963,512,169
1687,2025-01-18 17:00:56.232963,510,169
1688,2025-01-18 17:00:56.232963,247,169
1689,2025-01-18 17:00:56.232963,477,169
1690,2025-01-18 17:00:56.232963,352,169
1691,2025-01-18 17:00:56.232963,659,170
1692,2025-01-18 17:00:56.232963,633,170
1693,2025-01-18 17:00:56.232963,322,170
1694,2025-01-18 17:00:56.232963,199,170
1695,2025-01-18 17:00:56.232963,559,170
1696,2025-01-18 17:00:56.232963,569,170
1697,2025-01-18 17:00:56.233960,352,170
1698,2025-01-18 17:00:56.233960,413,170
1699,2025-01-18 17:00:56.233960,388,170
1700,2025-01-18 17:00:56.233960,346,170
1701,2025-01-18 17:00:56.233960,491,171
1702,2025-01-18 17:00:56.233960,434,171
1703,2025-01-18 17:00:56.233960,288,171
1704,2025-01-18 17:00:56.233960,496,171
1705,2025-01-18 17:00:56.233960,459,171
1706,2025-01-18 17:00:56.233960,666,171
1707,2025-01-18 17:00:56.233960,341,171
1708,2025-01-18 17:00:56.233960,512,171
1709,2025-01-18 17:00:56.233960,267,171
1710,2025-01-18 17:00:56.233960,421,171
1711,2025-01-18 17:00:56.233960,656,172
1712,2025-01-18 17:00:56.233960,544,172
1713,2025-01-18 17:00:56.233960,610,172
1714,2025-01-18 17:00:56.233960,488,172
1715,2025-01-18 17:00:56.233960,301,172
1716,2025-01-18 17:00:56.233960,558,172
1717,2025-01-18 17:00:56.233960,570,172
1718,2025-01-18 17:00:56.233960,290,172
1719,2025-01-18 17:00:56.233960,310,172
1720,2025-01-18 17:00:56.233960,383,172
1721,2025-01-18 17:00:56.233960,309,173
1722,2025-01-18 17:00:56.233960,446,173
1723,2025-01-18 17:00:56.233960,427,173
1724,2025-01-18 17:00:56.233960,407,173
1725,2025-01-18 17:00:56.233960,528,173
1726,2025-01-18 17:00:56.233960,574,173
1727,2025-01-18 17:00:56.233960,396,173
1728,2025-01-18 17:00:56.233960,296,173
1729,2025-01-18 17:00:56.233960,353,173
1730,2025-01-18 17:00:56.233960,326,173
1731,2025-01-18 17:00:56.233960,629,174
1732,2025-01-18 17:00:56.233960,666,174
1733,2025-01-18 17:00:56.233960,637,174
1734,2025-01-18 17:00:56.233960,380,174
1735,2025-01-18 17:00:56.233960,590,174
1736,2025-01-18 17:00:56.233960,483,174
1737,2025-01-18 17:00:56.233960,498,174
1738,2025-01-18 17:00:56.233960,442,174
1739,2025-01-18 17:00:56.233960,580,174
1740,2025-01-18 17:00:56.233960,485,174
1741,2025-01-18 17:00:56.233960,495,175
1742,2025-01-18 17:00:56.233960,313,175
1743,2025-01-18 17:00:56.233960,409,175
1744,2025-01-18 17:00:56.233960,418,175
1745,2025-01-18 17:00:56.233960,234,175
1746,2025-01-18 17:00:56.233960,298,175
1747,2025-01-18 17:00:56.233960,626,175
1748,2025-01-18 17:00:56.233960,412,175
1749,2025-01-18 17:00:56.233960,300,175
1750,2025-01-18 17:00:56.233960,511,175
1751,2025-01-18 17:00:56.233960,244,176
1752,2025-01-18 17:00:56.233960,341,176
1753,2025-01-18 17:00:56.233960,298,176
1754,2025-01-18 17:00:56.233960,449,176
1755,2025-01-18 17:00:56.233960,467,176
1756,2025-01-18 17:00:56.233960,429,176
1757,2025-01-18 17:00:56.233960,479,176
1758,2025-01-18 17:00:56.233960,533,176
1759,2025-01-18 17:00:56.233960,342,176
1760,2025-01-18 17:00:56.233960,282,176
1761,2025-01-18 17:00:56.233960,474,177
1762,2025-01-18 17:00:56.233960,588,177
1763,2025-01-18 17:00:56.233960,500,177
1764,2025-01-18 17:00:56.233960,433,177
1765,2025-01-18 17:00:56.233960,257,177
1766,2025-01-18 17:00:56.233960,598,177
1767,2025-01-18 17:00:56.233960,252,177
1768,2025-01-18 17:00:56.233960,667,177
1769,2025-01-18 17:00:56.233960,416,177
1770,2025-01-18 17:00:56.233960,357,177
1771,2025-01-18 17:00:56.233960,449,178
1772,2025-01-18 17:00:56.233960,618,178
1773,2025-01-18 17:00:56.233960,397,178
1774,2025-01-18 17:00:56.233960,363,178
1775,2025-01-18 17:00:56.233960,582,178
1776,2025-01-18 17:00:56.233960,536,178
1777,2025-01-18 17:00:56.233960,312,178
1778,2025-01-18 17:00:56.233960,327,178
1779,2025-01-18 17:00:56.233960,612,178
1780,2025-01-18 17:00:56.233960,357,178
1781,2025-01-18 17:00:56.233960,630,179
1782,2025-01-18 17:00:56.233960,618,179
1783,2025-01-18 17:00:56.233960,256,179
1784,2025-01-18 17:00:56.233960,553,179
1785,2025-01-18 17:00:56.233960,297,179
1786,2025-01-18 17:00:56.233960,257,179
1787,2025-01-18 17:00:56.233960,316,179
1788,2025-01-18 17:00:56.233960,468,179
1789,2025-01-18 17:00:56.233960,612,179
1790,2025-01-18 17:00:56.233960,439,179
1791,2025-01-18 17:00:56.233960,303,180
1792,2025-01-18 17:00:56.233960,389,180
1793,2025-01-18 17:00:56.233960,542,180
1794,2025-01-18 17:00:56.234957,594,180
1795,2025-01-18 17:00:56.234957,369,180
1796,2025-01-18 17:00:56.234957,364,180
1797,2025-01-18 17:00:56.234957,347,180
1798,2025-01-18 17:00:56.234957,457,180
1799,2025-01-18 17:00:56.234957,459,180
1800,2025-01-18 17:00:56.234957,400,180
1801,2025-01-18 17:00:56.234957,380,181
1802,2025-01-18 17:00:56.234957,501,181
1803,2025-01-18 17:00:56.234957,643,181
1804,2025-01-18 17:00:56.234957,466,181
1805,2025-01-18 17:00:56.234957,205,181
1806,2025-01-18 17:00:56.234957,393,181
1807,2025-01-18 17:00:56.234957,554,181
1808,2025-01-18 17:00:56.234957,221,181
1809,2025-01-18 17:00:56.234957,325,181
1810,2025-01-18 17:00:56.234957,534,181
1811,2025-01-18 17:00:56.234957,284,182
1812,2025-01-18 17:00:56.234957,529,182
1813,2025-01-18 17:00:56.234957,324,182
1814,2025-01-18 17:00:56.234957,379,182
1815,2025-01-18 17:00:56.234957,254,182
1816,2025-01-18 17:00:56.234957,609,182
1817,2025-01-18 17:00:56.234957,339,182
1818,2025-01-18 17:00:56.234957,621,182
1819,2025-01-18 17:00:56.234957,493,182
1820,2025-01-18 17:00:56.234957,525,182
1821,2025-01-18 17:00:56.234957,378,183
1822,2025-01-18 17:00:56.234957,432,183
1823,2025-01-18 17:00:56.234957,383,183
1824,2025-01-18 17:00:56.234957,247,183
1825,2025-01-18 17:00:56.234957,232,183
1826,2025-01-18 17:00:56.234957,535,183
1827,2025-01-18 17:00:56.234957,209,183
1828,2025-01-18 17:00:56.234957,253,183
1829,2025-01-18 17:00:56.234957,288,183
1830,2025-01-18 17:00:56.234957,511,183
1831,2025-01-18 17:00:56.234957,459,184
1832,2025-01-18 17:00:56.234957,546,184
1833,2025-01-18 17:00:56.234957,253,184
1834,2025-01-18 17:00:56.234957,340,184
1835,2025-01-18 17:00:56.234957,627,184
1836,2025-01-18 17:00:56.234957,632,184
1837,2025-01-18 17:00:56.234957,609,184
1838,2025-01-18 17:00:56.234957,580,184
1839,2025-01-18 17:00:56.234957,395,184
1840,2025-01-18 17:00:56.234957,544,184
1841,2025-01-18 17:00:56.234957,565,185
1842,2025-01-18 17:00:56.234957,621,185
1843,2025-01-18 17:00:56.234957,415,185
1844,2025-01-18 17:00:56.234957,611,185
1845,2025-01-18 17:00:56.234957,533,185
1846,2025-01-18 17:00:56.234957,389,185
1847,2025-01-18 17:00:56.234957,321,185
1848,2025-01-18 17:00:56.234957,494,185
1849,2025-01-18 17:00:56.234957,418,185
1850,2025-01-18 17:00:56.234957,299,185
1851,2025-01-18 17:00:56.234957,568,186
1852,2025-01-18 17:00:56.234957,544,186
1853,2025-01-18 17:00:56.234957,546,186
1854,2025-01-18 17:00:56.234957,565,186
1855,2025-01-18 17:00:56.234957,271,186
1856,2025-01-18 17:00:56.234957,534,186
1857,2025-01-18 17:00:56.234957,247,186
1858,2025-01-18 17:00:56.234957,226,186
1859,2025-01-18 17:00:56.234957,574,186
1860,2025-01-18 17:00:56.234957,367,186
1861,2025-01-18 17:00:56.234957,201,187
1862,2025-01-18 17:00:56.234957,415,187
1863,2025-01-18 17:00:56.234957,665,187
1864,2025-01-18 17:00:56.234957,662,187
1865,2025-01-18 17:00:56.234957,289,187
1866,2025-01-18 17:00:56.234957,610,187
1867,2025-01-18 17:00:56.234957,596,187
1868,2025-01-18 17:00:56.234957,232,187
1869,2025-01-18 17:00:56.234957,500,187
1870,2025-01-18 17:00:56.234957,369,187
1871,2025-01-18 17:00:56.234957,340,188
1872,2025-01-18 17:00:56.234957,356,188
1873,2025-01-18 17:00:56.234957,266,188
1874,2025-01-18 17:00:56.234957,627,188
1875,2025-01-18 17:00:56.234957,597,188
1876,2025-01-18 17:00:56.234957,432,188
1877,2025-01-18 17:00:56.234957,552,188
1878,2025-01-18 17:00:56.234957,455,188
1879,2025-01-18 17:00:56.234957,472,188
1880,2025-01-18 17:00:56.234957,278,188
1881,2025-01-18 17:00:56.234957,507,189
1882,2025-01-18 17:00:56.234957,430,189
1883,2025-01-18 17:00:56.234957,417,189
1884,2025-01-18 17:00:56.234957,564,189
1885,2025-01-18 17:00:56.234957,551,189
1886,2025-01-18 17:00:56.234957,255,189
1887,2025-01-18 17:00:56.234957,213,189
1888,2025-01-18 17:00:56.234957,659,189
1889,2025-01-18 17:00:56.234957,280,189
1890,2025-01-18 17:00:56.234957,299,189
1891,2025-01-18 17:00:56.235954,305,190
1892,2025-01-18 17:00:56.235954,577,190
1893,2025-01-18 17:00:56.235954,514,190
1894,2025-01-18 17:00:56.235954,470,190
1895,2025-01-18 17:00:56.235954,569,190
1896,2025-01-18 17:00:56.235954,399,190
1897,2025-01-18 17:00:56.235954,317,190
1898,2025-01-18 17:00:56.235954,433,190
1899,2025-01-18 17:00:56.235954,481,190
1900,2025-01-18 17:00:56.235954,201,190
1901,2025-01-18 17:00:56.235954,538,191
1902,2025-01-18 17:00:56.235954,247,191
1903,2025-01-18 17:00:56.235954,286,191
1904,2025-01-18 17:00:56.235954,237,191
1905,2025-01-18 17:00:56.235954,537,191
1906,2025-01-18 17:00:56.235954,608,191
1907,2025-01-18 17:00:56.235954,376,191
1908,2025-01-18 17:00:56.235954,543,191
1909,2025-01-18 17:00:56.235954,459,191
1910,2025-01-18 17:00:56.235954,439,191
1911,2025-01-18 17:00:56.235954,350,192
1912,2025-01-18 17:00:56.235954,337,192
1913,2025-01-18 17:00:56.235954,620,192
1914,2025-01-18 17:00:56.235954,453,192
1915,2025-01-18 17:00:56.235954,578,192
1916,2025-01-18 17:00:56.235954,536,192
1917,2025-01-18 17:00:56.235954,311,192
1918,2025-01-18 17:00:56.235954,358,192
1919,2025-01-18 17:00:56.235954,633,192
1920,2025-01-18 17:00:56.235954,301,192
1921,2025-01-18 17:00:56.235954,418,193
1922,2025-01-18 17:00:56.235954,575,193
1923,2025-01-18 17:00:56.235954,399,193
1924,2025-01-18 17:00:56.235954,666,193
1925,2025-01-18 17:00:56.235954,547,193
1926,2025-01-18 17:00:56.235954,294,193
1927,2025-01-18 17:00:56.235954,214,193
1928,2025-01-18 17:00:56.235954,431,193
1929,2025-01-18 17:00:56.235954,436,193
1930,2025-01-18 17:00:56.235954,620,193
1931,2025-01-18 17:00:56.235954,393,194
1932,2025-01-18 17:00:56.235954,293,194
1933,2025-01-18 17:00:56.235954,574,194
1934,2025-01-18 17:00:56.235954,223,194
1935,2025-01-18 17:00:56.235954,435,194
1936,2025-01-18 17:00:56.235954,496,194
1937,2025-01-18 17:00:56.235954,272,194
1938,2025-01-18 17:00:56.235954,206,194
1939,2025-01-18 17:00:56.235954,237,194
1940,2025-01-18 17:00:56.235954,280,194
1941,2025-01-18 17:00:56.235954,505,195
1942,2025-01-18 17:00:56.235954,226,195
1943,2025-01-18 17:00:56.235954,333,195
1944,2025-01-18 17:00:56.235954,526,195
1945,2025-01-18 17:00:56.235954,368,195
1946,2025-01-18 17:00:56.235954,476,195
1947,2025-01-18 17:00:56.235954,271,195
1948,2025-01-18 17:00:56.235954,551,195
1949,2025-01-18 17:00:56.235954,364,195
1950,2025-01-18 17:00:56.235954,345,195
1951,2025-01-18 17:00:56.235954,378,196
1952,2025-01-18 17:00:56.235954,576,196
1953,2025-01-18 17:00:56.235954,614,196
1954,2025-01-18 17:00:56.235954,611,196
1955,2025-01-18 17:00:56.235954,651,196
1956,2025-01-18 17:00:56.235954,199,196
1957,2025-01-18 17:00:56.235954,513,196
1958,2025-01-18 17:00:56.235954,495,196
1959,2025-01-18 17:00:56.235954,511,196
1960,2025-01-18 17:00:56.235954,540,196
1961,2025-01-18 17:00:56.235954,404,197
1962,2025-01-18 17:00:56.235954,528,197
1963,2025-01-18 17:00:56.235954,396,197
1964,2025-01-18 17:00:56.235954,544,197
1965,2025-01-18 17:00:56.235954,521,197
1966,2025-01-18 17:00:56.235954,640,197
1967,2025-01-18 17:00:56.235954,277,197
1968,2025-01-18 17:00:56.235954,432,197
1969,2025-01-18 17:00:56.235954,275,197
1970,2025-01-18 17:00:56.235954,405,197
1971,2025-01-18 17:00:56.235954,307,198
1972,2025-01-18 17:00:56.235954,588,198
1973,2025-01-18 17:00:56.235954,606,198
1974,2025-01-18 17:00:56.235954,473,198
1975,2025-01-18 17:00:56.236952,296,198
1976,2025-01-18 17:00:56.236952,590,198
1977,2025-01-18 17:00:56.236952,306,198
1978,2025-01-18 17:00:56.236952,398,198
1979,2025-01-18 17:00:56.236952,212,198
1980,2025-01-18 17:00:56.236952,381,198
1981,2025-01-18 17:00:56.236952,413,199
1982,2025-01-18 17:00:56.236952,330,199
1983,2025-01-18 17:00:56.236952,429,199
1984,2025-01-18 17:00:56.236952,628,199
1985,2025-01-18 17:00:56.236952,528,199
1986,2025-01-18 17:00:56.236952,400,199
1987,2025-01-18 17:00:56.236952,450,199
1988,2025-01-18 17:00:56.236952,297,199
1989,2025-01-18 17:00:56.236952,540,199
1990,2025-01-18 17:00:56.236952,378,199
1991,2025-01-18 17:00:56.236952,434,200
1992,2025-01-18 17:00:56.236952,562,200
1993,2025-01-18 17:00:56.236952,467,200
1994,2025-01-18 17:00:56.236952,268,200
1995,2025-01-18 17:00:56.236952,457,200
1996,2025-01-18 17:00:56.236952,303,200
1997,2025-01-18 17:00:56.236952,202,200
1998,2025-01-18 17:00:56.236952,349,200
1999,2025-01-18 17:00:56.246925,596,200
2000,2025-01-18 17:00:56.246925,463,200
2001,2025-01-18 17:00:56.246925,339,201
2002,2025-01-18 17:00:56.246925,327,201
2003,2025-01-18 17:00:56.246925,642,201
2004,2025-01-18 17:00:56.246925,372,201
2005,2025-01-18 17:00:56.246925,199,201
2006,2025-01-18 17:00:56.246925,614,201
2007,2025-01-18 17:00:56.246925,587,201
2008,2025-01-18 17:00:56.246925,423,201
2009,2025-01-18 17:00:56.246925,301,201
2010,2025-01-18 17:00:56.246925,463,201
2011,2025-01-18 17:00:56.246925,401,202
2012,2025-01-18 17:00:56.246925,410,202
2013,2025-01-18 17:00:56.246925,314,202
2014,2025-01-18 17:00:56.246925,213,202
2015,2025-01-18 17:00:56.246925,582,202
2016,2025-01-18 17:00:56.246925,390,202
2017,2025-01-18 17:00:56.246925,659,202
2018,2025-01-18 17:00:56.246925,660,202
2019,2025-01-18 17:00:56.246925,215,202
2020,2025-01-18 17:00:56.246925,545,202
2021,2025-01-18 17:00:56.246925,569,203
2022,2025-01-18 17:00:56.246925,338,203
2023,2025-01-18 17:00:56.246925,637,203
2024,2025-01-18 17:00:56.246925,567,203
2025,2025-01-18 17:00:56.246925,428,203
2026,2025-01-18 17:00:56.246925,322,203
2027,2025-01-18 17:00:56.246925,339,203
2028,2025-01-18 17:00:56.246925,254,203
2029,2025-01-18 17:00:56.246925,261,203
2030,2025-01-18 17:00:56.246925,353,203
2031,2025-01-18 17:00:56.246925,563,204
2032,2025-01-18 17:00:56.246925,509,204
2033,2025-01-18 17:00:56.246925,442,204
2034,2025-01-18 17:00:56.246925,212,204
2035,2025-01-18 17:00:56.247922,475,204
2036,2025-01-18 17:00:56.247922,277,204
2037,2025-01-18 17:00:56.247922,616,204
2038,2025-01-18 17:00:56.247922,493,204
2039,2025-01-18 17:00:56.247922,518,204
2040,2025-01-18 17:00:56.247922,662,204
2041,2025-01-18 17:00:56.247922,312,205
2042,2025-01-18 17:00:56.247922,267,205
2043,2025-01-18 17:00:56.247922,419,205
2044,2025-01-18 17:00:56.247922,359,205
2045,2025-01-18 17:00:56.247922,296,205
2046,2025-01-18 17:00:56.247922,245,205
2047,2025-01-18 17:00:56.247922,341,205
2048,2025-01-18 17:00:56.247922,391,205
2049,2025-01-18 17:00:56.247922,604,205
2050,2025-01-18 17:00:56.247922,633,205
2051,2025-01-18 17:00:56.247922,343,206
2052,2025-01-18 17:00:56.247922,404,206
2053,2025-01-18 17:00:56.247922,661,206
2054,2025-01-18 17:00:56.247922,263,206
2055,2025-01-18 17:00:56.247922,424,206
2056,2025-01-18 17:00:56.247922,504,206
2057,2025-01-18 17:00:56.247922,311,206
2058,2025-01-18 17:00:56.247922,537,206
2059,2025-01-18 17:00:56.247922,290,206
2060,2025-01-18 17:00:56.247922,659,206
2061,2025-01-18 17:00:56.247922,419,207
2062,2025-01-18 17:00:56.247922,578,207
2063,2025-01-18 17:00:56.247922,584,207
2064,2025-01-18 17:00:56.247922,461,207
2065,2025-01-18 17:00:56.247922,453,207
2066,2025-01-18 17:00:56.247922,370,207
2067,2025-01-18 17:00:56.247922,318,207
2068,2025-01-18 17:00:56.247922,212,207
2069,2025-01-18 17:00:56.247922,240,207
2070,2025-01-18 17:00:56.247922,508,207
2071,2025-01-18 17:00:56.247922,491,208
2072,2025-01-18 17:00:56.247922,657,208
2073,2025-01-18 17:00:56.247922,571,208
2074,2025-01-18 17:00:56.247922,300,208
2075,2025-01-18 17:00:56.247922,433,208
2076,2025-01-18 17:00:56.247922,561,208
2077,2025-01-18 17:00:56.247922,311,208
2078,2025-01-18 17:00:56.247922,422,208
2079,2025-01-18 17:00:56.247922,646,208
2080,2025-01-18 17:00:56.247922,301,208
2081,2025-01-18 17:00:56.247922,577,209
2082,2025-01-18 17:00:56.247922,533,209
2083,2025-01-18 17:00:56.247922,386,209
2084,2025-01-18 17:00:56.247922,442,209
2085,2025-01-18 17:00:56.247922,638,209
2086,2025-01-18 17:00:56.247922,469,209
2087,2025-01-18 17:00:56.247922,430,209
2088,2025-01-18 17:00:56.247922,443,209
2089,2025-01-18 17:00:56.247922,608,209
2090,2025-01-18 17:00:56.247922,647,209
2091,2025-01-18 17:00:56.247922,607,210
2092,2025-01-18 17:00:56.247922,232,210
2093,2025-01-18 17:00:56.247922,503,210
2094,2025-01-18 17:00:56.247922,297,210
2095,2025-01-18 17:00:56.247922,327,210
2096,2025-01-18 17:00:56.247922,258,210
2097,2025-01-18 17:00:56.247922,317,210
2098,2025-01-18 17:00:56.247922,597,210
2099,2025-01-18 17:00:56.247922,429,210
2100,2025-01-18 17:00:56.247922,361,210
2101,2025-01-18 17:00:56.247922,556,211
2102,2025-01-18 17:00:56.247922,258,211
2103,2025-01-18 17:00:56.247922,476,211
2104,2025-01-18 17:00:56.247922,449,211
2105,2025-01-18 17:00:56.247922,252,211
2106,2025-01-18 17:00:56.247922,623,211
2107,2025-01-18 17:00:56.247922,478,211
2108,2025-01-18 17:00:56.247922,397,211
2109,2025-01-18 17:00:56.247922,568,211
2110,2025-01-18 17:00:56.247922,566,211
2111,2025-01-18 17:00:56.247922,562,212
2112,2025-01-18 17:00:56.247922,207,212
2113,2025-01-18 17:00:56.247922,578,212
2114,2025-01-18 17:00:56.247922,482,212
2115,2025-01-18 17:00:56.247922,478,212
2116,2025-01-18 17:00:56.247922,203,212
2117,2025-01-18 17:00:56.247922,335,212
2118,2025-01-18 17:00:56.247922,545,212
2119,2025-01-18 17:00:56.247922,658,212
2120,2025-01-18 17:00:56.247922,490,212
2121,2025-01-18 17:00:56.247922,590,213
2122,2025-01-18 17:00:56.247922,206,213
2123,2025-01-18 17:00:56.247922,449,213
2124,2025-01-18 17:00:56.247922,374,213
2125,2025-01-18 17:00:56.247922,292,213
2126,2025-01-18 17:00:56.247922,436,213
2127,2025-01-18 17:00:56.247922,229,213
2128,2025-01-18 17:00:56.247922,308,213
2129,2025-01-18 17:00:56.247922,201,213
2130,2025-01-18 17:00:56.247922,639,213
2131,2025-01-18 17:00:56.248920,649,214
2132,2025-01-18 17:00:56.248920,354,214
2133,2025-01-18 17:00:56.248920,632,214
2134,2025-01-18 17:00:56.248920,284,214
2135,2025-01-18 17:00:56.248920,431,214
2136,2025-01-18 17:00:56.248920,484,214
2137,2025-01-18 17:00:56.248920,232,214
2138,2025-01-18 17:00:56.248920,647,214
2139,2025-01-18 17:00:56.248920,328,214
2140,2025-01-18 17:00:56.248920,296,214
2141,2025-01-18 17:00:56.248920,576,215
2142,2025-01-18 17:00:56.248920,550,215
2143,2025-01-18 17:00:56.248920,483,215
2144,2025-01-18 17:00:56.248920,283,215
2145,2025-01-18 17:00:56.248920,523,215
2146,2025-01-18 17:00:56.248920,468,215
2147,2025-01-18 17:00:56.248920,343,215
2148,2025-01-18 17:00:56.248920,395,215
2149,2025-01-18 17:00:56.248920,371,215
2150,2025-01-18 17:00:56.248920,353,215
2151,2025-01-18 17:00:56.248920,508,216
2152,2025-01-18 17:00:56.248920,434,216
2153,2025-01-18 17:00:56.248920,497,216
2154,2025-01-18 17:00:56.248920,355,216
2155,2025-01-18 17:00:56.248920,415,216
2156,2025-01-18 17:00:56.248920,243,216
2157,2025-01-18 17:00:56.248920,216,216
2158,2025-01-18 17:00:56.248920,604,216
2159,2025-01-18 17:00:56.248920,662,216
2160,2025-01-18 17:00:56.248920,389,216
2161,2025-01-18 17:00:56.248920,403,217
2162,2025-01-18 17:00:56.248920,459,217
2163,2025-01-18 17:00:56.248920,452,217
2164,2025-01-18 17:00:56.248920,625,217
2165,2025-01-18 17:00:56.248920,406,217
2166,2025-01-18 17:00:56.248920,230,217
2167,2025-01-18 17:00:56.248920,331,217
2168,2025-01-18 17:00:56.248920,554,217
2169,2025-01-18 17:00:56.248920,313,217
2170,2025-01-18 17:00:56.248920,255,217
2171,2025-01-18 17:00:56.248920,629,218
2172,2025-01-18 17:00:56.248920,530,218
2173,2025-01-18 17:00:56.248920,644,218
2174,2025-01-18 17:00:56.248920,476,218
2175,2025-01-18 17:00:56.248920,578,218
2176,2025-01-18 17:00:56.248920,393,218
2177,2025-01-18 17:00:56.248920,430,218
2178,2025-01-18 17:00:56.248920,477,218
2179,2025-01-18 17:00:56.248920,271,218
2180,2025-01-18 17:00:56.248920,590,218
2181,2025-01-18 17:00:56.248920,422,219
2182,2025-01-18 17:00:56.248920,570,219
2183,2025-01-18 17:00:56.248920,446,219
2184,2025-01-18 17:00:56.248920,457,219
2185,2025-01-18 17:00:56.248920,615,219
2186,2025-01-18 17:00:56.248920,235,219
2187,2025-01-18 17:00:56.248920,643,219
2188,2025-01-18 17:00:56.248920,281,219
2189,2025-01-18 17:00:56.248920,575,219
2190,2025-01-18 17:00:56.248920,580,219
2191,2025-01-18 17:00:56.248920,571,220
2192,2025-01-18 17:00:56.248920,562,220
2193,2025-01-18 17:00:56.248920,410,220
2194,2025-01-18 17:00:56.248920,573,220
2195,2025-01-18 17:00:56.248920,252,220
2196,2025-01-18 17:00:56.248920,641,220
2197,2025-01-18 17:00:56.248920,329,220
2198,2025-01-18 17:00:56.248920,419,220
2199,2025-01-18 17:00:56.248920,322,220
2200,2025-01-18 17:00:56.248920,279,220
2201,2025-01-18 17:00:56.248920,582,221
2202,2025-01-18 17:00:56.248920,393,221
2203,2025-01-18 17:00:56.248920,558,221
2204,2025-01-18 17:00:56.248920,625,221
2205,2025-01-18 17:00:56.248920,624,221
2206,2025-01-18 17:00:56.248920,647,221
2207,2025-01-18 17:00:56.248920,530,221
2208,2025-01-18 17:00:56.248920,557,221
2209,2025-01-18 17:00:56.248920,384,221
2210,2025-01-18 17:00:56.248920,466,221
2211,2025-01-18 17:00:56.248920,472,222
2212,2025-01-18 17:00:56.248920,391,222
2213,2025-01-18 17:00:56.248920,400,222
2214,2025-01-18 17:00:56.248920,520,222
2215,2025-01-18 17:00:56.248920,527,222
2216,2025-01-18 17:00:56.248920,431,222
2217,2025-01-18 17:00:56.248920,558,222
2218,2025-01-18 17:00:56.248920,234,222
2219,2025-01-18 17:00:56.248920,271,222
2220,2025-01-18 17:00:56.248920,649,222
2221,2025-01-18 17:00:56.248920,262,223
2222,2025-01-18 17:00:56.248920,461,223
2223,2025-01-18 17:00:56.248920,296,223
2224,2025-01-18 17:00:56.248920,453,223
2225,2025-01-18 17:00:56.248920,389,223
2226,2025-01-18 17:00:56.248920,649,223
2227,2025-01-18 17:00:56.249917,607,223
2228,2025-01-18 17:00:56.249917,249,223
2229,2025-01-18 17:00:56.249917,550,223
2230,2025-01-18 17:00:56.249917,551,223
2231,2025-01-18 17:00:56.249917,631,224
2232,2025-01-18 17:00:56.249917,615,224
2233,2025-01-18 17:00:56.249917,312,224
2234,2025-01-18 17:00:56.249917,449,224
2235,2025-01-18 17:00:56.249917,471,224
2236,2025-01-18 17:00:56.249917,614,224
2237,2025-01-18 17:00:56.249917,573,224
2238,2025-01-18 17:00:56.249917,407,224
2239,2025-01-18 17:00:56.249917,590,224
2240,2025-01-18 17:00:56.249917,216,224
2241,2025-01-18 17:00:56.249917,334,225
2242,2025-01-18 17:00:56.249917,641,225
2243,2025-01-18 17:00:56.249917,499,225
2244,2025-01-18 17:00:56.249917,194,225
2245,2025-01-18 17:00:56.249917,571,225
2246,2025-01-18 17:00:56.249917,579,225
2247,2025-01-18 17:00:56.249917,383,225
2248,2025-01-18 17:00:56.249917,394,225
2249,2025-01-18 17:00:56.249917,430,225
2250,2025-01-18 17:00:56.249917,642,225
2251,2025-01-18 17:00:56.249917,625,226
2252,2025-01-18 17:00:56.249917,406,226
2253,2025-01-18 17:00:56.249917,353,226
2254,2025-01-18 17:00:56.249917,464,226
2255,2025-01-18 17:00:56.249917,269,226
2256,2025-01-18 17:00:56.249917,299,226
2257,2025-01-18 17:00:56.249917,300,226
2258,2025-01-18 17:00:56.249917,457,226
2259,2025-01-18 17:00:56.249917,613,226
2260,2025-01-18 17:00:56.249917,411,226
2261,2025-01-18 17:00:56.249917,575,227
2262,2025-01-18 17:00:56.249917,272,227
2263,2025-01-18 17:00:56.249917,230,227
2264,2025-01-18 17:00:56.249917,261,227
2265,2025-01-18 17:00:56.249917,366,227
2266,2025-01-18 17:00:56.249917,491,227
2267,2025-01-18 17:00:56.249917,263,227
2268,2025-01-18 17:00:56.249917,480,227
2269,2025-01-18 17:00:56.249917,453,227
2270,2025-01-18 17:00:56.249917,316,227
2271,2025-01-18 17:00:56.249917,300,228
2272,2025-01-18 17:00:56.249917,488,228
2273,2025-01-18 17:00:56.249917,447,228
2274,2025-01-18 17:00:56.249917,634,228
2275,2025-01-18 17:00:56.249917,404,228
2276,2025-01-18 17:00:56.249917,398,228
2277,2025-01-18 17:00:56.249917,626,228
2278,2025-01-18 17:00:56.249917,357,228
2279,2025-01-18 17:00:56.249917,508,228
2280,2025-01-18 17:00:56.249917,627,228
2281,2025-01-18 17:00:56.249917,521,229
2282,2025-01-18 17:00:56.249917,592,229
2283,2025-01-18 17:00:56.249917,625,229
2284,2025-01-18 17:00:56.249917,479,229
2285,2025-01-18 17:00:56.249917,471,229
2286,2025-01-18 17:00:56.249917,253,229
2287,2025-01-18 17:00:56.249917,596,229
2288,2025-01-18 17:00:56.249917,331,229
2289,2025-01-18 17:00:56.249917,398,229
2290,2025-01-18 17:00:56.249917,358,229
2291,2025-01-18 17:00:56.249917,588,230
2292,2025-01-18 17:00:56.249917,407,230
2293,2025-01-18 17:00:56.249917,618,230
2294,2025-01-18 17:00:56.249917,312,230
2295,2025-01-18 17:00:56.249917,303,230
2296,2025-01-18 17:00:56.249917,287,230
2297,2025-01-18 17:00:56.249917,327,230
2298,2025-01-18 17:00:56.249917,492,230
2299,2025-01-18 17:00:56.249917,309,230
2300,2025-01-18 17:00:56.249917,532,230
2301,2025-01-18 17:00:56.249917,457,231
2302,2025-01-18 17:00:56.249917,416,231
2303,2025-01-18 17:00:56.249917,604,231
2304,2025-01-18 17:00:56.249917,588,231
2305,2025-01-18 17:00:56.249917,282,231
2306,2025-01-18 17:00:56.249917,419,231
2307,2025-01-18 17:00:56.249917,361,231
2308,2025-01-18 17:00:56.249917,654,231
2309,2025-01-18 17:00:56.249917,281,231
2310,2025-01-18 17:00:56.249917,430,231
2311,2025-01-18 17:00:56.249917,397,232
2312,2025-01-18 17:00:56.249917,419,232
2313,2025-01-18 17:00:56.249917,201,232
2314,2025-01-18 17:00:56.249917,207,232
2315,2025-01-18 17:00:56.249917,371,232
2316,2025-01-18 17:00:56.249917,375,232
2317,2025-01-18 17:00:56.249917,510,232
2318,2025-01-18 17:00:56.249917,663,232
2319,2025-01-18 17:00:56.249917,262,232
2320,2025-01-18 17:00:56.249917,336,232
2321,2025-01-18 17:00:56.249917,626,233
2322,2025-01-18 17:00:56.249917,498,233
2323,2025-01-18 17:00:56.249917,642,233
2324,2025-01-18 17:00:56.250914,296,233
2325,2025-01-18 17:00:56.250914,240,233
2326,2025-01-18 17:00:56.250914,666,233
2327,2025-01-18 17:00:56.250914,293,233
2328,2025-01-18 17:00:56.250914,230,233
2329,2025-01-18 17:00:56.250914,363,233
2330,2025-01-18 17:00:56.250914,444,233
2331,2025-01-18 17:00:56.250914,610,234
2332,2025-01-18 17:00:56.254904,537,234
2333,2025-01-18 17:00:56.254904,403,234
2334,2025-01-18 17:00:56.254904,353,234
2335,2025-01-18 17:00:56.254904,339,234
2336,2025-01-18 17:00:56.254904,621,234
2337,2025-01-18 17:00:56.254904,286,234
2338,2025-01-18 17:00:56.254904,244,234
2339,2025-01-18 17:00:56.254904,416,234
2340,2025-01-18 17:00:56.254904,664,234
2341,2025-01-18 17:00:56.254904,493,235
2342,2025-01-18 17:00:56.254904,561,235
2343,2025-01-18 17:00:56.254904,525,235
2344,2025-01-18 17:00:56.254904,331,235
2345,2025-01-18 17:00:56.254904,623,235
2346,2025-01-18 17:00:56.254904,628,235
2347,2025-01-18 17:00:56.254904,378,235
2348,2025-01-18 17:00:56.254904,529,235
2349,2025-01-18 17:00:56.254904,577,235
2350,2025-01-18 17:00:56.254904,454,235
2351,2025-01-18 17:00:56.254904,393,236
2352,2025-01-18 17:00:56.254904,195,236
2353,2025-01-18 17:00:56.254904,327,236
2354,2025-01-18 17:00:56.254904,221,236
2355,2025-01-18 17:00:56.254904,527,236
2356,2025-01-18 17:00:56.254904,343,236
2357,2025-01-18 17:00:56.254904,282,236
2358,2025-01-18 17:00:56.254904,392,236
2359,2025-01-18 17:00:56.254904,489,236
2360,2025-01-18 17:00:56.254904,440,236
2361,2025-01-18 17:00:56.254904,350,237
2362,2025-01-18 17:00:56.254904,234,237
2363,2025-01-18 17:00:56.254904,324,237
2364,2025-01-18 17:00:56.254904,245,237
2365,2025-01-18 17:00:56.254904,235,237
2366,2025-01-18 17:00:56.254904,226,237
2367,2025-01-18 17:00:56.254904,278,237
2368,2025-01-18 17:00:56.254904,615,237
2369,2025-01-18 17:00:56.254904,335,237
2370,2025-01-18 17:00:56.254904,548,237
2371,2025-01-18 17:00:56.254904,562,238
2372,2025-01-18 17:00:56.254904,339,238
2373,2025-01-18 17:00:56.254904,523,238
2374,2025-01-18 17:00:56.254904,530,238
2375,2025-01-18 17:00:56.254904,467,238
2376,2025-01-18 17:00:56.254904,306,238
2377,2025-01-18 17:00:56.254904,482,238
2378,2025-01-18 17:00:56.254904,622,238
2379,2025-01-18 17:00:56.254904,243,238
2380,2025-01-18 17:00:56.254904,424,238
2381,2025-01-18 17:00:56.254904,360,239
2382,2025-01-18 17:00:56.254904,539,239
2383,2025-01-18 17:00:56.254904,588,239
2384,2025-01-18 17:00:56.254904,574,239
2385,2025-01-18 17:00:56.254904,319,239
2386,2025-01-18 17:00:56.254904,612,239
2387,2025-01-18 17:00:56.254904,329,239
2388,2025-01-18 17:00:56.254904,287,239
2389,2025-01-18 17:00:56.254904,404,239
2390,2025-01-18 17:00:56.254904,344,239
2391,2025-01-18 17:00:56.254904,357,240
2392,2025-01-18 17:00:56.254904,575,240
2393,2025-01-18 17:00:56.254904,551,240
2394,2025-01-18 17:00:56.254904,353,240
2395,2025-01-18 17:00:56.254904,517,240
2396,2025-01-18 17:00:56.254904,375,240
2397,2025-01-18 17:00:56.254904,458,240
2398,2025-01-18 17:00:56.254904,291,240
2399,2025-01-18 17:00:56.254904,637,240
2400,2025-01-18 17:00:56.254904,482,240
2401,2025-01-18 17:00:56.254904,452,241
2402,2025-01-18 17:00:56.254904,421,241
2403,2025-01-18 17:00:56.254904,542,241
2404,2025-01-18 17:00:56.254904,227,241
2405,2025-01-18 17:00:56.254904,466,241
2406,2025-01-18 17:00:56.254904,302,241
2407,2025-01-18 17:00:56.254904,469,241
2408,2025-01-18 17:00:56.254904,619,241
2409,2025-01-18 17:00:56.254904,494,241
2410,2025-01-18 17:00:56.255901,583,241
2411,2025-01-18 17:00:56.255901,375,242
2412,2025-01-18 17:00:56.255901,199,242
2413,2025-01-18 17:00:56.255901,555,242
2414,2025-01-18 17:00:56.255901,645,242
2415,2025-01-18 17:00:56.255901,235,242
2416,2025-01-18 17:00:56.255901,290,242
2417,2025-01-18 17:00:56.255901,282,242
2418,2025-01-18 17:00:56.255901,620,242
2419,2025-01-18 17:00:56.255901,628,242
2420,2025-01-18 17:00:56.255901,500,242
2421,2025-01-18 17:00:56.255901,314,243
2422,2025-01-18 17:00:56.255901,443,243
2423,2025-01-18 17:00:56.255901,371,243
2424,2025-01-18 17:00:56.255901,223,243
2425,2025-01-18 17:00:56.255901,643,243
2426,2025-01-18 17:00:56.255901,376,243
2427,2025-01-18 17:00:56.255901,615,243
2428,2025-01-18 17:00:56.255901,504,243
2429,2025-01-18 17:00:56.255901,195,243
2430,2025-01-18 17:00:56.255901,369,243
2431,2025-01-18 17:00:56.255901,352,244
2432,2025-01-18 17:00:56.255901,355,244
2433,2025-01-18 17:00:56.255901,219,244
2434,2025-01-18 17:00:56.255901,580,244
2435,2025-01-18 17:00:56.255901,632,244
2436,2025-01-18 17:00:56.255901,617,244
2437,2025-01-18 17:00:56.255901,241,244
2438,2025-01-18 17:00:56.255901,621,244
2439,2025-01-18 17:00:56.255901,229,244
2440,2025-01-18 17:00:56.255901,317,244
2441,2025-01-18 17:00:56.255901,208,245
2442,2025-01-18 17:00:56.255901,275,245
2443,2025-01-18 17:00:56.255901,301,245
2444,2025-01-18 17:00:56.255901,319,245
2445,2025-01-18 17:00:56.255901,290,245
2446,2025-01-18 17:00:56.255901,633,245
2447,2025-01-18 17:00:56.255901,198,245
2448,2025-01-18 17:00:56.255901,347,245
2449,2025-01-18 17:00:56.255901,346,245
2450,2025-01-18 17:00:56.255901,221,245
2451,2025-01-18 17:00:56.255901,369,246
2452,2025-01-18 17:00:56.255901,454,246
2453,2025-01-18 17:00:56.255901,553,246
2454,2025-01-18 17:00:56.255901,538,246
2455,2025-01-18 17:00:56.255901,264,246
2456,2025-01-18 17:00:56.255901,504,246
2457,2025-01-18 17:00:56.255901,485,246
2458,2025-01-18 17:00:56.255901,213,246
2459,2025-01-18 17:00:56.255901,615,246
2460,2025-01-18 17:00:56.255901,486,246
2461,2025-01-18 17:00:56.255901,228,247
2462,2025-01-18 17:00:56.255901,517,247
2463,2025-01-18 17:00:56.255901,608,247
2464,2025-01-18 17:00:56.255901,363,247
2465,2025-01-18 17:00:56.255901,554,247
2466,2025-01-18 17:00:56.255901,536,247
2467,2025-01-18 17:00:56.255901,506,247
2468,2025-01-18 17:00:56.255901,446,247
2469,2025-01-18 17:00:56.255901,509,247
2470,2025-01-18 17:00:56.255901,392,247
2471,2025-01-18 17:00:56.255901,462,248
2472,2025-01-18 17:00:56.255901,431,248
2473,2025-01-18 17:00:56.255901,642,248
2474,2025-01-18 17:00:56.255901,339,248
2475,2025-01-18 17:00:56.255901,270,248
2476,2025-01-18 17:00:56.255901,309,248
2477,2025-01-18 17:00:56.255901,441,248
2478,2025-01-18 17:00:56.255901,374,248
2479,2025-01-18 17:00:56.255901,261,248
2480,2025-01-18 17:00:56.255901,493,248
2481,2025-01-18 17:00:56.255901,210,249
2482,2025-01-18 17:00:56.255901,479,249
2483,2025-01-18 17:00:56.255901,289,249
2484,2025-01-18 17:00:56.255901,328,249
2485,2025-01-18 17:00:56.255901,595,249
2486,2025-01-18 17:00:56.255901,296,249
2487,2025-01-18 17:00:56.255901,541,249
2488,2025-01-18 17:00:56.255901,525,249
2489,2025-01-18 17:00:56.255901,348,249
2490,2025-01-18 17:00:56.255901,231,249
2491,2025-01-18 17:00:56.255901,376,250
2492,2025-01-18 17:00:56.255901,194,250
2493,2025-01-18 17:00:56.255901,495,250
2494,2025-01-18 17:00:56.255901,248,250
2495,2025-01-18 17:00:56.255901,480,250
2496,2025-01-18 17:00:56.255901,231,250
2497,2025-01-18 17:00:56.255901,410,250
2498,2025-01-18 17:00:56.255901,310,250
2499,2025-01-18 17:00:56.255901,541,250
2500,2025-01-18 17:00:56.255901,374,250
2501,2025-01-18 17:00:56.255901,458,251
2502,2025-01-18 17:00:56.255901,465,251
2503,2025-01-18 17:00:56.255901,411,251
2504,2025-01-18 17:00:56.255901,280,251
2505,2025-01-18 17:00:56.255901,550,251
2506,2025-01-18 17:00:56.256898,632,251
2507,2025-01-18 17:00:56.256898,234,251
2508,2025-01-18 17:00:56.256898,330,251
2509,2025-01-18 17:00:56.256898,392,251
2510,2025-01-18 17:00:56.256898,509,251
2511,2025-01-18 17:00:56.256898,228,252
2512,2025-01-18 17:00:56.256898,396,252
2513,2025-01-18 17:00:56.256898,400,252
2514,2025-01-18 17:00:56.256898,216,252
2515,2025-01-18 17:00:56.256898,253,252
2516,2025-01-18 17:00:56.256898,463,252
2517,2025-01-18 17:00:56.256898,495,252
2518,2025-01-18 17:00:56.256898,474,252
2519,2025-01-18 17:00:56.256898,498,252
2520,2025-01-18 17:00:56.256898,366,252
2521,2025-01-18 17:00:56.256898,391,253
2522,2025-01-18 17:00:56.256898,569,253
2523,2025-01-18 17:00:56.256898,283,253
2524,2025-01-18 17:00:56.256898,526,253
2525,2025-01-18 17:00:56.256898,279,253
2526,2025-01-18 17:00:56.256898,244,253
2527,2025-01-18 17:00:56.256898,201,253
2528,2025-01-18 17:00:56.256898,584,253
2529,2025-01-18 17:00:56.256898,390,253
2530,2025-01-18 17:00:56.256898,666,253
2531,2025-01-18 17:00:56.256898,665,254
2532,2025-01-18 17:00:56.256898,402,254
2533,2025-01-18 17:00:56.256898,336,254
2534,2025-01-18 17:00:56.256898,442,254
2535,2025-01-18 17:00:56.256898,196,254
2536,2025-01-18 17:00:56.256898,205,254
2537,2025-01-18 17:00:56.256898,604,254
2538,2025-01-18 17:00:56.256898,531,254
2539,2025-01-18 17:00:56.256898,477,254
2540,2025-01-18 17:00:56.256898,383,254
2541,2025-01-18 17:00:56.256898,457,255
2542,2025-01-18 17:00:56.256898,353,255
2543,2025-01-18 17:00:56.256898,570,255
2544,2025-01-18 17:00:56.256898,612,255
2545,2025-01-18 17:00:56.256898,467,255
2546,2025-01-18 17:00:56.256898,204,255
2547,2025-01-18 17:00:56.256898,359,255
2548,2025-01-18 17:00:56.256898,461,255
2549,2025-01-18 17:00:56.256898,662,255
2550,2025-01-18 17:00:56.256898,373,255
2551,2025-01-18 17:00:56.256898,486,256
2552,2025-01-18 17:00:56.256898,237,256
2553,2025-01-18 17:00:56.256898,242,256
2554,2025-01-18 17:00:56.256898,255,256
2555,2025-01-18 17:00:56.256898,228,256
2556,2025-01-18 17:00:56.256898,287,256
2557,2025-01-18 17:00:56.256898,409,256
2558,2025-01-18 17:00:56.256898,221,256
2559,2025-01-18 17:00:56.256898,641,256
2560,2025-01-18 17:00:56.256898,309,256
2561,2025-01-18 17:00:56.256898,388,257
2562,2025-01-18 17:00:56.256898,328,257
2563,2025-01-18 17:00:56.256898,563,257
2564,2025-01-18 17:00:56.256898,421,257
2565,2025-01-18 17:00:56.256898,367,257
2566,2025-01-18 17:00:56.256898,491,257
2567,2025-01-18 17:00:56.256898,417,257
2568,2025-01-18 17:00:56.256898,621,257
2569,2025-01-18 17:00:56.256898,484,257
2570,2025-01-18 17:00:56.256898,587,257
2571,2025-01-18 17:00:56.256898,200,258
2572,2025-01-18 17:00:56.256898,660,258
2573,2025-01-18 17:00:56.256898,286,258
2574,2025-01-18 17:00:56.256898,212,258
2575,2025-01-18 17:00:56.256898,347,258
2576,2025-01-18 17:00:56.256898,529,258
2577,2025-01-18 17:00:56.256898,304,258
2578,2025-01-18 17:00:56.256898,445,258
2579,2025-01-18 17:00:56.256898,594,258
2580,2025-01-18 17:00:56.256898,628,258
2581,2025-01-18 17:00:56.256898,413,259
2582,2025-01-18 17:00:56.256898,642,259
2583,2025-01-18 17:00:56.256898,207,259
2584,2025-01-18 17:00:56.256898,645,259
2585,2025-01-18 17:00:56.256898,299,259
2586,2025-01-18 17:00:56.256898,580,259
2587,2025-01-18 17:00:56.256898,309,259
2588,2025-01-18 17:00:56.256898,509,259
2589,2025-01-18 17:00:56.256898,233,259
2590,2025-01-18 17:00:56.256898,358,259
2591,2025-01-18 17:00:56.256898,465,260
2592,2025-01-18 17:00:56.256898,273,260
2593,2025-01-18 17:00:56.256898,367,260
2594,2025-01-18 17:00:56.256898,206,260
2595,2025-01-18 17:00:56.256898,558,260
2596,2025-01-18 17:00:56.256898,258,260
2597,2025-01-18 17:00:56.256898,650,260
2598,2025-01-18 17:00:56.256898,250,260
2599,2025-01-18 17:00:56.256898,617,260
2600,2025-01-18 17:00:56.256898,564,260
2601,2025-01-18 17:00:56.256898,418,261
2602,2025-01-18 17:00:56.256898,663,261
2603,2025-01-18 17:00:56.257896,582,261
2604,2025-01-18 17:00:56.257896,333,261
2605,2025-01-18 17:00:56.257896,566,261
2606,2025-01-18 17:00:56.257896,404,261
2607,2025-01-18 17:00:56.257896,592,261
2608,2025-01-18 17:00:56.257896,485,261
2609,2025-01-18 17:00:56.257896,300,261
2610,2025-01-18 17:00:56.257896,297,261
2611,2025-01-18 17:00:56.257896,600,262
2612,2025-01-18 17:00:56.257896,288,262
2613,2025-01-18 17:00:56.257896,497,262
2614,2025-01-18 17:00:56.257896,278,262
2615,2025-01-18 17:00:56.257896,460,262
2616,2025-01-18 17:00:56.257896,354,262
2617,2025-01-18 17:00:56.257896,224,262
2618,2025-01-18 17:00:56.257896,567,262
2619,2025-01-18 17:00:56.257896,287,262
2620,2025-01-18 17:00:56.257896,430,262
2621,2025-01-18 17:00:56.257896,537,263
2622,2025-01-18 17:00:56.257896,539,263
2623,2025-01-18 17:00:56.257896,328,263
2624,2025-01-18 17:00:56.257896,587,263
2625,2025-01-18 17:00:56.257896,463,263
2626,2025-01-18 17:00:56.257896,397,263
2627,2025-01-18 17:00:56.257896,483,263
2628,2025-01-18 17:00:56.257896,606,263
2629,2025-01-18 17:00:56.257896,633,263
2630,2025-01-18 17:00:56.257896,428,263
2631,2025-01-18 17:00:56.257896,466,264
2632,2025-01-18 17:00:56.257896,237,264
2633,2025-01-18 17:00:56.257896,627,264
2634,2025-01-18 17:00:56.257896,330,264
2635,2025-01-18 17:00:56.257896,587,264
2636,2025-01-18 17:00:56.257896,218,264
2637,2025-01-18 17:00:56.257896,426,264
2638,2025-01-18 17:00:56.257896,484,264
2639,2025-01-18 17:00:56.257896,549,264
2640,2025-01-18 17:00:56.257896,366,264
2641,2025-01-18 17:00:56.257896,224,265
2642,2025-01-18 17:00:56.257896,562,265
2643,2025-01-18 17:00:56.257896,520,265
2644,2025-01-18 17:00:56.257896,656,265
2645,2025-01-18 17:00:56.257896,454,265
2646,2025-01-18 17:00:56.257896,425,265
2647,2025-01-18 17:00:56.257896,291,265
2648,2025-01-18 17:00:56.257896,325,265
2649,2025-01-18 17:00:56.257896,530,265
2650,2025-01-18 17:00:56.257896,544,265
2651,2025-01-18 17:00:56.257896,260,266
2652,2025-01-18 17:00:56.257896,622,266
2653,2025-01-18 17:00:56.257896,528,266
2654,2025-01-18 17:00:56.257896,663,266
2655,2025-01-18 17:00:56.257896,453,266
2656,2025-01-18 17:00:56.257896,593,266
2657,2025-01-18 17:00:56.257896,309,266
2658,2025-01-18 17:00:56.257896,654,266
2659,2025-01-18 17:00:56.257896,261,266
2660,2025-01-18 17:00:56.257896,318,266
2661,2025-01-18 17:00:56.257896,546,267
2662,2025-01-18 17:00:56.257896,357,267
2663,2025-01-18 17:00:56.257896,502,267
2664,2025-01-18 17:00:56.257896,568,267
2665,2025-01-18 17:00:56.261885,452,267
2666,2025-01-18 17:00:56.261885,337,267
2667,2025-01-18 17:00:56.261885,208,267
2668,2025-01-18 17:00:56.261885,423,267
2669,2025-01-18 17:00:56.261885,387,267
2670,2025-01-18 17:00:56.261885,411,267
2671,2025-01-18 17:00:56.261885,280,268
2672,2025-01-18 17:00:56.261885,506,268
2673,2025-01-18 17:00:56.261885,447,268
2674,2025-01-18 17:00:56.261885,252,268
2675,2025-01-18 17:00:56.261885,312,268
2676,2025-01-18 17:00:56.261885,559,268
2677,2025-01-18 17:00:56.261885,540,268
2678,2025-01-18 17:00:56.261885,550,268
2679,2025-01-18 17:00:56.261885,496,268
2680,2025-01-18 17:00:56.261885,607,268
2681,2025-01-18 17:00:56.261885,426,269
2682,2025-01-18 17:00:56.261885,403,269
2683,2025-01-18 17:00:56.261885,227,269
2684,2025-01-18 17:00:56.261885,525,269
2685,2025-01-18 17:00:56.261885,210,269
2686,2025-01-18 17:00:56.261885,569,269
2687,2025-01-18 17:00:56.261885,292,269
2688,2025-01-18 17:00:56.261885,446,269
2689,2025-01-18 17:00:56.261885,600,269
2690,2025-01-18 17:00:56.261885,563,269
2691,2025-01-18 17:00:56.261885,464,270
2692,2025-01-18 17:00:56.261885,540,270
2693,2025-01-18 17:00:56.261885,667,270
2694,2025-01-18 17:00:56.262882,365,270
2695,2025-01-18 17:00:56.262882,532,270
2696,2025-01-18 17:00:56.262882,409,270
2697,2025-01-18 17:00:56.262882,533,270
2698,2025-01-18 17:00:56.262882,377,270
2699,2025-01-18 17:00:56.262882,197,270
2700,2025-01-18 17:00:56.262882,215,270
2701,2025-01-18 17:00:56.262882,548,271
2702,2025-01-18 17:00:56.262882,448,271
2703,2025-01-18 17:00:56.262882,219,271
2704,2025-01-18 17:00:56.262882,611,271
2705,2025-01-18 17:00:56.262882,512,271
2706,2025-01-18 17:00:56.262882,621,271
2707,2025-01-18 17:00:56.262882,540,271
2708,2025-01-18 17:00:56.262882,205,271
2709,2025-01-18 17:00:56.262882,629,271
2710,2025-01-18 17:00:56.262882,360,271
2711,2025-01-18 17:00:56.262882,584,272
2712,2025-01-18 17:00:56.262882,378,272
2713,2025-01-18 17:00:56.262882,452,272
2714,2025-01-18 17:00:56.262882,337,272
2715,2025-01-18 17:00:56.262882,470,272
2716,2025-01-18 17:00:56.262882,555,272
2717,2025-01-18 17:00:56.262882,195,272
2718,2025-01-18 17:00:56.262882,434,272
2719,2025-01-18 17:00:56.262882,231,272
2720,2025-01-18 17:00:56.262882,481,272
2721,2025-01-18 17:00:56.262882,563,273
2722,2025-01-18 17:00:56.262882,606,273
2723,2025-01-18 17:00:56.262882,491,273
2724,2025-01-18 17:00:56.262882,440,273
2725,2025-01-18 17:00:56.262882,464,273
2726,2025-01-18 17:00:56.262882,426,273
2727,2025-01-18 17:00:56.262882,650,273
2728,2025-01-18 17:00:56.262882,350,273
2729,2025-01-18 17:00:56.262882,297,273
2730,2025-01-18 17:00:56.262882,504,273
2731,2025-01-18 17:00:56.262882,326,274
2732,2025-01-18 17:00:56.262882,543,274
2733,2025-01-18 17:00:56.262882,487,274
2734,2025-01-18 17:00:56.262882,541,274
2735,2025-01-18 17:00:56.262882,624,274
2736,2025-01-18 17:00:56.262882,262,274
2737,2025-01-18 17:00:56.262882,476,274
2738,2025-01-18 17:00:56.262882,570,274
2739,2025-01-18 17:00:56.262882,393,274
2740,2025-01-18 17:00:56.262882,230,274
2741,2025-01-18 17:00:56.262882,495,275
2742,2025-01-18 17:00:56.262882,382,275
2743,2025-01-18 17:00:56.262882,611,275
2744,2025-01-18 17:00:56.262882,491,275
2745,2025-01-18 17:00:56.262882,528,275
2746,2025-01-18 17:00:56.262882,376,275
2747,2025-01-18 17:00:56.262882,194,275
2748,2025-01-18 17:00:56.262882,323,275
2749,2025-01-18 17:00:56.262882,242,275
2750,2025-01-18 17:00:56.262882,433,275
2751,2025-01-18 17:00:56.262882,265,276
2752,2025-01-18 17:00:56.262882,624,276
2753,2025-01-18 17:00:56.262882,225,276
2754,2025-01-18 17:00:56.262882,502,276
2755,2025-01-18 17:00:56.262882,220,276
2756,2025-01-18 17:00:56.262882,497,276
2757,2025-01-18 17:00:56.262882,297,276
2758,2025-01-18 17:00:56.262882,362,276
2759,2025-01-18 17:00:56.262882,259,276
2760,2025-01-18 17:00:56.262882,589,276
2761,2025-01-18 17:00:56.262882,262,277
2762,2025-01-18 17:00:56.262882,286,277
2763,2025-01-18 17:00:56.262882,432,277
2764,2025-01-18 17:00:56.262882,311,277
2765,2025-01-18 17:00:56.262882,226,277
2766,2025-01-18 17:00:56.262882,375,277
2767,2025-01-18 17:00:56.262882,437,277
2768,2025-01-18 17:00:56.262882,522,277
2769,2025-01-18 17:00:56.262882,201,277
2770,2025-01-18 17:00:56.262882,223,277
2771,2025-01-18 17:00:56.262882,307,278
2772,2025-01-18 17:00:56.262882,504,278
2773,2025-01-18 17:00:56.262882,377,278
2774,2025-01-18 17:00:56.262882,332,278
2775,2025-01-18 17:00:56.262882,412,278
2776,2025-01-18 17:00:56.262882,292,278
2777,2025-01-18 17:00:56.262882,273,278
2778,2025-01-18 17:00:56.262882,569,278
2779,2025-01-18 17:00:56.262882,556,278
2780,2025-01-18 17:00:56.262882,427,278
2781,2025-01-18 17:00:56.262882,422,279
2782,2025-01-18 17:00:56.262882,501,279
2783,2025-01-18 17:00:56.262882,644,279
2784,2025-01-18 17:00:56.262882,459,279
2785,2025-01-18 17:00:56.262882,637,279
2786,2025-01-18 17:00:56.262882,483,279
2787,2025-01-18 17:00:56.262882,476,279
2788,2025-01-18 17:00:56.262882,277,279
2789,2025-01-18 17:00:56.262882,255,279
2790,2025-01-18 17:00:56.262882,265,279
2791,2025-01-18 17:00:56.262882,377,280
2792,2025-01-18 17:00:56.263880,247,280
2793,2025-01-18 17:00:56.263880,657,280
2794,2025-01-18 17:00:56.263880,379,280
2795,2025-01-18 17:00:56.263880,528,280
2796,2025-01-18 17:00:56.263880,212,280
2797,2025-01-18 17:00:56.263880,364,280
2798,2025-01-18 17:00:56.263880,459,280
2799,2025-01-18 17:00:56.263880,261,280
2800,2025-01-18 17:00:56.263880,407,280
2801,2025-01-18 17:00:56.263880,364,281
2802,2025-01-18 17:00:56.263880,557,281
2803,2025-01-18 17:00:56.263880,471,281
2804,2025-01-18 17:00:56.263880,622,281
2805,2025-01-18 17:00:56.263880,376,281
2806,2025-01-18 17:00:56.263880,653,281
2807,2025-01-18 17:00:56.263880,566,281
2808,2025-01-18 17:00:56.263880,454,281
2809,2025-01-18 17:00:56.263880,354,281
2810,2025-01-18 17:00:56.263880,600,281
2811,2025-01-18 17:00:56.263880,442,282
2812,2025-01-18 17:00:56.263880,493,282
2813,2025-01-18 17:00:56.263880,632,282
2814,2025-01-18 17:00:56.263880,359,282
2815,2025-01-18 17:00:56.263880,445,282
2816,2025-01-18 17:00:56.263880,203,282
2817,2025-01-18 17:00:56.263880,344,282
2818,2025-01-18 17:00:56.263880,488,282
2819,2025-01-18 17:00:56.263880,395,282
2820,2025-01-18 17:00:56.263880,208,282
2821,2025-01-18 17:00:56.263880,256,283
2822,2025-01-18 17:00:56.263880,388,283
2823,2025-01-18 17:00:56.263880,267,283
2824,2025-01-18 17:00:56.263880,261,283
2825,2025-01-18 17:00:56.263880,611,283
2826,2025-01-18 17:00:56.263880,435,283
2827,2025-01-18 17:00:56.263880,404,283
2828,2025-01-18 17:00:56.263880,614,283
2829,2025-01-18 17:00:56.263880,386,283
2830,2025-01-18 17:00:56.263880,288,283
2831,2025-01-18 17:00:56.263880,395,284
2832,2025-01-18 17:00:56.263880,407,284
2833,2025-01-18 17:00:56.263880,238,284
2834,2025-01-18 17:00:56.263880,266,284
2835,2025-01-18 17:00:56.263880,471,284
2836,2025-01-18 17:00:56.263880,618,284
2837,2025-01-18 17:00:56.263880,342,284
2838,2025-01-18 17:00:56.263880,431,284
2839,2025-01-18 17:00:56.263880,508,284
2840,2025-01-18 17:00:56.263880,378,284
2841,2025-01-18 17:00:56.263880,498,285
2842,2025-01-18 17:00:56.263880,293,285
2843,2025-01-18 17:00:56.263880,634,285
2844,2025-01-18 17:00:56.263880,488,285
2845,2025-01-18 17:00:56.263880,545,285
2846,2025-01-18 17:00:56.263880,347,285
2847,2025-01-18 17:00:56.263880,418,285
2848,2025-01-18 17:00:56.263880,314,285
2849,2025-01-18 17:00:56.263880,263,285
2850,2025-01-18 17:00:56.263880,252,285
2851,2025-01-18 17:00:56.263880,346,286
2852,2025-01-18 17:00:56.263880,651,286
2853,2025-01-18 17:00:56.263880,478,286
2854,2025-01-18 17:00:56.263880,235,286
2855,2025-01-18 17:00:56.263880,555,286
2856,2025-01-18 17:00:56.263880,611,286
2857,2025-01-18 17:00:56.263880,558,286
2858,2025-01-18 17:00:56.263880,530,286
2859,2025-01-18 17:00:56.263880,232,286
2860,2025-01-18 17:00:56.263880,376,286
2861,2025-01-18 17:00:56.263880,520,287
2862,2025-01-18 17:00:56.263880,331,287
2863,2025-01-18 17:00:56.263880,385,287
2864,2025-01-18 17:00:56.263880,317,287
2865,2025-01-18 17:00:56.263880,604,287
2866,2025-01-18 17:00:56.263880,321,287
2867,2025-01-18 17:00:56.263880,602,287
2868,2025-01-18 17:00:56.263880,615,287
2869,2025-01-18 17:00:56.263880,238,287
2870,2025-01-18 17:00:56.263880,276,287
2871,2025-01-18 17:00:56.263880,295,288
2872,2025-01-18 17:00:56.263880,349,288
2873,2025-01-18 17:00:56.263880,475,288
2874,2025-01-18 17:00:56.263880,618,288
2875,2025-01-18 17:00:56.263880,463,288
2876,2025-01-18 17:00:56.263880,665,288
2877,2025-01-18 17:00:56.263880,534,288
2878,2025-01-18 17:00:56.263880,429,288
2879,2025-01-18 17:00:56.263880,586,288
2880,2025-01-18 17:00:56.263880,621,288
2881,2025-01-18 17:00:56.263880,238,289
2882,2025-01-18 17:00:56.263880,293,289
2883,2025-01-18 17:00:56.263880,233,289
2884,2025-01-18 17:00:56.263880,495,289
2885,2025-01-18 17:00:56.263880,344,289
2886,2025-01-18 17:00:56.263880,308,289
2887,2025-01-18 17:00:56.263880,640,289
2888,2025-01-18 17:00:56.263880,544,289
2889,2025-01-18 17:00:56.264877,297,289
2890,2025-01-18 17:00:56.264877,246,289
2891,2025-01-18 17:00:56.264877,530,290
2892,2025-01-18 17:00:56.264877,330,290
2893,2025-01-18 17:00:56.264877,517,290
2894,2025-01-18 17:00:56.264877,502,290
2895,2025-01-18 17:00:56.264877,378,290
2896,2025-01-18 17:00:56.264877,238,290
2897,2025-01-18 17:00:56.264877,250,290
2898,2025-01-18 17:00:56.264877,265,290
2899,2025-01-18 17:00:56.264877,636,290
2900,2025-01-18 17:00:56.264877,196,290
2901,2025-01-18 17:00:56.264877,472,291
2902,2025-01-18 17:00:56.264877,396,291
2903,2025-01-18 17:00:56.264877,265,291
2904,2025-01-18 17:00:56.264877,487,291
2905,2025-01-18 17:00:56.264877,366,291
2906,2025-01-18 17:00:56.264877,202,291
2907,2025-01-18 17:00:56.264877,528,291
2908,2025-01-18 17:00:56.264877,448,291
2909,2025-01-18 17:00:56.264877,497,291
2910,2025-01-18 17:00:56.264877,480,291
2911,2025-01-18 17:00:56.264877,291,292
2912,2025-01-18 17:00:56.264877,209,292
2913,2025-01-18 17:00:56.264877,308,292
2914,2025-01-18 17:00:56.264877,608,292
2915,2025-01-18 17:00:56.264877,321,292
2916,2025-01-18 17:00:56.264877,232,292
2917,2025-01-18 17:00:56.264877,270,292
2918,2025-01-18 17:00:56.264877,214,292
2919,2025-01-18 17:00:56.264877,346,292
2920,2025-01-18 17:00:56.264877,498,292
2921,2025-01-18 17:00:56.264877,532,293
2922,2025-01-18 17:00:56.264877,600,293
2923,2025-01-18 17:00:56.264877,208,293
2924,2025-01-18 17:00:56.264877,514,293
2925,2025-01-18 17:00:56.264877,467,293
2926,2025-01-18 17:00:56.264877,262,293
2927,2025-01-18 17:00:56.264877,260,293
2928,2025-01-18 17:00:56.264877,326,293
2929,2025-01-18 17:00:56.264877,209,293
2930,2025-01-18 17:00:56.264877,297,293
2931,2025-01-18 17:00:56.264877,640,294
2932,2025-01-18 17:00:56.264877,580,294
2933,2025-01-18 17:00:56.264877,357,294
2934,2025-01-18 17:00:56.264877,365,294
2935,2025-01-18 17:00:56.264877,582,294
2936,2025-01-18 17:00:56.264877,272,294
2937,2025-01-18 17:00:56.264877,229,294
2938,2025-01-18 17:00:56.264877,560,294
2939,2025-01-18 17:00:56.264877,497,294
2940,2025-01-18 17:00:56.264877,286,294
2941,2025-01-18 17:00:56.264877,504,295
2942,2025-01-18 17:00:56.264877,667,295
2943,2025-01-18 17:00:56.264877,264,295
2944,2025-01-18 17:00:56.264877,326,295
2945,2025-01-18 17:00:56.264877,194,295
2946,2025-01-18 17:00:56.264877,424,295
2947,2025-01-18 17:00:56.264877,531,295
2948,2025-01-18 17:00:56.264877,570,295
2949,2025-01-18 17:00:56.264877,293,295
2950,2025-01-18 17:00:56.264877,260,295
2951,2025-01-18 17:00:56.264877,608,296
2952,2025-01-18 17:00:56.264877,301,296
2953,2025-01-18 17:00:56.264877,395,296
2954,2025-01-18 17:00:56.264877,202,296
2955,2025-01-18 17:00:56.264877,433,296
2956,2025-01-18 17:00:56.264877,449,296
2957,2025-01-18 17:00:56.264877,286,296
2958,2025-01-18 17:00:56.264877,544,296
2959,2025-01-18 17:00:56.264877,391,296
2960,2025-01-18 17:00:56.264877,451,296
2961,2025-01-18 17:00:56.264877,612,297
2962,2025-01-18 17:00:56.264877,410,297
2963,2025-01-18 17:00:56.264877,630,297
2964,2025-01-18 17:00:56.264877,530,297
2965,2025-01-18 17:00:56.264877,655,297
2966,2025-01-18 17:00:56.264877,200,297
2967,2025-01-18 17:00:56.264877,266,297
2968,2025-01-18 17:00:56.264877,318,297
2969,2025-01-18 17:00:56.264877,508,297
2970,2025-01-18 17:00:56.264877,253,297
2971,2025-01-18 17:00:56.264877,584,298
2972,2025-01-18 17:00:56.264877,337,298
2973,2025-01-18 17:00:56.264877,547,298
2974,2025-01-18 17:00:56.264877,292,298
2975,2025-01-18 17:00:56.264877,407,298
2976,2025-01-18 17:00:56.264877,336,298
2977,2025-01-18 17:00:56.264877,512,298
2978,2025-01-18 17:00:56.264877,462,298
2979,2025-01-18 17:00:56.264877,494,298
2980,2025-01-18 17:00:56.264877,663,298
2981,2025-01-18 17:00:56.264877,576,299
2982,2025-01-18 17:00:56.264877,577,299
2983,2025-01-18 17:00:56.264877,325,299
2984,2025-01-18 17:00:56.265874,383,299
2985,2025-01-18 17:00:56.265874,567,299
2986,2025-01-18 17:00:56.265874,410,299
2987,2025-01-18 17:00:56.265874,499,299
2988,2025-01-18 17:00:56.265874,514,299
2989,2025-01-18 17:00:56.265874,406,299
2990,2025-01-18 17:00:56.265874,309,299
2991,2025-01-18 17:00:56.265874,359,300
2992,2025-01-18 17:00:56.265874,271,300
2993,2025-01-18 17:00:56.265874,586,300
2994,2025-01-18 17:00:56.265874,651,300
2995,2025-01-18 17:00:56.265874,363,300
2996,2025-01-18 17:00:56.265874,490,300
2997,2025-01-18 17:00:56.265874,283,300
2998,2025-01-18 17:00:56.269864,598,300
2999,2025-01-18 17:00:56.269864,471,300
3000,2025-01-18 17:00:56.269864,580,300
3001,2025-01-18 17:00:56.269864,404,301
3002,2025-01-18 17:00:56.269864,426,301
3003,2025-01-18 17:00:56.269864,222,301
3004,2025-01-18 17:00:56.269864,259,301
3005,2025-01-18 17:00:56.269864,202,301
3006,2025-01-18 17:00:56.269864,532,301
3007,2025-01-18 17:00:56.269864,256,301
3008,2025-01-18 17:00:56.269864,205,301
3009,2025-01-18 17:00:56.269864,224,301
3010,2025-01-18 17:00:56.269864,284,301
3011,2025-01-18 17:00:56.269864,314,302
3012,2025-01-18 17:00:56.269864,376,302
3013,2025-01-18 17:00:56.269864,432,302
3014,2025-01-18 17:00:56.269864,289,302
3015,2025-01-18 17:00:56.269864,601,302
3016,2025-01-18 17:00:56.269864,573,302
3017,2025-01-18 17:00:56.269864,498,302
3018,2025-01-18 17:00:56.269864,221,302
3019,2025-01-18 17:00:56.269864,513,302
3020,2025-01-18 17:00:56.269864,515,302
3021,2025-01-18 17:00:56.269864,595,303
3022,2025-01-18 17:00:56.269864,594,303
3023,2025-01-18 17:00:56.269864,455,303
3024,2025-01-18 17:00:56.269864,580,303
3025,2025-01-18 17:00:56.269864,348,303
3026,2025-01-18 17:00:56.269864,667,303
3027,2025-01-18 17:00:56.269864,480,303
3028,2025-01-18 17:00:56.269864,217,303
3029,2025-01-18 17:00:56.269864,575,303
3030,2025-01-18 17:00:56.269864,431,303
3031,2025-01-18 17:00:56.269864,405,304
3032,2025-01-18 17:00:56.269864,600,304
3033,2025-01-18 17:00:56.269864,404,304
3034,2025-01-18 17:00:56.269864,349,304
3035,2025-01-18 17:00:56.269864,242,304
3036,2025-01-18 17:00:56.269864,607,304
3037,2025-01-18 17:00:56.269864,332,304
3038,2025-01-18 17:00:56.269864,262,304
3039,2025-01-18 17:00:56.269864,251,304
3040,2025-01-18 17:00:56.269864,655,304
3041,2025-01-18 17:00:56.269864,247,305
3042,2025-01-18 17:00:56.269864,538,305
3043,2025-01-18 17:00:56.269864,466,305
3044,2025-01-18 17:00:56.269864,662,305
3045,2025-01-18 17:00:56.269864,402,305
3046,2025-01-18 17:00:56.269864,333,305
3047,2025-01-18 17:00:56.269864,542,305
3048,2025-01-18 17:00:56.269864,576,305
3049,2025-01-18 17:00:56.269864,487,305
3050,2025-01-18 17:00:56.269864,391,305
3051,2025-01-18 17:00:56.269864,329,306
3052,2025-01-18 17:00:56.269864,246,306
3053,2025-01-18 17:00:56.269864,268,306
3054,2025-01-18 17:00:56.269864,437,306
3055,2025-01-18 17:00:56.269864,364,306
3056,2025-01-18 17:00:56.269864,494,306
3057,2025-01-18 17:00:56.269864,274,306
3058,2025-01-18 17:00:56.269864,391,306
3059,2025-01-18 17:00:56.269864,333,306
3060,2025-01-18 17:00:56.269864,221,306
3061,2025-01-18 17:00:56.269864,334,307
3062,2025-01-18 17:00:56.269864,284,307
3063,2025-01-18 17:00:56.269864,217,307
3064,2025-01-18 17:00:56.269864,649,307
3065,2025-01-18 17:00:56.269864,617,307
3066,2025-01-18 17:00:56.269864,495,307
3067,2025-01-18 17:00:56.269864,556,307
3068,2025-01-18 17:00:56.270861,665,307
3069,2025-01-18 17:00:56.270861,548,307
3070,2025-01-18 17:00:56.270861,628,307
3071,2025-01-18 17:00:56.270861,355,308
3072,2025-01-18 17:00:56.270861,510,308
3073,2025-01-18 17:00:56.270861,452,308
3074,2025-01-18 17:00:56.270861,351,308
3075,2025-01-18 17:00:56.270861,591,308
3076,2025-01-18 17:00:56.270861,248,308
3077,2025-01-18 17:00:56.270861,360,308
3078,2025-01-18 17:00:56.270861,203,308
3079,2025-01-18 17:00:56.270861,309,308
3080,2025-01-18 17:00:56.270861,469,308
3081,2025-01-18 17:00:56.270861,575,309
3082,2025-01-18 17:00:56.270861,588,309
3083,2025-01-18 17:00:56.270861,197,309
3084,2025-01-18 17:00:56.270861,474,309
3085,2025-01-18 17:00:56.270861,267,309
3086,2025-01-18 17:00:56.270861,400,309
3087,2025-01-18 17:00:56.270861,219,309
3088,2025-01-18 17:00:56.270861,343,309
3089,2025-01-18 17:00:56.270861,583,309
3090,2025-01-18 17:00:56.270861,441,309
3091,2025-01-18 17:00:56.270861,303,310
3092,2025-01-18 17:00:56.270861,195,310
3093,2025-01-18 17:00:56.270861,302,310
3094,2025-01-18 17:00:56.270861,426,310
3095,2025-01-18 17:00:56.270861,482,310
3096,2025-01-18 17:00:56.270861,385,310
3097,2025-01-18 17:00:56.270861,487,310
3098,2025-01-18 17:00:56.270861,662,310
3099,2025-01-18 17:00:56.270861,462,310
3100,2025-01-18 17:00:56.270861,317,310
3101,2025-01-18 17:00:56.270861,335,311
3102,2025-01-18 17:00:56.270861,536,311
3103,2025-01-18 17:00:56.270861,575,311
3104,2025-01-18 17:00:56.270861,299,311
3105,2025-01-18 17:00:56.270861,546,311
3106,2025-01-18 17:00:56.270861,643,311
3107,2025-01-18 17:00:56.270861,229,311
3108,2025-01-18 17:00:56.270861,482,311
3109,2025-01-18 17:00:56.270861,352,311
3110,2025-01-18 17:00:56.270861,328,311
3111,2025-01-18 17:00:56.270861,355,312
3112,2025-01-18 17:00:56.270861,585,312
3113,2025-01-18 17:00:56.270861,613,312
3114,2025-01-18 17:00:56.270861,413,312
3115,2025-01-18 17:00:56.270861,664,312
3116,2025-01-18 17:00:56.270861,488,312
3117,2025-01-18 17:00:56.270861,323,312
3118,2025-01-18 17:00:56.270861,417,312
3119,2025-01-18 17:00:56.270861,432,312
3120,2025-01-18 17:00:56.270861,346,312
3121,2025-01-18 17:00:56.270861,388,313
3122,2025-01-18 17:00:56.270861,579,313
3123,2025-01-18 17:00:56.270861,441,313
3124,2025-01-18 17:00:56.270861,336,313
3125,2025-01-18 17:00:56.270861,320,313
3126,2025-01-18 17:00:56.270861,517,313
3127,2025-01-18 17:00:56.270861,203,313
3128,2025-01-18 17:00:56.270861,620,313
3129,2025-01-18 17:00:56.270861,630,313
3130,2025-01-18 17:00:56.270861,406,313
3131,2025-01-18 17:00:56.270861,641,314
3132,2025-01-18 17:00:56.270861,566,314
3133,2025-01-18 17:00:56.270861,263,314
3134,2025-01-18 17:00:56.270861,274,314
3135,2025-01-18 17:00:56.270861,222,314
3136,2025-01-18 17:00:56.270861,280,314
3137,2025-01-18 17:00:56.270861,350,314
3138,2025-01-18 17:00:56.270861,449,314
3139,2025-01-18 17:00:56.270861,329,314
3140,2025-01-18 17:00:56.270861,251,314
3141,2025-01-18 17:00:56.270861,643,315
3142,2025-01-18 17:00:56.270861,439,315
3143,2025-01-18 17:00:56.270861,515,315
3144,2025-01-18 17:00:56.270861,585,315
3145,2025-01-18 17:00:56.270861,219,315
3146,2025-01-18 17:00:56.270861,616,315
3147,2025-01-18 17:00:56.270861,557,315
3148,2025-01-18 17:00:56.270861,280,315
3149,2025-01-18 17:00:56.270861,419,315
3150,2025-01-18 17:00:56.270861,641,315
3151,2025-01-18 17:00:56.270861,349,316
3152,2025-01-18 17:00:56.270861,613,316
3153,2025-01-18 17:00:56.270861,367,316
3154,2025-01-18 17:00:56.270861,267,316
3155,2025-01-18 17:00:56.270861,363,316
3156,2025-01-18 17:00:56.270861,599,316
3157,2025-01-18 17:00:56.270861,365,316
3158,2025-01-18 17:00:56.270861,372,316
3159,2025-01-18 17:00:56.270861,346,316
3160,2025-01-18 17:00:56.270861,221,316
3161,2025-01-18 17:00:56.270861,583,317
3162,2025-01-18 17:00:56.270861,314,317
3163,2025-01-18 17:00:56.270861,495,317
3164,2025-01-18 17:00:56.270861,375,317
3165,2025-01-18 17:00:56.271858,349,317
3166,2025-01-18 17:00:56.271858,526,317
3167,2025-01-18 17:00:56.271858,626,317
3168,2025-01-18 17:00:56.271858,584,317
3169,2025-01-18 17:00:56.271858,286,317
3170,2025-01-18 17:00:56.271858,385,317
3171,2025-01-18 17:00:56.271858,390,318
3172,2025-01-18 17:00:56.271858,245,318
3173,2025-01-18 17:00:56.271858,394,318
3174,2025-01-18 17:00:56.271858,238,318
3175,2025-01-18 17:00:56.271858,647,318
3176,2025-01-18 17:00:56.271858,535,318
3177,2025-01-18 17:00:56.271858,371,318
3178,2025-01-18 17:00:56.271858,599,318
3179,2025-01-18 17:00:56.271858,607,318
3180,2025-01-18 17:00:56.271858,382,318
3181,2025-01-18 17:00:56.271858,214,319
3182,2025-01-18 17:00:56.271858,547,319
3183,2025-01-18 17:00:56.271858,530,319
3184,2025-01-18 17:00:56.271858,512,319
3185,2025-01-18 17:00:56.271858,630,319
3186,2025-01-18 17:00:56.271858,372,319
3187,2025-01-18 17:00:56.271858,529,319
3188,2025-01-18 17:00:56.271858,339,319
3189,2025-01-18 17:00:56.271858,271,319
3190,2025-01-18 17:00:56.271858,650,319
3191,2025-01-18 17:00:56.271858,552,320
3192,2025-01-18 17:00:56.271858,629,320
3193,2025-01-18 17:00:56.271858,355,320
3194,2025-01-18 17:00:56.271858,651,320
3195,2025-01-18 17:00:56.271858,496,320
3196,2025-01-18 17:00:56.271858,220,320
3197,2025-01-18 17:00:56.271858,378,320
3198,2025-01-18 17:00:56.271858,454,320
3199,2025-01-18 17:00:56.271858,488,320
3200,2025-01-18 17:00:56.271858,501,320
3201,2025-01-18 17:00:56.271858,409,321
3202,2025-01-18 17:00:56.271858,208,321
3203,2025-01-18 17:00:56.271858,567,321
3204,2025-01-18 17:00:56.271858,549,321
3205,2025-01-18 17:00:56.271858,593,321
3206,2025-01-18 17:00:56.271858,291,321
3207,2025-01-18 17:00:56.271858,621,321
3208,2025-01-18 17:00:56.271858,354,321
3209,2025-01-18 17:00:56.271858,524,321
3210,2025-01-18 17:00:56.271858,387,321
3211,2025-01-18 17:00:56.271858,494,322
3212,2025-01-18 17:00:56.271858,295,322
3213,2025-01-18 17:00:56.271858,195,322
3214,2025-01-18 17:00:56.271858,577,322
3215,2025-01-18 17:00:56.271858,326,322
3216,2025-01-18 17:00:56.271858,224,322
3217,2025-01-18 17:00:56.271858,306,322
3218,2025-01-18 17:00:56.271858,335,322
3219,2025-01-18 17:00:56.271858,660,322
3220,2025-01-18 17:00:56.271858,560,322
3221,2025-01-18 17:00:56.271858,562,323
3222,2025-01-18 17:00:56.271858,555,323
3223,2025-01-18 17:00:56.271858,373,323
3224,2025-01-18 17:00:56.271858,554,323
3225,2025-01-18 17:00:56.271858,634,323
3226,2025-01-18 17:00:56.271858,516,323
3227,2025-01-18 17:00:56.271858,340,323
3228,2025-01-18 17:00:56.271858,341,323
3229,2025-01-18 17:00:56.271858,352,323
3230,2025-01-18 17:00:56.271858,267,323
3231,2025-01-18 17:00:56.271858,568,324
3232,2025-01-18 17:00:56.271858,561,324
3233,2025-01-18 17:00:56.271858,456,324
3234,2025-01-18 17:00:56.271858,436,324
3235,2025-01-18 17:00:56.271858,427,324
3236,2025-01-18 17:00:56.271858,579,324
3237,2025-01-18 17:00:56.271858,597,324
3238,2025-01-18 17:00:56.271858,433,324
3239,2025-01-18 17:00:56.271858,654,324
3240,2025-01-18 17:00:56.271858,200,324
3241,2025-01-18 17:00:56.271858,414,325
3242,2025-01-18 17:00:56.271858,388,325
3243,2025-01-18 17:00:56.271858,359,325
3244,2025-01-18 17:00:56.271858,600,325
3245,2025-01-18 17:00:56.271858,321,325
3246,2025-01-18 17:00:56.271858,495,325
3247,2025-01-18 17:00:56.271858,216,325
3248,2025-01-18 17:00:56.271858,581,325
3249,2025-01-18 17:00:56.271858,371,325
3250,2025-01-18 17:00:56.271858,411,325
3251,2025-01-18 17:00:56.271858,344,326
3252,2025-01-18 17:00:56.271858,460,326
3253,2025-01-18 17:00:56.271858,407,326
3254,2025-01-18 17:00:56.271858,524,326
3255,2025-01-18 17:00:56.271858,577,326
3256,2025-01-18 17:00:56.271858,504,326
3257,2025-01-18 17:00:56.271858,401,326
3258,2025-01-18 17:00:56.271858,215,326
3259,2025-01-18 17:00:56.271858,635,326
3260,2025-01-18 17:00:56.271858,667,326
3261,2025-01-18 17:00:56.272856,281,327
3262,2025-01-18 17:00:56.272856,652,327
3263,2025-01-18 17:00:56.272856,201,327
3264,2025-01-18 17:00:56.272856,253,327
3265,2025-01-18 17:00:56.272856,267,327
3266,2025-01-18 17:00:56.272856,222,327
3267,2025-01-18 17:00:56.272856,280,327
3268,2025-01-18 17:00:56.272856,399,327
3269,2025-01-18 17:00:56.272856,514,327
3270,2025-01-18 17:00:56.272856,533,327
3271,2025-01-18 17:00:56.272856,481,328
3272,2025-01-18 17:00:56.272856,198,328
3273,2025-01-18 17:00:56.272856,325,328
3274,2025-01-18 17:00:56.272856,620,328
3275,2025-01-18 17:00:56.272856,373,328
3276,2025-01-18 17:00:56.272856,665,328
3277,2025-01-18 17:00:56.272856,215,328
3278,2025-01-18 17:00:56.272856,212,328
3279,2025-01-18 17:00:56.272856,647,328
3280,2025-01-18 17:00:56.272856,472,328
3281,2025-01-18 17:00:56.272856,380,329
3282,2025-01-18 17:00:56.272856,260,329
3283,2025-01-18 17:00:56.272856,300,329
3284,2025-01-18 17:00:56.272856,421,329
3285,2025-01-18 17:00:56.272856,415,329
3286,2025-01-18 17:00:56.272856,573,329
3287,2025-01-18 17:00:56.272856,375,329
3288,2025-01-18 17:00:56.272856,533,329
3289,2025-01-18 17:00:56.272856,505,329
3290,2025-01-18 17:00:56.272856,651,329
3291,2025-01-18 17:00:56.272856,206,330
3292,2025-01-18 17:00:56.272856,327,330
3293,2025-01-18 17:00:56.272856,622,330
3294,2025-01-18 17:00:56.272856,658,330
3295,2025-01-18 17:00:56.272856,616,330
3296,2025-01-18 17:00:56.272856,538,330
3297,2025-01-18 17:00:56.272856,286,330
3298,2025-01-18 17:00:56.272856,618,330
3299,2025-01-18 17:00:56.272856,555,330
3300,2025-01-18 17:00:56.272856,330,330
3301,2025-01-18 17:00:56.272856,331,331
3302,2025-01-18 17:00:56.272856,420,331
3303,2025-01-18 17:00:56.272856,340,331
3304,2025-01-18 17:00:56.272856,605,331
3305,2025-01-18 17:00:56.272856,251,331
3306,2025-01-18 17:00:56.272856,388,331
3307,2025-01-18 17:00:56.272856,294,331
3308,2025-01-18 17:00:56.272856,362,331
3309,2025-01-18 17:00:56.272856,649,331
3310,2025-01-18 17:00:56.272856,496,331
3311,2025-01-18 17:00:56.272856,401,332
3312,2025-01-18 17:00:56.272856,348,332
3313,2025-01-18 17:00:56.272856,569,332
3314,2025-01-18 17:00:56.272856,612,332
3315,2025-01-18 17:00:56.272856,563,332
3316,2025-01-18 17:00:56.272856,329,332
3317,2025-01-18 17:00:56.272856,283,332
3318,2025-01-18 17:00:56.272856,389,332
3319,2025-01-18 17:00:56.272856,447,332
3320,2025-01-18 17:00:56.272856,425,332
3321,2025-01-18 17:00:56.272856,462,333
3322,2025-01-18 17:00:56.272856,435,333
3323,2025-01-18 17:00:56.272856,521,333
3324,2025-01-18 17:00:56.272856,591,333
3325,2025-01-18 17:00:56.272856,505,333
3326,2025-01-18 17:00:56.272856,227,333
3327,2025-01-18 17:00:56.272856,236,333
3328,2025-01-18 17:00:56.272856,632,333
3329,2025-01-18 17:00:56.272856,409,333
3330,2025-01-18 17:00:56.272856,326,333
3331,2025-01-18 17:00:56.276845,484,334
3332,2025-01-18 17:00:56.276845,427,334
3333,2025-01-18 17:00:56.276845,376,334
3334,2025-01-18 17:00:56.276845,607,334
3335,2025-01-18 17:00:56.276845,600,334
3336,2025-01-18 17:00:56.276845,279,334
3337,2025-01-18 17:00:56.276845,383,334
3338,2025-01-18 17:00:56.276845,593,334
3339,2025-01-18 17:00:56.276845,300,334
3340,2025-01-18 17:00:56.276845,640,334
3341,2025-01-18 17:00:56.276845,460,335
3342,2025-01-18 17:00:56.276845,501,335
3343,2025-01-18 17:00:56.276845,294,335
3344,2025-01-18 17:00:56.276845,200,335
3345,2025-01-18 17:00:56.276845,295,335
3346,2025-01-18 17:00:56.276845,288,335
3347,2025-01-18 17:00:56.276845,582,335
3348,2025-01-18 17:00:56.276845,632,335
3349,2025-01-18 17:00:56.276845,475,335
3350,2025-01-18 17:00:56.276845,307,335
3351,2025-01-18 17:00:56.276845,620,336
3352,2025-01-18 17:00:56.276845,315,336
3353,2025-01-18 17:00:56.277843,399,336
3354,2025-01-18 17:00:56.277843,213,336
3355,2025-01-18 17:00:56.277843,656,336
3356,2025-01-18 17:00:56.277843,567,336
3357,2025-01-18 17:00:56.277843,241,336
3358,2025-01-18 17:00:56.277843,314,336
3359,2025-01-18 17:00:56.277843,221,336
3360,2025-01-18 17:00:56.277843,576,336
3361,2025-01-18 17:00:56.277843,442,337
3362,2025-01-18 17:00:56.277843,239,337
3363,2025-01-18 17:00:56.277843,375,337
3364,2025-01-18 17:00:56.277843,491,337
3365,2025-01-18 17:00:56.277843,547,337
3366,2025-01-18 17:00:56.277843,250,337
3367,2025-01-18 17:00:56.277843,512,337
3368,2025-01-18 17:00:56.277843,324,337
3369,2025-01-18 17:00:56.277843,628,337
3370,2025-01-18 17:00:56.277843,214,337
3371,2025-01-18 17:00:56.277843,589,338
3372,2025-01-18 17:00:56.277843,559,338
3373,2025-01-18 17:00:56.277843,520,338
3374,2025-01-18 17:00:56.277843,211,338
3375,2025-01-18 17:00:56.277843,377,338
3376,2025-01-18 17:00:56.277843,360,338
3377,2025-01-18 17:00:56.277843,352,338
3378,2025-01-18 17:00:56.277843,197,338
3379,2025-01-18 17:00:56.277843,307,338
3380,2025-01-18 17:00:56.277843,487,338
3381,2025-01-18 17:00:56.277843,247,339
3382,2025-01-18 17:00:56.277843,278,339
3383,2025-01-18 17:00:56.277843,399,339
3384,2025-01-18 17:00:56.277843,640,339
3385,2025-01-18 17:00:56.277843,337,339
3386,2025-01-18 17:00:56.277843,250,339
3387,2025-01-18 17:00:56.277843,238,339
3388,2025-01-18 17:00:56.277843,537,339
3389,2025-01-18 17:00:56.277843,410,339
3390,2025-01-18 17:00:56.277843,422,339
3391,2025-01-18 17:00:56.277843,339,340
3392,2025-01-18 17:00:56.277843,214,340
3393,2025-01-18 17:00:56.277843,394,340
3394,2025-01-18 17:00:56.277843,409,340
3395,2025-01-18 17:00:56.277843,600,340
3396,2025-01-18 17:00:56.277843,577,340
3397,2025-01-18 17:00:56.277843,239,340
3398,2025-01-18 17:00:56.277843,245,340
3399,2025-01-18 17:00:56.277843,545,340
3400,2025-01-18 17:00:56.277843,661,340
3401,2025-01-18 17:00:56.277843,284,341
3402,2025-01-18 17:00:56.277843,285,341
3403,2025-01-18 17:00:56.277843,445,341
3404,2025-01-18 17:00:56.277843,438,341
3405,2025-01-18 17:00:56.277843,626,341
3406,2025-01-18 17:00:56.277843,376,341
3407,2025-01-18 17:00:56.277843,202,341
3408,2025-01-18 17:00:56.277843,317,341
3409,2025-01-18 17:00:56.277843,384,341
3410,2025-01-18 17:00:56.277843,456,341
3411,2025-01-18 17:00:56.277843,339,342
3412,2025-01-18 17:00:56.277843,529,342
3413,2025-01-18 17:00:56.277843,570,342
3414,2025-01-18 17:00:56.277843,504,342
3415,2025-01-18 17:00:56.277843,312,342
3416,2025-01-18 17:00:56.277843,485,342
3417,2025-01-18 17:00:56.277843,470,342
3418,2025-01-18 17:00:56.277843,535,342
3419,2025-01-18 17:00:56.277843,477,342
3420,2025-01-18 17:00:56.277843,200,342
3421,2025-01-18 17:00:56.277843,475,343
3422,2025-01-18 17:00:56.277843,481,343
3423,2025-01-18 17:00:56.277843,592,343
3424,2025-01-18 17:00:56.277843,470,343
3425,2025-01-18 17:00:56.277843,557,343
3426,2025-01-18 17:00:56.277843,527,343
3427,2025-01-18 17:00:56.277843,632,343
3428,2025-01-18 17:00:56.277843,289,343
3429,2025-01-18 17:00:56.277843,515,343
3430,2025-01-18 17:00:56.277843,454,343
3431,2025-01-18 17:00:56.277843,329,344
3432,2025-01-18 17:00:56.277843,433,344
3433,2025-01-18 17:00:56.277843,203,344
3434,2025-01-18 17:00:56.277843,620,344
3435,2025-01-18 17:00:56.277843,441,344
3436,2025-01-18 17:00:56.277843,507,344
3437,2025-01-18 17:00:56.277843,292,344
3438,2025-01-18 17:00:56.277843,234,344
3439,2025-01-18 17:00:56.277843,637,344
3440,2025-01-18 17:00:56.277843,294,344
3441,2025-01-18 17:00:56.277843,459,345
3442,2025-01-18 17:00:56.277843,271,345
3443,2025-01-18 17:00:56.277843,536,345
3444,2025-01-18 17:00:56.277843,251,345
3445,2025-01-18 17:00:56.277843,445,345
3446,2025-01-18 17:00:56.277843,226,345
3447,2025-01-18 17:00:56.277843,355,345
3448,2025-01-18 17:00:56.277843,225,345
3449,2025-01-18 17:00:56.277843,274,345
3450,2025-01-18 17:00:56.278840,567,345
3451,2025-01-18 17:00:56.278840,448,346
3452,2025-01-18 17:00:56.278840,347,346
3453,2025-01-18 17:00:56.278840,288,346
3454,2025-01-18 17:00:56.278840,325,346
3455,2025-01-18 17:00:56.278840,298,346
3456,2025-01-18 17:00:56.278840,490,346
3457,2025-01-18 17:00:56.278840,587,346
3458,2025-01-18 17:00:56.278840,579,346
3459,2025-01-18 17:00:56.278840,328,346
3460,2025-01-18 17:00:56.278840,236,346
3461,2025-01-18 17:00:56.278840,642,347
3462,2025-01-18 17:00:56.278840,525,347
3463,2025-01-18 17:00:56.278840,391,347
3464,2025-01-18 17:00:56.278840,446,347
3465,2025-01-18 17:00:56.278840,466,347
3466,2025-01-18 17:00:56.278840,255,347
3467,2025-01-18 17:00:56.278840,539,347
3468,2025-01-18 17:00:56.278840,606,347
3469,2025-01-18 17:00:56.278840,372,347
3470,2025-01-18 17:00:56.278840,380,347
3471,2025-01-18 17:00:56.278840,319,348
3472,2025-01-18 17:00:56.278840,489,348
3473,2025-01-18 17:00:56.278840,644,348
3474,2025-01-18 17:00:56.278840,569,348
3475,2025-01-18 17:00:56.278840,627,348
3476,2025-01-18 17:00:56.278840,564,348
3477,2025-01-18 17:00:56.278840,246,348
3478,2025-01-18 17:00:56.278840,258,348
3479,2025-01-18 17:00:56.278840,475,348
3480,2025-01-18 17:00:56.278840,396,348
3481,2025-01-18 17:00:56.278840,206,349
3482,2025-01-18 17:00:56.278840,645,349
3483,2025-01-18 17:00:56.278840,456,349
3484,2025-01-18 17:00:56.278840,522,349
3485,2025-01-18 17:00:56.278840,242,349
3486,2025-01-18 17:00:56.278840,572,349
3487,2025-01-18 17:00:56.278840,374,349
3488,2025-01-18 17:00:56.278840,396,349
3489,2025-01-18 17:00:56.278840,529,349
3490,2025-01-18 17:00:56.278840,400,349
3491,2025-01-18 17:00:56.278840,427,350
3492,2025-01-18 17:00:56.278840,492,350
3493,2025-01-18 17:00:56.278840,324,350
3494,2025-01-18 17:00:56.278840,616,350
3495,2025-01-18 17:00:56.278840,411,350
3496,2025-01-18 17:00:56.278840,500,350
3497,2025-01-18 17:00:56.278840,301,350
3498,2025-01-18 17:00:56.278840,277,350
3499,2025-01-18 17:00:56.278840,251,350
3500,2025-01-18 17:00:56.278840,628,350
3501,2025-01-18 17:00:56.278840,511,351
3502,2025-01-18 17:00:56.278840,568,351
3503,2025-01-18 17:00:56.278840,616,351
3504,2025-01-18 17:00:56.278840,457,351
3505,2025-01-18 17:00:56.278840,505,351
3506,2025-01-18 17:00:56.278840,215,351
3507,2025-01-18 17:00:56.278840,594,351
3508,2025-01-18 17:00:56.278840,356,351
3509,2025-01-18 17:00:56.278840,590,351
3510,2025-01-18 17:00:56.278840,483,351
3511,2025-01-18 17:00:56.278840,448,352
3512,2025-01-18 17:00:56.278840,461,352
3513,2025-01-18 17:00:56.278840,483,352
3514,2025-01-18 17:00:56.278840,234,352
3515,2025-01-18 17:00:56.278840,502,352
3516,2025-01-18 17:00:56.278840,384,352
3517,2025-01-18 17:00:56.278840,396,352
3518,2025-01-18 17:00:56.278840,458,352
3519,2025-01-18 17:00:56.278840,346,352
3520,2025-01-18 17:00:56.278840,634,352
3521,2025-01-18 17:00:56.278840,262,353
3522,2025-01-18 17:00:56.278840,612,353
3523,2025-01-18 17:00:56.278840,202,353
3524,2025-01-18 17:00:56.278840,423,353
3525,2025-01-18 17:00:56.278840,252,353
3526,2025-01-18 17:00:56.278840,551,353
3527,2025-01-18 17:00:56.278840,303,353
3528,2025-01-18 17:00:56.278840,564,353
3529,2025-01-18 17:00:56.278840,240,353
3530,2025-01-18 17:00:56.278840,637,353
3531,2025-01-18 17:00:56.278840,309,354
3532,2025-01-18 17:00:56.278840,212,354
3533,2025-01-18 17:00:56.278840,494,354
3534,2025-01-18 17:00:56.278840,231,354
3535,2025-01-18 17:00:56.278840,347,354
3536,2025-01-18 17:00:56.278840,374,354
3537,2025-01-18 17:00:56.278840,423,354
3538,2025-01-18 17:00:56.278840,568,354
3539,2025-01-18 17:00:56.278840,385,354
3540,2025-01-18 17:00:56.278840,239,354
3541,2025-01-18 17:00:56.278840,310,355
3542,2025-01-18 17:00:56.278840,441,355
3543,2025-01-18 17:00:56.278840,580,355
3544,2025-01-18 17:00:56.278840,259,355
3545,2025-01-18 17:00:56.278840,289,355
3546,2025-01-18 17:00:56.278840,317,355
3547,2025-01-18 17:00:56.279837,495,355
3548,2025-01-18 17:00:56.279837,394,355
3549,2025-01-18 17:00:56.279837,478,355
3550,2025-01-18 17:00:56.279837,500,355
3551,2025-01-18 17:00:56.279837,273,356
3552,2025-01-18 17:00:56.279837,508,356
3553,2025-01-18 17:00:56.279837,210,356
3554,2025-01-18 17:00:56.279837,622,356
3555,2025-01-18 17:00:56.279837,659,356
3556,2025-01-18 17:00:56.279837,518,356
3557,2025-01-18 17:00:56.279837,459,356
3558,2025-01-18 17:00:56.279837,202,356
3559,2025-01-18 17:00:56.279837,334,356
3560,2025-01-18 17:00:56.279837,609,356
3561,2025-01-18 17:00:56.279837,201,357
3562,2025-01-18 17:00:56.279837,272,357
3563,2025-01-18 17:00:56.279837,645,357
3564,2025-01-18 17:00:56.279837,654,357
3565,2025-01-18 17:00:56.279837,232,357
3566,2025-01-18 17:00:56.279837,329,357
3567,2025-01-18 17:00:56.279837,604,357
3568,2025-01-18 17:00:56.279837,446,357
3569,2025-01-18 17:00:56.279837,343,357
3570,2025-01-18 17:00:56.279837,570,357
3571,2025-01-18 17:00:56.279837,213,358
3572,2025-01-18 17:00:56.279837,210,358
3573,2025-01-18 17:00:56.279837,506,358
3574,2025-01-18 17:00:56.279837,662,358
3575,2025-01-18 17:00:56.279837,521,358
3576,2025-01-18 17:00:56.279837,205,358
3577,2025-01-18 17:00:56.279837,251,358
3578,2025-01-18 17:00:56.279837,611,358
3579,2025-01-18 17:00:56.279837,306,358
3580,2025-01-18 17:00:56.279837,208,358
3581,2025-01-18 17:00:56.279837,519,359
3582,2025-01-18 17:00:56.279837,427,359
3583,2025-01-18 17:00:56.279837,566,359
3584,2025-01-18 17:00:56.279837,481,359
3585,2025-01-18 17:00:56.279837,199,359
3586,2025-01-18 17:00:56.279837,370,359
3587,2025-01-18 17:00:56.279837,623,359
3588,2025-01-18 17:00:56.279837,554,359
3589,2025-01-18 17:00:56.279837,544,359
3590,2025-01-18 17:00:56.279837,194,359
3591,2025-01-18 17:00:56.279837,307,360
3592,2025-01-18 17:00:56.279837,399,360
3593,2025-01-18 17:00:56.279837,567,360
3594,2025-01-18 17:00:56.279837,406,360
3595,2025-01-18 17:00:56.279837,323,360
3596,2025-01-18 17:00:56.279837,425,360
3597,2025-01-18 17:00:56.279837,249,360
3598,2025-01-18 17:00:56.279837,417,360
3599,2025-01-18 17:00:56.279837,664,360
3600,2025-01-18 17:00:56.279837,591,360
3601,2025-01-18 17:00:56.279837,283,361
3602,2025-01-18 17:00:56.279837,630,361
3603,2025-01-18 17:00:56.279837,448,361
3604,2025-01-18 17:00:56.279837,546,361
3605,2025-01-18 17:00:56.279837,462,361
3606,2025-01-18 17:00:56.279837,358,361
3607,2025-01-18 17:00:56.279837,342,361
3608,2025-01-18 17:00:56.279837,280,361
3609,2025-01-18 17:00:56.279837,595,361
3610,2025-01-18 17:00:56.279837,236,361
3611,2025-01-18 17:00:56.279837,380,362
3612,2025-01-18 17:00:56.279837,484,362
3613,2025-01-18 17:00:56.279837,332,362
3614,2025-01-18 17:00:56.279837,285,362
3615,2025-01-18 17:00:56.279837,471,362
3616,2025-01-18 17:00:56.279837,282,362
3617,2025-01-18 17:00:56.279837,421,362
3618,2025-01-18 17:00:56.279837,210,362
3619,2025-01-18 17:00:56.279837,624,362
3620,2025-01-18 17:00:56.279837,547,362
3621,2025-01-18 17:00:56.279837,614,363
3622,2025-01-18 17:00:56.279837,251,363
3623,2025-01-18 17:00:56.279837,640,363
3624,2025-01-18 17:00:56.279837,497,363
3625,2025-01-18 17:00:56.279837,231,363
3626,2025-01-18 17:00:56.279837,370,363
3627,2025-01-18 17:00:56.279837,249,363
3628,2025-01-18 17:00:56.279837,390,363
3629,2025-01-18 17:00:56.279837,506,363
3630,2025-01-18 17:00:56.279837,402,363
3631,2025-01-18 17:00:56.279837,265,364
3632,2025-01-18 17:00:56.279837,259,364
3633,2025-01-18 17:00:56.279837,635,364
3634,2025-01-18 17:00:56.279837,531,364
3635,2025-01-18 17:00:56.279837,425,364
3636,2025-01-18 17:00:56.279837,487,364
3637,2025-01-18 17:00:56.279837,312,364
3638,2025-01-18 17:00:56.279837,197,364
3639,2025-01-18 17:00:56.279837,289,364
3640,2025-01-18 17:00:56.279837,292,364
3641,2025-01-18 17:00:56.279837,527,365
3642,2025-01-18 17:00:56.279837,281,365
3643,2025-01-18 17:00:56.279837,386,365
3644,2025-01-18 17:00:56.280834,552,365
3645,2025-01-18 17:00:56.280834,494,365
3646,2025-01-18 17:00:56.280834,579,365
3647,2025-01-18 17:00:56.280834,506,365
3648,2025-01-18 17:00:56.280834,501,365
3649,2025-01-18 17:00:56.280834,596,365
3650,2025-01-18 17:00:56.280834,599,365
3651,2025-01-18 17:00:56.280834,646,366
3652,2025-01-18 17:00:56.280834,323,366
3653,2025-01-18 17:00:56.280834,502,366
3654,2025-01-18 17:00:56.280834,315,366
3655,2025-01-18 17:00:56.280834,405,366
3656,2025-01-18 17:00:56.280834,587,366
3657,2025-01-18 17:00:56.280834,339,366
3658,2025-01-18 17:00:56.280834,574,366
3659,2025-01-18 17:00:56.280834,273,366
3660,2025-01-18 17:00:56.280834,390,366
3661,2025-01-18 17:00:56.280834,325,367
3662,2025-01-18 17:00:56.280834,562,367
3663,2025-01-18 17:00:56.280834,254,367
3664,2025-01-18 17:00:56.284824,577,367
3665,2025-01-18 17:00:56.284824,617,367
3666,2025-01-18 17:00:56.284824,212,367
3667,2025-01-18 17:00:56.284824,556,367
3668,2025-01-18 17:00:56.284824,447,367
3669,2025-01-18 17:00:56.284824,532,367
3670,2025-01-18 17:00:56.284824,606,367
3671,2025-01-18 17:00:56.284824,464,368
3672,2025-01-18 17:00:56.284824,279,368
3673,2025-01-18 17:00:56.284824,385,368
3674,2025-01-18 17:00:56.284824,494,368
3675,2025-01-18 17:00:56.284824,243,368
3676,2025-01-18 17:00:56.284824,568,368
3677,2025-01-18 17:00:56.284824,335,368
3678,2025-01-18 17:00:56.284824,300,368
3679,2025-01-18 17:00:56.284824,414,368
3680,2025-01-18 17:00:56.284824,572,368
3681,2025-01-18 17:00:56.284824,574,369
3682,2025-01-18 17:00:56.284824,501,369
3683,2025-01-18 17:00:56.284824,548,369
3684,2025-01-18 17:00:56.284824,249,369
3685,2025-01-18 17:00:56.284824,197,369
3686,2025-01-18 17:00:56.284824,604,369
3687,2025-01-18 17:00:56.284824,279,369
3688,2025-01-18 17:00:56.284824,348,369
3689,2025-01-18 17:00:56.284824,432,369
3690,2025-01-18 17:00:56.284824,414,369
3691,2025-01-18 17:00:56.284824,322,370
3692,2025-01-18 17:00:56.284824,288,370
3693,2025-01-18 17:00:56.284824,226,370
3694,2025-01-18 17:00:56.284824,458,370
3695,2025-01-18 17:00:56.284824,630,370
3696,2025-01-18 17:00:56.284824,211,370
3697,2025-01-18 17:00:56.284824,194,370
3698,2025-01-18 17:00:56.284824,368,370
3699,2025-01-18 17:00:56.284824,589,370
3700,2025-01-18 17:00:56.284824,232,370
3701,2025-01-18 17:00:56.284824,649,371
3702,2025-01-18 17:00:56.284824,618,371
3703,2025-01-18 17:00:56.284824,539,371
3704,2025-01-18 17:00:56.284824,264,371
3705,2025-01-18 17:00:56.285821,516,371
3706,2025-01-18 17:00:56.285821,411,371
3707,2025-01-18 17:00:56.285821,598,371
3708,2025-01-18 17:00:56.285821,549,371
3709,2025-01-18 17:00:56.285821,441,371
3710,2025-01-18 17:00:56.285821,385,371
3711,2025-01-18 17:00:56.285821,645,372
3712,2025-01-18 17:00:56.285821,217,372
3713,2025-01-18 17:00:56.285821,356,372
3714,2025-01-18 17:00:56.285821,418,372
3715,2025-01-18 17:00:56.285821,197,372
3716,2025-01-18 17:00:56.285821,502,372
3717,2025-01-18 17:00:56.285821,294,372
3718,2025-01-18 17:00:56.285821,414,372
3719,2025-01-18 17:00:56.285821,249,372
3720,2025-01-18 17:00:56.285821,434,372
3721,2025-01-18 17:00:56.285821,455,373
3722,2025-01-18 17:00:56.285821,411,373
3723,2025-01-18 17:00:56.285821,391,373
3724,2025-01-18 17:00:56.285821,485,373
3725,2025-01-18 17:00:56.285821,244,373
3726,2025-01-18 17:00:56.285821,237,373
3727,2025-01-18 17:00:56.285821,407,373
3728,2025-01-18 17:00:56.285821,372,373
3729,2025-01-18 17:00:56.285821,584,373
3730,2025-01-18 17:00:56.285821,329,373
3731,2025-01-18 17:00:56.285821,291,374
3732,2025-01-18 17:00:56.285821,217,374
3733,2025-01-18 17:00:56.285821,207,374
3734,2025-01-18 17:00:56.285821,538,374
3735,2025-01-18 17:00:56.285821,540,374
3736,2025-01-18 17:00:56.285821,638,374
3737,2025-01-18 17:00:56.285821,213,374
3738,2025-01-18 17:00:56.285821,473,374
3739,2025-01-18 17:00:56.285821,249,374
3740,2025-01-18 17:00:56.285821,361,374
3741,2025-01-18 17:00:56.285821,650,375
3742,2025-01-18 17:00:56.285821,470,375
3743,2025-01-18 17:00:56.285821,288,375
3744,2025-01-18 17:00:56.285821,310,375
3745,2025-01-18 17:00:56.285821,205,375
3746,2025-01-18 17:00:56.285821,412,375
3747,2025-01-18 17:00:56.285821,260,375
3748,2025-01-18 17:00:56.285821,221,375
3749,2025-01-18 17:00:56.285821,256,375
3750,2025-01-18 17:00:56.285821,613,375
3751,2025-01-18 17:00:56.285821,641,376
3752,2025-01-18 17:00:56.285821,461,376
3753,2025-01-18 17:00:56.285821,346,376
3754,2025-01-18 17:00:56.285821,233,376
3755,2025-01-18 17:00:56.285821,423,376
3756,2025-01-18 17:00:56.285821,309,376
3757,2025-01-18 17:00:56.285821,585,376
3758,2025-01-18 17:00:56.285821,320,376
3759,2025-01-18 17:00:56.285821,488,376
3760,2025-01-18 17:00:56.285821,229,376
3761,2025-01-18 17:00:56.285821,349,377
3762,2025-01-18 17:00:56.285821,401,377
3763,2025-01-18 17:00:56.285821,441,377
3764,2025-01-18 17:00:56.285821,542,377
3765,2025-01-18 17:00:56.285821,403,377
3766,2025-01-18 17:00:56.285821,232,377
3767,2025-01-18 17:00:56.285821,539,377
3768,2025-01-18 17:00:56.285821,310,377
3769,2025-01-18 17:00:56.285821,596,377
3770,2025-01-18 17:00:56.285821,620,377
3771,2025-01-18 17:00:56.285821,367,378
3772,2025-01-18 17:00:56.285821,203,378
3773,2025-01-18 17:00:56.285821,240,378
3774,2025-01-18 17:00:56.285821,663,378
3775,2025-01-18 17:00:56.285821,413,378
3776,2025-01-18 17:00:56.285821,208,378
3777,2025-01-18 17:00:56.285821,527,378
3778,2025-01-18 17:00:56.285821,304,378
3779,2025-01-18 17:00:56.285821,283,378
3780,2025-01-18 17:00:56.285821,532,378
3781,2025-01-18 17:00:56.285821,546,379
3782,2025-01-18 17:00:56.285821,313,379
3783,2025-01-18 17:00:56.285821,554,379
3784,2025-01-18 17:00:56.285821,331,379
3785,2025-01-18 17:00:56.285821,419,379
3786,2025-01-18 17:00:56.285821,336,379
3787,2025-01-18 17:00:56.285821,376,379
3788,2025-01-18 17:00:56.285821,639,379
3789,2025-01-18 17:00:56.285821,533,379
3790,2025-01-18 17:00:56.285821,483,379
3791,2025-01-18 17:00:56.285821,365,380
3792,2025-01-18 17:00:56.285821,555,380
3793,2025-01-18 17:00:56.285821,402,380
3794,2025-01-18 17:00:56.285821,398,380
3795,2025-01-18 17:00:56.285821,349,380
3796,2025-01-18 17:00:56.285821,429,380
3797,2025-01-18 17:00:56.285821,651,380
3798,2025-01-18 17:00:56.285821,468,380
3799,2025-01-18 17:00:56.285821,414,380
3800,2025-01-18 17:00:56.285821,489,380
3801,2025-01-18 17:00:56.285821,254,381
3802,2025-01-18 17:00:56.286818,293,381
3803,2025-01-18 17:00:56.286818,232,381
3804,2025-01-18 17:00:56.286818,492,381
3805,2025-01-18 17:00:56.286818,419,381
3806,2025-01-18 17:00:56.286818,389,381
3807,2025-01-18 17:00:56.286818,514,381
3808,2025-01-18 17:00:56.286818,650,381
3809,2025-01-18 17:00:56.286818,644,381
3810,2025-01-18 17:00:56.286818,303,381
3811,2025-01-18 17:00:56.286818,515,382
3812,2025-01-18 17:00:56.286818,454,382
3813,2025-01-18 17:00:56.286818,355,382
3814,2025-01-18 17:00:56.286818,439,382
3815,2025-01-18 17:00:56.286818,407,382
3816,2025-01-18 17:00:56.286818,288,382
3817,2025-01-18 17:00:56.286818,418,382
3818,2025-01-18 17:00:56.286818,575,382
3819,2025-01-18 17:00:56.286818,294,382
3820,2025-01-18 17:00:56.286818,370,382
3821,2025-01-18 17:00:56.286818,564,383
3822,2025-01-18 17:00:56.286818,536,383
3823,2025-01-18 17:00:56.286818,345,383
3824,2025-01-18 17:00:56.286818,410,383
3825,2025-01-18 17:00:56.286818,666,383
3826,2025-01-18 17:00:56.286818,275,383
3827,2025-01-18 17:00:56.286818,513,383
3828,2025-01-18 17:00:56.286818,657,383
3829,2025-01-18 17:00:56.286818,315,383
3830,2025-01-18 17:00:56.286818,633,383
3831,2025-01-18 17:00:56.286818,574,384
3832,2025-01-18 17:00:56.286818,529,384
3833,2025-01-18 17:00:56.286818,269,384
3834,2025-01-18 17:00:56.286818,373,384
3835,2025-01-18 17:00:56.286818,466,384
3836,2025-01-18 17:00:56.286818,546,384
3837,2025-01-18 17:00:56.286818,320,384
3838,2025-01-18 17:00:56.286818,516,384
3839,2025-01-18 17:00:56.286818,584,384
3840,2025-01-18 17:00:56.286818,284,384
3841,2025-01-18 17:00:56.286818,634,385
3842,2025-01-18 17:00:56.286818,209,385
3843,2025-01-18 17:00:56.286818,332,385
3844,2025-01-18 17:00:56.286818,304,385
3845,2025-01-18 17:00:56.286818,654,385
3846,2025-01-18 17:00:56.286818,477,385
3847,2025-01-18 17:00:56.286818,567,385
3848,2025-01-18 17:00:56.286818,667,385
3849,2025-01-18 17:00:56.286818,431,385
3850,2025-01-18 17:00:56.286818,485,385
3851,2025-01-18 17:00:56.286818,377,386
3852,2025-01-18 17:00:56.286818,509,386
3853,2025-01-18 17:00:56.286818,458,386
3854,2025-01-18 17:00:56.286818,280,386
3855,2025-01-18 17:00:56.286818,314,386
3856,2025-01-18 17:00:56.286818,390,386
3857,2025-01-18 17:00:56.286818,627,386
3858,2025-01-18 17:00:56.286818,524,386
3859,2025-01-18 17:00:56.286818,602,386
3860,2025-01-18 17:00:56.286818,336,386
3861,2025-01-18 17:00:56.286818,657,387
3862,2025-01-18 17:00:56.286818,363,387
3863,2025-01-18 17:00:56.286818,270,387
3864,2025-01-18 17:00:56.286818,304,387
3865,2025-01-18 17:00:56.286818,610,387
3866,2025-01-18 17:00:56.286818,554,387
3867,2025-01-18 17:00:56.286818,214,387
3868,2025-01-18 17:00:56.286818,492,387
3869,2025-01-18 17:00:56.286818,444,387
3870,2025-01-18 17:00:56.286818,201,387
3871,2025-01-18 17:00:56.286818,389,388
3872,2025-01-18 17:00:56.286818,195,388
3873,2025-01-18 17:00:56.286818,553,388
3874,2025-01-18 17:00:56.286818,236,388
3875,2025-01-18 17:00:56.286818,467,388
3876,2025-01-18 17:00:56.286818,612,388
3877,2025-01-18 17:00:56.286818,295,388
3878,2025-01-18 17:00:56.286818,626,388
3879,2025-01-18 17:00:56.286818,436,388
3880,2025-01-18 17:00:56.286818,559,388
3881,2025-01-18 17:00:56.286818,649,389
3882,2025-01-18 17:00:56.286818,602,389
3883,2025-01-18 17:00:56.286818,562,389
3884,2025-01-18 17:00:56.286818,455,389
3885,2025-01-18 17:00:56.286818,655,389
3886,2025-01-18 17:00:56.286818,214,389
3887,2025-01-18 17:00:56.286818,559,389
3888,2025-01-18 17:00:56.286818,518,389
3889,2025-01-18 17:00:56.286818,558,389
3890,2025-01-18 17:00:56.286818,580,389
3891,2025-01-18 17:00:56.286818,462,390
3892,2025-01-18 17:00:56.286818,366,390
3893,2025-01-18 17:00:56.286818,459,390
3894,2025-01-18 17:00:56.286818,666,390
3895,2025-01-18 17:00:56.286818,407,390
3896,2025-01-18 17:00:56.286818,286,390
3897,2025-01-18 17:00:56.286818,439,390
3898,2025-01-18 17:00:56.286818,225,390
3899,2025-01-18 17:00:56.287816,627,390
3900,2025-01-18 17:00:56.287816,550,390
3901,2025-01-18 17:00:56.287816,330,391
3902,2025-01-18 17:00:56.287816,203,391
3903,2025-01-18 17:00:56.287816,339,391
3904,2025-01-18 17:00:56.287816,379,391
3905,2025-01-18 17:00:56.287816,517,391
3906,2025-01-18 17:00:56.287816,420,391
3907,2025-01-18 17:00:56.287816,253,391
3908,2025-01-18 17:00:56.287816,602,391
3909,2025-01-18 17:00:56.287816,358,391
3910,2025-01-18 17:00:56.287816,314,391
3911,2025-01-18 17:00:56.287816,658,392
3912,2025-01-18 17:00:56.287816,497,392
3913,2025-01-18 17:00:56.287816,605,392
3914,2025-01-18 17:00:56.287816,216,392
3915,2025-01-18 17:00:56.287816,365,392
3916,2025-01-18 17:00:56.287816,458,392
3917,2025-01-18 17:00:56.287816,632,392
3918,2025-01-18 17:00:56.287816,479,392
3919,2025-01-18 17:00:56.287816,239,392
3920,2025-01-18 17:00:56.287816,242,392
3921,2025-01-18 17:00:56.287816,421,393
3922,2025-01-18 17:00:56.287816,384,393
3923,2025-01-18 17:00:56.287816,462,393
3924,2025-01-18 17:00:56.287816,590,393
3925,2025-01-18 17:00:56.287816,195,393
3926,2025-01-18 17:00:56.287816,348,393
3927,2025-01-18 17:00:56.287816,373,393
3928,2025-01-18 17:00:56.287816,315,393
3929,2025-01-18 17:00:56.287816,553,393
3930,2025-01-18 17:00:56.287816,650,393
3931,2025-01-18 17:00:56.287816,602,394
3932,2025-01-18 17:00:56.287816,204,394
3933,2025-01-18 17:00:56.287816,330,394
3934,2025-01-18 17:00:56.287816,597,394
3935,2025-01-18 17:00:56.287816,274,394
3936,2025-01-18 17:00:56.287816,557,394
3937,2025-01-18 17:00:56.287816,574,394
3938,2025-01-18 17:00:56.287816,214,394
3939,2025-01-18 17:00:56.287816,423,394
3940,2025-01-18 17:00:56.287816,524,394
3941,2025-01-18 17:00:56.287816,518,395
3942,2025-01-18 17:00:56.287816,593,395
3943,2025-01-18 17:00:56.287816,279,395
3944,2025-01-18 17:00:56.287816,609,395
3945,2025-01-18 17:00:56.287816,551,395
3946,2025-01-18 17:00:56.287816,667,395
3947,2025-01-18 17:00:56.287816,255,395
3948,2025-01-18 17:00:56.287816,426,395
3949,2025-01-18 17:00:56.287816,549,395
3950,2025-01-18 17:00:56.287816,503,395
3951,2025-01-18 17:00:56.287816,600,396
3952,2025-01-18 17:00:56.287816,427,396
3953,2025-01-18 17:00:56.287816,413,396
3954,2025-01-18 17:00:56.287816,254,396
3955,2025-01-18 17:00:56.287816,271,396
3956,2025-01-18 17:00:56.287816,534,396
3957,2025-01-18 17:00:56.287816,464,396
3958,2025-01-18 17:00:56.287816,300,396
3959,2025-01-18 17:00:56.287816,360,396
3960,2025-01-18 17:00:56.287816,428,396
3961,2025-01-18 17:00:56.287816,402,397
3962,2025-01-18 17:00:56.287816,213,397
3963,2025-01-18 17:00:56.287816,627,397
3964,2025-01-18 17:00:56.287816,210,397
3965,2025-01-18 17:00:56.287816,241,397
3966,2025-01-18 17:00:56.287816,454,397
3967,2025-01-18 17:00:56.287816,618,397
3968,2025-01-18 17:00:56.287816,529,397
3969,2025-01-18 17:00:56.287816,646,397
3970,2025-01-18 17:00:56.287816,602,397
3971,2025-01-18 17:00:56.287816,322,398
3972,2025-01-18 17:00:56.287816,330,398
3973,2025-01-18 17:00:56.287816,597,398
3974,2025-01-18 17:00:56.287816,475,398
3975,2025-01-18 17:00:56.287816,635,398
3976,2025-01-18 17:00:56.287816,396,398
3977,2025-01-18 17:00:56.287816,644,398
3978,2025-01-18 17:00:56.287816,293,398
3979,2025-01-18 17:00:56.287816,238,398
3980,2025-01-18 17:00:56.287816,629,398
3981,2025-01-18 17:00:56.287816,247,399
3982,2025-01-18 17:00:56.287816,287,399
3983,2025-01-18 17:00:56.287816,209,399
3984,2025-01-18 17:00:56.287816,318,399
3985,2025-01-18 17:00:56.287816,217,399
3986,2025-01-18 17:00:56.287816,353,399
3987,2025-01-18 17:00:56.287816,502,399
3988,2025-01-18 17:00:56.287816,337,399
3989,2025-01-18 17:00:56.287816,437,399
3990,2025-01-18 17:00:56.287816,653,399
3991,2025-01-18 17:00:56.287816,464,400
3992,2025-01-18 17:00:56.287816,572,400
3993,2025-01-18 17:00:56.287816,395,400
3994,2025-01-18 17:00:56.287816,360,400
3995,2025-01-18 17:00:56.287816,243,400
3996,2025-01-18 17:00:56.287816,558,400
3997,2025-01-18 17:00:56.292803,408,400
3998,2025-01-18 17:00:56.292803,507,400
3999,2025-01-18 17:00:56.292803,628,400
4000,2025-01-18 17:00:56.292803,371,400
4001,2025-01-18 17:00:56.292803,397,401
4002,2025-01-18 17:00:56.292803,214,401
4003,2025-01-18 17:00:56.292803,306,401
4004,2025-01-18 17:00:56.292803,279,401
4005,2025-01-18 17:00:56.292803,366,401
4006,2025-01-18 17:00:56.292803,588,401
4007,2025-01-18 17:00:56.292803,252,401
4008,2025-01-18 17:00:56.292803,393,401
4009,2025-01-18 17:00:56.292803,627,401
4010,2025-01-18 17:00:56.292803,344,401
4011,2025-01-18 17:00:56.292803,265,402
4012,2025-01-18 17:00:56.292803,622,402
4013,2025-01-18 17:00:56.292803,525,402
4014,2025-01-18 17:00:56.292803,527,402
4015,2025-01-18 17:00:56.292803,242,402
4016,2025-01-18 17:00:56.292803,289,402
4017,2025-01-18 17:00:56.292803,300,402
4018,2025-01-18 17:00:56.292803,567,402
4019,2025-01-18 17:00:56.292803,203,402
4020,2025-01-18 17:00:56.292803,530,402
4021,2025-01-18 17:00:56.292803,613,403
4022,2025-01-18 17:00:56.292803,352,403
4023,2025-01-18 17:00:56.292803,343,403
4024,2025-01-18 17:00:56.292803,429,403
4025,2025-01-18 17:00:56.292803,293,403
4026,2025-01-18 17:00:56.292803,282,403
4027,2025-01-18 17:00:56.292803,322,403
4028,2025-01-18 17:00:56.292803,493,403
4029,2025-01-18 17:00:56.292803,635,403
4030,2025-01-18 17:00:56.292803,538,403
4031,2025-01-18 17:00:56.292803,363,404
4032,2025-01-18 17:00:56.292803,282,404
4033,2025-01-18 17:00:56.292803,427,404
4034,2025-01-18 17:00:56.292803,283,404
4035,2025-01-18 17:00:56.292803,342,404
4036,2025-01-18 17:00:56.292803,351,404
4037,2025-01-18 17:00:56.292803,397,404
4038,2025-01-18 17:00:56.292803,322,404
4039,2025-01-18 17:00:56.292803,496,404
4040,2025-01-18 17:00:56.292803,440,404
4041,2025-01-18 17:00:56.292803,394,405
4042,2025-01-18 17:00:56.292803,338,405
4043,2025-01-18 17:00:56.292803,288,405
4044,2025-01-18 17:00:56.292803,548,405
4045,2025-01-18 17:00:56.292803,420,405
4046,2025-01-18 17:00:56.292803,601,405
4047,2025-01-18 17:00:56.292803,453,405
4048,2025-01-18 17:00:56.292803,252,405
4049,2025-01-18 17:00:56.292803,388,405
4050,2025-01-18 17:00:56.292803,384,405
4051,2025-01-18 17:00:56.292803,487,406
4052,2025-01-18 17:00:56.292803,534,406
4053,2025-01-18 17:00:56.292803,566,406
4054,2025-01-18 17:00:56.292803,553,406
4055,2025-01-18 17:00:56.292803,650,406
4056,2025-01-18 17:00:56.292803,359,406
4057,2025-01-18 17:00:56.292803,475,406
4058,2025-01-18 17:00:56.292803,530,406
4059,2025-01-18 17:00:56.292803,618,406
4060,2025-01-18 17:00:56.293800,317,406
4061,2025-01-18 17:00:56.293800,576,407
4062,2025-01-18 17:00:56.293800,400,407
4063,2025-01-18 17:00:56.293800,309,407
4064,2025-01-18 17:00:56.293800,539,407
4065,2025-01-18 17:00:56.293800,587,407
4066,2025-01-18 17:00:56.293800,622,407
4067,2025-01-18 17:00:56.293800,516,407
4068,2025-01-18 17:00:56.293800,264,407
4069,2025-01-18 17:00:56.293800,667,407
4070,2025-01-18 17:00:56.293800,543,407
4071,2025-01-18 17:00:56.293800,475,408
4072,2025-01-18 17:00:56.293800,632,408
4073,2025-01-18 17:00:56.293800,303,408
4074,2025-01-18 17:00:56.293800,605,408
4075,2025-01-18 17:00:56.293800,265,408
4076,2025-01-18 17:00:56.293800,285,408
4077,2025-01-18 17:00:56.293800,665,408
4078,2025-01-18 17:00:56.293800,492,408
4079,2025-01-18 17:00:56.293800,320,408
4080,2025-01-18 17:00:56.293800,339,408
4081,2025-01-18 17:00:56.293800,299,409
4082,2025-01-18 17:00:56.293800,647,409
4083,2025-01-18 17:00:56.293800,591,409
4084,2025-01-18 17:00:56.293800,264,409
4085,2025-01-18 17:00:56.293800,587,409
4086,2025-01-18 17:00:56.293800,302,409
4087,2025-01-18 17:00:56.293800,635,409
4088,2025-01-18 17:00:56.293800,388,409
4089,2025-01-18 17:00:56.293800,594,409
4090,2025-01-18 17:00:56.293800,281,409
4091,2025-01-18 17:00:56.293800,307,410
4092,2025-01-18 17:00:56.293800,571,410
4093,2025-01-18 17:00:56.293800,333,410
4094,2025-01-18 17:00:56.293800,490,410
4095,2025-01-18 17:00:56.293800,350,410
4096,2025-01-18 17:00:56.293800,596,410
4097,2025-01-18 17:00:56.293800,256,410
4098,2025-01-18 17:00:56.293800,515,410
4099,2025-01-18 17:00:56.293800,385,410
4100,2025-01-18 17:00:56.293800,397,410
4101,2025-01-18 17:00:56.293800,544,411
4102,2025-01-18 17:00:56.293800,276,411
4103,2025-01-18 17:00:56.293800,216,411
4104,2025-01-18 17:00:56.293800,481,411
4105,2025-01-18 17:00:56.293800,291,411
4106,2025-01-18 17:00:56.293800,255,411
4107,2025-01-18 17:00:56.293800,587,411
4108,2025-01-18 17:00:56.293800,610,411
4109,2025-01-18 17:00:56.293800,513,411
4110,2025-01-18 17:00:56.293800,264,411
4111,2025-01-18 17:00:56.293800,593,412
4112,2025-01-18 17:00:56.293800,281,412
4113,2025-01-18 17:00:56.293800,249,412
4114,2025-01-18 17:00:56.293800,273,412
4115,2025-01-18 17:00:56.293800,350,412
4116,2025-01-18 17:00:56.293800,448,412
4117,2025-01-18 17:00:56.293800,507,412
4118,2025-01-18 17:00:56.293800,399,412
4119,2025-01-18 17:00:56.293800,202,412
4120,2025-01-18 17:00:56.293800,644,412
4121,2025-01-18 17:00:56.293800,243,413
4122,2025-01-18 17:00:56.293800,235,413
4123,2025-01-18 17:00:56.293800,230,413
4124,2025-01-18 17:00:56.293800,639,413
4125,2025-01-18 17:00:56.293800,317,413
4126,2025-01-18 17:00:56.293800,606,413
4127,2025-01-18 17:00:56.293800,226,413
4128,2025-01-18 17:00:56.293800,544,413
4129,2025-01-18 17:00:56.293800,648,413
4130,2025-01-18 17:00:56.293800,204,413
4131,2025-01-18 17:00:56.293800,595,414
4132,2025-01-18 17:00:56.293800,455,414
4133,2025-01-18 17:00:56.293800,262,414
4134,2025-01-18 17:00:56.293800,240,414
4135,2025-01-18 17:00:56.293800,622,414
4136,2025-01-18 17:00:56.293800,441,414
4137,2025-01-18 17:00:56.293800,285,414
4138,2025-01-18 17:00:56.293800,214,414
4139,2025-01-18 17:00:56.293800,300,414
4140,2025-01-18 17:00:56.293800,275,414
4141,2025-01-18 17:00:56.293800,282,415
4142,2025-01-18 17:00:56.293800,254,415
4143,2025-01-18 17:00:56.293800,505,415
4144,2025-01-18 17:00:56.293800,260,415
4145,2025-01-18 17:00:56.293800,454,415
4146,2025-01-18 17:00:56.293800,529,415
4147,2025-01-18 17:00:56.293800,349,415
4148,2025-01-18 17:00:56.293800,601,415
4149,2025-01-18 17:00:56.293800,312,415
4150,2025-01-18 17:00:56.293800,331,415
4151,2025-01-18 17:00:56.293800,207,416
4152,2025-01-18 17:00:56.293800,251,416
4153,2025-01-18 17:00:56.293800,401,416
4154,2025-01-18 17:00:56.293800,233,416
4155,2025-01-18 17:00:56.293800,262,416
4156,2025-01-18 17:00:56.294797,332,416
4157,2025-01-18 17:00:56.294797,530,416
4158,2025-01-18 17:00:56.294797,377,416
4159,2025-01-18 17:00:56.294797,267,416
4160,2025-01-18 17:00:56.294797,664,416
4161,2025-01-18 17:00:56.294797,496,417
4162,2025-01-18 17:00:56.294797,243,417
4163,2025-01-18 17:00:56.294797,284,417
4164,2025-01-18 17:00:56.294797,489,417
4165,2025-01-18 17:00:56.294797,290,417
4166,2025-01-18 17:00:56.294797,534,417
4167,2025-01-18 17:00:56.294797,251,417
4168,2025-01-18 17:00:56.294797,295,417
4169,2025-01-18 17:00:56.294797,597,417
4170,2025-01-18 17:00:56.294797,352,417
4171,2025-01-18 17:00:56.294797,210,418
4172,2025-01-18 17:00:56.294797,487,418
4173,2025-01-18 17:00:56.294797,247,418
4174,2025-01-18 17:00:56.294797,329,418
4175,2025-01-18 17:00:56.294797,205,418
4176,2025-01-18 17:00:56.294797,422,418
4177,2025-01-18 17:00:56.294797,211,418
4178,2025-01-18 17:00:56.294797,564,418
4179,2025-01-18 17:00:56.294797,226,418
4180,2025-01-18 17:00:56.294797,209,418
4181,2025-01-18 17:00:56.294797,216,419
4182,2025-01-18 17:00:56.294797,314,419
4183,2025-01-18 17:00:56.294797,426,419
4184,2025-01-18 17:00:56.294797,488,419
4185,2025-01-18 17:00:56.294797,515,419
4186,2025-01-18 17:00:56.294797,300,419
4187,2025-01-18 17:00:56.294797,362,419
4188,2025-01-18 17:00:56.294797,247,419
4189,2025-01-18 17:00:56.294797,383,419
4190,2025-01-18 17:00:56.294797,394,419
4191,2025-01-18 17:00:56.294797,664,420
4192,2025-01-18 17:00:56.294797,292,420
4193,2025-01-18 17:00:56.294797,340,420
4194,2025-01-18 17:00:56.294797,311,420
4195,2025-01-18 17:00:56.294797,417,420
4196,2025-01-18 17:00:56.294797,331,420
4197,2025-01-18 17:00:56.294797,561,420
4198,2025-01-18 17:00:56.294797,303,420
4199,2025-01-18 17:00:56.294797,276,420
4200,2025-01-18 17:00:56.294797,329,420
4201,2025-01-18 17:00:56.294797,267,421
4202,2025-01-18 17:00:56.294797,504,421
4203,2025-01-18 17:00:56.294797,373,421
4204,2025-01-18 17:00:56.294797,583,421
4205,2025-01-18 17:00:56.294797,477,421
4206,2025-01-18 17:00:56.294797,511,421
4207,2025-01-18 17:00:56.294797,510,421
4208,2025-01-18 17:00:56.294797,318,421
4209,2025-01-18 17:00:56.294797,561,421
4210,2025-01-18 17:00:56.294797,341,421
4211,2025-01-18 17:00:56.294797,240,422
4212,2025-01-18 17:00:56.294797,665,422
4213,2025-01-18 17:00:56.294797,349,422
4214,2025-01-18 17:00:56.294797,231,422
4215,2025-01-18 17:00:56.294797,369,422
4216,2025-01-18 17:00:56.294797,466,422
4217,2025-01-18 17:00:56.294797,403,422
4218,2025-01-18 17:00:56.294797,534,422
4219,2025-01-18 17:00:56.294797,608,422
4220,2025-01-18 17:00:56.294797,474,422
4221,2025-01-18 17:00:56.294797,573,423
4222,2025-01-18 17:00:56.294797,362,423
4223,2025-01-18 17:00:56.294797,475,423
4224,2025-01-18 17:00:56.294797,572,423
4225,2025-01-18 17:00:56.294797,351,423
4226,2025-01-18 17:00:56.294797,637,423
4227,2025-01-18 17:00:56.294797,513,423
4228,2025-01-18 17:00:56.294797,398,423
4229,2025-01-18 17:00:56.294797,303,423
4230,2025-01-18 17:00:56.294797,289,423
4231,2025-01-18 17:00:56.294797,652,424
4232,2025-01-18 17:00:56.294797,475,424
4233,2025-01-18 17:00:56.294797,583,424
4234,2025-01-18 17:00:56.294797,344,424
4235,2025-01-18 17:00:56.294797,535,424
4236,2025-01-18 17:00:56.294797,347,424
4237,2025-01-18 17:00:56.294797,369,424
4238,2025-01-18 17:00:56.294797,333,424
4239,2025-01-18 17:00:56.294797,396,424
4240,2025-01-18 17:00:56.294797,553,424
4241,2025-01-18 17:00:56.294797,346,425
4242,2025-01-18 17:00:56.294797,216,425
4243,2025-01-18 17:00:56.294797,255,425
4244,2025-01-18 17:00:56.294797,209,425
4245,2025-01-18 17:00:56.294797,350,425
4246,2025-01-18 17:00:56.294797,325,425
4247,2025-01-18 17:00:56.294797,658,425
4248,2025-01-18 17:00:56.294797,444,425
4249,2025-01-18 17:00:56.294797,466,425
4250,2025-01-18 17:00:56.294797,390,425
4251,2025-01-18 17:00:56.295794,629,426
4252,2025-01-18 17:00:56.295794,318,426
4253,2025-01-18 17:00:56.295794,329,426
4254,2025-01-18 17:00:56.295794,373,426
4255,2025-01-18 17:00:56.295794,474,426
4256,2025-01-18 17:00:56.295794,194,426
4257,2025-01-18 17:00:56.295794,297,426
4258,2025-01-18 17:00:56.295794,624,426
4259,2025-01-18 17:00:56.295794,465,426
4260,2025-01-18 17:00:56.295794,292,426
4261,2025-01-18 17:00:56.295794,499,427
4262,2025-01-18 17:00:56.295794,612,427
4263,2025-01-18 17:00:56.295794,438,427
4264,2025-01-18 17:00:56.295794,307,427
4265,2025-01-18 17:00:56.295794,426,427
4266,2025-01-18 17:00:56.295794,321,427
4267,2025-01-18 17:00:56.295794,273,427
4268,2025-01-18 17:00:56.295794,630,427
4269,2025-01-18 17:00:56.295794,295,427
4270,2025-01-18 17:00:56.295794,440,427
4271,2025-01-18 17:00:56.295794,497,428
4272,2025-01-18 17:00:56.295794,404,428
4273,2025-01-18 17:00:56.295794,255,428
4274,2025-01-18 17:00:56.295794,498,428
4275,2025-01-18 17:00:56.295794,434,428
4276,2025-01-18 17:00:56.295794,376,428
4277,2025-01-18 17:00:56.295794,665,428
4278,2025-01-18 17:00:56.295794,482,428
4279,2025-01-18 17:00:56.295794,403,428
4280,2025-01-18 17:00:56.295794,306,428
4281,2025-01-18 17:00:56.295794,370,429
4282,2025-01-18 17:00:56.295794,396,429
4283,2025-01-18 17:00:56.295794,435,429
4284,2025-01-18 17:00:56.295794,647,429
4285,2025-01-18 17:00:56.295794,309,429
4286,2025-01-18 17:00:56.295794,665,429
4287,2025-01-18 17:00:56.295794,620,429
4288,2025-01-18 17:00:56.295794,614,429
4289,2025-01-18 17:00:56.295794,539,429
4290,2025-01-18 17:00:56.295794,581,429
4291,2025-01-18 17:00:56.295794,259,430
4292,2025-01-18 17:00:56.295794,271,430
4293,2025-01-18 17:00:56.295794,594,430
4294,2025-01-18 17:00:56.295794,336,430
4295,2025-01-18 17:00:56.295794,296,430
4296,2025-01-18 17:00:56.295794,483,430
4297,2025-01-18 17:00:56.295794,631,430
4298,2025-01-18 17:00:56.295794,284,430
4299,2025-01-18 17:00:56.295794,495,430
4300,2025-01-18 17:00:56.295794,392,430
4301,2025-01-18 17:00:56.295794,575,431
4302,2025-01-18 17:00:56.295794,515,431
4303,2025-01-18 17:00:56.295794,438,431
4304,2025-01-18 17:00:56.295794,588,431
4305,2025-01-18 17:00:56.295794,304,431
4306,2025-01-18 17:00:56.295794,270,431
4307,2025-01-18 17:00:56.295794,523,431
4308,2025-01-18 17:00:56.295794,383,431
4309,2025-01-18 17:00:56.295794,252,431
4310,2025-01-18 17:00:56.295794,461,431
4311,2025-01-18 17:00:56.295794,521,432
4312,2025-01-18 17:00:56.295794,215,432
4313,2025-01-18 17:00:56.295794,619,432
4314,2025-01-18 17:00:56.295794,247,432
4315,2025-01-18 17:00:56.295794,363,432
4316,2025-01-18 17:00:56.295794,648,432
4317,2025-01-18 17:00:56.295794,255,432
4318,2025-01-18 17:00:56.295794,254,432
4319,2025-01-18 17:00:56.295794,343,432
4320,2025-01-18 17:00:56.295794,451,432
4321,2025-01-18 17:00:56.295794,504,433
4322,2025-01-18 17:00:56.295794,376,433
4323,2025-01-18 17:00:56.295794,655,433
4324,2025-01-18 17:00:56.295794,241,433
4325,2025-01-18 17:00:56.295794,348,433
4326,2025-01-18 17:00:56.295794,312,433
4327,2025-01-18 17:00:56.295794,403,433
4328,2025-01-18 17:00:56.295794,599,433
4329,2025-01-18 17:00:56.295794,416,433
4330,2025-01-18 17:00:56.300781,411,433
4331,2025-01-18 17:00:56.300781,339,434
4332,2025-01-18 17:00:56.300781,198,434
4333,2025-01-18 17:00:56.300781,256,434
4334,2025-01-18 17:00:56.300781,313,434
4335,2025-01-18 17:00:56.300781,201,434
4336,2025-01-18 17:00:56.300781,194,434
4337,2025-01-18 17:00:56.300781,229,434
4338,2025-01-18 17:00:56.300781,237,434
4339,2025-01-18 17:00:56.300781,326,434
4340,2025-01-18 17:00:56.300781,252,434
4341,2025-01-18 17:00:56.300781,564,435
4342,2025-01-18 17:00:56.300781,221,435
4343,2025-01-18 17:00:56.300781,240,435
4344,2025-01-18 17:00:56.300781,377,435
4345,2025-01-18 17:00:56.300781,643,435
4346,2025-01-18 17:00:56.300781,509,435
4347,2025-01-18 17:00:56.300781,500,435
4348,2025-01-18 17:00:56.300781,443,435
4349,2025-01-18 17:00:56.300781,234,435
4350,2025-01-18 17:00:56.300781,257,435
4351,2025-01-18 17:00:56.300781,598,436
4352,2025-01-18 17:00:56.300781,588,436
4353,2025-01-18 17:00:56.300781,437,436
4354,2025-01-18 17:00:56.300781,470,436
4355,2025-01-18 17:00:56.300781,547,436
4356,2025-01-18 17:00:56.300781,631,436
4357,2025-01-18 17:00:56.300781,195,436
4358,2025-01-18 17:00:56.300781,271,436
4359,2025-01-18 17:00:56.300781,291,436
4360,2025-01-18 17:00:56.300781,244,436
4361,2025-01-18 17:00:56.300781,653,437
4362,2025-01-18 17:00:56.300781,486,437
4363,2025-01-18 17:00:56.300781,562,437
4364,2025-01-18 17:00:56.300781,317,437
4365,2025-01-18 17:00:56.300781,350,437
4366,2025-01-18 17:00:56.300781,630,437
4367,2025-01-18 17:00:56.300781,202,437
4368,2025-01-18 17:00:56.300781,636,437
4369,2025-01-18 17:00:56.300781,453,437
4370,2025-01-18 17:00:56.300781,319,437
4371,2025-01-18 17:00:56.300781,235,438
4372,2025-01-18 17:00:56.300781,543,438
4373,2025-01-18 17:00:56.300781,316,438
4374,2025-01-18 17:00:56.300781,287,438
4375,2025-01-18 17:00:56.300781,260,438
4376,2025-01-18 17:00:56.300781,642,438
4377,2025-01-18 17:00:56.300781,499,438
4378,2025-01-18 17:00:56.300781,522,438
4379,2025-01-18 17:00:56.300781,621,438
4380,2025-01-18 17:00:56.300781,576,438
4381,2025-01-18 17:00:56.300781,643,439
4382,2025-01-18 17:00:56.300781,565,439
4383,2025-01-18 17:00:56.300781,629,439
4384,2025-01-18 17:00:56.300781,418,439
4385,2025-01-18 17:00:56.300781,313,439
4386,2025-01-18 17:00:56.300781,312,439
4387,2025-01-18 17:00:56.300781,573,439
4388,2025-01-18 17:00:56.300781,632,439
4389,2025-01-18 17:00:56.300781,259,439
4390,2025-01-18 17:00:56.300781,342,439
4391,2025-01-18 17:00:56.300781,488,440
4392,2025-01-18 17:00:56.300781,345,440
4393,2025-01-18 17:00:56.300781,272,440
4394,2025-01-18 17:00:56.300781,485,440
4395,2025-01-18 17:00:56.300781,613,440
4396,2025-01-18 17:00:56.300781,468,440
4397,2025-01-18 17:00:56.300781,506,440
4398,2025-01-18 17:00:56.300781,650,440
4399,2025-01-18 17:00:56.300781,255,440
4400,2025-01-18 17:00:56.300781,212,440
4401,2025-01-18 17:00:56.300781,231,441
4402,2025-01-18 17:00:56.300781,201,441
4403,2025-01-18 17:00:56.300781,305,441
4404,2025-01-18 17:00:56.300781,417,441
4405,2025-01-18 17:00:56.300781,415,441
4406,2025-01-18 17:00:56.300781,277,441
4407,2025-01-18 17:00:56.300781,607,441
4408,2025-01-18 17:00:56.300781,254,441
4409,2025-01-18 17:00:56.301778,205,441
4410,2025-01-18 17:00:56.301778,562,441
4411,2025-01-18 17:00:56.301778,332,442
4412,2025-01-18 17:00:56.301778,328,442
4413,2025-01-18 17:00:56.301778,241,442
4414,2025-01-18 17:00:56.301778,612,442
4415,2025-01-18 17:00:56.301778,477,442
4416,2025-01-18 17:00:56.301778,558,442
4417,2025-01-18 17:00:56.301778,616,442
4418,2025-01-18 17:00:56.301778,316,442
4419,2025-01-18 17:00:56.301778,656,442
4420,2025-01-18 17:00:56.301778,432,442
4421,2025-01-18 17:00:56.301778,601,443
4422,2025-01-18 17:00:56.301778,443,443
4423,2025-01-18 17:00:56.301778,236,443
4424,2025-01-18 17:00:56.301778,343,443
4425,2025-01-18 17:00:56.301778,528,443
4426,2025-01-18 17:00:56.301778,363,443
4427,2025-01-18 17:00:56.301778,627,443
4428,2025-01-18 17:00:56.301778,621,443
4429,2025-01-18 17:00:56.301778,571,443
4430,2025-01-18 17:00:56.301778,496,443
4431,2025-01-18 17:00:56.301778,473,444
4432,2025-01-18 17:00:56.301778,395,444
4433,2025-01-18 17:00:56.301778,459,444
4434,2025-01-18 17:00:56.301778,443,444
4435,2025-01-18 17:00:56.301778,272,444
4436,2025-01-18 17:00:56.301778,513,444
4437,2025-01-18 17:00:56.301778,535,444
4438,2025-01-18 17:00:56.301778,307,444
4439,2025-01-18 17:00:56.301778,387,444
4440,2025-01-18 17:00:56.301778,507,444
4441,2025-01-18 17:00:56.301778,450,445
4442,2025-01-18 17:00:56.301778,385,445
4443,2025-01-18 17:00:56.301778,635,445
4444,2025-01-18 17:00:56.301778,624,445
4445,2025-01-18 17:00:56.301778,526,445
4446,2025-01-18 17:00:56.301778,598,445
4447,2025-01-18 17:00:56.301778,648,445
4448,2025-01-18 17:00:56.301778,524,445
4449,2025-01-18 17:00:56.301778,375,445
4450,2025-01-18 17:00:56.301778,205,445
4451,2025-01-18 17:00:56.301778,384,446
4452,2025-01-18 17:00:56.301778,382,446
4453,2025-01-18 17:00:56.301778,625,446
4454,2025-01-18 17:00:56.301778,450,446
4455,2025-01-18 17:00:56.301778,291,446
4456,2025-01-18 17:00:56.301778,554,446
4457,2025-01-18 17:00:56.301778,228,446
4458,2025-01-18 17:00:56.301778,362,446
4459,2025-01-18 17:00:56.301778,315,446
4460,2025-01-18 17:00:56.301778,401,446
4461,2025-01-18 17:00:56.301778,595,447
4462,2025-01-18 17:00:56.301778,206,447
4463,2025-01-18 17:00:56.301778,649,447
4464,2025-01-18 17:00:56.301778,338,447
4465,2025-01-18 17:00:56.301778,662,447
4466,2025-01-18 17:00:56.301778,467,447
4467,2025-01-18 17:00:56.301778,474,447
4468,2025-01-18 17:00:56.301778,553,447
4469,2025-01-18 17:00:56.301778,194,447
4470,2025-01-18 17:00:56.301778,497,447
4471,2025-01-18 17:00:56.301778,329,448
4472,2025-01-18 17:00:56.301778,195,448
4473,2025-01-18 17:00:56.301778,638,448
4474,2025-01-18 17:00:56.301778,379,448
4475,2025-01-18 17:00:56.301778,410,448
4476,2025-01-18 17:00:56.301778,641,448
4477,2025-01-18 17:00:56.301778,260,448
4478,2025-01-18 17:00:56.301778,336,448
4479,2025-01-18 17:00:56.301778,665,448
4480,2025-01-18 17:00:56.301778,482,448
4481,2025-01-18 17:00:56.301778,336,449
4482,2025-01-18 17:00:56.301778,335,449
4483,2025-01-18 17:00:56.301778,295,449
4484,2025-01-18 17:00:56.301778,585,449
4485,2025-01-18 17:00:56.301778,623,449
4486,2025-01-18 17:00:56.301778,666,449
4487,2025-01-18 17:00:56.301778,277,449
4488,2025-01-18 17:00:56.301778,405,449
4489,2025-01-18 17:00:56.301778,355,449
4490,2025-01-18 17:00:56.301778,339,449
4491,2025-01-18 17:00:56.301778,391,450
4492,2025-01-18 17:00:56.301778,496,450
4493,2025-01-18 17:00:56.301778,306,450
4494,2025-01-18 17:00:56.301778,280,450
4495,2025-01-18 17:00:56.301778,258,450
4496,2025-01-18 17:00:56.301778,370,450
4497,2025-01-18 17:00:56.301778,216,450
4498,2025-01-18 17:00:56.301778,650,450
4499,2025-01-18 17:00:56.301778,518,450
4500,2025-01-18 17:00:56.301778,299,450
4501,2025-01-18 17:00:56.301778,393,451
4502,2025-01-18 17:00:56.301778,508,451
4503,2025-01-18 17:00:56.301778,303,451
4504,2025-01-18 17:00:56.301778,442,451
4505,2025-01-18 17:00:56.302776,503,451
4506,2025-01-18 17:00:56.302776,355,451
4507,2025-01-18 17:00:56.302776,365,451
4508,2025-01-18 17:00:56.302776,618,451
4509,2025-01-18 17:00:56.302776,547,451
4510,2025-01-18 17:00:56.302776,285,451
4511,2025-01-18 17:00:56.302776,559,452
4512,2025-01-18 17:00:56.302776,312,452
4513,2025-01-18 17:00:56.302776,370,452
4514,2025-01-18 17:00:56.302776,350,452
4515,2025-01-18 17:00:56.302776,483,452
4516,2025-01-18 17:00:56.302776,207,452
4517,2025-01-18 17:00:56.302776,596,452
4518,2025-01-18 17:00:56.302776,594,452
4519,2025-01-18 17:00:56.302776,421,452
4520,2025-01-18 17:00:56.302776,472,452
4521,2025-01-18 17:00:56.302776,640,453
4522,2025-01-18 17:00:56.302776,305,453
4523,2025-01-18 17:00:56.302776,364,453
4524,2025-01-18 17:00:56.302776,325,453
4525,2025-01-18 17:00:56.302776,619,453
4526,2025-01-18 17:00:56.302776,281,453
4527,2025-01-18 17:00:56.302776,476,453
4528,2025-01-18 17:00:56.302776,428,453
4529,2025-01-18 17:00:56.302776,341,453
4530,2025-01-18 17:00:56.302776,494,453
4531,2025-01-18 17:00:56.302776,379,454
4532,2025-01-18 17:00:56.302776,638,454
4533,2025-01-18 17:00:56.302776,368,454
4534,2025-01-18 17:00:56.302776,557,454
4535,2025-01-18 17:00:56.302776,270,454
4536,2025-01-18 17:00:56.302776,439,454
4537,2025-01-18 17:00:56.302776,429,454
4538,2025-01-18 17:00:56.302776,418,454
4539,2025-01-18 17:00:56.302776,544,454
4540,2025-01-18 17:00:56.302776,521,454
4541,2025-01-18 17:00:56.302776,443,455
4542,2025-01-18 17:00:56.302776,357,455
4543,2025-01-18 17:00:56.302776,526,455
4544,2025-01-18 17:00:56.302776,529,455
4545,2025-01-18 17:00:56.302776,658,455
4546,2025-01-18 17:00:56.302776,223,455
4547,2025-01-18 17:00:56.302776,539,455
4548,2025-01-18 17:00:56.302776,218,455
4549,2025-01-18 17:00:56.302776,569,455
4550,2025-01-18 17:00:56.302776,288,455
4551,2025-01-18 17:00:56.302776,588,456
4552,2025-01-18 17:00:56.302776,362,456
4553,2025-01-18 17:00:56.302776,306,456
4554,2025-01-18 17:00:56.302776,199,456
4555,2025-01-18 17:00:56.302776,265,456
4556,2025-01-18 17:00:56.302776,604,456
4557,2025-01-18 17:00:56.302776,482,456
4558,2025-01-18 17:00:56.302776,407,456
4559,2025-01-18 17:00:56.302776,601,456
4560,2025-01-18 17:00:56.302776,247,456
4561,2025-01-18 17:00:56.302776,586,457
4562,2025-01-18 17:00:56.302776,320,457
4563,2025-01-18 17:00:56.302776,267,457
4564,2025-01-18 17:00:56.302776,638,457
4565,2025-01-18 17:00:56.302776,430,457
4566,2025-01-18 17:00:56.302776,194,457
4567,2025-01-18 17:00:56.302776,411,457
4568,2025-01-18 17:00:56.302776,242,457
4569,2025-01-18 17:00:56.302776,344,457
4570,2025-01-18 17:00:56.302776,359,457
4571,2025-01-18 17:00:56.302776,597,458
4572,2025-01-18 17:00:56.302776,578,458
4573,2025-01-18 17:00:56.302776,369,458
4574,2025-01-18 17:00:56.302776,359,458
4575,2025-01-18 17:00:56.302776,210,458
4576,2025-01-18 17:00:56.302776,439,458
4577,2025-01-18 17:00:56.302776,226,458
4578,2025-01-18 17:00:56.302776,491,458
4579,2025-01-18 17:00:56.302776,237,458
4580,2025-01-18 17:00:56.302776,545,458
4581,2025-01-18 17:00:56.302776,375,459
4582,2025-01-18 17:00:56.302776,542,459
4583,2025-01-18 17:00:56.302776,343,459
4584,2025-01-18 17:00:56.302776,649,459
4585,2025-01-18 17:00:56.302776,457,459
4586,2025-01-18 17:00:56.302776,359,459
4587,2025-01-18 17:00:56.302776,485,459
4588,2025-01-18 17:00:56.302776,346,459
4589,2025-01-18 17:00:56.302776,470,459
4590,2025-01-18 17:00:56.302776,307,459
4591,2025-01-18 17:00:56.302776,536,460
4592,2025-01-18 17:00:56.302776,506,460
4593,2025-01-18 17:00:56.302776,633,460
4594,2025-01-18 17:00:56.302776,280,460
4595,2025-01-18 17:00:56.302776,558,460
4596,2025-01-18 17:00:56.302776,265,460
4597,2025-01-18 17:00:56.302776,647,460
4598,2025-01-18 17:00:56.302776,293,460
4599,2025-01-18 17:00:56.302776,451,460
4600,2025-01-18 17:00:56.302776,494,460
4601,2025-01-18 17:00:56.302776,435,461
4602,2025-01-18 17:00:56.303773,391,461
4603,2025-01-18 17:00:56.303773,373,461
4604,2025-01-18 17:00:56.303773,643,461
4605,2025-01-18 17:00:56.303773,632,461
4606,2025-01-18 17:00:56.303773,663,461
4607,2025-01-18 17:00:56.303773,655,461
4608,2025-01-18 17:00:56.303773,667,461
4609,2025-01-18 17:00:56.303773,576,461
4610,2025-01-18 17:00:56.303773,211,461
4611,2025-01-18 17:00:56.303773,419,462
4612,2025-01-18 17:00:56.303773,502,462
4613,2025-01-18 17:00:56.303773,296,462
4614,2025-01-18 17:00:56.303773,559,462
4615,2025-01-18 17:00:56.303773,358,462
4616,2025-01-18 17:00:56.303773,511,462
4617,2025-01-18 17:00:56.303773,245,462
4618,2025-01-18 17:00:56.303773,226,462
4619,2025-01-18 17:00:56.303773,398,462
4620,2025-01-18 17:00:56.303773,459,462
4621,2025-01-18 17:00:56.303773,341,463
4622,2025-01-18 17:00:56.303773,330,463
4623,2025-01-18 17:00:56.303773,443,463
4624,2025-01-18 17:00:56.303773,299,463
4625,2025-01-18 17:00:56.303773,272,463
4626,2025-01-18 17:00:56.303773,428,463
4627,2025-01-18 17:00:56.303773,411,463
4628,2025-01-18 17:00:56.303773,360,463
4629,2025-01-18 17:00:56.303773,527,463
4630,2025-01-18 17:00:56.303773,597,463
4631,2025-01-18 17:00:56.303773,611,464
4632,2025-01-18 17:00:56.303773,419,464
4633,2025-01-18 17:00:56.303773,252,464
4634,2025-01-18 17:00:56.303773,532,464
4635,2025-01-18 17:00:56.303773,277,464
4636,2025-01-18 17:00:56.303773,368,464
4637,2025-01-18 17:00:56.303773,404,464
4638,2025-01-18 17:00:56.303773,330,464
4639,2025-01-18 17:00:56.303773,435,464
4640,2025-01-18 17:00:56.303773,353,464
4641,2025-01-18 17:00:56.303773,559,465
4642,2025-01-18 17:00:56.303773,322,465
4643,2025-01-18 17:00:56.303773,484,465
4644,2025-01-18 17:00:56.303773,473,465
4645,2025-01-18 17:00:56.303773,467,465
4646,2025-01-18 17:00:56.303773,314,465
4647,2025-01-18 17:00:56.303773,515,465
4648,2025-01-18 17:00:56.303773,328,465
4649,2025-01-18 17:00:56.303773,426,465
4650,2025-01-18 17:00:56.303773,393,465
4651,2025-01-18 17:00:56.303773,654,466
4652,2025-01-18 17:00:56.303773,270,466
4653,2025-01-18 17:00:56.303773,438,466
4654,2025-01-18 17:00:56.303773,505,466
4655,2025-01-18 17:00:56.303773,326,466
4656,2025-01-18 17:00:56.303773,436,466
4657,2025-01-18 17:00:56.303773,467,466
4658,2025-01-18 17:00:56.303773,572,466
4659,2025-01-18 17:00:56.303773,544,466
4660,2025-01-18 17:00:56.303773,409,466
4661,2025-01-18 17:00:56.303773,203,467
4662,2025-01-18 17:00:56.303773,381,467
4663,2025-01-18 17:00:56.308760,652,467
4664,2025-01-18 17:00:56.308760,507,467
4665,2025-01-18 17:00:56.308760,408,467
4666,2025-01-18 17:00:56.308760,236,467
4667,2025-01-18 17:00:56.308760,480,467
4668,2025-01-18 17:00:56.308760,420,467
4669,2025-01-18 17:00:56.308760,584,467
4670,2025-01-18 17:00:56.308760,218,467
4671,2025-01-18 17:00:56.308760,635,468
4672,2025-01-18 17:00:56.308760,521,468
4673,2025-01-18 17:00:56.308760,465,468
4674,2025-01-18 17:00:56.308760,633,468
4675,2025-01-18 17:00:56.308760,207,468
4676,2025-01-18 17:00:56.308760,464,468
4677,2025-01-18 17:00:56.308760,627,468
4678,2025-01-18 17:00:56.308760,506,468
4679,2025-01-18 17:00:56.308760,492,468
4680,2025-01-18 17:00:56.308760,460,468
4681,2025-01-18 17:00:56.308760,280,469
4682,2025-01-18 17:00:56.308760,338,469
4683,2025-01-18 17:00:56.308760,465,469
4684,2025-01-18 17:00:56.308760,485,469
4685,2025-01-18 17:00:56.308760,228,469
4686,2025-01-18 17:00:56.308760,303,469
4687,2025-01-18 17:00:56.308760,658,469
4688,2025-01-18 17:00:56.308760,203,469
4689,2025-01-18 17:00:56.308760,206,469
4690,2025-01-18 17:00:56.308760,533,469
4691,2025-01-18 17:00:56.308760,307,470
4692,2025-01-18 17:00:56.308760,613,470
4693,2025-01-18 17:00:56.308760,472,470
4694,2025-01-18 17:00:56.308760,260,470
4695,2025-01-18 17:00:56.308760,590,470
4696,2025-01-18 17:00:56.308760,552,470
4697,2025-01-18 17:00:56.308760,558,470
4698,2025-01-18 17:00:56.308760,554,470
4699,2025-01-18 17:00:56.308760,449,470
4700,2025-01-18 17:00:56.308760,611,470
4701,2025-01-18 17:00:56.308760,257,471
4702,2025-01-18 17:00:56.308760,529,471
4703,2025-01-18 17:00:56.308760,553,471
4704,2025-01-18 17:00:56.308760,619,471
4705,2025-01-18 17:00:56.308760,289,471
4706,2025-01-18 17:00:56.308760,283,471
4707,2025-01-18 17:00:56.308760,629,471
4708,2025-01-18 17:00:56.308760,361,471
4709,2025-01-18 17:00:56.308760,383,471
4710,2025-01-18 17:00:56.308760,575,471
4711,2025-01-18 17:00:56.308760,344,472
4712,2025-01-18 17:00:56.308760,237,472
4713,2025-01-18 17:00:56.308760,539,472
4714,2025-01-18 17:00:56.308760,624,472
4715,2025-01-18 17:00:56.308760,600,472
4716,2025-01-18 17:00:56.308760,208,472
4717,2025-01-18 17:00:56.308760,626,472
4718,2025-01-18 17:00:56.308760,425,472
4719,2025-01-18 17:00:56.308760,304,472
4720,2025-01-18 17:00:56.308760,210,472
4721,2025-01-18 17:00:56.308760,387,473
4722,2025-01-18 17:00:56.308760,552,473
4723,2025-01-18 17:00:56.308760,388,473
4724,2025-01-18 17:00:56.308760,271,473
4725,2025-01-18 17:00:56.308760,467,473
4726,2025-01-18 17:00:56.308760,400,473
4727,2025-01-18 17:00:56.308760,648,473
4728,2025-01-18 17:00:56.308760,377,473
4729,2025-01-18 17:00:56.308760,588,473
4730,2025-01-18 17:00:56.308760,531,473
4731,2025-01-18 17:00:56.308760,513,474
4732,2025-01-18 17:00:56.308760,244,474
4733,2025-01-18 17:00:56.308760,394,474
4734,2025-01-18 17:00:56.308760,577,474
4735,2025-01-18 17:00:56.308760,225,474
4736,2025-01-18 17:00:56.308760,318,474
4737,2025-01-18 17:00:56.308760,623,474
4738,2025-01-18 17:00:56.308760,230,474
4739,2025-01-18 17:00:56.308760,289,474
4740,2025-01-18 17:00:56.308760,619,474
4741,2025-01-18 17:00:56.308760,358,475
4742,2025-01-18 17:00:56.308760,227,475
4743,2025-01-18 17:00:56.308760,208,475
4744,2025-01-18 17:00:56.308760,536,475
4745,2025-01-18 17:00:56.308760,282,475
4746,2025-01-18 17:00:56.308760,580,475
4747,2025-01-18 17:00:56.308760,245,475
4748,2025-01-18 17:00:56.308760,299,475
4749,2025-01-18 17:00:56.308760,659,475
4750,2025-01-18 17:00:56.308760,331,475
4751,2025-01-18 17:00:56.308760,389,476
4752,2025-01-18 17:00:56.308760,536,476
4753,2025-01-18 17:00:56.308760,544,476
4754,2025-01-18 17:00:56.308760,226,476
4755,2025-01-18 17:00:56.308760,564,476
4756,2025-01-18 17:00:56.308760,478,476
4757,2025-01-18 17:00:56.309757,447,476
4758,2025-01-18 17:00:56.309757,198,476
4759,2025-01-18 17:00:56.309757,529,476
4760,2025-01-18 17:00:56.309757,541,476
4761,2025-01-18 17:00:56.309757,556,477
4762,2025-01-18 17:00:56.309757,344,477
4763,2025-01-18 17:00:56.309757,654,477
4764,2025-01-18 17:00:56.309757,400,477
4765,2025-01-18 17:00:56.309757,649,477
4766,2025-01-18 17:00:56.309757,504,477
4767,2025-01-18 17:00:56.309757,536,477
4768,2025-01-18 17:00:56.309757,384,477
4769,2025-01-18 17:00:56.309757,584,477
4770,2025-01-18 17:00:56.309757,632,477
4771,2025-01-18 17:00:56.309757,392,478
4772,2025-01-18 17:00:56.309757,395,478
4773,2025-01-18 17:00:56.309757,299,478
4774,2025-01-18 17:00:56.309757,626,478
4775,2025-01-18 17:00:56.309757,311,478
4776,2025-01-18 17:00:56.309757,198,478
4777,2025-01-18 17:00:56.309757,254,478
4778,2025-01-18 17:00:56.309757,438,478
4779,2025-01-18 17:00:56.309757,216,478
4780,2025-01-18 17:00:56.309757,227,478
4781,2025-01-18 17:00:56.309757,604,479
4782,2025-01-18 17:00:56.309757,603,479
4783,2025-01-18 17:00:56.309757,276,479
4784,2025-01-18 17:00:56.309757,212,479
4785,2025-01-18 17:00:56.309757,318,479
4786,2025-01-18 17:00:56.309757,580,479
4787,2025-01-18 17:00:56.309757,441,479
4788,2025-01-18 17:00:56.309757,410,479
4789,2025-01-18 17:00:56.309757,526,479
4790,2025-01-18 17:00:56.309757,335,479
4791,2025-01-18 17:00:56.309757,468,480
4792,2025-01-18 17:00:56.309757,655,480
4793,2025-01-18 17:00:56.309757,446,480
4794,2025-01-18 17:00:56.309757,366,480
4795,2025-01-18 17:00:56.309757,506,480
4796,2025-01-18 17:00:56.309757,220,480
4797,2025-01-18 17:00:56.309757,318,480
4798,2025-01-18 17:00:56.309757,453,480
4799,2025-01-18 17:00:56.309757,274,480
4800,2025-01-18 17:00:56.309757,508,480
4801,2025-01-18 17:00:56.309757,567,481
4802,2025-01-18 17:00:56.309757,633,481
4803,2025-01-18 17:00:56.309757,356,481
4804,2025-01-18 17:00:56.309757,534,481
4805,2025-01-18 17:00:56.309757,267,481
4806,2025-01-18 17:00:56.309757,332,481
4807,2025-01-18 17:00:56.309757,623,481
4808,2025-01-18 17:00:56.309757,438,481
4809,2025-01-18 17:00:56.309757,552,481
4810,2025-01-18 17:00:56.309757,532,481
4811,2025-01-18 17:00:56.309757,508,482
4812,2025-01-18 17:00:56.309757,361,482
4813,2025-01-18 17:00:56.309757,547,482
4814,2025-01-18 17:00:56.309757,436,482
4815,2025-01-18 17:00:56.309757,366,482
4816,2025-01-18 17:00:56.309757,553,482
4817,2025-01-18 17:00:56.309757,231,482
4818,2025-01-18 17:00:56.309757,383,482
4819,2025-01-18 17:00:56.309757,667,482
4820,2025-01-18 17:00:56.309757,311,482
4821,2025-01-18 17:00:56.309757,318,483
4822,2025-01-18 17:00:56.309757,540,483
4823,2025-01-18 17:00:56.309757,340,483
4824,2025-01-18 17:00:56.309757,450,483
4825,2025-01-18 17:00:56.309757,401,483
4826,2025-01-18 17:00:56.309757,293,483
4827,2025-01-18 17:00:56.309757,573,483
4828,2025-01-18 17:00:56.309757,260,483
4829,2025-01-18 17:00:56.309757,378,483
4830,2025-01-18 17:00:56.309757,384,483
4831,2025-01-18 17:00:56.309757,642,484
4832,2025-01-18 17:00:56.309757,534,484
4833,2025-01-18 17:00:56.309757,374,484
4834,2025-01-18 17:00:56.309757,633,484
4835,2025-01-18 17:00:56.309757,358,484
4836,2025-01-18 17:00:56.309757,615,484
4837,2025-01-18 17:00:56.309757,232,484
4838,2025-01-18 17:00:56.309757,203,484
4839,2025-01-18 17:00:56.309757,332,484
4840,2025-01-18 17:00:56.309757,331,484
4841,2025-01-18 17:00:56.309757,567,485
4842,2025-01-18 17:00:56.309757,237,485
4843,2025-01-18 17:00:56.309757,558,485
4844,2025-01-18 17:00:56.309757,339,485
4845,2025-01-18 17:00:56.309757,659,485
4846,2025-01-18 17:00:56.309757,424,485
4847,2025-01-18 17:00:56.309757,346,485
4848,2025-01-18 17:00:56.309757,649,485
4849,2025-01-18 17:00:56.309757,593,485
4850,2025-01-18 17:00:56.309757,232,485
4851,2025-01-18 17:00:56.309757,596,486
4852,2025-01-18 17:00:56.310754,583,486
4853,2025-01-18 17:00:56.310754,475,486
4854,2025-01-18 17:00:56.310754,484,486
4855,2025-01-18 17:00:56.310754,563,486
4856,2025-01-18 17:00:56.310754,355,486
4857,2025-01-18 17:00:56.310754,571,486
4858,2025-01-18 17:00:56.310754,399,486
4859,2025-01-18 17:00:56.310754,259,486
4860,2025-01-18 17:00:56.310754,659,486
4861,2025-01-18 17:00:56.310754,544,487
4862,2025-01-18 17:00:56.310754,618,487
4863,2025-01-18 17:00:56.310754,289,487
4864,2025-01-18 17:00:56.310754,330,487
4865,2025-01-18 17:00:56.310754,597,487
4866,2025-01-18 17:00:56.310754,237,487
4867,2025-01-18 17:00:56.310754,603,487
4868,2025-01-18 17:00:56.310754,661,487
4869,2025-01-18 17:00:56.310754,434,487
4870,2025-01-18 17:00:56.310754,433,487
4871,2025-01-18 17:00:56.310754,448,488
4872,2025-01-18 17:00:56.310754,324,488
4873,2025-01-18 17:00:56.310754,352,488
4874,2025-01-18 17:00:56.310754,380,488
4875,2025-01-18 17:00:56.310754,405,488
4876,2025-01-18 17:00:56.310754,654,488
4877,2025-01-18 17:00:56.310754,540,488
4878,2025-01-18 17:00:56.310754,254,488
4879,2025-01-18 17:00:56.310754,370,488
4880,2025-01-18 17:00:56.310754,593,488
4881,2025-01-18 17:00:56.310754,550,489
4882,2025-01-18 17:00:56.310754,339,489
4883,2025-01-18 17:00:56.310754,527,489
4884,2025-01-18 17:00:56.310754,432,489
4885,2025-01-18 17:00:56.310754,539,489
4886,2025-01-18 17:00:56.310754,652,489
4887,2025-01-18 17:00:56.310754,450,489
4888,2025-01-18 17:00:56.310754,612,489
4889,2025-01-18 17:00:56.310754,255,489
4890,2025-01-18 17:00:56.310754,299,489
4891,2025-01-18 17:00:56.310754,466,490
4892,2025-01-18 17:00:56.310754,449,490
4893,2025-01-18 17:00:56.310754,382,490
4894,2025-01-18 17:00:56.310754,663,490
4895,2025-01-18 17:00:56.310754,374,490
4896,2025-01-18 17:00:56.310754,430,490
4897,2025-01-18 17:00:56.310754,331,490
4898,2025-01-18 17:00:56.310754,304,490
4899,2025-01-18 17:00:56.310754,365,490
4900,2025-01-18 17:00:56.310754,492,490
4901,2025-01-18 17:00:56.310754,658,491
4902,2025-01-18 17:00:56.310754,344,491
4903,2025-01-18 17:00:56.310754,565,491
4904,2025-01-18 17:00:56.310754,665,491
4905,2025-01-18 17:00:56.310754,296,491
4906,2025-01-18 17:00:56.310754,412,491
4907,2025-01-18 17:00:56.310754,635,491
4908,2025-01-18 17:00:56.310754,426,491
4909,2025-01-18 17:00:56.310754,413,491
4910,2025-01-18 17:00:56.310754,547,491
4911,2025-01-18 17:00:56.310754,390,492
4912,2025-01-18 17:00:56.310754,323,492
4913,2025-01-18 17:00:56.310754,232,492
4914,2025-01-18 17:00:56.310754,387,492
4915,2025-01-18 17:00:56.310754,206,492
4916,2025-01-18 17:00:56.310754,493,492
4917,2025-01-18 17:00:56.310754,525,492
4918,2025-01-18 17:00:56.310754,385,492
4919,2025-01-18 17:00:56.310754,204,492
4920,2025-01-18 17:00:56.310754,511,492
4921,2025-01-18 17:00:56.310754,608,493
4922,2025-01-18 17:00:56.310754,482,493
4923,2025-01-18 17:00:56.310754,492,493
4924,2025-01-18 17:00:56.310754,406,493
4925,2025-01-18 17:00:56.310754,631,493
4926,2025-01-18 17:00:56.310754,535,493
4927,2025-01-18 17:00:56.310754,466,493
4928,2025-01-18 17:00:56.310754,511,493
4929,2025-01-18 17:00:56.310754,666,493
4930,2025-01-18 17:00:56.310754,381,493
4931,2025-01-18 17:00:56.310754,533,494
4932,2025-01-18 17:00:56.310754,663,494
4933,2025-01-18 17:00:56.310754,496,494
4934,2025-01-18 17:00:56.310754,451,494
4935,2025-01-18 17:00:56.310754,333,494
4936,2025-01-18 17:00:56.310754,215,494
4937,2025-01-18 17:00:56.310754,605,494
4938,2025-01-18 17:00:56.310754,445,494
4939,2025-01-18 17:00:56.310754,376,494
4940,2025-01-18 17:00:56.310754,432,494
4941,2025-01-18 17:00:56.310754,459,495
4942,2025-01-18 17:00:56.310754,581,495
4943,2025-01-18 17:00:56.310754,261,495
4944,2025-01-18 17:00:56.310754,613,495
4945,2025-01-18 17:00:56.310754,543,495
4946,2025-01-18 17:00:56.310754,342,495
4947,2025-01-18 17:00:56.310754,451,495
4948,2025-01-18 17:00:56.310754,428,495
4949,2025-01-18 17:00:56.311752,401,495
4950,2025-01-18 17:00:56.311752,556,495
4951,2025-01-18 17:00:56.311752,401,496
4952,2025-01-18 17:00:56.311752,644,496
4953,2025-01-18 17:00:56.311752,315,496
4954,2025-01-18 17:00:56.311752,228,496
4955,2025-01-18 17:00:56.311752,479,496
4956,2025-01-18 17:00:56.311752,299,496
4957,2025-01-18 17:00:56.311752,430,496
4958,2025-01-18 17:00:56.311752,224,496
4959,2025-01-18 17:00:56.311752,503,496
4960,2025-01-18 17:00:56.311752,471,496
4961,2025-01-18 17:00:56.311752,509,497
4962,2025-01-18 17:00:56.311752,506,497
4963,2025-01-18 17:00:56.311752,585,497
4964,2025-01-18 17:00:56.311752,227,497
4965,2025-01-18 17:00:56.311752,319,497
4966,2025-01-18 17:00:56.311752,201,497
4967,2025-01-18 17:00:56.311752,602,497
4968,2025-01-18 17:00:56.311752,305,497
4969,2025-01-18 17:00:56.311752,522,497
4970,2025-01-18 17:00:56.311752,246,497
4971,2025-01-18 17:00:56.311752,435,498
4972,2025-01-18 17:00:56.311752,405,498
4973,2025-01-18 17:00:56.311752,496,498
4974,2025-01-18 17:00:56.311752,550,498
4975,2025-01-18 17:00:56.311752,444,498
4976,2025-01-18 17:00:56.311752,259,498
4977,2025-01-18 17:00:56.311752,227,498
4978,2025-01-18 17:00:56.311752,263,498
4979,2025-01-18 17:00:56.311752,389,498
4980,2025-01-18 17:00:56.311752,343,498
4981,2025-01-18 17:00:56.311752,406,499
4982,2025-01-18 17:00:56.311752,604,499
4983,2025-01-18 17:00:56.311752,658,499
4984,2025-01-18 17:00:56.311752,551,499
4985,2025-01-18 17:00:56.311752,490,499
4986,2025-01-18 17:00:56.311752,452,499
4987,2025-01-18 17:00:56.311752,507,499
4988,2025-01-18 17:00:56.311752,525,499
4989,2025-01-18 17:00:56.311752,249,499
4990,2025-01-18 17:00:56.311752,479,499
4991,2025-01-18 17:00:56.311752,498,500
4992,2025-01-18 17:00:56.311752,282,500
4993,2025-01-18 17:00:56.311752,334,500
4994,2025-01-18 17:00:56.311752,661,500
4995,2025-01-18 17:00:56.311752,435,500
4996,2025-01-18 17:00:56.315741,540,500
4997,2025-01-18 17:00:56.315741,197,500
4998,2025-01-18 17:00:56.316739,381,500
4999,2025-01-18 17:00:56.316739,392,500
5000,2025-01-18 17:00:56.316739,307,500
5001,2025-01-18 17:00:56.316739,425,501
5002,2025-01-18 17:00:56.316739,261,501
5003,2025-01-18 17:00:56.316739,401,501
5004,2025-01-18 17:00:56.316739,589,501
5005,2025-01-18 17:00:56.316739,265,501
5006,2025-01-18 17:00:56.316739,233,501
5007,2025-01-18 17:00:56.316739,415,501
5008,2025-01-18 17:00:56.316739,656,501
5009,2025-01-18 17:00:56.316739,471,501
5010,2025-01-18 17:00:56.316739,628,501
5011,2025-01-18 17:00:56.316739,623,502
5012,2025-01-18 17:00:56.316739,383,502
5013,2025-01-18 17:00:56.316739,453,502
5014,2025-01-18 17:00:56.316739,625,502
5015,2025-01-18 17:00:56.316739,204,502
5016,2025-01-18 17:00:56.316739,391,502
5017,2025-01-18 17:00:56.316739,269,502
5018,2025-01-18 17:00:56.316739,213,502
5019,2025-01-18 17:00:56.316739,457,502
5020,2025-01-18 17:00:56.316739,580,502
5021,2025-01-18 17:00:56.316739,566,503
5022,2025-01-18 17:00:56.316739,524,503
5023,2025-01-18 17:00:56.316739,665,503
5024,2025-01-18 17:00:56.316739,279,503
5025,2025-01-18 17:00:56.316739,533,503
5026,2025-01-18 17:00:56.316739,555,503
5027,2025-01-18 17:00:56.316739,613,503
5028,2025-01-18 17:00:56.316739,256,503
5029,2025-01-18 17:00:56.316739,269,503
5030,2025-01-18 17:00:56.316739,200,503
5031,2025-01-18 17:00:56.316739,389,504
5032,2025-01-18 17:00:56.316739,303,504
5033,2025-01-18 17:00:56.316739,640,504
5034,2025-01-18 17:00:56.316739,596,504
5035,2025-01-18 17:00:56.316739,589,504
5036,2025-01-18 17:00:56.316739,311,504
5037,2025-01-18 17:00:56.316739,556,504
5038,2025-01-18 17:00:56.316739,324,504
5039,2025-01-18 17:00:56.316739,500,504
5040,2025-01-18 17:00:56.316739,345,504
5041,2025-01-18 17:00:56.316739,386,505
5042,2025-01-18 17:00:56.316739,552,505
5043,2025-01-18 17:00:56.316739,204,505
5044,2025-01-18 17:00:56.316739,567,505
5045,2025-01-18 17:00:56.316739,614,505
5046,2025-01-18 17:00:56.316739,385,505
5047,2025-01-18 17:00:56.316739,632,505
5048,2025-01-18 17:00:56.316739,502,505
5049,2025-01-18 17:00:56.316739,296,505
5050,2025-01-18 17:00:56.316739,280,505
5051,2025-01-18 17:00:56.316739,569,506
5052,2025-01-18 17:00:56.316739,563,506
5053,2025-01-18 17:00:56.316739,533,506
5054,2025-01-18 17:00:56.316739,227,506
5055,2025-01-18 17:00:56.316739,259,506
5056,2025-01-18 17:00:56.316739,525,506
5057,2025-01-18 17:00:56.316739,211,506
5058,2025-01-18 17:00:56.316739,204,506
5059,2025-01-18 17:00:56.316739,398,506
5060,2025-01-18 17:00:56.316739,331,506
5061,2025-01-18 17:00:56.316739,612,507
5062,2025-01-18 17:00:56.316739,352,507
5063,2025-01-18 17:00:56.316739,560,507
5064,2025-01-18 17:00:56.316739,244,507
5065,2025-01-18 17:00:56.316739,260,507
5066,2025-01-18 17:00:56.316739,654,507
5067,2025-01-18 17:00:56.316739,219,507
5068,2025-01-18 17:00:56.316739,281,507
5069,2025-01-18 17:00:56.316739,447,507
5070,2025-01-18 17:00:56.316739,624,507
5071,2025-01-18 17:00:56.316739,204,508
5072,2025-01-18 17:00:56.316739,452,508
5073,2025-01-18 17:00:56.316739,375,508
5074,2025-01-18 17:00:56.316739,403,508
5075,2025-01-18 17:00:56.316739,544,508
5076,2025-01-18 17:00:56.316739,254,508
5077,2025-01-18 17:00:56.316739,245,508
5078,2025-01-18 17:00:56.316739,641,508
5079,2025-01-18 17:00:56.316739,472,508
5080,2025-01-18 17:00:56.316739,658,508
5081,2025-01-18 17:00:56.316739,248,509
5082,2025-01-18 17:00:56.316739,269,509
5083,2025-01-18 17:00:56.316739,661,509
5084,2025-01-18 17:00:56.316739,324,509
5085,2025-01-18 17:00:56.316739,276,509
5086,2025-01-18 17:00:56.316739,278,509
5087,2025-01-18 17:00:56.316739,238,509
5088,2025-01-18 17:00:56.316739,649,509
5089,2025-01-18 17:00:56.316739,536,509
5090,2025-01-18 17:00:56.316739,366,509
5091,2025-01-18 17:00:56.316739,562,510
5092,2025-01-18 17:00:56.316739,305,510
5093,2025-01-18 17:00:56.316739,378,510
5094,2025-01-18 17:00:56.317736,310,510
5095,2025-01-18 17:00:56.317736,408,510
5096,2025-01-18 17:00:56.317736,609,510
5097,2025-01-18 17:00:56.317736,605,510
5098,2025-01-18 17:00:56.317736,500,510
5099,2025-01-18 17:00:56.317736,341,510
5100,2025-01-18 17:00:56.317736,512,510
5101,2025-01-18 17:00:56.317736,195,511
5102,2025-01-18 17:00:56.317736,523,511
5103,2025-01-18 17:00:56.317736,428,511
5104,2025-01-18 17:00:56.317736,625,511
5105,2025-01-18 17:00:56.317736,283,511
5106,2025-01-18 17:00:56.317736,301,511
5107,2025-01-18 17:00:56.317736,486,511
5108,2025-01-18 17:00:56.317736,633,511
5109,2025-01-18 17:00:56.317736,348,511
5110,2025-01-18 17:00:56.317736,422,511
5111,2025-01-18 17:00:56.317736,425,512
5112,2025-01-18 17:00:56.317736,649,512
5113,2025-01-18 17:00:56.317736,348,512
5114,2025-01-18 17:00:56.317736,254,512
5115,2025-01-18 17:00:56.317736,470,512
5116,2025-01-18 17:00:56.317736,604,512
5117,2025-01-18 17:00:56.317736,224,512
5118,2025-01-18 17:00:56.317736,581,512
5119,2025-01-18 17:00:56.317736,612,512
5120,2025-01-18 17:00:56.317736,597,512
5121,2025-01-18 17:00:56.317736,252,513
5122,2025-01-18 17:00:56.317736,579,513
5123,2025-01-18 17:00:56.317736,214,513
5124,2025-01-18 17:00:56.317736,586,513
5125,2025-01-18 17:00:56.317736,194,513
5126,2025-01-18 17:00:56.317736,204,513
5127,2025-01-18 17:00:56.317736,301,513
5128,2025-01-18 17:00:56.317736,533,513
5129,2025-01-18 17:00:56.317736,546,513
5130,2025-01-18 17:00:56.317736,246,513
5131,2025-01-18 17:00:56.317736,511,514
5132,2025-01-18 17:00:56.317736,570,514
5133,2025-01-18 17:00:56.317736,531,514
5134,2025-01-18 17:00:56.317736,486,514
5135,2025-01-18 17:00:56.317736,371,514
5136,2025-01-18 17:00:56.317736,454,514
5137,2025-01-18 17:00:56.317736,322,514
5138,2025-01-18 17:00:56.317736,468,514
5139,2025-01-18 17:00:56.317736,236,514
5140,2025-01-18 17:00:56.317736,202,514
5141,2025-01-18 17:00:56.317736,516,515
5142,2025-01-18 17:00:56.317736,443,515
5143,2025-01-18 17:00:56.317736,564,515
5144,2025-01-18 17:00:56.317736,426,515
5145,2025-01-18 17:00:56.317736,421,515
5146,2025-01-18 17:00:56.317736,279,515
5147,2025-01-18 17:00:56.317736,205,515
5148,2025-01-18 17:00:56.317736,488,515
5149,2025-01-18 17:00:56.317736,319,515
5150,2025-01-18 17:00:56.317736,447,515
5151,2025-01-18 17:00:56.317736,282,516
5152,2025-01-18 17:00:56.317736,420,516
5153,2025-01-18 17:00:56.317736,549,516
5154,2025-01-18 17:00:56.317736,374,516
5155,2025-01-18 17:00:56.317736,631,516
5156,2025-01-18 17:00:56.317736,422,516
5157,2025-01-18 17:00:56.317736,410,516
5158,2025-01-18 17:00:56.317736,624,516
5159,2025-01-18 17:00:56.317736,606,516
5160,2025-01-18 17:00:56.317736,311,516
5161,2025-01-18 17:00:56.317736,407,517
5162,2025-01-18 17:00:56.317736,579,517
5163,2025-01-18 17:00:56.317736,375,517
5164,2025-01-18 17:00:56.317736,349,517
5165,2025-01-18 17:00:56.317736,299,517
5166,2025-01-18 17:00:56.317736,464,517
5167,2025-01-18 17:00:56.317736,330,517
5168,2025-01-18 17:00:56.317736,358,517
5169,2025-01-18 17:00:56.317736,310,517
5170,2025-01-18 17:00:56.317736,376,517
5171,2025-01-18 17:00:56.317736,354,518
5172,2025-01-18 17:00:56.317736,624,518
5173,2025-01-18 17:00:56.317736,203,518
5174,2025-01-18 17:00:56.317736,331,518
5175,2025-01-18 17:00:56.317736,344,518
5176,2025-01-18 17:00:56.317736,397,518
5177,2025-01-18 17:00:56.317736,616,518
5178,2025-01-18 17:00:56.317736,631,518
5179,2025-01-18 17:00:56.317736,312,518
5180,2025-01-18 17:00:56.317736,211,518
5181,2025-01-18 17:00:56.317736,273,519
5182,2025-01-18 17:00:56.317736,610,519
5183,2025-01-18 17:00:56.317736,484,519
5184,2025-01-18 17:00:56.317736,315,519
5185,2025-01-18 17:00:56.317736,571,519
5186,2025-01-18 17:00:56.317736,535,519
5187,2025-01-18 17:00:56.317736,623,519
5188,2025-01-18 17:00:56.317736,336,519
5189,2025-01-18 17:00:56.317736,515,519
5190,2025-01-18 17:00:56.318733,329,519
5191,2025-01-18 17:00:56.318733,371,520
5192,2025-01-18 17:00:56.318733,379,520
5193,2025-01-18 17:00:56.318733,279,520
5194,2025-01-18 17:00:56.318733,506,520
5195,2025-01-18 17:00:56.318733,425,520
5196,2025-01-18 17:00:56.318733,449,520
5197,2025-01-18 17:00:56.318733,534,520
5198,2025-01-18 17:00:56.318733,535,520
5199,2025-01-18 17:00:56.318733,401,520
5200,2025-01-18 17:00:56.318733,627,520
5201,2025-01-18 17:00:56.318733,446,521
5202,2025-01-18 17:00:56.318733,498,521
5203,2025-01-18 17:00:56.318733,492,521
5204,2025-01-18 17:00:56.318733,531,521
5205,2025-01-18 17:00:56.318733,616,521
5206,2025-01-18 17:00:56.318733,378,521
5207,2025-01-18 17:00:56.318733,648,521
5208,2025-01-18 17:00:56.318733,376,521
5209,2025-01-18 17:00:56.318733,326,521
5210,2025-01-18 17:00:56.318733,227,521
5211,2025-01-18 17:00:56.318733,386,522
5212,2025-01-18 17:00:56.318733,442,522
5213,2025-01-18 17:00:56.318733,294,522
5214,2025-01-18 17:00:56.318733,569,522
5215,2025-01-18 17:00:56.318733,258,522
5216,2025-01-18 17:00:56.318733,575,522
5217,2025-01-18 17:00:56.318733,563,522
5218,2025-01-18 17:00:56.318733,401,522
5219,2025-01-18 17:00:56.318733,343,522
5220,2025-01-18 17:00:56.318733,226,522
5221,2025-01-18 17:00:56.318733,647,523
5222,2025-01-18 17:00:56.318733,244,523
5223,2025-01-18 17:00:56.318733,283,523
5224,2025-01-18 17:00:56.318733,434,523
5225,2025-01-18 17:00:56.318733,200,523
5226,2025-01-18 17:00:56.318733,351,523
5227,2025-01-18 17:00:56.318733,459,523
5228,2025-01-18 17:00:56.318733,361,523
5229,2025-01-18 17:00:56.318733,303,523
5230,2025-01-18 17:00:56.318733,354,523
5231,2025-01-18 17:00:56.318733,386,524
5232,2025-01-18 17:00:56.318733,666,524
5233,2025-01-18 17:00:56.318733,264,524
5234,2025-01-18 17:00:56.318733,637,524
5235,2025-01-18 17:00:56.318733,291,524
5236,2025-01-18 17:00:56.318733,375,524
5237,2025-01-18 17:00:56.318733,536,524
5238,2025-01-18 17:00:56.318733,379,524
5239,2025-01-18 17:00:56.318733,276,524
5240,2025-01-18 17:00:56.318733,620,524
5241,2025-01-18 17:00:56.318733,448,525
5242,2025-01-18 17:00:56.318733,442,525
5243,2025-01-18 17:00:56.318733,648,525
5244,2025-01-18 17:00:56.318733,651,525
5245,2025-01-18 17:00:56.318733,635,525
5246,2025-01-18 17:00:56.318733,287,525
5247,2025-01-18 17:00:56.318733,305,525
5248,2025-01-18 17:00:56.318733,396,525
5249,2025-01-18 17:00:56.318733,243,525
5250,2025-01-18 17:00:56.318733,345,525
5251,2025-01-18 17:00:56.318733,604,526
5252,2025-01-18 17:00:56.318733,247,526
5253,2025-01-18 17:00:56.318733,264,526
5254,2025-01-18 17:00:56.318733,657,526
5255,2025-01-18 17:00:56.318733,621,526
5256,2025-01-18 17:00:56.318733,321,526
5257,2025-01-18 17:00:56.318733,394,526
5258,2025-01-18 17:00:56.318733,278,526
5259,2025-01-18 17:00:56.318733,410,526
5260,2025-01-18 17:00:56.318733,554,526
5261,2025-01-18 17:00:56.318733,515,527
5262,2025-01-18 17:00:56.318733,235,527
5263,2025-01-18 17:00:56.318733,581,527
5264,2025-01-18 17:00:56.318733,311,527
5265,2025-01-18 17:00:56.318733,603,527
5266,2025-01-18 17:00:56.318733,605,527
5267,2025-01-18 17:00:56.318733,595,527
5268,2025-01-18 17:00:56.318733,541,527
5269,2025-01-18 17:00:56.318733,279,527
5270,2025-01-18 17:00:56.318733,417,527
5271,2025-01-18 17:00:56.318733,573,528
5272,2025-01-18 17:00:56.318733,628,528
5273,2025-01-18 17:00:56.318733,307,528
5274,2025-01-18 17:00:56.318733,495,528
5275,2025-01-18 17:00:56.318733,594,528
5276,2025-01-18 17:00:56.318733,295,528
5277,2025-01-18 17:00:56.318733,418,528
5278,2025-01-18 17:00:56.318733,554,528
5279,2025-01-18 17:00:56.318733,533,528
5280,2025-01-18 17:00:56.318733,625,528
5281,2025-01-18 17:00:56.318733,234,529
5282,2025-01-18 17:00:56.318733,368,529
5283,2025-01-18 17:00:56.318733,207,529
5284,2025-01-18 17:00:56.318733,666,529
5285,2025-01-18 17:00:56.318733,429,529
5286,2025-01-18 17:00:56.319730,571,529
5287,2025-01-18 17:00:56.319730,260,529
5288,2025-01-18 17:00:56.319730,310,529
5289,2025-01-18 17:00:56.319730,329,529
5290,2025-01-18 17:00:56.319730,490,529
5291,2025-01-18 17:00:56.319730,659,530
5292,2025-01-18 17:00:56.319730,542,530
5293,2025-01-18 17:00:56.319730,432,530
5294,2025-01-18 17:00:56.319730,196,530
5295,2025-01-18 17:00:56.319730,246,530
5296,2025-01-18 17:00:56.319730,207,530
5297,2025-01-18 17:00:56.319730,233,530
5298,2025-01-18 17:00:56.319730,651,530
5299,2025-01-18 17:00:56.319730,489,530
5300,2025-01-18 17:00:56.319730,221,530
5301,2025-01-18 17:00:56.319730,527,531
5302,2025-01-18 17:00:56.319730,353,531
5303,2025-01-18 17:00:56.319730,482,531
5304,2025-01-18 17:00:56.319730,479,531
5305,2025-01-18 17:00:56.319730,610,531
5306,2025-01-18 17:00:56.319730,262,531
5307,2025-01-18 17:00:56.319730,568,531
5308,2025-01-18 17:00:56.319730,567,531
5309,2025-01-18 17:00:56.319730,587,531
5310,2025-01-18 17:00:56.319730,323,531
5311,2025-01-18 17:00:56.319730,229,532
5312,2025-01-18 17:00:56.319730,312,532
5313,2025-01-18 17:00:56.319730,438,532
5314,2025-01-18 17:00:56.319730,354,532
5315,2025-01-18 17:00:56.319730,473,532
5316,2025-01-18 17:00:56.319730,547,532
5317,2025-01-18 17:00:56.319730,258,532
5318,2025-01-18 17:00:56.319730,459,532
5319,2025-01-18 17:00:56.319730,627,532
5320,2025-01-18 17:00:56.319730,569,532
5321,2025-01-18 17:00:56.319730,634,533
5322,2025-01-18 17:00:56.319730,648,533
5323,2025-01-18 17:00:56.319730,263,533
5324,2025-01-18 17:00:56.319730,607,533
5325,2025-01-18 17:00:56.319730,527,533
5326,2025-01-18 17:00:56.319730,379,533
5327,2025-01-18 17:00:56.319730,272,533
5328,2025-01-18 17:00:56.319730,244,533
5329,2025-01-18 17:00:56.323720,245,533
5330,2025-01-18 17:00:56.323720,492,533
5331,2025-01-18 17:00:56.323720,199,534
5332,2025-01-18 17:00:56.323720,349,534
5333,2025-01-18 17:00:56.323720,488,534
5334,2025-01-18 17:00:56.323720,549,534
5335,2025-01-18 17:00:56.323720,397,534
5336,2025-01-18 17:00:56.323720,218,534
5337,2025-01-18 17:00:56.323720,630,534
5338,2025-01-18 17:00:56.323720,645,534
5339,2025-01-18 17:00:56.323720,310,534
5340,2025-01-18 17:00:56.323720,246,534
5341,2025-01-18 17:00:56.323720,268,535
5342,2025-01-18 17:00:56.323720,452,535
5343,2025-01-18 17:00:56.323720,655,535
5344,2025-01-18 17:00:56.323720,296,535
5345,2025-01-18 17:00:56.323720,646,535
5346,2025-01-18 17:00:56.323720,396,535
5347,2025-01-18 17:00:56.323720,654,535
5348,2025-01-18 17:00:56.323720,522,535
5349,2025-01-18 17:00:56.323720,271,535
5350,2025-01-18 17:00:56.323720,435,535
5351,2025-01-18 17:00:56.323720,445,536
5352,2025-01-18 17:00:56.323720,305,536
5353,2025-01-18 17:00:56.324717,554,536
5354,2025-01-18 17:00:56.324717,467,536
5355,2025-01-18 17:00:56.324717,242,536
5356,2025-01-18 17:00:56.324717,345,536
5357,2025-01-18 17:00:56.324717,414,536
5358,2025-01-18 17:00:56.324717,641,536
5359,2025-01-18 17:00:56.324717,588,536
5360,2025-01-18 17:00:56.324717,576,536
5361,2025-01-18 17:00:56.324717,491,537
5362,2025-01-18 17:00:56.324717,293,537
5363,2025-01-18 17:00:56.324717,510,537
5364,2025-01-18 17:00:56.324717,394,537
5365,2025-01-18 17:00:56.324717,410,537
5366,2025-01-18 17:00:56.324717,568,537
5367,2025-01-18 17:00:56.324717,538,537
5368,2025-01-18 17:00:56.324717,484,537
5369,2025-01-18 17:00:56.324717,231,537
5370,2025-01-18 17:00:56.324717,526,537
5371,2025-01-18 17:00:56.324717,546,538
5372,2025-01-18 17:00:56.324717,216,538
5373,2025-01-18 17:00:56.324717,226,538
5374,2025-01-18 17:00:56.324717,241,538
5375,2025-01-18 17:00:56.324717,537,538
5376,2025-01-18 17:00:56.324717,642,538
5377,2025-01-18 17:00:56.324717,400,538
5378,2025-01-18 17:00:56.324717,354,538
5379,2025-01-18 17:00:56.324717,630,538
5380,2025-01-18 17:00:56.324717,624,538
5381,2025-01-18 17:00:56.324717,597,539
5382,2025-01-18 17:00:56.324717,477,539
5383,2025-01-18 17:00:56.324717,378,539
5384,2025-01-18 17:00:56.324717,529,539
5385,2025-01-18 17:00:56.324717,319,539
5386,2025-01-18 17:00:56.324717,569,539
5387,2025-01-18 17:00:56.324717,582,539
5388,2025-01-18 17:00:56.324717,635,539
5389,2025-01-18 17:00:56.324717,594,539
5390,2025-01-18 17:00:56.324717,322,539
5391,2025-01-18 17:00:56.324717,454,540
5392,2025-01-18 17:00:56.324717,197,540
5393,2025-01-18 17:00:56.324717,552,540
5394,2025-01-18 17:00:56.324717,253,540
5395,2025-01-18 17:00:56.324717,628,540
5396,2025-01-18 17:00:56.324717,323,540
5397,2025-01-18 17:00:56.324717,538,540
5398,2025-01-18 17:00:56.324717,390,540
5399,2025-01-18 17:00:56.324717,340,540
5400,2025-01-18 17:00:56.324717,508,540
5401,2025-01-18 17:00:56.324717,364,541
5402,2025-01-18 17:00:56.324717,554,541
5403,2025-01-18 17:00:56.324717,359,541
5404,2025-01-18 17:00:56.324717,390,541
5405,2025-01-18 17:00:56.324717,221,541
5406,2025-01-18 17:00:56.324717,503,541
5407,2025-01-18 17:00:56.324717,302,541
5408,2025-01-18 17:00:56.324717,396,541
5409,2025-01-18 17:00:56.324717,313,541
5410,2025-01-18 17:00:56.324717,483,541
5411,2025-01-18 17:00:56.324717,533,542
5412,2025-01-18 17:00:56.324717,213,542
5413,2025-01-18 17:00:56.324717,446,542
5414,2025-01-18 17:00:56.324717,272,542
5415,2025-01-18 17:00:56.324717,504,542
5416,2025-01-18 17:00:56.324717,313,542
5417,2025-01-18 17:00:56.324717,553,542
5418,2025-01-18 17:00:56.324717,580,542
5419,2025-01-18 17:00:56.324717,471,542
5420,2025-01-18 17:00:56.324717,297,542
5421,2025-01-18 17:00:56.324717,291,543
5422,2025-01-18 17:00:56.324717,447,543
5423,2025-01-18 17:00:56.324717,309,543
5424,2025-01-18 17:00:56.324717,273,543
5425,2025-01-18 17:00:56.324717,310,543
5426,2025-01-18 17:00:56.324717,477,543
5427,2025-01-18 17:00:56.324717,385,543
5428,2025-01-18 17:00:56.324717,635,543
5429,2025-01-18 17:00:56.324717,427,543
5430,2025-01-18 17:00:56.324717,276,543
5431,2025-01-18 17:00:56.324717,294,544
5432,2025-01-18 17:00:56.324717,628,544
5433,2025-01-18 17:00:56.324717,320,544
5434,2025-01-18 17:00:56.324717,623,544
5435,2025-01-18 17:00:56.324717,362,544
5436,2025-01-18 17:00:56.324717,372,544
5437,2025-01-18 17:00:56.324717,301,544
5438,2025-01-18 17:00:56.324717,519,544
5439,2025-01-18 17:00:56.324717,590,544
5440,2025-01-18 17:00:56.324717,498,544
5441,2025-01-18 17:00:56.324717,311,545
5442,2025-01-18 17:00:56.324717,577,545
5443,2025-01-18 17:00:56.324717,536,545
5444,2025-01-18 17:00:56.324717,583,545
5445,2025-01-18 17:00:56.324717,268,545
5446,2025-01-18 17:00:56.324717,409,545
5447,2025-01-18 17:00:56.324717,498,545
5448,2025-01-18 17:00:56.324717,297,545
5449,2025-01-18 17:00:56.325714,308,545
5450,2025-01-18 17:00:56.325714,335,545
5451,2025-01-18 17:00:56.325714,313,546
5452,2025-01-18 17:00:56.325714,365,546
5453,2025-01-18 17:00:56.325714,501,546
5454,2025-01-18 17:00:56.325714,384,546
5455,2025-01-18 17:00:56.325714,569,546
5456,2025-01-18 17:00:56.325714,346,546
5457,2025-01-18 17:00:56.325714,509,546
5458,2025-01-18 17:00:56.325714,586,546
5459,2025-01-18 17:00:56.325714,591,546
5460,2025-01-18 17:00:56.325714,540,546
5461,2025-01-18 17:00:56.325714,527,547
5462,2025-01-18 17:00:56.325714,319,547
5463,2025-01-18 17:00:56.325714,304,547
5464,2025-01-18 17:00:56.325714,473,547
5465,2025-01-18 17:00:56.325714,286,547
5466,2025-01-18 17:00:56.325714,338,547
5467,2025-01-18 17:00:56.325714,445,547
5468,2025-01-18 17:00:56.325714,484,547
5469,2025-01-18 17:00:56.325714,512,547
5470,2025-01-18 17:00:56.325714,392,547
5471,2025-01-18 17:00:56.325714,439,548
5472,2025-01-18 17:00:56.325714,481,548
5473,2025-01-18 17:00:56.325714,350,548
5474,2025-01-18 17:00:56.325714,255,548
5475,2025-01-18 17:00:56.325714,199,548
5476,2025-01-18 17:00:56.325714,269,548
5477,2025-01-18 17:00:56.325714,376,548
5478,2025-01-18 17:00:56.325714,616,548
5479,2025-01-18 17:00:56.325714,620,548
5480,2025-01-18 17:00:56.325714,237,548
5481,2025-01-18 17:00:56.325714,239,549
5482,2025-01-18 17:00:56.325714,554,549
5483,2025-01-18 17:00:56.325714,340,549
5484,2025-01-18 17:00:56.325714,492,549
5485,2025-01-18 17:00:56.325714,636,549
5486,2025-01-18 17:00:56.325714,570,549
5487,2025-01-18 17:00:56.325714,490,549
5488,2025-01-18 17:00:56.325714,411,549
5489,2025-01-18 17:00:56.325714,560,549
5490,2025-01-18 17:00:56.325714,344,549
5491,2025-01-18 17:00:56.325714,297,550
5492,2025-01-18 17:00:56.325714,567,550
5493,2025-01-18 17:00:56.325714,491,550
5494,2025-01-18 17:00:56.325714,276,550
5495,2025-01-18 17:00:56.325714,219,550
5496,2025-01-18 17:00:56.325714,233,550
5497,2025-01-18 17:00:56.325714,659,550
5498,2025-01-18 17:00:56.325714,287,550
5499,2025-01-18 17:00:56.325714,542,550
5500,2025-01-18 17:00:56.325714,581,550
5501,2025-01-18 17:00:56.325714,538,551
5502,2025-01-18 17:00:56.325714,517,551
5503,2025-01-18 17:00:56.325714,357,551
5504,2025-01-18 17:00:56.325714,648,551
5505,2025-01-18 17:00:56.325714,466,551
5506,2025-01-18 17:00:56.325714,243,551
5507,2025-01-18 17:00:56.325714,465,551
5508,2025-01-18 17:00:56.325714,199,551
5509,2025-01-18 17:00:56.325714,493,551
5510,2025-01-18 17:00:56.325714,558,551
5511,2025-01-18 17:00:56.325714,299,552
5512,2025-01-18 17:00:56.325714,397,552
5513,2025-01-18 17:00:56.325714,286,552
5514,2025-01-18 17:00:56.325714,636,552
5515,2025-01-18 17:00:56.325714,529,552
5516,2025-01-18 17:00:56.325714,658,552
5517,2025-01-18 17:00:56.325714,366,552
5518,2025-01-18 17:00:56.325714,387,552
5519,2025-01-18 17:00:56.325714,403,552
5520,2025-01-18 17:00:56.325714,490,552
5521,2025-01-18 17:00:56.325714,351,553
5522,2025-01-18 17:00:56.325714,337,553
5523,2025-01-18 17:00:56.325714,330,553
5524,2025-01-18 17:00:56.325714,622,553
5525,2025-01-18 17:00:56.325714,576,553
5526,2025-01-18 17:00:56.325714,437,553
5527,2025-01-18 17:00:56.325714,438,553
5528,2025-01-18 17:00:56.325714,389,553
5529,2025-01-18 17:00:56.325714,428,553
5530,2025-01-18 17:00:56.325714,430,553
5531,2025-01-18 17:00:56.325714,440,554
5532,2025-01-18 17:00:56.325714,581,554
5533,2025-01-18 17:00:56.325714,634,554
5534,2025-01-18 17:00:56.325714,594,554
5535,2025-01-18 17:00:56.325714,254,554
5536,2025-01-18 17:00:56.325714,342,554
5537,2025-01-18 17:00:56.325714,480,554
5538,2025-01-18 17:00:56.325714,487,554
5539,2025-01-18 17:00:56.325714,412,554
5540,2025-01-18 17:00:56.325714,600,554
5541,2025-01-18 17:00:56.325714,351,555
5542,2025-01-18 17:00:56.325714,417,555
5543,2025-01-18 17:00:56.325714,634,555
5544,2025-01-18 17:00:56.325714,378,555
5545,2025-01-18 17:00:56.326712,235,555
5546,2025-01-18 17:00:56.326712,289,555
5547,2025-01-18 17:00:56.326712,358,555
5548,2025-01-18 17:00:56.326712,454,555
5549,2025-01-18 17:00:56.326712,405,555
5550,2025-01-18 17:00:56.326712,314,555
5551,2025-01-18 17:00:56.326712,418,556
5552,2025-01-18 17:00:56.326712,641,556
5553,2025-01-18 17:00:56.326712,662,556
5554,2025-01-18 17:00:56.326712,261,556
5555,2025-01-18 17:00:56.326712,441,556
5556,2025-01-18 17:00:56.326712,279,556
5557,2025-01-18 17:00:56.326712,635,556
5558,2025-01-18 17:00:56.326712,467,556
5559,2025-01-18 17:00:56.326712,661,556
5560,2025-01-18 17:00:56.326712,631,556
5561,2025-01-18 17:00:56.326712,322,557
5562,2025-01-18 17:00:56.326712,297,557
5563,2025-01-18 17:00:56.326712,209,557
5564,2025-01-18 17:00:56.326712,491,557
5565,2025-01-18 17:00:56.326712,304,557
5566,2025-01-18 17:00:56.326712,515,557
5567,2025-01-18 17:00:56.326712,465,557
5568,2025-01-18 17:00:56.326712,294,557
5569,2025-01-18 17:00:56.326712,344,557
5570,2025-01-18 17:00:56.326712,533,557
5571,2025-01-18 17:00:56.326712,489,558
5572,2025-01-18 17:00:56.326712,577,558
5573,2025-01-18 17:00:56.326712,566,558
5574,2025-01-18 17:00:56.326712,239,558
5575,2025-01-18 17:00:56.326712,376,558
5576,2025-01-18 17:00:56.326712,490,558
5577,2025-01-18 17:00:56.326712,624,558
5578,2025-01-18 17:00:56.326712,291,558
5579,2025-01-18 17:00:56.326712,405,558
5580,2025-01-18 17:00:56.326712,307,558
5581,2025-01-18 17:00:56.326712,617,559
5582,2025-01-18 17:00:56.326712,512,559
5583,2025-01-18 17:00:56.326712,492,559
5584,2025-01-18 17:00:56.326712,565,559
5585,2025-01-18 17:00:56.326712,429,559
5586,2025-01-18 17:00:56.326712,254,559
5587,2025-01-18 17:00:56.326712,351,559
5588,2025-01-18 17:00:56.326712,388,559
5589,2025-01-18 17:00:56.326712,240,559
5590,2025-01-18 17:00:56.326712,412,559
5591,2025-01-18 17:00:56.326712,208,560
5592,2025-01-18 17:00:56.326712,487,560
5593,2025-01-18 17:00:56.326712,485,560
5594,2025-01-18 17:00:56.326712,277,560
5595,2025-01-18 17:00:56.326712,435,560
5596,2025-01-18 17:00:56.326712,234,560
5597,2025-01-18 17:00:56.326712,236,560
5598,2025-01-18 17:00:56.326712,651,560
5599,2025-01-18 17:00:56.326712,470,560
5600,2025-01-18 17:00:56.326712,663,560
5601,2025-01-18 17:00:56.326712,373,561
5602,2025-01-18 17:00:56.326712,554,561
5603,2025-01-18 17:00:56.326712,241,561
5604,2025-01-18 17:00:56.326712,580,561
5605,2025-01-18 17:00:56.326712,378,561
5606,2025-01-18 17:00:56.326712,365,561
5607,2025-01-18 17:00:56.326712,570,561
5608,2025-01-18 17:00:56.326712,217,561
5609,2025-01-18 17:00:56.326712,495,561
5610,2025-01-18 17:00:56.326712,341,561
5611,2025-01-18 17:00:56.326712,276,562
5612,2025-01-18 17:00:56.326712,438,562
5613,2025-01-18 17:00:56.326712,574,562
5614,2025-01-18 17:00:56.326712,391,562
5615,2025-01-18 17:00:56.326712,279,562
5616,2025-01-18 17:00:56.326712,223,562
5617,2025-01-18 17:00:56.326712,380,562
5618,2025-01-18 17:00:56.326712,605,562
5619,2025-01-18 17:00:56.326712,510,562
5620,2025-01-18 17:00:56.326712,218,562
5621,2025-01-18 17:00:56.326712,658,563
5622,2025-01-18 17:00:56.326712,269,563
5623,2025-01-18 17:00:56.326712,210,563
5624,2025-01-18 17:00:56.326712,430,563
5625,2025-01-18 17:00:56.326712,325,563
5626,2025-01-18 17:00:56.326712,510,563
5627,2025-01-18 17:00:56.326712,612,563
5628,2025-01-18 17:00:56.326712,376,563
5629,2025-01-18 17:00:56.326712,414,563
5630,2025-01-18 17:00:56.326712,234,563
5631,2025-01-18 17:00:56.326712,441,564
5632,2025-01-18 17:00:56.326712,289,564
5633,2025-01-18 17:00:56.326712,491,564
5634,2025-01-18 17:00:56.326712,422,564
5635,2025-01-18 17:00:56.326712,284,564
5636,2025-01-18 17:00:56.326712,407,564
5637,2025-01-18 17:00:56.326712,372,564
5638,2025-01-18 17:00:56.326712,523,564
5639,2025-01-18 17:00:56.326712,275,564
5640,2025-01-18 17:00:56.326712,392,564
5641,2025-01-18 17:00:56.326712,328,565
5642,2025-01-18 17:00:56.327709,512,565
5643,2025-01-18 17:00:56.327709,456,565
5644,2025-01-18 17:00:56.327709,381,565
5645,2025-01-18 17:00:56.327709,296,565
5646,2025-01-18 17:00:56.327709,236,565
5647,2025-01-18 17:00:56.327709,333,565
5648,2025-01-18 17:00:56.327709,238,565
5649,2025-01-18 17:00:56.327709,487,565
5650,2025-01-18 17:00:56.327709,588,565
5651,2025-01-18 17:00:56.327709,355,566
5652,2025-01-18 17:00:56.327709,469,566
5653,2025-01-18 17:00:56.327709,485,566
5654,2025-01-18 17:00:56.327709,464,566
5655,2025-01-18 17:00:56.327709,198,566
5656,2025-01-18 17:00:56.327709,375,566
5657,2025-01-18 17:00:56.327709,468,566
5658,2025-01-18 17:00:56.327709,532,566
5659,2025-01-18 17:00:56.327709,387,566
5660,2025-01-18 17:00:56.327709,405,566
5661,2025-01-18 17:00:56.327709,200,567
5662,2025-01-18 17:00:56.331699,472,567
5663,2025-01-18 17:00:56.331699,463,567
5664,2025-01-18 17:00:56.331699,424,567
5665,2025-01-18 17:00:56.331699,448,567
5666,2025-01-18 17:00:56.331699,548,567
5667,2025-01-18 17:00:56.331699,498,567
5668,2025-01-18 17:00:56.331699,421,567
5669,2025-01-18 17:00:56.331699,394,567
5670,2025-01-18 17:00:56.331699,555,567
5671,2025-01-18 17:00:56.331699,239,568
5672,2025-01-18 17:00:56.331699,344,568
5673,2025-01-18 17:00:56.331699,295,568
5674,2025-01-18 17:00:56.331699,401,568
5675,2025-01-18 17:00:56.331699,492,568
5676,2025-01-18 17:00:56.331699,596,568
5677,2025-01-18 17:00:56.331699,368,568
5678,2025-01-18 17:00:56.331699,518,568
5679,2025-01-18 17:00:56.331699,464,568
5680,2025-01-18 17:00:56.331699,200,568
5681,2025-01-18 17:00:56.331699,566,569
5682,2025-01-18 17:00:56.331699,235,569
5683,2025-01-18 17:00:56.331699,667,569
5684,2025-01-18 17:00:56.331699,378,569
5685,2025-01-18 17:00:56.331699,574,569
5686,2025-01-18 17:00:56.331699,320,569
5687,2025-01-18 17:00:56.331699,374,569
5688,2025-01-18 17:00:56.331699,363,569
5689,2025-01-18 17:00:56.331699,627,569
5690,2025-01-18 17:00:56.331699,319,569
5691,2025-01-18 17:00:56.331699,265,570
5692,2025-01-18 17:00:56.331699,243,570
5693,2025-01-18 17:00:56.331699,244,570
5694,2025-01-18 17:00:56.331699,451,570
5695,2025-01-18 17:00:56.331699,251,570
5696,2025-01-18 17:00:56.331699,449,570
5697,2025-01-18 17:00:56.331699,505,570
5698,2025-01-18 17:00:56.331699,559,570
5699,2025-01-18 17:00:56.331699,411,570
5700,2025-01-18 17:00:56.331699,261,570
5701,2025-01-18 17:00:56.331699,424,571
5702,2025-01-18 17:00:56.331699,507,571
5703,2025-01-18 17:00:56.331699,575,571
5704,2025-01-18 17:00:56.331699,433,571
5705,2025-01-18 17:00:56.331699,300,571
5706,2025-01-18 17:00:56.331699,629,571
5707,2025-01-18 17:00:56.331699,576,571
5708,2025-01-18 17:00:56.331699,588,571
5709,2025-01-18 17:00:56.331699,414,571
5710,2025-01-18 17:00:56.331699,249,571
5711,2025-01-18 17:00:56.331699,256,572
5712,2025-01-18 17:00:56.331699,206,572
5713,2025-01-18 17:00:56.331699,318,572
5714,2025-01-18 17:00:56.331699,451,572
5715,2025-01-18 17:00:56.331699,614,572
5716,2025-01-18 17:00:56.331699,641,572
5717,2025-01-18 17:00:56.331699,476,572
5718,2025-01-18 17:00:56.331699,618,572
5719,2025-01-18 17:00:56.331699,658,572
5720,2025-01-18 17:00:56.331699,575,572
5721,2025-01-18 17:00:56.332696,249,573
5722,2025-01-18 17:00:56.332696,270,573
5723,2025-01-18 17:00:56.332696,657,573
5724,2025-01-18 17:00:56.332696,432,573
5725,2025-01-18 17:00:56.332696,526,573
5726,2025-01-18 17:00:56.332696,194,573
5727,2025-01-18 17:00:56.332696,419,573
5728,2025-01-18 17:00:56.332696,478,573
5729,2025-01-18 17:00:56.332696,275,573
5730,2025-01-18 17:00:56.332696,240,573
5731,2025-01-18 17:00:56.332696,294,574
5732,2025-01-18 17:00:56.332696,598,574
5733,2025-01-18 17:00:56.332696,571,574
5734,2025-01-18 17:00:56.332696,521,574
5735,2025-01-18 17:00:56.332696,500,574
5736,2025-01-18 17:00:56.332696,422,574
5737,2025-01-18 17:00:56.332696,624,574
5738,2025-01-18 17:00:56.332696,581,574
5739,2025-01-18 17:00:56.332696,551,574
5740,2025-01-18 17:00:56.332696,507,574
5741,2025-01-18 17:00:56.332696,517,575
5742,2025-01-18 17:00:56.332696,235,575
5743,2025-01-18 17:00:56.332696,313,575
5744,2025-01-18 17:00:56.332696,628,575
5745,2025-01-18 17:00:56.332696,492,575
5746,2025-01-18 17:00:56.332696,555,575
5747,2025-01-18 17:00:56.332696,370,575
5748,2025-01-18 17:00:56.332696,536,575
5749,2025-01-18 17:00:56.332696,427,575
5750,2025-01-18 17:00:56.332696,261,575
5751,2025-01-18 17:00:56.332696,445,576
5752,2025-01-18 17:00:56.332696,314,576
5753,2025-01-18 17:00:56.332696,594,576
5754,2025-01-18 17:00:56.332696,360,576
5755,2025-01-18 17:00:56.332696,641,576
5756,2025-01-18 17:00:56.332696,318,576
5757,2025-01-18 17:00:56.332696,256,576
5758,2025-01-18 17:00:56.332696,478,576
5759,2025-01-18 17:00:56.332696,239,576
5760,2025-01-18 17:00:56.332696,415,576
5761,2025-01-18 17:00:56.332696,296,577
5762,2025-01-18 17:00:56.332696,513,577
5763,2025-01-18 17:00:56.332696,474,577
5764,2025-01-18 17:00:56.332696,489,577
5765,2025-01-18 17:00:56.332696,637,577
5766,2025-01-18 17:00:56.332696,658,577
5767,2025-01-18 17:00:56.332696,461,577
5768,2025-01-18 17:00:56.332696,246,577
5769,2025-01-18 17:00:56.332696,328,577
5770,2025-01-18 17:00:56.332696,399,577
5771,2025-01-18 17:00:56.332696,235,578
5772,2025-01-18 17:00:56.332696,414,578
5773,2025-01-18 17:00:56.332696,663,578
5774,2025-01-18 17:00:56.332696,623,578
5775,2025-01-18 17:00:56.332696,323,578
5776,2025-01-18 17:00:56.332696,642,578
5777,2025-01-18 17:00:56.332696,317,578
5778,2025-01-18 17:00:56.332696,587,578
5779,2025-01-18 17:00:56.332696,631,578
5780,2025-01-18 17:00:56.332696,437,578
5781,2025-01-18 17:00:56.332696,494,579
5782,2025-01-18 17:00:56.332696,298,579
5783,2025-01-18 17:00:56.332696,474,579
5784,2025-01-18 17:00:56.332696,332,579
5785,2025-01-18 17:00:56.332696,268,579
5786,2025-01-18 17:00:56.332696,279,579
5787,2025-01-18 17:00:56.332696,517,579
5788,2025-01-18 17:00:56.332696,664,579
5789,2025-01-18 17:00:56.332696,244,579
5790,2025-01-18 17:00:56.332696,475,579
5791,2025-01-18 17:00:56.332696,223,580
5792,2025-01-18 17:00:56.332696,194,580
5793,2025-01-18 17:00:56.332696,500,580
5794,2025-01-18 17:00:56.332696,460,580
5795,2025-01-18 17:00:56.332696,229,580
5796,2025-01-18 17:00:56.332696,485,580
5797,2025-01-18 17:00:56.332696,294,580
5798,2025-01-18 17:00:56.332696,314,580
5799,2025-01-18 17:00:56.332696,202,580
5800,2025-01-18 17:00:56.332696,653,580
5801,2025-01-18 17:00:56.332696,608,581
5802,2025-01-18 17:00:56.332696,589,581
5803,2025-01-18 17:00:56.332696,334,581
5804,2025-01-18 17:00:56.332696,335,581
5805,2025-01-18 17:00:56.332696,355,581
5806,2025-01-18 17:00:56.332696,622,581
5807,2025-01-18 17:00:56.332696,306,581
5808,2025-01-18 17:00:56.332696,606,581
5809,2025-01-18 17:00:56.332696,200,581
5810,2025-01-18 17:00:56.332696,320,581
5811,2025-01-18 17:00:56.332696,582,582
5812,2025-01-18 17:00:56.332696,422,582
5813,2025-01-18 17:00:56.332696,251,582
5814,2025-01-18 17:00:56.332696,380,582
5815,2025-01-18 17:00:56.332696,284,582
5816,2025-01-18 17:00:56.332696,370,582
5817,2025-01-18 17:00:56.333693,287,582
5818,2025-01-18 17:00:56.333693,516,582
5819,2025-01-18 17:00:56.333693,492,582
5820,2025-01-18 17:00:56.333693,294,582
5821,2025-01-18 17:00:56.333693,391,583
5822,2025-01-18 17:00:56.333693,367,583
5823,2025-01-18 17:00:56.333693,552,583
5824,2025-01-18 17:00:56.333693,416,583
5825,2025-01-18 17:00:56.333693,494,583
5826,2025-01-18 17:00:56.333693,481,583
5827,2025-01-18 17:00:56.333693,270,583
5828,2025-01-18 17:00:56.333693,370,583
5829,2025-01-18 17:00:56.333693,242,583
5830,2025-01-18 17:00:56.333693,656,583
5831,2025-01-18 17:00:56.333693,550,584
5832,2025-01-18 17:00:56.333693,353,584
5833,2025-01-18 17:00:56.333693,201,584
5834,2025-01-18 17:00:56.333693,433,584
5835,2025-01-18 17:00:56.333693,366,584
5836,2025-01-18 17:00:56.333693,376,584
5837,2025-01-18 17:00:56.333693,256,584
5838,2025-01-18 17:00:56.333693,443,584
5839,2025-01-18 17:00:56.333693,439,584
5840,2025-01-18 17:00:56.333693,527,584
5841,2025-01-18 17:00:56.333693,473,585
5842,2025-01-18 17:00:56.333693,652,585
5843,2025-01-18 17:00:56.333693,297,585
5844,2025-01-18 17:00:56.333693,495,585
5845,2025-01-18 17:00:56.333693,356,585
5846,2025-01-18 17:00:56.333693,640,585
5847,2025-01-18 17:00:56.333693,334,585
5848,2025-01-18 17:00:56.333693,666,585
5849,2025-01-18 17:00:56.333693,570,585
5850,2025-01-18 17:00:56.333693,333,585
5851,2025-01-18 17:00:56.333693,560,586
5852,2025-01-18 17:00:56.333693,449,586
5853,2025-01-18 17:00:56.333693,223,586
5854,2025-01-18 17:00:56.333693,259,586
5855,2025-01-18 17:00:56.333693,632,586
5856,2025-01-18 17:00:56.333693,396,586
5857,2025-01-18 17:00:56.333693,234,586
5858,2025-01-18 17:00:56.333693,222,586
5859,2025-01-18 17:00:56.333693,307,586
5860,2025-01-18 17:00:56.333693,522,586
5861,2025-01-18 17:00:56.333693,478,587
5862,2025-01-18 17:00:56.333693,342,587
5863,2025-01-18 17:00:56.333693,234,587
5864,2025-01-18 17:00:56.333693,308,587
5865,2025-01-18 17:00:56.333693,547,587
5866,2025-01-18 17:00:56.333693,318,587
5867,2025-01-18 17:00:56.333693,579,587
5868,2025-01-18 17:00:56.333693,271,587
5869,2025-01-18 17:00:56.333693,300,587
5870,2025-01-18 17:00:56.333693,546,587
5871,2025-01-18 17:00:56.333693,661,588
5872,2025-01-18 17:00:56.333693,523,588
5873,2025-01-18 17:00:56.333693,234,588
5874,2025-01-18 17:00:56.333693,586,588
5875,2025-01-18 17:00:56.333693,519,588
5876,2025-01-18 17:00:56.333693,561,588
5877,2025-01-18 17:00:56.333693,226,588
5878,2025-01-18 17:00:56.333693,327,588
5879,2025-01-18 17:00:56.333693,612,588
5880,2025-01-18 17:00:56.333693,379,588
5881,2025-01-18 17:00:56.333693,521,589
5882,2025-01-18 17:00:56.333693,291,589
5883,2025-01-18 17:00:56.333693,659,589
5884,2025-01-18 17:00:56.333693,550,589
5885,2025-01-18 17:00:56.333693,449,589
5886,2025-01-18 17:00:56.333693,492,589
5887,2025-01-18 17:00:56.333693,235,589
5888,2025-01-18 17:00:56.333693,455,589
5889,2025-01-18 17:00:56.333693,610,589
5890,2025-01-18 17:00:56.333693,306,589
5891,2025-01-18 17:00:56.333693,475,590
5892,2025-01-18 17:00:56.333693,410,590
5893,2025-01-18 17:00:56.333693,317,590
5894,2025-01-18 17:00:56.333693,262,590
5895,2025-01-18 17:00:56.333693,471,590
5896,2025-01-18 17:00:56.333693,546,590
5897,2025-01-18 17:00:56.333693,269,590
5898,2025-01-18 17:00:56.333693,342,590
5899,2025-01-18 17:00:56.333693,641,590
5900,2025-01-18 17:00:56.333693,479,590
5901,2025-01-18 17:00:56.333693,418,591
5902,2025-01-18 17:00:56.333693,349,591
5903,2025-01-18 17:00:56.333693,513,591
5904,2025-01-18 17:00:56.333693,341,591
5905,2025-01-18 17:00:56.333693,448,591
5906,2025-01-18 17:00:56.333693,294,591
5907,2025-01-18 17:00:56.333693,580,591
5908,2025-01-18 17:00:56.333693,332,591
5909,2025-01-18 17:00:56.333693,301,591
5910,2025-01-18 17:00:56.333693,667,591
5911,2025-01-18 17:00:56.333693,620,592
5912,2025-01-18 17:00:56.333693,470,592
5913,2025-01-18 17:00:56.334690,267,592
5914,2025-01-18 17:00:56.334690,480,592
5915,2025-01-18 17:00:56.334690,239,592
5916,2025-01-18 17:00:56.334690,429,592
5917,2025-01-18 17:00:56.334690,578,592
5918,2025-01-18 17:00:56.334690,353,592
5919,2025-01-18 17:00:56.334690,253,592
5920,2025-01-18 17:00:56.334690,339,592
5921,2025-01-18 17:00:56.334690,236,593
5922,2025-01-18 17:00:56.334690,598,593
5923,2025-01-18 17:00:56.334690,265,593
5924,2025-01-18 17:00:56.334690,605,593
5925,2025-01-18 17:00:56.334690,258,593
5926,2025-01-18 17:00:56.334690,580,593
5927,2025-01-18 17:00:56.334690,446,593
5928,2025-01-18 17:00:56.334690,480,593
5929,2025-01-18 17:00:56.334690,651,593
5930,2025-01-18 17:00:56.334690,560,593
5931,2025-01-18 17:00:56.334690,211,594
5932,2025-01-18 17:00:56.334690,197,594
5933,2025-01-18 17:00:56.334690,461,594
5934,2025-01-18 17:00:56.334690,623,594
5935,2025-01-18 17:00:56.334690,421,594
5936,2025-01-18 17:00:56.334690,317,594
5937,2025-01-18 17:00:56.334690,568,594
5938,2025-01-18 17:00:56.334690,553,594
5939,2025-01-18 17:00:56.334690,565,594
5940,2025-01-18 17:00:56.334690,260,594
5941,2025-01-18 17:00:56.334690,207,595
5942,2025-01-18 17:00:56.334690,198,595
5943,2025-01-18 17:00:56.334690,564,595
5944,2025-01-18 17:00:56.334690,583,595
5945,2025-01-18 17:00:56.334690,448,595
5946,2025-01-18 17:00:56.334690,365,595
5947,2025-01-18 17:00:56.334690,256,595
5948,2025-01-18 17:00:56.334690,375,595
5949,2025-01-18 17:00:56.334690,487,595
5950,2025-01-18 17:00:56.334690,312,595
5951,2025-01-18 17:00:56.334690,361,596
5952,2025-01-18 17:00:56.334690,608,596
5953,2025-01-18 17:00:56.334690,274,596
5954,2025-01-18 17:00:56.334690,331,596
5955,2025-01-18 17:00:56.334690,328,596
5956,2025-01-18 17:00:56.334690,368,596
5957,2025-01-18 17:00:56.334690,348,596
5958,2025-01-18 17:00:56.334690,561,596
5959,2025-01-18 17:00:56.334690,565,596
5960,2025-01-18 17:00:56.334690,512,596
5961,2025-01-18 17:00:56.334690,507,597
5962,2025-01-18 17:00:56.334690,238,597
5963,2025-01-18 17:00:56.334690,632,597
5964,2025-01-18 17:00:56.334690,505,597
5965,2025-01-18 17:00:56.334690,622,597
5966,2025-01-18 17:00:56.334690,219,597
5967,2025-01-18 17:00:56.334690,653,597
5968,2025-01-18 17:00:56.334690,423,597
5969,2025-01-18 17:00:56.334690,616,597
5970,2025-01-18 17:00:56.334690,404,597
5971,2025-01-18 17:00:56.334690,469,598
5972,2025-01-18 17:00:56.334690,634,598
5973,2025-01-18 17:00:56.334690,452,598
5974,2025-01-18 17:00:56.334690,384,598
5975,2025-01-18 17:00:56.334690,419,598
5976,2025-01-18 17:00:56.334690,622,598
5977,2025-01-18 17:00:56.334690,475,598
5978,2025-01-18 17:00:56.334690,549,598
5979,2025-01-18 17:00:56.334690,429,598
5980,2025-01-18 17:00:56.334690,648,598
5981,2025-01-18 17:00:56.334690,517,599
5982,2025-01-18 17:00:56.334690,340,599
5983,2025-01-18 17:00:56.334690,459,599
5984,2025-01-18 17:00:56.334690,417,599
5985,2025-01-18 17:00:56.334690,479,599
5986,2025-01-18 17:00:56.334690,377,599
5987,2025-01-18 17:00:56.334690,205,599
5988,2025-01-18 17:00:56.334690,444,599
5989,2025-01-18 17:00:56.334690,641,599
5990,2025-01-18 17:00:56.334690,197,599
5991,2025-01-18 17:00:56.334690,376,600
5992,2025-01-18 17:00:56.334690,441,600
5993,2025-01-18 17:00:56.334690,664,600
5994,2025-01-18 17:00:56.334690,367,600
5995,2025-01-18 17:00:56.339677,632,600
5996,2025-01-18 17:00:56.339677,467,600
5997,2025-01-18 17:00:56.339677,394,600
5998,2025-01-18 17:00:56.339677,421,600
5999,2025-01-18 17:00:56.339677,196,600
6000,2025-01-18 17:00:56.339677,406,600
6001,2025-01-18 17:00:56.339677,419,601
6002,2025-01-18 17:00:56.339677,346,601
6003,2025-01-18 17:00:56.339677,448,601
6004,2025-01-18 17:00:56.339677,421,601
6005,2025-01-18 17:00:56.339677,347,601
6006,2025-01-18 17:00:56.339677,275,601
6007,2025-01-18 17:00:56.339677,562,601
6008,2025-01-18 17:00:56.339677,315,601
6009,2025-01-18 17:00:56.339677,234,601
6010,2025-01-18 17:00:56.339677,553,601
6011,2025-01-18 17:00:56.339677,551,602
6012,2025-01-18 17:00:56.339677,221,602
6013,2025-01-18 17:00:56.339677,487,602
6014,2025-01-18 17:00:56.339677,334,602
6015,2025-01-18 17:00:56.339677,664,602
6016,2025-01-18 17:00:56.339677,531,602
6017,2025-01-18 17:00:56.339677,544,602
6018,2025-01-18 17:00:56.339677,214,602
6019,2025-01-18 17:00:56.339677,380,602
6020,2025-01-18 17:00:56.339677,633,602
6021,2025-01-18 17:00:56.339677,345,603
6022,2025-01-18 17:00:56.339677,354,603
6023,2025-01-18 17:00:56.339677,532,603
6024,2025-01-18 17:00:56.339677,194,603
6025,2025-01-18 17:00:56.339677,505,603
6026,2025-01-18 17:00:56.339677,665,603
6027,2025-01-18 17:00:56.339677,204,603
6028,2025-01-18 17:00:56.339677,594,603
6029,2025-01-18 17:00:56.339677,323,603
6030,2025-01-18 17:00:56.339677,223,603
6031,2025-01-18 17:00:56.339677,435,604
6032,2025-01-18 17:00:56.339677,646,604
6033,2025-01-18 17:00:56.339677,244,604
6034,2025-01-18 17:00:56.339677,608,604
6035,2025-01-18 17:00:56.339677,314,604
6036,2025-01-18 17:00:56.339677,335,604
6037,2025-01-18 17:00:56.339677,614,604
6038,2025-01-18 17:00:56.339677,637,604
6039,2025-01-18 17:00:56.339677,333,604
6040,2025-01-18 17:00:56.339677,440,604
6041,2025-01-18 17:00:56.339677,242,605
6042,2025-01-18 17:00:56.339677,561,605
6043,2025-01-18 17:00:56.339677,200,605
6044,2025-01-18 17:00:56.339677,388,605
6045,2025-01-18 17:00:56.339677,616,605
6046,2025-01-18 17:00:56.339677,603,605
6047,2025-01-18 17:00:56.339677,468,605
6048,2025-01-18 17:00:56.339677,254,605
6049,2025-01-18 17:00:56.339677,371,605
6050,2025-01-18 17:00:56.339677,208,605
6051,2025-01-18 17:00:56.339677,650,606
6052,2025-01-18 17:00:56.339677,651,606
6053,2025-01-18 17:00:56.339677,351,606
6054,2025-01-18 17:00:56.339677,411,606
6055,2025-01-18 17:00:56.339677,256,606
6056,2025-01-18 17:00:56.339677,579,606
6057,2025-01-18 17:00:56.339677,541,606
6058,2025-01-18 17:00:56.339677,504,606
6059,2025-01-18 17:00:56.339677,276,606
6060,2025-01-18 17:00:56.339677,638,606
6061,2025-01-18 17:00:56.339677,539,607
6062,2025-01-18 17:00:56.339677,590,607
6063,2025-01-18 17:00:56.339677,627,607
6064,2025-01-18 17:00:56.339677,439,607
6065,2025-01-18 17:00:56.339677,656,607
6066,2025-01-18 17:00:56.339677,639,607
6067,2025-01-18 17:00:56.339677,259,607
6068,2025-01-18 17:00:56.339677,369,607
6069,2025-01-18 17:00:56.339677,435,607
6070,2025-01-18 17:00:56.339677,282,607
6071,2025-01-18 17:00:56.339677,525,608
6072,2025-01-18 17:00:56.339677,585,608
6073,2025-01-18 17:00:56.339677,350,608
6074,2025-01-18 17:00:56.339677,418,608
6075,2025-01-18 17:00:56.339677,507,608
6076,2025-01-18 17:00:56.339677,646,608
6077,2025-01-18 17:00:56.340674,450,608
6078,2025-01-18 17:00:56.340674,633,608
6079,2025-01-18 17:00:56.340674,417,608
6080,2025-01-18 17:00:56.340674,560,608
6081,2025-01-18 17:00:56.340674,591,609
6082,2025-01-18 17:00:56.340674,245,609
6083,2025-01-18 17:00:56.340674,438,609
6084,2025-01-18 17:00:56.340674,562,609
6085,2025-01-18 17:00:56.340674,547,609
6086,2025-01-18 17:00:56.340674,542,609
6087,2025-01-18 17:00:56.340674,505,609
6088,2025-01-18 17:00:56.340674,300,609
6089,2025-01-18 17:00:56.340674,432,609
6090,2025-01-18 17:00:56.340674,497,609
6091,2025-01-18 17:00:56.340674,498,610
6092,2025-01-18 17:00:56.340674,593,610
6093,2025-01-18 17:00:56.340674,451,610
6094,2025-01-18 17:00:56.340674,275,610
6095,2025-01-18 17:00:56.340674,479,610
6096,2025-01-18 17:00:56.340674,424,610
6097,2025-01-18 17:00:56.340674,263,610
6098,2025-01-18 17:00:56.340674,500,610
6099,2025-01-18 17:00:56.340674,250,610
6100,2025-01-18 17:00:56.340674,393,610
6101,2025-01-18 17:00:56.340674,513,611
6102,2025-01-18 17:00:56.340674,327,611
6103,2025-01-18 17:00:56.340674,509,611
6104,2025-01-18 17:00:56.340674,301,611
6105,2025-01-18 17:00:56.340674,595,611
6106,2025-01-18 17:00:56.340674,384,611
6107,2025-01-18 17:00:56.340674,665,611
6108,2025-01-18 17:00:56.340674,514,611
6109,2025-01-18 17:00:56.340674,237,611
6110,2025-01-18 17:00:56.340674,496,611
6111,2025-01-18 17:00:56.340674,507,612
6112,2025-01-18 17:00:56.340674,253,612
6113,2025-01-18 17:00:56.340674,442,612
6114,2025-01-18 17:00:56.340674,484,612
6115,2025-01-18 17:00:56.340674,463,612
6116,2025-01-18 17:00:56.340674,574,612
6117,2025-01-18 17:00:56.340674,509,612
6118,2025-01-18 17:00:56.340674,559,612
6119,2025-01-18 17:00:56.340674,647,612
6120,2025-01-18 17:00:56.340674,478,612
6121,2025-01-18 17:00:56.340674,456,613
6122,2025-01-18 17:00:56.340674,504,613
6123,2025-01-18 17:00:56.340674,356,613
6124,2025-01-18 17:00:56.340674,487,613
6125,2025-01-18 17:00:56.340674,617,613
6126,2025-01-18 17:00:56.340674,340,613
6127,2025-01-18 17:00:56.340674,206,613
6128,2025-01-18 17:00:56.340674,366,613
6129,2025-01-18 17:00:56.340674,610,613
6130,2025-01-18 17:00:56.340674,556,613
6131,2025-01-18 17:00:56.340674,666,614
6132,2025-01-18 17:00:56.340674,417,614
6133,2025-01-18 17:00:56.340674,352,614
6134,2025-01-18 17:00:56.340674,247,614
6135,2025-01-18 17:00:56.340674,255,614
6136,2025-01-18 17:00:56.340674,376,614
6137,2025-01-18 17:00:56.340674,401,614
6138,2025-01-18 17:00:56.340674,216,614
6139,2025-01-18 17:00:56.340674,469,614
6140,2025-01-18 17:00:56.340674,366,614
6141,2025-01-18 17:00:56.340674,290,615
6142,2025-01-18 17:00:56.340674,458,615
6143,2025-01-18 17:00:56.340674,529,615
6144,2025-01-18 17:00:56.340674,636,615
6145,2025-01-18 17:00:56.340674,412,615
6146,2025-01-18 17:00:56.340674,617,615
6147,2025-01-18 17:00:56.340674,435,615
6148,2025-01-18 17:00:56.340674,347,615
6149,2025-01-18 17:00:56.340674,495,615
6150,2025-01-18 17:00:56.340674,482,615
6151,2025-01-18 17:00:56.340674,611,616
6152,2025-01-18 17:00:56.340674,522,616
6153,2025-01-18 17:00:56.340674,317,616
6154,2025-01-18 17:00:56.340674,441,616
6155,2025-01-18 17:00:56.340674,551,616
6156,2025-01-18 17:00:56.340674,340,616
6157,2025-01-18 17:00:56.340674,604,616
6158,2025-01-18 17:00:56.340674,666,616
6159,2025-01-18 17:00:56.340674,398,616
6160,2025-01-18 17:00:56.340674,540,616
6161,2025-01-18 17:00:56.340674,360,617
6162,2025-01-18 17:00:56.340674,334,617
6163,2025-01-18 17:00:56.340674,628,617
6164,2025-01-18 17:00:56.340674,549,617
6165,2025-01-18 17:00:56.340674,472,617
6166,2025-01-18 17:00:56.340674,558,617
6167,2025-01-18 17:00:56.340674,355,617
6168,2025-01-18 17:00:56.340674,210,617
6169,2025-01-18 17:00:56.340674,280,617
6170,2025-01-18 17:00:56.340674,482,617
6171,2025-01-18 17:00:56.340674,229,618
6172,2025-01-18 17:00:56.340674,661,618
6173,2025-01-18 17:00:56.341672,200,618
6174,2025-01-18 17:00:56.341672,608,618
6175,2025-01-18 17:00:56.341672,436,618
6176,2025-01-18 17:00:56.341672,317,618
6177,2025-01-18 17:00:56.341672,333,618
6178,2025-01-18 17:00:56.341672,471,618
6179,2025-01-18 17:00:56.341672,551,618
6180,2025-01-18 17:00:56.341672,286,618
6181,2025-01-18 17:00:56.341672,439,619
6182,2025-01-18 17:00:56.341672,246,619
6183,2025-01-18 17:00:56.341672,483,619
6184,2025-01-18 17:00:56.341672,648,619
6185,2025-01-18 17:00:56.341672,464,619
6186,2025-01-18 17:00:56.341672,507,619
6187,2025-01-18 17:00:56.341672,471,619
6188,2025-01-18 17:00:56.341672,211,619
6189,2025-01-18 17:00:56.341672,559,619
6190,2025-01-18 17:00:56.341672,291,619
6191,2025-01-18 17:00:56.341672,331,620
6192,2025-01-18 17:00:56.341672,375,620
6193,2025-01-18 17:00:56.341672,633,620
6194,2025-01-18 17:00:56.341672,606,620
6195,2025-01-18 17:00:56.341672,537,620
6196,2025-01-18 17:00:56.341672,265,620
6197,2025-01-18 17:00:56.341672,531,620
6198,2025-01-18 17:00:56.341672,387,620
6199,2025-01-18 17:00:56.341672,485,620
6200,2025-01-18 17:00:56.341672,488,620
6201,2025-01-18 17:00:56.341672,500,621
6202,2025-01-18 17:00:56.341672,213,621
6203,2025-01-18 17:00:56.341672,359,621
6204,2025-01-18 17:00:56.341672,422,621
6205,2025-01-18 17:00:56.341672,253,621
6206,2025-01-18 17:00:56.341672,433,621
6207,2025-01-18 17:00:56.341672,309,621
6208,2025-01-18 17:00:56.341672,310,621
6209,2025-01-18 17:00:56.341672,613,621
6210,2025-01-18 17:00:56.341672,523,621
6211,2025-01-18 17:00:56.341672,554,622
6212,2025-01-18 17:00:56.341672,537,622
6213,2025-01-18 17:00:56.341672,494,622
6214,2025-01-18 17:00:56.341672,648,622
6215,2025-01-18 17:00:56.341672,267,622
6216,2025-01-18 17:00:56.341672,556,622
6217,2025-01-18 17:00:56.341672,541,622
6218,2025-01-18 17:00:56.341672,286,622
6219,2025-01-18 17:00:56.341672,461,622
6220,2025-01-18 17:00:56.341672,531,622
6221,2025-01-18 17:00:56.341672,298,623
6222,2025-01-18 17:00:56.341672,290,623
6223,2025-01-18 17:00:56.341672,437,623
6224,2025-01-18 17:00:56.341672,620,623
6225,2025-01-18 17:00:56.341672,234,623
6226,2025-01-18 17:00:56.341672,238,623
6227,2025-01-18 17:00:56.341672,590,623
6228,2025-01-18 17:00:56.341672,268,623
6229,2025-01-18 17:00:56.341672,244,623
6230,2025-01-18 17:00:56.341672,310,623
6231,2025-01-18 17:00:56.341672,525,624
6232,2025-01-18 17:00:56.341672,559,624
6233,2025-01-18 17:00:56.341672,250,624
6234,2025-01-18 17:00:56.341672,594,624
6235,2025-01-18 17:00:56.341672,367,624
6236,2025-01-18 17:00:56.341672,198,624
6237,2025-01-18 17:00:56.341672,574,624
6238,2025-01-18 17:00:56.341672,649,624
6239,2025-01-18 17:00:56.341672,280,624
6240,2025-01-18 17:00:56.341672,560,624
6241,2025-01-18 17:00:56.341672,554,625
6242,2025-01-18 17:00:56.341672,229,625
6243,2025-01-18 17:00:56.341672,273,625
6244,2025-01-18 17:00:56.341672,584,625
6245,2025-01-18 17:00:56.341672,330,625
6246,2025-01-18 17:00:56.341672,510,625
6247,2025-01-18 17:00:56.341672,573,625
6248,2025-01-18 17:00:56.341672,657,625
6249,2025-01-18 17:00:56.341672,486,625
6250,2025-01-18 17:00:56.341672,260,625
6251,2025-01-18 17:00:56.341672,426,626
6252,2025-01-18 17:00:56.341672,508,626
6253,2025-01-18 17:00:56.341672,553,626
6254,2025-01-18 17:00:56.341672,470,626
6255,2025-01-18 17:00:56.341672,640,626
6256,2025-01-18 17:00:56.341672,393,626
6257,2025-01-18 17:00:56.341672,339,626
6258,2025-01-18 17:00:56.341672,394,626
6259,2025-01-18 17:00:56.341672,368,626
6260,2025-01-18 17:00:56.341672,600,626
6261,2025-01-18 17:00:56.341672,292,627
6262,2025-01-18 17:00:56.341672,216,627
6263,2025-01-18 17:00:56.341672,404,627
6264,2025-01-18 17:00:56.341672,655,627
6265,2025-01-18 17:00:56.341672,399,627
6266,2025-01-18 17:00:56.341672,536,627
6267,2025-01-18 17:00:56.341672,607,627
6268,2025-01-18 17:00:56.341672,598,627
6269,2025-01-18 17:00:56.341672,434,627
6270,2025-01-18 17:00:56.342669,217,627
6271,2025-01-18 17:00:56.342669,371,628
6272,2025-01-18 17:00:56.342669,610,628
6273,2025-01-18 17:00:56.342669,319,628
6274,2025-01-18 17:00:56.342669,211,628
6275,2025-01-18 17:00:56.342669,466,628
6276,2025-01-18 17:00:56.342669,287,628
6277,2025-01-18 17:00:56.342669,311,628
6278,2025-01-18 17:00:56.342669,400,628
6279,2025-01-18 17:00:56.342669,462,628
6280,2025-01-18 17:00:56.342669,406,628
6281,2025-01-18 17:00:56.342669,348,629
6282,2025-01-18 17:00:56.342669,391,629
6283,2025-01-18 17:00:56.342669,385,629
6284,2025-01-18 17:00:56.342669,383,629
6285,2025-01-18 17:00:56.342669,636,629
6286,2025-01-18 17:00:56.342669,217,629
6287,2025-01-18 17:00:56.342669,629,629
6288,2025-01-18 17:00:56.342669,369,629
6289,2025-01-18 17:00:56.342669,196,629
6290,2025-01-18 17:00:56.342669,306,629
6291,2025-01-18 17:00:56.342669,330,630
6292,2025-01-18 17:00:56.342669,555,630
6293,2025-01-18 17:00:56.342669,601,630
6294,2025-01-18 17:00:56.342669,449,630
6295,2025-01-18 17:00:56.342669,488,630
6296,2025-01-18 17:00:56.342669,502,630
6297,2025-01-18 17:00:56.342669,348,630
6298,2025-01-18 17:00:56.342669,422,630
6299,2025-01-18 17:00:56.342669,339,630
6300,2025-01-18 17:00:56.342669,479,630
6301,2025-01-18 17:00:56.342669,241,631
6302,2025-01-18 17:00:56.342669,590,631
6303,2025-01-18 17:00:56.342669,613,631
6304,2025-01-18 17:00:56.342669,494,631
6305,2025-01-18 17:00:56.342669,598,631
6306,2025-01-18 17:00:56.342669,565,631
6307,2025-01-18 17:00:56.342669,221,631
6308,2025-01-18 17:00:56.342669,418,631
6309,2025-01-18 17:00:56.342669,275,631
6310,2025-01-18 17:00:56.342669,573,631
6311,2025-01-18 17:00:56.342669,425,632
6312,2025-01-18 17:00:56.342669,328,632
6313,2025-01-18 17:00:56.342669,234,632
6314,2025-01-18 17:00:56.342669,272,632
6315,2025-01-18 17:00:56.342669,497,632
6316,2025-01-18 17:00:56.342669,223,632
6317,2025-01-18 17:00:56.342669,613,632
6318,2025-01-18 17:00:56.342669,665,632
6319,2025-01-18 17:00:56.342669,388,632
6320,2025-01-18 17:00:56.342669,209,632
6321,2025-01-18 17:00:56.342669,212,633
6322,2025-01-18 17:00:56.342669,279,633
6323,2025-01-18 17:00:56.342669,542,633
6324,2025-01-18 17:00:56.342669,505,633
6325,2025-01-18 17:00:56.342669,588,633
6326,2025-01-18 17:00:56.342669,441,633
6327,2025-01-18 17:00:56.342669,554,633
6328,2025-01-18 17:00:56.346658,553,633
6329,2025-01-18 17:00:56.346658,385,633
6330,2025-01-18 17:00:56.347656,517,633
6331,2025-01-18 17:00:56.347656,384,634
6332,2025-01-18 17:00:56.347656,510,634
6333,2025-01-18 17:00:56.347656,363,634
6334,2025-01-18 17:00:56.347656,210,634
6335,2025-01-18 17:00:56.347656,561,634
6336,2025-01-18 17:00:56.347656,611,634
6337,2025-01-18 17:00:56.347656,592,634
6338,2025-01-18 17:00:56.347656,259,634
6339,2025-01-18 17:00:56.347656,448,634
6340,2025-01-18 17:00:56.347656,473,634
6341,2025-01-18 17:00:56.347656,262,635
6342,2025-01-18 17:00:56.347656,362,635
6343,2025-01-18 17:00:56.347656,333,635
6344,2025-01-18 17:00:56.347656,550,635
6345,2025-01-18 17:00:56.347656,611,635
6346,2025-01-18 17:00:56.347656,448,635
6347,2025-01-18 17:00:56.347656,625,635
6348,2025-01-18 17:00:56.347656,275,635
6349,2025-01-18 17:00:56.347656,241,635
6350,2025-01-18 17:00:56.347656,586,635
6351,2025-01-18 17:00:56.347656,667,636
6352,2025-01-18 17:00:56.347656,226,636
6353,2025-01-18 17:00:56.347656,346,636
6354,2025-01-18 17:00:56.347656,655,636
6355,2025-01-18 17:00:56.347656,420,636
6356,2025-01-18 17:00:56.347656,582,636
6357,2025-01-18 17:00:56.347656,508,636
6358,2025-01-18 17:00:56.347656,342,636
6359,2025-01-18 17:00:56.347656,513,636
6360,2025-01-18 17:00:56.347656,449,636
6361,2025-01-18 17:00:56.347656,666,637
6362,2025-01-18 17:00:56.347656,199,637
6363,2025-01-18 17:00:56.347656,206,637
6364,2025-01-18 17:00:56.347656,539,637
6365,2025-01-18 17:00:56.347656,531,637
6366,2025-01-18 17:00:56.347656,325,637
6367,2025-01-18 17:00:56.347656,512,637
6368,2025-01-18 17:00:56.347656,298,637
6369,2025-01-18 17:00:56.347656,663,637
6370,2025-01-18 17:00:56.347656,359,637
6371,2025-01-18 17:00:56.347656,410,638
6372,2025-01-18 17:00:56.347656,278,638
6373,2025-01-18 17:00:56.347656,378,638
6374,2025-01-18 17:00:56.347656,195,638
6375,2025-01-18 17:00:56.347656,422,638
6376,2025-01-18 17:00:56.347656,372,638
6377,2025-01-18 17:00:56.347656,458,638
6378,2025-01-18 17:00:56.347656,375,638
6379,2025-01-18 17:00:56.347656,483,638
6380,2025-01-18 17:00:56.347656,466,638
6381,2025-01-18 17:00:56.347656,526,639
6382,2025-01-18 17:00:56.347656,501,639
6383,2025-01-18 17:00:56.347656,319,639
6384,2025-01-18 17:00:56.347656,329,639
6385,2025-01-18 17:00:56.347656,325,639
6386,2025-01-18 17:00:56.347656,521,639
6387,2025-01-18 17:00:56.347656,475,639
6388,2025-01-18 17:00:56.347656,633,639
6389,2025-01-18 17:00:56.347656,201,639
6390,2025-01-18 17:00:56.347656,632,639
6391,2025-01-18 17:00:56.347656,414,640
6392,2025-01-18 17:00:56.347656,239,640
6393,2025-01-18 17:00:56.347656,409,640
6394,2025-01-18 17:00:56.347656,506,640
6395,2025-01-18 17:00:56.347656,219,640
6396,2025-01-18 17:00:56.347656,451,640
6397,2025-01-18 17:00:56.347656,461,640
6398,2025-01-18 17:00:56.347656,201,640
6399,2025-01-18 17:00:56.347656,623,640
6400,2025-01-18 17:00:56.347656,270,640
6401,2025-01-18 17:00:56.347656,494,641
6402,2025-01-18 17:00:56.347656,294,641
6403,2025-01-18 17:00:56.347656,321,641
6404,2025-01-18 17:00:56.347656,434,641
6405,2025-01-18 17:00:56.347656,320,641
6406,2025-01-18 17:00:56.347656,581,641
6407,2025-01-18 17:00:56.347656,464,641
6408,2025-01-18 17:00:56.347656,485,641
6409,2025-01-18 17:00:56.347656,405,641
6410,2025-01-18 17:00:56.347656,304,641
6411,2025-01-18 17:00:56.347656,266,642
6412,2025-01-18 17:00:56.347656,491,642
6413,2025-01-18 17:00:56.347656,359,642
6414,2025-01-18 17:00:56.347656,445,642
6415,2025-01-18 17:00:56.347656,496,642
6416,2025-01-18 17:00:56.347656,478,642
6417,2025-01-18 17:00:56.347656,470,642
6418,2025-01-18 17:00:56.347656,391,642
6419,2025-01-18 17:00:56.347656,568,642
6420,2025-01-18 17:00:56.347656,549,642
6421,2025-01-18 17:00:56.347656,396,643
6422,2025-01-18 17:00:56.347656,641,643
6423,2025-01-18 17:00:56.347656,384,643
6424,2025-01-18 17:00:56.347656,618,643
6425,2025-01-18 17:00:56.347656,328,643
6426,2025-01-18 17:00:56.347656,298,643
6427,2025-01-18 17:00:56.348653,578,643
6428,2025-01-18 17:00:56.348653,292,643
6429,2025-01-18 17:00:56.348653,195,643
6430,2025-01-18 17:00:56.348653,290,643
6431,2025-01-18 17:00:56.348653,254,644
6432,2025-01-18 17:00:56.348653,226,644
6433,2025-01-18 17:00:56.348653,568,644
6434,2025-01-18 17:00:56.348653,272,644
6435,2025-01-18 17:00:56.348653,485,644
6436,2025-01-18 17:00:56.348653,538,644
6437,2025-01-18 17:00:56.348653,551,644
6438,2025-01-18 17:00:56.348653,471,644
6439,2025-01-18 17:00:56.348653,433,644
6440,2025-01-18 17:00:56.348653,240,644
6441,2025-01-18 17:00:56.348653,467,645
6442,2025-01-18 17:00:56.348653,597,645
6443,2025-01-18 17:00:56.348653,439,645
6444,2025-01-18 17:00:56.348653,455,645
6445,2025-01-18 17:00:56.348653,667,645
6446,2025-01-18 17:00:56.348653,348,645
6447,2025-01-18 17:00:56.348653,629,645
6448,2025-01-18 17:00:56.348653,261,645
6449,2025-01-18 17:00:56.348653,604,645
6450,2025-01-18 17:00:56.348653,609,645
6451,2025-01-18 17:00:56.348653,573,646
6452,2025-01-18 17:00:56.348653,376,646
6453,2025-01-18 17:00:56.348653,631,646
6454,2025-01-18 17:00:56.348653,624,646
6455,2025-01-18 17:00:56.348653,244,646
6456,2025-01-18 17:00:56.348653,500,646
6457,2025-01-18 17:00:56.348653,604,646
6458,2025-01-18 17:00:56.348653,391,646
6459,2025-01-18 17:00:56.348653,298,646
6460,2025-01-18 17:00:56.348653,569,646
6461,2025-01-18 17:00:56.348653,501,647
6462,2025-01-18 17:00:56.348653,296,647
6463,2025-01-18 17:00:56.348653,217,647
6464,2025-01-18 17:00:56.348653,341,647
6465,2025-01-18 17:00:56.348653,631,647
6466,2025-01-18 17:00:56.348653,665,647
6467,2025-01-18 17:00:56.348653,282,647
6468,2025-01-18 17:00:56.348653,629,647
6469,2025-01-18 17:00:56.348653,647,647
6470,2025-01-18 17:00:56.348653,209,647
6471,2025-01-18 17:00:56.348653,348,648
6472,2025-01-18 17:00:56.348653,542,648
6473,2025-01-18 17:00:56.348653,225,648
6474,2025-01-18 17:00:56.348653,403,648
6475,2025-01-18 17:00:56.348653,242,648
6476,2025-01-18 17:00:56.348653,312,648
6477,2025-01-18 17:00:56.348653,396,648
6478,2025-01-18 17:00:56.348653,632,648
6479,2025-01-18 17:00:56.348653,196,648
6480,2025-01-18 17:00:56.348653,332,648
6481,2025-01-18 17:00:56.348653,225,649
6482,2025-01-18 17:00:56.348653,289,649
6483,2025-01-18 17:00:56.348653,371,649
6484,2025-01-18 17:00:56.348653,365,649
6485,2025-01-18 17:00:56.348653,269,649
6486,2025-01-18 17:00:56.348653,325,649
6487,2025-01-18 17:00:56.348653,310,649
6488,2025-01-18 17:00:56.348653,274,649
6489,2025-01-18 17:00:56.348653,475,649
6490,2025-01-18 17:00:56.348653,210,649
6491,2025-01-18 17:00:56.348653,288,650
6492,2025-01-18 17:00:56.348653,402,650
6493,2025-01-18 17:00:56.348653,444,650
6494,2025-01-18 17:00:56.348653,544,650
6495,2025-01-18 17:00:56.348653,207,650
6496,2025-01-18 17:00:56.348653,406,650
6497,2025-01-18 17:00:56.348653,399,650
6498,2025-01-18 17:00:56.348653,283,650
6499,2025-01-18 17:00:56.348653,473,650
6500,2025-01-18 17:00:56.348653,295,650
6501,2025-01-18 17:00:56.348653,370,651
6502,2025-01-18 17:00:56.348653,574,651
6503,2025-01-18 17:00:56.348653,338,651
6504,2025-01-18 17:00:56.348653,431,651
6505,2025-01-18 17:00:56.348653,631,651
6506,2025-01-18 17:00:56.348653,329,651
6507,2025-01-18 17:00:56.348653,467,651
6508,2025-01-18 17:00:56.348653,321,651
6509,2025-01-18 17:00:56.348653,371,651
6510,2025-01-18 17:00:56.348653,505,651
6511,2025-01-18 17:00:56.348653,550,652
6512,2025-01-18 17:00:56.348653,318,652
6513,2025-01-18 17:00:56.348653,532,652
6514,2025-01-18 17:00:56.348653,402,652
6515,2025-01-18 17:00:56.348653,398,652
6516,2025-01-18 17:00:56.348653,197,652
6517,2025-01-18 17:00:56.348653,422,652
6518,2025-01-18 17:00:56.348653,615,652
6519,2025-01-18 17:00:56.348653,567,652
6520,2025-01-18 17:00:56.348653,312,652
6521,2025-01-18 17:00:56.348653,636,653
6522,2025-01-18 17:00:56.348653,602,653
6523,2025-01-18 17:00:56.348653,603,653
6524,2025-01-18 17:00:56.348653,407,653
6525,2025-01-18 17:00:56.349650,584,653
6526,2025-01-18 17:00:56.349650,483,653
6527,2025-01-18 17:00:56.349650,209,653
6528,2025-01-18 17:00:56.349650,387,653
6529,2025-01-18 17:00:56.349650,536,653
6530,2025-01-18 17:00:56.349650,282,653
6531,2025-01-18 17:00:56.349650,223,654
6532,2025-01-18 17:00:56.349650,441,654
6533,2025-01-18 17:00:56.349650,252,654
6534,2025-01-18 17:00:56.349650,232,654
6535,2025-01-18 17:00:56.349650,378,654
6536,2025-01-18 17:00:56.349650,579,654
6537,2025-01-18 17:00:56.349650,608,654
6538,2025-01-18 17:00:56.349650,303,654
6539,2025-01-18 17:00:56.349650,335,654
6540,2025-01-18 17:00:56.349650,587,654
6541,2025-01-18 17:00:56.349650,304,655
6542,2025-01-18 17:00:56.349650,608,655
6543,2025-01-18 17:00:56.349650,454,655
6544,2025-01-18 17:00:56.349650,299,655
6545,2025-01-18 17:00:56.349650,279,655
6546,2025-01-18 17:00:56.349650,534,655
6547,2025-01-18 17:00:56.349650,649,655
6548,2025-01-18 17:00:56.349650,475,655
6549,2025-01-18 17:00:56.349650,354,655
6550,2025-01-18 17:00:56.349650,508,655
6551,2025-01-18 17:00:56.349650,627,656
6552,2025-01-18 17:00:56.349650,508,656
6553,2025-01-18 17:00:56.349650,558,656
6554,2025-01-18 17:00:56.349650,413,656
6555,2025-01-18 17:00:56.349650,394,656
6556,2025-01-18 17:00:56.349650,615,656
6557,2025-01-18 17:00:56.349650,250,656
6558,2025-01-18 17:00:56.349650,622,656
6559,2025-01-18 17:00:56.349650,502,656
6560,2025-01-18 17:00:56.349650,624,656
6561,2025-01-18 17:00:56.349650,509,657
6562,2025-01-18 17:00:56.349650,589,657
6563,2025-01-18 17:00:56.349650,313,657
6564,2025-01-18 17:00:56.349650,605,657
6565,2025-01-18 17:00:56.349650,562,657
6566,2025-01-18 17:00:56.349650,445,657
6567,2025-01-18 17:00:56.349650,444,657
6568,2025-01-18 17:00:56.349650,378,657
6569,2025-01-18 17:00:56.349650,357,657
6570,2025-01-18 17:00:56.349650,574,657
6571,2025-01-18 17:00:56.349650,517,658
6572,2025-01-18 17:00:56.349650,344,658
6573,2025-01-18 17:00:56.349650,643,658
6574,2025-01-18 17:00:56.349650,584,658
6575,2025-01-18 17:00:56.349650,348,658
6576,2025-01-18 17:00:56.349650,593,658
6577,2025-01-18 17:00:56.349650,526,658
6578,2025-01-18 17:00:56.349650,615,658
6579,2025-01-18 17:00:56.349650,606,658
6580,2025-01-18 17:00:56.349650,420,658
6581,2025-01-18 17:00:56.349650,515,659
6582,2025-01-18 17:00:56.349650,623,659
6583,2025-01-18 17:00:56.349650,548,659
6584,2025-01-18 17:00:56.349650,520,659
6585,2025-01-18 17:00:56.349650,471,659
6586,2025-01-18 17:00:56.349650,650,659
6587,2025-01-18 17:00:56.349650,396,659
6588,2025-01-18 17:00:56.349650,365,659
6589,2025-01-18 17:00:56.349650,561,659
6590,2025-01-18 17:00:56.349650,624,659
6591,2025-01-18 17:00:56.349650,329,660
6592,2025-01-18 17:00:56.349650,368,660
6593,2025-01-18 17:00:56.349650,530,660
6594,2025-01-18 17:00:56.349650,323,660
6595,2025-01-18 17:00:56.349650,350,660
6596,2025-01-18 17:00:56.349650,573,660
6597,2025-01-18 17:00:56.349650,554,660
6598,2025-01-18 17:00:56.349650,458,660
6599,2025-01-18 17:00:56.349650,586,660
6600,2025-01-18 17:00:56.349650,435,660
6601,2025-01-18 17:00:56.349650,645,661
6602,2025-01-18 17:00:56.349650,407,661
6603,2025-01-18 17:00:56.349650,302,661
6604,2025-01-18 17:00:56.349650,542,661
6605,2025-01-18 17:00:56.349650,643,661
6606,2025-01-18 17:00:56.349650,335,661
6607,2025-01-18 17:00:56.349650,459,661
6608,2025-01-18 17:00:56.349650,414,661
6609,2025-01-18 17:00:56.349650,631,661
6610,2025-01-18 17:00:56.349650,440,661
6611,2025-01-18 17:00:56.349650,314,662
6612,2025-01-18 17:00:56.349650,593,662
6613,2025-01-18 17:00:56.349650,554,662
6614,2025-01-18 17:00:56.349650,301,662
6615,2025-01-18 17:00:56.349650,631,662
6616,2025-01-18 17:00:56.349650,467,662
6617,2025-01-18 17:00:56.349650,569,662
6618,2025-01-18 17:00:56.349650,275,662
6619,2025-01-18 17:00:56.349650,196,662
6620,2025-01-18 17:00:56.349650,477,662
6621,2025-01-18 17:00:56.349650,399,663
6622,2025-01-18 17:00:56.350648,454,663
6623,2025-01-18 17:00:56.350648,259,663
6624,2025-01-18 17:00:56.350648,653,663
6625,2025-01-18 17:00:56.350648,290,663
6626,2025-01-18 17:00:56.350648,235,663
6627,2025-01-18 17:00:56.350648,240,663
6628,2025-01-18 17:00:56.350648,560,663
6629,2025-01-18 17:00:56.350648,625,663
6630,2025-01-18 17:00:56.350648,558,663
6631,2025-01-18 17:00:56.350648,531,664
6632,2025-01-18 17:00:56.350648,443,664
6633,2025-01-18 17:00:56.350648,648,664
6634,2025-01-18 17:00:56.350648,368,664
6635,2025-01-18 17:00:56.350648,601,664
6636,2025-01-18 17:00:56.350648,595,664
6637,2025-01-18 17:00:56.350648,410,664
6638,2025-01-18 17:00:56.350648,543,664
6639,2025-01-18 17:00:56.350648,420,664
6640,2025-01-18 17:00:56.350648,198,664
6641,2025-01-18 17:00:56.350648,543,665
6642,2025-01-18 17:00:56.350648,472,665
6643,2025-01-18 17:00:56.350648,224,665
6644,2025-01-18 17:00:56.350648,352,665
6645,2025-01-18 17:00:56.350648,377,665
6646,2025-01-18 17:00:56.350648,244,665
6647,2025-01-18 17:00:56.350648,444,665
6648,2025-01-18 17:00:56.350648,480,665
6649,2025-01-18 17:00:56.350648,440,665
6650,2025-01-18 17:00:56.350648,665,665
6651,2025-01-18 17:00:56.350648,658,666
6652,2025-01-18 17:00:56.350648,424,666
6653,2025-01-18 17:00:56.350648,511,666
6654,2025-01-18 17:00:56.350648,201,666
6655,2025-01-18 17:00:56.350648,392,666
6656,2025-01-18 17:00:56.350648,504,666
6657,2025-01-18 17:00:56.350648,465,666
6658,2025-01-18 17:00:56.350648,448,666
6659,2025-01-18 17:00:56.350648,223,666
6660,2025-01-18 17:00:56.350648,591,666
6661,2025-01-18 17:00:56.354637,508,667
6662,2025-01-18 17:00:56.354637,379,667
6663,2025-01-18 17:00:56.354637,455,667
6664,2025-01-18 17:00:56.354637,362,667
6665,2025-01-18 17:00:56.354637,478,667
6666,2025-01-18 17:00:56.354637,574,667
6667,2025-01-18 17:00:56.354637,606,667
6668,2025-01-18 17:00:56.354637,345,667
6669,2025-01-18 17:00:56.354637,509,667
6670,2025-01-18 17:00:56.354637,533,667
6671,2025-01-18 17:00:56.354637,616,668
6672,2025-01-18 17:00:56.354637,255,668
6673,2025-01-18 17:00:56.354637,224,668
6674,2025-01-18 17:00:56.354637,349,668
6675,2025-01-18 17:00:56.354637,578,668
6676,2025-01-18 17:00:56.354637,525,668
6677,2025-01-18 17:00:56.354637,645,668
6678,2025-01-18 17:00:56.354637,265,668
6679,2025-01-18 17:00:56.354637,318,668
6680,2025-01-18 17:00:56.354637,383,668
6681,2025-01-18 17:00:56.354637,241,669
6682,2025-01-18 17:00:56.354637,491,669
6683,2025-01-18 17:00:56.354637,251,669
6684,2025-01-18 17:00:56.354637,638,669
6685,2025-01-18 17:00:56.354637,475,669
6686,2025-01-18 17:00:56.354637,336,669
6687,2025-01-18 17:00:56.354637,333,669
6688,2025-01-18 17:00:56.354637,523,669
6689,2025-01-18 17:00:56.354637,480,669
6690,2025-01-18 17:00:56.354637,662,669
6691,2025-01-18 17:00:56.354637,385,670
6692,2025-01-18 17:00:56.354637,493,670
6693,2025-01-18 17:00:56.354637,659,670
6694,2025-01-18 17:00:56.354637,590,670
6695,2025-01-18 17:00:56.354637,601,670
6696,2025-01-18 17:00:56.354637,212,670
6697,2025-01-18 17:00:56.354637,603,670
6698,2025-01-18 17:00:56.355634,363,670
6699,2025-01-18 17:00:56.355634,320,670
6700,2025-01-18 17:00:56.355634,339,670
6701,2025-01-18 17:00:56.355634,647,671
6702,2025-01-18 17:00:56.355634,634,671
6703,2025-01-18 17:00:56.355634,391,671
6704,2025-01-18 17:00:56.355634,607,671
6705,2025-01-18 17:00:56.355634,550,671
6706,2025-01-18 17:00:56.355634,198,671
6707,2025-01-18 17:00:56.355634,651,671
6708,2025-01-18 17:00:56.355634,207,671
6709,2025-01-18 17:00:56.355634,621,671
6710,2025-01-18 17:00:56.355634,587,671
6711,2025-01-18 17:00:56.355634,399,672
6712,2025-01-18 17:00:56.355634,338,672
6713,2025-01-18 17:00:56.355634,512,672
6714,2025-01-18 17:00:56.355634,336,672
6715,2025-01-18 17:00:56.355634,498,672
6716,2025-01-18 17:00:56.355634,224,672
6717,2025-01-18 17:00:56.355634,395,672
6718,2025-01-18 17:00:56.355634,334,672
6719,2025-01-18 17:00:56.355634,420,672
6720,2025-01-18 17:00:56.355634,409,672
6721,2025-01-18 17:00:56.355634,424,673
6722,2025-01-18 17:00:56.355634,276,673
6723,2025-01-18 17:00:56.355634,630,673
6724,2025-01-18 17:00:56.355634,336,673
6725,2025-01-18 17:00:56.355634,524,673
6726,2025-01-18 17:00:56.355634,392,673
6727,2025-01-18 17:00:56.355634,246,673
6728,2025-01-18 17:00:56.355634,303,673
6729,2025-01-18 17:00:56.355634,654,673
6730,2025-01-18 17:00:56.355634,310,673
6731,2025-01-18 17:00:56.355634,579,674
6732,2025-01-18 17:00:56.355634,243,674
6733,2025-01-18 17:00:56.355634,493,674
6734,2025-01-18 17:00:56.355634,281,674
6735,2025-01-18 17:00:56.355634,411,674
6736,2025-01-18 17:00:56.355634,406,674
6737,2025-01-18 17:00:56.355634,268,674
6738,2025-01-18 17:00:56.355634,229,674
6739,2025-01-18 17:00:56.355634,649,674
6740,2025-01-18 17:00:56.355634,369,674
6741,2025-01-18 17:00:56.355634,269,675
6742,2025-01-18 17:00:56.355634,478,675
6743,2025-01-18 17:00:56.355634,510,675
6744,2025-01-18 17:00:56.355634,335,675
6745,2025-01-18 17:00:56.355634,355,675
6746,2025-01-18 17:00:56.355634,370,675
6747,2025-01-18 17:00:56.355634,565,675
6748,2025-01-18 17:00:56.355634,592,675
6749,2025-01-18 17:00:56.355634,264,675
6750,2025-01-18 17:00:56.355634,396,675
6751,2025-01-18 17:00:56.355634,261,676
6752,2025-01-18 17:00:56.355634,665,676
6753,2025-01-18 17:00:56.355634,642,676
6754,2025-01-18 17:00:56.355634,593,676
6755,2025-01-18 17:00:56.355634,426,676
6756,2025-01-18 17:00:56.355634,607,676
6757,2025-01-18 17:00:56.355634,387,676
6758,2025-01-18 17:00:56.355634,424,676
6759,2025-01-18 17:00:56.355634,413,676
6760,2025-01-18 17:00:56.355634,296,676
6761,2025-01-18 17:00:56.355634,240,677
6762,2025-01-18 17:00:56.355634,521,677
6763,2025-01-18 17:00:56.355634,291,677
6764,2025-01-18 17:00:56.355634,534,677
6765,2025-01-18 17:00:56.355634,511,677
6766,2025-01-18 17:00:56.355634,611,677
6767,2025-01-18 17:00:56.355634,355,677
6768,2025-01-18 17:00:56.355634,617,677
6769,2025-01-18 17:00:56.355634,266,677
6770,2025-01-18 17:00:56.355634,347,677
6771,2025-01-18 17:00:56.355634,544,678
6772,2025-01-18 17:00:56.355634,389,678
6773,2025-01-18 17:00:56.355634,213,678
6774,2025-01-18 17:00:56.355634,445,678
6775,2025-01-18 17:00:56.355634,432,678
6776,2025-01-18 17:00:56.355634,384,678
6777,2025-01-18 17:00:56.355634,198,678
6778,2025-01-18 17:00:56.355634,327,678
6779,2025-01-18 17:00:56.355634,631,678
6780,2025-01-18 17:00:56.355634,281,678
6781,2025-01-18 17:00:56.355634,374,679
6782,2025-01-18 17:00:56.355634,260,679
6783,2025-01-18 17:00:56.355634,396,679
6784,2025-01-18 17:00:56.355634,504,679
6785,2025-01-18 17:00:56.355634,548,679
6786,2025-01-18 17:00:56.355634,359,679
6787,2025-01-18 17:00:56.355634,503,679
6788,2025-01-18 17:00:56.355634,526,679
6789,2025-01-18 17:00:56.355634,364,679
6790,2025-01-18 17:00:56.355634,643,679
6791,2025-01-18 17:00:56.355634,303,680
6792,2025-01-18 17:00:56.355634,432,680
6793,2025-01-18 17:00:56.355634,438,680
6794,2025-01-18 17:00:56.355634,619,680
6795,2025-01-18 17:00:56.355634,626,680
6796,2025-01-18 17:00:56.356632,546,680
6797,2025-01-18 17:00:56.356632,542,680
6798,2025-01-18 17:00:56.356632,552,680
6799,2025-01-18 17:00:56.356632,249,680
6800,2025-01-18 17:00:56.356632,539,680
6801,2025-01-18 17:00:56.356632,276,681
6802,2025-01-18 17:00:56.356632,204,681
6803,2025-01-18 17:00:56.356632,521,681
6804,2025-01-18 17:00:56.356632,211,681
6805,2025-01-18 17:00:56.356632,538,681
6806,2025-01-18 17:00:56.356632,431,681
6807,2025-01-18 17:00:56.356632,445,681
6808,2025-01-18 17:00:56.356632,272,681
6809,2025-01-18 17:00:56.356632,525,681
6810,2025-01-18 17:00:56.356632,424,681
6811,2025-01-18 17:00:56.356632,622,682
6812,2025-01-18 17:00:56.356632,432,682
6813,2025-01-18 17:00:56.356632,659,682
6814,2025-01-18 17:00:56.356632,558,682
6815,2025-01-18 17:00:56.356632,412,682
6816,2025-01-18 17:00:56.356632,209,682
6817,2025-01-18 17:00:56.356632,631,682
6818,2025-01-18 17:00:56.356632,468,682
6819,2025-01-18 17:00:56.356632,385,682
6820,2025-01-18 17:00:56.356632,392,682
6821,2025-01-18 17:00:56.356632,561,683
6822,2025-01-18 17:00:56.356632,428,683
6823,2025-01-18 17:00:56.356632,233,683
6824,2025-01-18 17:00:56.356632,357,683
6825,2025-01-18 17:00:56.356632,348,683
6826,2025-01-18 17:00:56.356632,593,683
6827,2025-01-18 17:00:56.356632,523,683
6828,2025-01-18 17:00:56.356632,295,683
6829,2025-01-18 17:00:56.356632,587,683
6830,2025-01-18 17:00:56.356632,556,683
6831,2025-01-18 17:00:56.356632,591,684
6832,2025-01-18 17:00:56.356632,568,684
6833,2025-01-18 17:00:56.356632,246,684
6834,2025-01-18 17:00:56.356632,309,684
6835,2025-01-18 17:00:56.356632,224,684
6836,2025-01-18 17:00:56.356632,366,684
6837,2025-01-18 17:00:56.356632,536,684
6838,2025-01-18 17:00:56.356632,491,684
6839,2025-01-18 17:00:56.356632,216,684
6840,2025-01-18 17:00:56.356632,508,684
6841,2025-01-18 17:00:56.356632,492,685
6842,2025-01-18 17:00:56.356632,652,685
6843,2025-01-18 17:00:56.356632,326,685
6844,2025-01-18 17:00:56.356632,296,685
6845,2025-01-18 17:00:56.356632,513,685
6846,2025-01-18 17:00:56.356632,617,685
6847,2025-01-18 17:00:56.356632,499,685
6848,2025-01-18 17:00:56.356632,647,685
6849,2025-01-18 17:00:56.356632,493,685
6850,2025-01-18 17:00:56.356632,545,685
6851,2025-01-18 17:00:56.356632,348,686
6852,2025-01-18 17:00:56.356632,518,686
6853,2025-01-18 17:00:56.356632,342,686
6854,2025-01-18 17:00:56.356632,374,686
6855,2025-01-18 17:00:56.356632,291,686
6856,2025-01-18 17:00:56.356632,263,686
6857,2025-01-18 17:00:56.356632,526,686
6858,2025-01-18 17:00:56.356632,481,686
6859,2025-01-18 17:00:56.356632,600,686
6860,2025-01-18 17:00:56.356632,297,686
6861,2025-01-18 17:00:56.356632,525,687
6862,2025-01-18 17:00:56.356632,308,687
6863,2025-01-18 17:00:56.356632,250,687
6864,2025-01-18 17:00:56.356632,230,687
6865,2025-01-18 17:00:56.356632,454,687
6866,2025-01-18 17:00:56.356632,372,687
6867,2025-01-18 17:00:56.356632,254,687
6868,2025-01-18 17:00:56.356632,216,687
6869,2025-01-18 17:00:56.356632,541,687
6870,2025-01-18 17:00:56.356632,607,687
6871,2025-01-18 17:00:56.356632,666,688
6872,2025-01-18 17:00:56.356632,552,688
6873,2025-01-18 17:00:56.356632,493,688
6874,2025-01-18 17:00:56.356632,413,688
6875,2025-01-18 17:00:56.356632,466,688
6876,2025-01-18 17:00:56.356632,645,688
6877,2025-01-18 17:00:56.356632,475,688
6878,2025-01-18 17:00:56.356632,358,688
6879,2025-01-18 17:00:56.356632,307,688
6880,2025-01-18 17:00:56.356632,196,688
6881,2025-01-18 17:00:56.356632,656,689
6882,2025-01-18 17:00:56.356632,621,689
6883,2025-01-18 17:00:56.356632,290,689
6884,2025-01-18 17:00:56.356632,326,689
6885,2025-01-18 17:00:56.356632,647,689
6886,2025-01-18 17:00:56.356632,198,689
6887,2025-01-18 17:00:56.356632,323,689
6888,2025-01-18 17:00:56.356632,394,689
6889,2025-01-18 17:00:56.356632,236,689
6890,2025-01-18 17:00:56.356632,594,689
6891,2025-01-18 17:00:56.356632,513,690
6892,2025-01-18 17:00:56.356632,376,690
6893,2025-01-18 17:00:56.357629,358,690
6894,2025-01-18 17:00:56.357629,612,690
6895,2025-01-18 17:00:56.357629,543,690
6896,2025-01-18 17:00:56.357629,363,690
6897,2025-01-18 17:00:56.357629,601,690
6898,2025-01-18 17:00:56.357629,226,690
6899,2025-01-18 17:00:56.357629,368,690
6900,2025-01-18 17:00:56.357629,263,690
6901,2025-01-18 17:00:56.357629,426,691
6902,2025-01-18 17:00:56.357629,382,691
6903,2025-01-18 17:00:56.357629,513,691
6904,2025-01-18 17:00:56.357629,437,691
6905,2025-01-18 17:00:56.357629,284,691
6906,2025-01-18 17:00:56.357629,433,691
6907,2025-01-18 17:00:56.357629,389,691
6908,2025-01-18 17:00:56.357629,310,691
6909,2025-01-18 17:00:56.357629,598,691
6910,2025-01-18 17:00:56.357629,484,691
6911,2025-01-18 17:00:56.357629,582,692
6912,2025-01-18 17:00:56.357629,470,692
6913,2025-01-18 17:00:56.357629,499,692
6914,2025-01-18 17:00:56.357629,481,692
6915,2025-01-18 17:00:56.357629,282,692
6916,2025-01-18 17:00:56.357629,570,692
6917,2025-01-18 17:00:56.357629,399,692
6918,2025-01-18 17:00:56.357629,249,692
6919,2025-01-18 17:00:56.357629,602,692
6920,2025-01-18 17:00:56.357629,381,692
6921,2025-01-18 17:00:56.357629,389,693
6922,2025-01-18 17:00:56.357629,593,693
6923,2025-01-18 17:00:56.357629,651,693
6924,2025-01-18 17:00:56.357629,403,693
6925,2025-01-18 17:00:56.357629,455,693
6926,2025-01-18 17:00:56.357629,365,693
6927,2025-01-18 17:00:56.357629,524,693
6928,2025-01-18 17:00:56.357629,387,693
6929,2025-01-18 17:00:56.357629,313,693
6930,2025-01-18 17:00:56.357629,256,693
6931,2025-01-18 17:00:56.357629,537,694
6932,2025-01-18 17:00:56.357629,610,694
6933,2025-01-18 17:00:56.357629,533,694
6934,2025-01-18 17:00:56.357629,212,694
6935,2025-01-18 17:00:56.357629,343,694
6936,2025-01-18 17:00:56.357629,327,694
6937,2025-01-18 17:00:56.357629,646,694
6938,2025-01-18 17:00:56.357629,282,694
6939,2025-01-18 17:00:56.357629,385,694
6940,2025-01-18 17:00:56.357629,247,694
6941,2025-01-18 17:00:56.357629,379,695
6942,2025-01-18 17:00:56.357629,623,695
6943,2025-01-18 17:00:56.357629,198,695
6944,2025-01-18 17:00:56.357629,260,695
6945,2025-01-18 17:00:56.357629,428,695
6946,2025-01-18 17:00:56.357629,484,695
6947,2025-01-18 17:00:56.357629,217,695
6948,2025-01-18 17:00:56.357629,487,695
6949,2025-01-18 17:00:56.357629,569,695
6950,2025-01-18 17:00:56.357629,321,695
6951,2025-01-18 17:00:56.357629,596,696
6952,2025-01-18 17:00:56.357629,274,696
6953,2025-01-18 17:00:56.357629,195,696
6954,2025-01-18 17:00:56.357629,330,696
6955,2025-01-18 17:00:56.357629,510,696
6956,2025-01-18 17:00:56.357629,637,696
6957,2025-01-18 17:00:56.357629,409,696
6958,2025-01-18 17:00:56.357629,218,696
6959,2025-01-18 17:00:56.357629,657,696
6960,2025-01-18 17:00:56.357629,304,696
6961,2025-01-18 17:00:56.357629,256,697
6962,2025-01-18 17:00:56.357629,557,697
6963,2025-01-18 17:00:56.357629,630,697
6964,2025-01-18 17:00:56.357629,292,697
6965,2025-01-18 17:00:56.357629,302,697
6966,2025-01-18 17:00:56.357629,380,697
6967,2025-01-18 17:00:56.357629,618,697
6968,2025-01-18 17:00:56.357629,370,697
6969,2025-01-18 17:00:56.357629,464,697
6970,2025-01-18 17:00:56.357629,297,697
6971,2025-01-18 17:00:56.357629,405,698
6972,2025-01-18 17:00:56.357629,399,698
6973,2025-01-18 17:00:56.357629,404,698
6974,2025-01-18 17:00:56.357629,528,698
6975,2025-01-18 17:00:56.357629,582,698
6976,2025-01-18 17:00:56.357629,344,698
6977,2025-01-18 17:00:56.357629,385,698
6978,2025-01-18 17:00:56.357629,561,698
6979,2025-01-18 17:00:56.357629,357,698
6980,2025-01-18 17:00:56.357629,363,698
6981,2025-01-18 17:00:56.357629,421,699
6982,2025-01-18 17:00:56.357629,271,699
6983,2025-01-18 17:00:56.357629,477,699
6984,2025-01-18 17:00:56.357629,571,699
6985,2025-01-18 17:00:56.357629,259,699
6986,2025-01-18 17:00:56.357629,229,699
6987,2025-01-18 17:00:56.357629,258,699
6988,2025-01-18 17:00:56.357629,620,699
6989,2025-01-18 17:00:56.357629,661,699
6990,2025-01-18 17:00:56.358626,280,699
6991,2025-01-18 17:00:56.358626,445,700
6992,2025-01-18 17:00:56.358626,240,700
6993,2025-01-18 17:00:56.358626,438,700
6994,2025-01-18 17:00:56.362616,290,700
6995,2025-01-18 17:00:56.362616,625,700
6996,2025-01-18 17:00:56.362616,216,700
6997,2025-01-18 17:00:56.362616,352,700
6998,2025-01-18 17:00:56.362616,440,700
6999,2025-01-18 17:00:56.362616,199,700
7000,2025-01-18 17:00:56.362616,337,700
7001,2025-01-18 17:00:56.362616,445,701
7002,2025-01-18 17:00:56.362616,458,701
7003,2025-01-18 17:00:56.362616,270,701
7004,2025-01-18 17:00:56.362616,329,701
7005,2025-01-18 17:00:56.362616,395,701
7006,2025-01-18 17:00:56.362616,297,701
7007,2025-01-18 17:00:56.362616,456,701
7008,2025-01-18 17:00:56.362616,423,701
7009,2025-01-18 17:00:56.362616,344,701
7010,2025-01-18 17:00:56.362616,453,701
7011,2025-01-18 17:00:56.362616,543,702
7012,2025-01-18 17:00:56.362616,315,702
7013,2025-01-18 17:00:56.362616,372,702
7014,2025-01-18 17:00:56.362616,347,702
7015,2025-01-18 17:00:56.362616,295,702
7016,2025-01-18 17:00:56.362616,280,702
7017,2025-01-18 17:00:56.362616,420,702
7018,2025-01-18 17:00:56.362616,395,702
7019,2025-01-18 17:00:56.362616,560,702
7020,2025-01-18 17:00:56.362616,355,702
7021,2025-01-18 17:00:56.362616,442,703
7022,2025-01-18 17:00:56.362616,326,703
7023,2025-01-18 17:00:56.362616,195,703
7024,2025-01-18 17:00:56.362616,311,703
7025,2025-01-18 17:00:56.362616,217,703
7026,2025-01-18 17:00:56.362616,246,703
7027,2025-01-18 17:00:56.362616,651,703
7028,2025-01-18 17:00:56.362616,620,703
7029,2025-01-18 17:00:56.362616,654,703
7030,2025-01-18 17:00:56.362616,451,703
7031,2025-01-18 17:00:56.362616,351,704
7032,2025-01-18 17:00:56.362616,300,704
7033,2025-01-18 17:00:56.362616,647,704
7034,2025-01-18 17:00:56.362616,404,704
7035,2025-01-18 17:00:56.362616,294,704
7036,2025-01-18 17:00:56.362616,356,704
7037,2025-01-18 17:00:56.362616,282,704
7038,2025-01-18 17:00:56.362616,222,704
7039,2025-01-18 17:00:56.362616,653,704
7040,2025-01-18 17:00:56.362616,652,704
7041,2025-01-18 17:00:56.362616,343,705
7042,2025-01-18 17:00:56.362616,366,705
7043,2025-01-18 17:00:56.362616,646,705
7044,2025-01-18 17:00:56.362616,205,705
7045,2025-01-18 17:00:56.362616,627,705
7046,2025-01-18 17:00:56.363613,427,705
7047,2025-01-18 17:00:56.363613,403,705
7048,2025-01-18 17:00:56.363613,610,705
7049,2025-01-18 17:00:56.363613,423,705
7050,2025-01-18 17:00:56.363613,447,705
7051,2025-01-18 17:00:56.363613,237,706
7052,2025-01-18 17:00:56.363613,257,706
7053,2025-01-18 17:00:56.363613,483,706
7054,2025-01-18 17:00:56.363613,404,706
7055,2025-01-18 17:00:56.363613,247,706
7056,2025-01-18 17:00:56.363613,625,706
7057,2025-01-18 17:00:56.363613,456,706
7058,2025-01-18 17:00:56.363613,389,706
7059,2025-01-18 17:00:56.363613,577,706
7060,2025-01-18 17:00:56.363613,565,706
7061,2025-01-18 17:00:56.363613,299,707
7062,2025-01-18 17:00:56.363613,601,707
7063,2025-01-18 17:00:56.363613,212,707
7064,2025-01-18 17:00:56.363613,403,707
7065,2025-01-18 17:00:56.363613,277,707
7066,2025-01-18 17:00:56.363613,637,707
7067,2025-01-18 17:00:56.363613,258,707
7068,2025-01-18 17:00:56.363613,536,707
7069,2025-01-18 17:00:56.363613,503,707
7070,2025-01-18 17:00:56.363613,432,707
7071,2025-01-18 17:00:56.363613,639,708
7072,2025-01-18 17:00:56.363613,398,708
7073,2025-01-18 17:00:56.363613,303,708
7074,2025-01-18 17:00:56.363613,360,708
7075,2025-01-18 17:00:56.363613,246,708
7076,2025-01-18 17:00:56.363613,434,708
7077,2025-01-18 17:00:56.363613,560,708
7078,2025-01-18 17:00:56.363613,478,708
7079,2025-01-18 17:00:56.363613,520,708
7080,2025-01-18 17:00:56.363613,310,708
7081,2025-01-18 17:00:56.363613,341,709
7082,2025-01-18 17:00:56.363613,296,709
7083,2025-01-18 17:00:56.363613,274,709
7084,2025-01-18 17:00:56.363613,524,709
7085,2025-01-18 17:00:56.363613,283,709
7086,2025-01-18 17:00:56.363613,321,709
7087,2025-01-18 17:00:56.363613,273,709
7088,2025-01-18 17:00:56.363613,211,709
7089,2025-01-18 17:00:56.363613,451,709
7090,2025-01-18 17:00:56.363613,662,709
7091,2025-01-18 17:00:56.363613,478,710
7092,2025-01-18 17:00:56.363613,560,710
7093,2025-01-18 17:00:56.363613,256,710
7094,2025-01-18 17:00:56.363613,377,710
7095,2025-01-18 17:00:56.363613,261,710
7096,2025-01-18 17:00:56.363613,223,710
7097,2025-01-18 17:00:56.363613,240,710
7098,2025-01-18 17:00:56.363613,609,710
7099,2025-01-18 17:00:56.363613,573,710
7100,2025-01-18 17:00:56.363613,335,710
7101,2025-01-18 17:00:56.363613,655,711
7102,2025-01-18 17:00:56.363613,627,711
7103,2025-01-18 17:00:56.363613,480,711
7104,2025-01-18 17:00:56.363613,401,711
7105,2025-01-18 17:00:56.363613,474,711
7106,2025-01-18 17:00:56.363613,552,711
7107,2025-01-18 17:00:56.363613,289,711
7108,2025-01-18 17:00:56.363613,640,711
7109,2025-01-18 17:00:56.363613,454,711
7110,2025-01-18 17:00:56.363613,622,711
7111,2025-01-18 17:00:56.363613,460,712
7112,2025-01-18 17:00:56.363613,651,712
7113,2025-01-18 17:00:56.363613,410,712
7114,2025-01-18 17:00:56.363613,293,712
7115,2025-01-18 17:00:56.363613,366,712
7116,2025-01-18 17:00:56.363613,248,712
7117,2025-01-18 17:00:56.363613,462,712
7118,2025-01-18 17:00:56.363613,220,712
7119,2025-01-18 17:00:56.363613,201,712
7120,2025-01-18 17:00:56.363613,653,712
7121,2025-01-18 17:00:56.363613,661,713
7122,2025-01-18 17:00:56.363613,449,713
7123,2025-01-18 17:00:56.363613,439,713
7124,2025-01-18 17:00:56.363613,617,713
7125,2025-01-18 17:00:56.363613,471,713
7126,2025-01-18 17:00:56.363613,408,713
7127,2025-01-18 17:00:56.363613,653,713
7128,2025-01-18 17:00:56.363613,268,713
7129,2025-01-18 17:00:56.363613,232,713
7130,2025-01-18 17:00:56.363613,491,713
7131,2025-01-18 17:00:56.363613,406,714
7132,2025-01-18 17:00:56.363613,588,714
7133,2025-01-18 17:00:56.363613,454,714
7134,2025-01-18 17:00:56.363613,411,714
7135,2025-01-18 17:00:56.363613,426,714
7136,2025-01-18 17:00:56.363613,503,714
7137,2025-01-18 17:00:56.363613,665,714
7138,2025-01-18 17:00:56.363613,214,714
7139,2025-01-18 17:00:56.363613,398,714
7140,2025-01-18 17:00:56.363613,270,714
7141,2025-01-18 17:00:56.363613,217,715
7142,2025-01-18 17:00:56.364610,194,715
7143,2025-01-18 17:00:56.364610,587,715
7144,2025-01-18 17:00:56.364610,593,715
7145,2025-01-18 17:00:56.364610,201,715
7146,2025-01-18 17:00:56.364610,364,715
7147,2025-01-18 17:00:56.364610,206,715
7148,2025-01-18 17:00:56.364610,393,715
7149,2025-01-18 17:00:56.364610,305,715
7150,2025-01-18 17:00:56.364610,552,715
7151,2025-01-18 17:00:56.364610,572,716
7152,2025-01-18 17:00:56.364610,325,716
7153,2025-01-18 17:00:56.364610,326,716
7154,2025-01-18 17:00:56.364610,616,716
7155,2025-01-18 17:00:56.364610,310,716
7156,2025-01-18 17:00:56.364610,340,716
7157,2025-01-18 17:00:56.364610,610,716
7158,2025-01-18 17:00:56.364610,434,716
7159,2025-01-18 17:00:56.364610,224,716
7160,2025-01-18 17:00:56.364610,231,716
7161,2025-01-18 17:00:56.364610,222,717
7162,2025-01-18 17:00:56.364610,290,717
7163,2025-01-18 17:00:56.364610,374,717
7164,2025-01-18 17:00:56.364610,636,717
7165,2025-01-18 17:00:56.364610,225,717
7166,2025-01-18 17:00:56.364610,451,717
7167,2025-01-18 17:00:56.364610,293,717
7168,2025-01-18 17:00:56.364610,343,717
7169,2025-01-18 17:00:56.364610,485,717
7170,2025-01-18 17:00:56.364610,270,717
7171,2025-01-18 17:00:56.364610,257,718
7172,2025-01-18 17:00:56.364610,406,718
7173,2025-01-18 17:00:56.364610,603,718
7174,2025-01-18 17:00:56.364610,605,718
7175,2025-01-18 17:00:56.364610,360,718
7176,2025-01-18 17:00:56.364610,274,718
7177,2025-01-18 17:00:56.364610,593,718
7178,2025-01-18 17:00:56.364610,369,718
7179,2025-01-18 17:00:56.364610,229,718
7180,2025-01-18 17:00:56.364610,627,718
7181,2025-01-18 17:00:56.364610,361,719
7182,2025-01-18 17:00:56.364610,291,719
7183,2025-01-18 17:00:56.364610,624,719
7184,2025-01-18 17:00:56.364610,306,719
7185,2025-01-18 17:00:56.364610,228,719
7186,2025-01-18 17:00:56.364610,522,719
7187,2025-01-18 17:00:56.364610,275,719
7188,2025-01-18 17:00:56.364610,636,719
7189,2025-01-18 17:00:56.364610,440,719
7190,2025-01-18 17:00:56.364610,575,719
7191,2025-01-18 17:00:56.364610,647,720
7192,2025-01-18 17:00:56.364610,538,720
7193,2025-01-18 17:00:56.364610,587,720
7194,2025-01-18 17:00:56.364610,245,720
7195,2025-01-18 17:00:56.364610,320,720
7196,2025-01-18 17:00:56.364610,539,720
7197,2025-01-18 17:00:56.364610,322,720
7198,2025-01-18 17:00:56.364610,408,720
7199,2025-01-18 17:00:56.364610,338,720
7200,2025-01-18 17:00:56.364610,435,720
7201,2025-01-18 17:00:56.364610,279,721
7202,2025-01-18 17:00:56.364610,271,721
7203,2025-01-18 17:00:56.364610,614,721
7204,2025-01-18 17:00:56.364610,429,721
7205,2025-01-18 17:00:56.364610,548,721
7206,2025-01-18 17:00:56.364610,462,721
7207,2025-01-18 17:00:56.364610,260,721
7208,2025-01-18 17:00:56.364610,664,721
7209,2025-01-18 17:00:56.364610,362,721
7210,2025-01-18 17:00:56.364610,521,721
7211,2025-01-18 17:00:56.364610,294,722
7212,2025-01-18 17:00:56.364610,555,722
7213,2025-01-18 17:00:56.364610,270,722
7214,2025-01-18 17:00:56.364610,558,722
7215,2025-01-18 17:00:56.364610,454,722
7216,2025-01-18 17:00:56.364610,655,722
7217,2025-01-18 17:00:56.364610,443,722
7218,2025-01-18 17:00:56.364610,236,722
7219,2025-01-18 17:00:56.364610,395,722
7220,2025-01-18 17:00:56.364610,645,722
7221,2025-01-18 17:00:56.364610,626,723
7222,2025-01-18 17:00:56.364610,250,723
7223,2025-01-18 17:00:56.364610,305,723
7224,2025-01-18 17:00:56.364610,195,723
7225,2025-01-18 17:00:56.364610,372,723
7226,2025-01-18 17:00:56.364610,303,723
7227,2025-01-18 17:00:56.364610,452,723
7228,2025-01-18 17:00:56.364610,496,723
7229,2025-01-18 17:00:56.364610,400,723
7230,2025-01-18 17:00:56.364610,507,723
7231,2025-01-18 17:00:56.364610,602,724
7232,2025-01-18 17:00:56.364610,508,724
7233,2025-01-18 17:00:56.364610,568,724
7234,2025-01-18 17:00:56.364610,282,724
7235,2025-01-18 17:00:56.364610,228,724
7236,2025-01-18 17:00:56.364610,398,724
7237,2025-01-18 17:00:56.364610,468,724
7238,2025-01-18 17:00:56.364610,512,724
7239,2025-01-18 17:00:56.364610,624,724
7240,2025-01-18 17:00:56.365608,453,724
7241,2025-01-18 17:00:56.365608,617,725
7242,2025-01-18 17:00:56.365608,284,725
7243,2025-01-18 17:00:56.365608,568,725
7244,2025-01-18 17:00:56.365608,488,725
7245,2025-01-18 17:00:56.365608,503,725
7246,2025-01-18 17:00:56.365608,498,725
7247,2025-01-18 17:00:56.365608,666,725
7248,2025-01-18 17:00:56.365608,317,725
7249,2025-01-18 17:00:56.365608,211,725
7250,2025-01-18 17:00:56.365608,422,725
7251,2025-01-18 17:00:56.365608,272,726
7252,2025-01-18 17:00:56.365608,544,726
7253,2025-01-18 17:00:56.365608,350,726
7254,2025-01-18 17:00:56.365608,479,726
7255,2025-01-18 17:00:56.365608,386,726
7256,2025-01-18 17:00:56.365608,195,726
7257,2025-01-18 17:00:56.365608,349,726
7258,2025-01-18 17:00:56.365608,577,726
7259,2025-01-18 17:00:56.365608,587,726
7260,2025-01-18 17:00:56.365608,565,726
7261,2025-01-18 17:00:56.365608,500,727
7262,2025-01-18 17:00:56.365608,226,727
7263,2025-01-18 17:00:56.365608,480,727
7264,2025-01-18 17:00:56.365608,554,727
7265,2025-01-18 17:00:56.365608,388,727
7266,2025-01-18 17:00:56.365608,601,727
7267,2025-01-18 17:00:56.365608,194,727
7268,2025-01-18 17:00:56.365608,336,727
7269,2025-01-18 17:00:56.365608,212,727
7270,2025-01-18 17:00:56.365608,666,727
7271,2025-01-18 17:00:56.365608,302,728
7272,2025-01-18 17:00:56.365608,503,728
7273,2025-01-18 17:00:56.365608,517,728
7274,2025-01-18 17:00:56.365608,213,728
7275,2025-01-18 17:00:56.365608,527,728
7276,2025-01-18 17:00:56.365608,228,728
7277,2025-01-18 17:00:56.365608,365,728
7278,2025-01-18 17:00:56.365608,501,728
7279,2025-01-18 17:00:56.365608,195,728
7280,2025-01-18 17:00:56.365608,496,728
7281,2025-01-18 17:00:56.365608,205,729
7282,2025-01-18 17:00:56.365608,248,729
7283,2025-01-18 17:00:56.365608,393,729
7284,2025-01-18 17:00:56.365608,490,729
7285,2025-01-18 17:00:56.365608,229,729
7286,2025-01-18 17:00:56.365608,390,729
7287,2025-01-18 17:00:56.365608,407,729
7288,2025-01-18 17:00:56.365608,472,729
7289,2025-01-18 17:00:56.365608,561,729
7290,2025-01-18 17:00:56.365608,203,729
7291,2025-01-18 17:00:56.365608,618,730
7292,2025-01-18 17:00:56.365608,217,730
7293,2025-01-18 17:00:56.365608,220,730
7294,2025-01-18 17:00:56.365608,413,730
7295,2025-01-18 17:00:56.365608,647,730
7296,2025-01-18 17:00:56.365608,619,730
7297,2025-01-18 17:00:56.365608,244,730
7298,2025-01-18 17:00:56.365608,493,730
7299,2025-01-18 17:00:56.365608,411,730
7300,2025-01-18 17:00:56.365608,519,730
7301,2025-01-18 17:00:56.365608,626,731
7302,2025-01-18 17:00:56.365608,225,731
7303,2025-01-18 17:00:56.365608,449,731
7304,2025-01-18 17:00:56.365608,568,731
7305,2025-01-18 17:00:56.365608,381,731
7306,2025-01-18 17:00:56.365608,388,731
7307,2025-01-18 17:00:56.365608,597,731
7308,2025-01-18 17:00:56.365608,621,731
7309,2025-01-18 17:00:56.365608,527,731
7310,2025-01-18 17:00:56.365608,301,731
7311,2025-01-18 17:00:56.365608,406,732
7312,2025-01-18 17:00:56.365608,211,732
7313,2025-01-18 17:00:56.365608,230,732
7314,2025-01-18 17:00:56.365608,428,732
7315,2025-01-18 17:00:56.365608,656,732
7316,2025-01-18 17:00:56.365608,391,732
7317,2025-01-18 17:00:56.365608,364,732
7318,2025-01-18 17:00:56.365608,600,732
7319,2025-01-18 17:00:56.365608,357,732
7320,2025-01-18 17:00:56.365608,371,732
7321,2025-01-18 17:00:56.365608,387,733
7322,2025-01-18 17:00:56.365608,358,733
7323,2025-01-18 17:00:56.365608,585,733
7324,2025-01-18 17:00:56.365608,525,733
7325,2025-01-18 17:00:56.365608,516,733
7326,2025-01-18 17:00:56.365608,653,733
7327,2025-01-18 17:00:56.370595,266,733
7328,2025-01-18 17:00:56.370595,611,733
7329,2025-01-18 17:00:56.370595,419,733
7330,2025-01-18 17:00:56.370595,546,733
7331,2025-01-18 17:00:56.370595,334,734
7332,2025-01-18 17:00:56.370595,367,734
7333,2025-01-18 17:00:56.370595,234,734
7334,2025-01-18 17:00:56.370595,399,734
7335,2025-01-18 17:00:56.370595,262,734
7336,2025-01-18 17:00:56.370595,662,734
7337,2025-01-18 17:00:56.370595,614,734
7338,2025-01-18 17:00:56.370595,537,734
7339,2025-01-18 17:00:56.370595,228,734
7340,2025-01-18 17:00:56.370595,222,734
7341,2025-01-18 17:00:56.370595,364,735
7342,2025-01-18 17:00:56.370595,512,735
7343,2025-01-18 17:00:56.370595,610,735
7344,2025-01-18 17:00:56.370595,339,735
7345,2025-01-18 17:00:56.370595,222,735
7346,2025-01-18 17:00:56.370595,416,735
7347,2025-01-18 17:00:56.370595,296,735
7348,2025-01-18 17:00:56.370595,304,735
7349,2025-01-18 17:00:56.370595,342,735
7350,2025-01-18 17:00:56.370595,400,735
7351,2025-01-18 17:00:56.370595,629,736
7352,2025-01-18 17:00:56.370595,287,736
7353,2025-01-18 17:00:56.370595,479,736
7354,2025-01-18 17:00:56.370595,609,736
7355,2025-01-18 17:00:56.370595,360,736
7356,2025-01-18 17:00:56.370595,248,736
7357,2025-01-18 17:00:56.370595,424,736
7358,2025-01-18 17:00:56.370595,530,736
7359,2025-01-18 17:00:56.370595,480,736
7360,2025-01-18 17:00:56.370595,372,736
7361,2025-01-18 17:00:56.370595,607,737
7362,2025-01-18 17:00:56.370595,536,737
7363,2025-01-18 17:00:56.370595,525,737
7364,2025-01-18 17:00:56.370595,583,737
7365,2025-01-18 17:00:56.370595,634,737
7366,2025-01-18 17:00:56.370595,220,737
7367,2025-01-18 17:00:56.370595,621,737
7368,2025-01-18 17:00:56.370595,645,737
7369,2025-01-18 17:00:56.370595,580,737
7370,2025-01-18 17:00:56.370595,626,737
7371,2025-01-18 17:00:56.370595,489,738
7372,2025-01-18 17:00:56.370595,212,738
7373,2025-01-18 17:00:56.370595,537,738
7374,2025-01-18 17:00:56.370595,511,738
7375,2025-01-18 17:00:56.370595,575,738
7376,2025-01-18 17:00:56.370595,371,738
7377,2025-01-18 17:00:56.370595,226,738
7378,2025-01-18 17:00:56.370595,365,738
7379,2025-01-18 17:00:56.370595,550,738
7380,2025-01-18 17:00:56.370595,538,738
7381,2025-01-18 17:00:56.370595,513,739
7382,2025-01-18 17:00:56.370595,576,739
7383,2025-01-18 17:00:56.370595,344,739
7384,2025-01-18 17:00:56.370595,331,739
7385,2025-01-18 17:00:56.370595,641,739
7386,2025-01-18 17:00:56.370595,200,739
7387,2025-01-18 17:00:56.370595,579,739
7388,2025-01-18 17:00:56.370595,647,739
7389,2025-01-18 17:00:56.370595,614,739
7390,2025-01-18 17:00:56.370595,302,739
7391,2025-01-18 17:00:56.370595,339,740
7392,2025-01-18 17:00:56.370595,576,740
7393,2025-01-18 17:00:56.370595,341,740
7394,2025-01-18 17:00:56.371592,300,740
7395,2025-01-18 17:00:56.371592,591,740
7396,2025-01-18 17:00:56.371592,330,740
7397,2025-01-18 17:00:56.371592,665,740
7398,2025-01-18 17:00:56.371592,419,740
7399,2025-01-18 17:00:56.371592,347,740
7400,2025-01-18 17:00:56.371592,534,740
7401,2025-01-18 17:00:56.371592,565,741
7402,2025-01-18 17:00:56.371592,455,741
7403,2025-01-18 17:00:56.371592,334,741
7404,2025-01-18 17:00:56.371592,547,741
7405,2025-01-18 17:00:56.371592,380,741
7406,2025-01-18 17:00:56.371592,467,741
7407,2025-01-18 17:00:56.371592,667,741
7408,2025-01-18 17:00:56.371592,487,741
7409,2025-01-18 17:00:56.371592,405,741
7410,2025-01-18 17:00:56.371592,409,741
7411,2025-01-18 17:00:56.371592,397,742
7412,2025-01-18 17:00:56.371592,633,742
7413,2025-01-18 17:00:56.371592,389,742
7414,2025-01-18 17:00:56.371592,334,742
7415,2025-01-18 17:00:56.371592,603,742
7416,2025-01-18 17:00:56.371592,283,742
7417,2025-01-18 17:00:56.371592,638,742
7418,2025-01-18 17:00:56.371592,198,742
7419,2025-01-18 17:00:56.371592,208,742
7420,2025-01-18 17:00:56.371592,297,742
7421,2025-01-18 17:00:56.371592,243,743
7422,2025-01-18 17:00:56.371592,558,743
7423,2025-01-18 17:00:56.371592,284,743
7424,2025-01-18 17:00:56.371592,287,743
7425,2025-01-18 17:00:56.371592,281,743
7426,2025-01-18 17:00:56.371592,523,743
7427,2025-01-18 17:00:56.371592,238,743
7428,2025-01-18 17:00:56.371592,289,743
7429,2025-01-18 17:00:56.371592,372,743
7430,2025-01-18 17:00:56.371592,315,743
7431,2025-01-18 17:00:56.371592,514,744
7432,2025-01-18 17:00:56.371592,649,744
7433,2025-01-18 17:00:56.371592,439,744
7434,2025-01-18 17:00:56.371592,245,744
7435,2025-01-18 17:00:56.371592,520,744
7436,2025-01-18 17:00:56.371592,427,744
7437,2025-01-18 17:00:56.371592,449,744
7438,2025-01-18 17:00:56.371592,563,744
7439,2025-01-18 17:00:56.371592,499,744
7440,2025-01-18 17:00:56.371592,342,744
7441,2025-01-18 17:00:56.371592,596,745
7442,2025-01-18 17:00:56.371592,537,745
7443,2025-01-18 17:00:56.371592,585,745
7444,2025-01-18 17:00:56.371592,615,745
7445,2025-01-18 17:00:56.371592,582,745
7446,2025-01-18 17:00:56.371592,512,745
7447,2025-01-18 17:00:56.371592,483,745
7448,2025-01-18 17:00:56.371592,265,745
7449,2025-01-18 17:00:56.371592,507,745
7450,2025-01-18 17:00:56.371592,247,745
7451,2025-01-18 17:00:56.371592,287,746
7452,2025-01-18 17:00:56.371592,572,746
7453,2025-01-18 17:00:56.371592,529,746
7454,2025-01-18 17:00:56.371592,372,746
7455,2025-01-18 17:00:56.371592,606,746
7456,2025-01-18 17:00:56.371592,628,746
7457,2025-01-18 17:00:56.371592,303,746
7458,2025-01-18 17:00:56.371592,219,746
7459,2025-01-18 17:00:56.371592,664,746
7460,2025-01-18 17:00:56.371592,517,746
7461,2025-01-18 17:00:56.371592,524,747
7462,2025-01-18 17:00:56.371592,327,747
7463,2025-01-18 17:00:56.371592,478,747
7464,2025-01-18 17:00:56.371592,539,747
7465,2025-01-18 17:00:56.371592,376,747
7466,2025-01-18 17:00:56.371592,301,747
7467,2025-01-18 17:00:56.371592,444,747
7468,2025-01-18 17:00:56.371592,476,747
7469,2025-01-18 17:00:56.371592,479,747
7470,2025-01-18 17:00:56.371592,225,747
7471,2025-01-18 17:00:56.371592,414,748
7472,2025-01-18 17:00:56.371592,312,748
7473,2025-01-18 17:00:56.371592,293,748
7474,2025-01-18 17:00:56.371592,431,748
7475,2025-01-18 17:00:56.371592,607,748
7476,2025-01-18 17:00:56.371592,403,748
7477,2025-01-18 17:00:56.371592,477,748
7478,2025-01-18 17:00:56.371592,398,748
7479,2025-01-18 17:00:56.371592,500,748
7480,2025-01-18 17:00:56.371592,562,748
7481,2025-01-18 17:00:56.371592,280,749
7482,2025-01-18 17:00:56.371592,251,749
7483,2025-01-18 17:00:56.371592,624,749
7484,2025-01-18 17:00:56.371592,400,749
7485,2025-01-18 17:00:56.371592,250,749
7486,2025-01-18 17:00:56.371592,585,749
7487,2025-01-18 17:00:56.371592,465,749
7488,2025-01-18 17:00:56.371592,378,749
7489,2025-01-18 17:00:56.371592,630,749
7490,2025-01-18 17:00:56.372589,352,749
7491,2025-01-18 17:00:56.372589,328,750
7492,2025-01-18 17:00:56.372589,606,750
7493,2025-01-18 17:00:56.372589,470,750
7494,2025-01-18 17:00:56.372589,508,750
7495,2025-01-18 17:00:56.372589,545,750
7496,2025-01-18 17:00:56.372589,353,750
7497,2025-01-18 17:00:56.372589,301,750
7498,2025-01-18 17:00:56.372589,656,750
7499,2025-01-18 17:00:56.372589,351,750
7500,2025-01-18 17:00:56.372589,620,750
7501,2025-01-18 17:00:56.372589,262,751
7502,2025-01-18 17:00:56.372589,343,751
7503,2025-01-18 17:00:56.372589,313,751
7504,2025-01-18 17:00:56.372589,466,751
7505,2025-01-18 17:00:56.372589,571,751
7506,2025-01-18 17:00:56.372589,557,751
7507,2025-01-18 17:00:56.372589,551,751
7508,2025-01-18 17:00:56.372589,261,751
7509,2025-01-18 17:00:56.372589,212,751
7510,2025-01-18 17:00:56.372589,478,751
7511,2025-01-18 17:00:56.372589,368,752
7512,2025-01-18 17:00:56.372589,508,752
7513,2025-01-18 17:00:56.372589,604,752
7514,2025-01-18 17:00:56.372589,497,752
7515,2025-01-18 17:00:56.372589,459,752
7516,2025-01-18 17:00:56.372589,555,752
7517,2025-01-18 17:00:56.372589,491,752
7518,2025-01-18 17:00:56.372589,663,752
7519,2025-01-18 17:00:56.372589,245,752
7520,2025-01-18 17:00:56.372589,590,752
7521,2025-01-18 17:00:56.372589,600,753
7522,2025-01-18 17:00:56.372589,430,753
7523,2025-01-18 17:00:56.372589,341,753
7524,2025-01-18 17:00:56.372589,450,753
7525,2025-01-18 17:00:56.372589,289,753
7526,2025-01-18 17:00:56.372589,322,753
7527,2025-01-18 17:00:56.372589,460,753
7528,2025-01-18 17:00:56.372589,319,753
7529,2025-01-18 17:00:56.372589,639,753
7530,2025-01-18 17:00:56.372589,459,753
7531,2025-01-18 17:00:56.372589,259,754
7532,2025-01-18 17:00:56.372589,648,754
7533,2025-01-18 17:00:56.372589,494,754
7534,2025-01-18 17:00:56.372589,400,754
7535,2025-01-18 17:00:56.372589,341,754
7536,2025-01-18 17:00:56.372589,545,754
7537,2025-01-18 17:00:56.372589,552,754
7538,2025-01-18 17:00:56.372589,636,754
7539,2025-01-18 17:00:56.372589,522,754
7540,2025-01-18 17:00:56.372589,415,754
7541,2025-01-18 17:00:56.372589,227,755
7542,2025-01-18 17:00:56.372589,578,755
7543,2025-01-18 17:00:56.372589,484,755
7544,2025-01-18 17:00:56.372589,549,755
7545,2025-01-18 17:00:56.372589,376,755
7546,2025-01-18 17:00:56.372589,629,755
7547,2025-01-18 17:00:56.372589,295,755
7548,2025-01-18 17:00:56.372589,297,755
7549,2025-01-18 17:00:56.372589,592,755
7550,2025-01-18 17:00:56.372589,469,755
7551,2025-01-18 17:00:56.372589,645,756
7552,2025-01-18 17:00:56.372589,273,756
7553,2025-01-18 17:00:56.372589,431,756
7554,2025-01-18 17:00:56.372589,656,756
7555,2025-01-18 17:00:56.372589,661,756
7556,2025-01-18 17:00:56.372589,488,756
7557,2025-01-18 17:00:56.372589,624,756
7558,2025-01-18 17:00:56.372589,373,756
7559,2025-01-18 17:00:56.372589,298,756
7560,2025-01-18 17:00:56.372589,492,756
7561,2025-01-18 17:00:56.372589,494,757
7562,2025-01-18 17:00:56.372589,517,757
7563,2025-01-18 17:00:56.372589,222,757
7564,2025-01-18 17:00:56.372589,637,757
7565,2025-01-18 17:00:56.372589,196,757
7566,2025-01-18 17:00:56.372589,520,757
7567,2025-01-18 17:00:56.372589,489,757
7568,2025-01-18 17:00:56.372589,252,757
7569,2025-01-18 17:00:56.372589,375,757
7570,2025-01-18 17:00:56.372589,536,757
7571,2025-01-18 17:00:56.372589,297,758
7572,2025-01-18 17:00:56.372589,665,758
7573,2025-01-18 17:00:56.372589,627,758
7574,2025-01-18 17:00:56.372589,264,758
7575,2025-01-18 17:00:56.372589,507,758
7576,2025-01-18 17:00:56.372589,216,758
7577,2025-01-18 17:00:56.372589,623,758
7578,2025-01-18 17:00:56.372589,389,758
7579,2025-01-18 17:00:56.372589,535,758
7580,2025-01-18 17:00:56.372589,494,758
7581,2025-01-18 17:00:56.372589,534,759
7582,2025-01-18 17:00:56.372589,641,759
7583,2025-01-18 17:00:56.372589,319,759
7584,2025-01-18 17:00:56.372589,618,759
7585,2025-01-18 17:00:56.372589,461,759
7586,2025-01-18 17:00:56.372589,310,759
7587,2025-01-18 17:00:56.372589,533,759
7588,2025-01-18 17:00:56.373586,451,759
7589,2025-01-18 17:00:56.373586,230,759
7590,2025-01-18 17:00:56.373586,283,759
7591,2025-01-18 17:00:56.373586,365,760
7592,2025-01-18 17:00:56.373586,549,760
7593,2025-01-18 17:00:56.373586,385,760
7594,2025-01-18 17:00:56.373586,609,760
7595,2025-01-18 17:00:56.373586,626,760
7596,2025-01-18 17:00:56.373586,313,760
7597,2025-01-18 17:00:56.373586,228,760
7598,2025-01-18 17:00:56.373586,371,760
7599,2025-01-18 17:00:56.373586,538,760
7600,2025-01-18 17:00:56.373586,641,760
7601,2025-01-18 17:00:56.373586,523,761
7602,2025-01-18 17:00:56.373586,632,761
7603,2025-01-18 17:00:56.373586,306,761
7604,2025-01-18 17:00:56.373586,640,761
7605,2025-01-18 17:00:56.373586,496,761
7606,2025-01-18 17:00:56.373586,225,761
7607,2025-01-18 17:00:56.373586,302,761
7608,2025-01-18 17:00:56.373586,220,761
7609,2025-01-18 17:00:56.373586,261,761
7610,2025-01-18 17:00:56.373586,470,761
7611,2025-01-18 17:00:56.373586,378,762
7612,2025-01-18 17:00:56.373586,242,762
7613,2025-01-18 17:00:56.373586,380,762
7614,2025-01-18 17:00:56.373586,367,762
7615,2025-01-18 17:00:56.373586,393,762
7616,2025-01-18 17:00:56.373586,547,762
7617,2025-01-18 17:00:56.373586,489,762
7618,2025-01-18 17:00:56.373586,521,762
7619,2025-01-18 17:00:56.373586,524,762
7620,2025-01-18 17:00:56.373586,569,762
7621,2025-01-18 17:00:56.373586,359,763
7622,2025-01-18 17:00:56.373586,655,763
7623,2025-01-18 17:00:56.373586,419,763
7624,2025-01-18 17:00:56.373586,253,763
7625,2025-01-18 17:00:56.373586,412,763
7626,2025-01-18 17:00:56.373586,421,763
7627,2025-01-18 17:00:56.373586,597,763
7628,2025-01-18 17:00:56.373586,638,763
7629,2025-01-18 17:00:56.373586,249,763
7630,2025-01-18 17:00:56.373586,459,763
7631,2025-01-18 17:00:56.373586,665,764
7632,2025-01-18 17:00:56.373586,451,764
7633,2025-01-18 17:00:56.373586,492,764
7634,2025-01-18 17:00:56.373586,508,764
7635,2025-01-18 17:00:56.373586,312,764
7636,2025-01-18 17:00:56.373586,591,764
7637,2025-01-18 17:00:56.373586,401,764
7638,2025-01-18 17:00:56.373586,285,764
7639,2025-01-18 17:00:56.373586,606,764
7640,2025-01-18 17:00:56.373586,647,764
7641,2025-01-18 17:00:56.373586,445,765
7642,2025-01-18 17:00:56.373586,460,765
7643,2025-01-18 17:00:56.373586,414,765
7644,2025-01-18 17:00:56.373586,545,765
7645,2025-01-18 17:00:56.373586,618,765
7646,2025-01-18 17:00:56.373586,314,765
7647,2025-01-18 17:00:56.373586,496,765
7648,2025-01-18 17:00:56.373586,638,765
7649,2025-01-18 17:00:56.373586,530,765
7650,2025-01-18 17:00:56.373586,364,765
7651,2025-01-18 17:00:56.373586,450,766
7652,2025-01-18 17:00:56.373586,335,766
7653,2025-01-18 17:00:56.373586,451,766
7654,2025-01-18 17:00:56.373586,655,766
7655,2025-01-18 17:00:56.373586,595,766
7656,2025-01-18 17:00:56.373586,225,766
7657,2025-01-18 17:00:56.373586,591,766
7658,2025-01-18 17:00:56.373586,273,766
7659,2025-01-18 17:00:56.373586,386,766
7660,2025-01-18 17:00:56.378573,231,766
7661,2025-01-18 17:00:56.378573,211,767
7662,2025-01-18 17:00:56.378573,595,767
7663,2025-01-18 17:00:56.378573,460,767
7664,2025-01-18 17:00:56.378573,512,767
7665,2025-01-18 17:00:56.378573,431,767
7666,2025-01-18 17:00:56.378573,470,767
7667,2025-01-18 17:00:56.378573,454,767
7668,2025-01-18 17:00:56.378573,199,767
7669,2025-01-18 17:00:56.378573,468,767
7670,2025-01-18 17:00:56.378573,586,767
7671,2025-01-18 17:00:56.378573,437,768
7672,2025-01-18 17:00:56.378573,620,768
7673,2025-01-18 17:00:56.378573,321,768
7674,2025-01-18 17:00:56.378573,364,768
7675,2025-01-18 17:00:56.378573,636,768
7676,2025-01-18 17:00:56.378573,478,768
7677,2025-01-18 17:00:56.378573,242,768
7678,2025-01-18 17:00:56.378573,215,768
7679,2025-01-18 17:00:56.378573,295,768
7680,2025-01-18 17:00:56.378573,623,768
7681,2025-01-18 17:00:56.378573,233,769
7682,2025-01-18 17:00:56.378573,232,769
7683,2025-01-18 17:00:56.378573,523,769
7684,2025-01-18 17:00:56.378573,489,769
7685,2025-01-18 17:00:56.378573,364,769
7686,2025-01-18 17:00:56.378573,265,769
7687,2025-01-18 17:00:56.378573,492,769
7688,2025-01-18 17:00:56.378573,579,769
7689,2025-01-18 17:00:56.378573,462,769
7690,2025-01-18 17:00:56.378573,368,769
7691,2025-01-18 17:00:56.378573,296,770
7692,2025-01-18 17:00:56.378573,630,770
7693,2025-01-18 17:00:56.378573,389,770
7694,2025-01-18 17:00:56.378573,547,770
7695,2025-01-18 17:00:56.378573,555,770
7696,2025-01-18 17:00:56.379571,529,770
7697,2025-01-18 17:00:56.379571,499,770
7698,2025-01-18 17:00:56.379571,306,770
7699,2025-01-18 17:00:56.379571,415,770
7700,2025-01-18 17:00:56.379571,252,770
7701,2025-01-18 17:00:56.379571,621,771
7702,2025-01-18 17:00:56.379571,444,771
7703,2025-01-18 17:00:56.379571,467,771
7704,2025-01-18 17:00:56.379571,497,771
7705,2025-01-18 17:00:56.379571,534,771
7706,2025-01-18 17:00:56.379571,427,771
7707,2025-01-18 17:00:56.379571,329,771
7708,2025-01-18 17:00:56.379571,445,771
7709,2025-01-18 17:00:56.379571,508,771
7710,2025-01-18 17:00:56.379571,287,771
7711,2025-01-18 17:00:56.379571,315,772
7712,2025-01-18 17:00:56.379571,354,772
7713,2025-01-18 17:00:56.379571,200,772
7714,2025-01-18 17:00:56.379571,660,772
7715,2025-01-18 17:00:56.379571,345,772
7716,2025-01-18 17:00:56.379571,420,772
7717,2025-01-18 17:00:56.379571,571,772
7718,2025-01-18 17:00:56.379571,224,772
7719,2025-01-18 17:00:56.379571,600,772
7720,2025-01-18 17:00:56.379571,232,772
7721,2025-01-18 17:00:56.379571,537,773
7722,2025-01-18 17:00:56.379571,569,773
7723,2025-01-18 17:00:56.379571,222,773
7724,2025-01-18 17:00:56.379571,194,773
7725,2025-01-18 17:00:56.379571,361,773
7726,2025-01-18 17:00:56.379571,291,773
7727,2025-01-18 17:00:56.379571,218,773
7728,2025-01-18 17:00:56.379571,415,773
7729,2025-01-18 17:00:56.379571,619,773
7730,2025-01-18 17:00:56.379571,457,773
7731,2025-01-18 17:00:56.379571,341,774
7732,2025-01-18 17:00:56.379571,460,774
7733,2025-01-18 17:00:56.379571,297,774
7734,2025-01-18 17:00:56.379571,301,774
7735,2025-01-18 17:00:56.379571,343,774
7736,2025-01-18 17:00:56.379571,517,774
7737,2025-01-18 17:00:56.379571,542,774
7738,2025-01-18 17:00:56.379571,450,774
7739,2025-01-18 17:00:56.379571,623,774
7740,2025-01-18 17:00:56.379571,650,774
7741,2025-01-18 17:00:56.379571,585,775
7742,2025-01-18 17:00:56.379571,426,775
7743,2025-01-18 17:00:56.379571,268,775
7744,2025-01-18 17:00:56.379571,492,775
7745,2025-01-18 17:00:56.379571,257,775
7746,2025-01-18 17:00:56.379571,314,775
7747,2025-01-18 17:00:56.379571,283,775
7748,2025-01-18 17:00:56.379571,365,775
7749,2025-01-18 17:00:56.379571,601,775
7750,2025-01-18 17:00:56.379571,198,775
7751,2025-01-18 17:00:56.379571,511,776
7752,2025-01-18 17:00:56.379571,612,776
7753,2025-01-18 17:00:56.379571,596,776
7754,2025-01-18 17:00:56.379571,337,776
7755,2025-01-18 17:00:56.379571,446,776
7756,2025-01-18 17:00:56.379571,616,776
7757,2025-01-18 17:00:56.379571,223,776
7758,2025-01-18 17:00:56.379571,443,776
7759,2025-01-18 17:00:56.379571,543,776
7760,2025-01-18 17:00:56.379571,242,776
7761,2025-01-18 17:00:56.379571,476,777
7762,2025-01-18 17:00:56.379571,239,777
7763,2025-01-18 17:00:56.379571,336,777
7764,2025-01-18 17:00:56.379571,432,777
7765,2025-01-18 17:00:56.379571,379,777
7766,2025-01-18 17:00:56.379571,250,777
7767,2025-01-18 17:00:56.379571,630,777
7768,2025-01-18 17:00:56.379571,667,777
7769,2025-01-18 17:00:56.379571,242,777
7770,2025-01-18 17:00:56.379571,587,777
7771,2025-01-18 17:00:56.379571,585,778
7772,2025-01-18 17:00:56.379571,403,778
7773,2025-01-18 17:00:56.379571,495,778
7774,2025-01-18 17:00:56.379571,529,778
7775,2025-01-18 17:00:56.379571,627,778
7776,2025-01-18 17:00:56.379571,575,778
7777,2025-01-18 17:00:56.379571,620,778
7778,2025-01-18 17:00:56.379571,346,778
7779,2025-01-18 17:00:56.379571,541,778
7780,2025-01-18 17:00:56.379571,479,778
7781,2025-01-18 17:00:56.379571,232,779
7782,2025-01-18 17:00:56.379571,557,779
7783,2025-01-18 17:00:56.379571,458,779
7784,2025-01-18 17:00:56.379571,355,779
7785,2025-01-18 17:00:56.379571,508,779
7786,2025-01-18 17:00:56.379571,233,779
7787,2025-01-18 17:00:56.379571,477,779
7788,2025-01-18 17:00:56.379571,251,779
7789,2025-01-18 17:00:56.379571,222,779
7790,2025-01-18 17:00:56.379571,423,779
7791,2025-01-18 17:00:56.379571,493,780
7792,2025-01-18 17:00:56.379571,590,780
7793,2025-01-18 17:00:56.380568,316,780
7794,2025-01-18 17:00:56.380568,435,780
7795,2025-01-18 17:00:56.380568,573,780
7796,2025-01-18 17:00:56.380568,601,780
7797,2025-01-18 17:00:56.380568,543,780
7798,2025-01-18 17:00:56.380568,528,780
7799,2025-01-18 17:00:56.380568,246,780
7800,2025-01-18 17:00:56.380568,411,780
7801,2025-01-18 17:00:56.380568,315,781
7802,2025-01-18 17:00:56.380568,449,781
7803,2025-01-18 17:00:56.380568,201,781
7804,2025-01-18 17:00:56.380568,631,781
7805,2025-01-18 17:00:56.380568,445,781
7806,2025-01-18 17:00:56.380568,626,781
7807,2025-01-18 17:00:56.380568,474,781
7808,2025-01-18 17:00:56.380568,640,781
7809,2025-01-18 17:00:56.380568,310,781
7810,2025-01-18 17:00:56.380568,337,781
7811,2025-01-18 17:00:56.380568,650,782
7812,2025-01-18 17:00:56.380568,555,782
7813,2025-01-18 17:00:56.380568,440,782
7814,2025-01-18 17:00:56.380568,363,782
7815,2025-01-18 17:00:56.380568,299,782
7816,2025-01-18 17:00:56.380568,381,782
7817,2025-01-18 17:00:56.380568,514,782
7818,2025-01-18 17:00:56.380568,512,782
7819,2025-01-18 17:00:56.380568,656,782
7820,2025-01-18 17:00:56.380568,517,782
7821,2025-01-18 17:00:56.380568,510,783
7822,2025-01-18 17:00:56.380568,506,783
7823,2025-01-18 17:00:56.380568,583,783
7824,2025-01-18 17:00:56.380568,594,783
7825,2025-01-18 17:00:56.380568,430,783
7826,2025-01-18 17:00:56.380568,343,783
7827,2025-01-18 17:00:56.380568,389,783
7828,2025-01-18 17:00:56.380568,527,783
7829,2025-01-18 17:00:56.380568,576,783
7830,2025-01-18 17:00:56.380568,364,783
7831,2025-01-18 17:00:56.380568,365,784
7832,2025-01-18 17:00:56.380568,440,784
7833,2025-01-18 17:00:56.380568,209,784
7834,2025-01-18 17:00:56.380568,282,784
7835,2025-01-18 17:00:56.380568,416,784
7836,2025-01-18 17:00:56.380568,634,784
7837,2025-01-18 17:00:56.380568,354,784
7838,2025-01-18 17:00:56.380568,576,784
7839,2025-01-18 17:00:56.380568,517,784
7840,2025-01-18 17:00:56.380568,221,784
7841,2025-01-18 17:00:56.380568,623,785
7842,2025-01-18 17:00:56.380568,420,785
7843,2025-01-18 17:00:56.380568,235,785
7844,2025-01-18 17:00:56.380568,204,785
7845,2025-01-18 17:00:56.380568,486,785
7846,2025-01-18 17:00:56.380568,283,785
7847,2025-01-18 17:00:56.380568,253,785
7848,2025-01-18 17:00:56.380568,416,785
7849,2025-01-18 17:00:56.380568,319,785
7850,2025-01-18 17:00:56.380568,591,785
7851,2025-01-18 17:00:56.380568,644,786
7852,2025-01-18 17:00:56.380568,359,786
7853,2025-01-18 17:00:56.380568,282,786
7854,2025-01-18 17:00:56.380568,219,786
7855,2025-01-18 17:00:56.380568,289,786
7856,2025-01-18 17:00:56.380568,603,786
7857,2025-01-18 17:00:56.380568,259,786
7858,2025-01-18 17:00:56.380568,444,786
7859,2025-01-18 17:00:56.380568,341,786
7860,2025-01-18 17:00:56.380568,475,786
7861,2025-01-18 17:00:56.380568,272,787
7862,2025-01-18 17:00:56.380568,530,787
7863,2025-01-18 17:00:56.380568,248,787
7864,2025-01-18 17:00:56.380568,298,787
7865,2025-01-18 17:00:56.380568,485,787
7866,2025-01-18 17:00:56.380568,326,787
7867,2025-01-18 17:00:56.380568,542,787
7868,2025-01-18 17:00:56.380568,564,787
7869,2025-01-18 17:00:56.380568,339,787
7870,2025-01-18 17:00:56.380568,591,787
7871,2025-01-18 17:00:56.380568,376,788
7872,2025-01-18 17:00:56.380568,520,788
7873,2025-01-18 17:00:56.380568,437,788
7874,2025-01-18 17:00:56.380568,356,788
7875,2025-01-18 17:00:56.380568,303,788
7876,2025-01-18 17:00:56.380568,274,788
7877,2025-01-18 17:00:56.380568,396,788
7878,2025-01-18 17:00:56.380568,438,788
7879,2025-01-18 17:00:56.380568,616,788
7880,2025-01-18 17:00:56.380568,329,788
7881,2025-01-18 17:00:56.380568,508,789
7882,2025-01-18 17:00:56.380568,224,789
7883,2025-01-18 17:00:56.380568,259,789
7884,2025-01-18 17:00:56.380568,228,789
7885,2025-01-18 17:00:56.380568,494,789
7886,2025-01-18 17:00:56.380568,514,789
7887,2025-01-18 17:00:56.380568,418,789
7888,2025-01-18 17:00:56.380568,510,789
7889,2025-01-18 17:00:56.380568,269,789
7890,2025-01-18 17:00:56.381565,426,789
7891,2025-01-18 17:00:56.381565,652,790
7892,2025-01-18 17:00:56.381565,196,790
7893,2025-01-18 17:00:56.381565,224,790
7894,2025-01-18 17:00:56.381565,388,790
7895,2025-01-18 17:00:56.381565,603,790
7896,2025-01-18 17:00:56.381565,244,790
7897,2025-01-18 17:00:56.381565,505,790
7898,2025-01-18 17:00:56.381565,561,790
7899,2025-01-18 17:00:56.381565,497,790
7900,2025-01-18 17:00:56.381565,421,790
7901,2025-01-18 17:00:56.381565,448,791
7902,2025-01-18 17:00:56.381565,399,791
7903,2025-01-18 17:00:56.381565,478,791
7904,2025-01-18 17:00:56.381565,443,791
7905,2025-01-18 17:00:56.381565,271,791
7906,2025-01-18 17:00:56.381565,308,791
7907,2025-01-18 17:00:56.381565,236,791
7908,2025-01-18 17:00:56.381565,417,791
7909,2025-01-18 17:00:56.381565,624,791
7910,2025-01-18 17:00:56.381565,196,791
7911,2025-01-18 17:00:56.381565,372,792
7912,2025-01-18 17:00:56.381565,229,792
7913,2025-01-18 17:00:56.381565,239,792
7914,2025-01-18 17:00:56.381565,379,792
7915,2025-01-18 17:00:56.381565,538,792
7916,2025-01-18 17:00:56.381565,195,792
7917,2025-01-18 17:00:56.381565,318,792
7918,2025-01-18 17:00:56.381565,316,792
7919,2025-01-18 17:00:56.381565,352,792
7920,2025-01-18 17:00:56.381565,197,792
7921,2025-01-18 17:00:56.381565,336,793
7922,2025-01-18 17:00:56.381565,501,793
7923,2025-01-18 17:00:56.381565,379,793
7924,2025-01-18 17:00:56.381565,243,793
7925,2025-01-18 17:00:56.381565,492,793
7926,2025-01-18 17:00:56.381565,491,793
7927,2025-01-18 17:00:56.381565,344,793
7928,2025-01-18 17:00:56.381565,244,793
7929,2025-01-18 17:00:56.381565,664,793
7930,2025-01-18 17:00:56.381565,195,793
7931,2025-01-18 17:00:56.381565,398,794
7932,2025-01-18 17:00:56.381565,402,794
7933,2025-01-18 17:00:56.381565,400,794
7934,2025-01-18 17:00:56.381565,635,794
7935,2025-01-18 17:00:56.381565,237,794
7936,2025-01-18 17:00:56.381565,379,794
7937,2025-01-18 17:00:56.381565,299,794
7938,2025-01-18 17:00:56.381565,515,794
7939,2025-01-18 17:00:56.381565,272,794
7940,2025-01-18 17:00:56.381565,433,794
7941,2025-01-18 17:00:56.381565,496,795
7942,2025-01-18 17:00:56.381565,454,795
7943,2025-01-18 17:00:56.381565,229,795
7944,2025-01-18 17:00:56.381565,344,795
7945,2025-01-18 17:00:56.381565,508,795
7946,2025-01-18 17:00:56.381565,210,795
7947,2025-01-18 17:00:56.381565,232,795
7948,2025-01-18 17:00:56.381565,490,795
7949,2025-01-18 17:00:56.381565,622,795
7950,2025-01-18 17:00:56.381565,546,795
7951,2025-01-18 17:00:56.381565,516,796
7952,2025-01-18 17:00:56.381565,513,796
7953,2025-01-18 17:00:56.381565,333,796
7954,2025-01-18 17:00:56.381565,224,796
7955,2025-01-18 17:00:56.381565,204,796
7956,2025-01-18 17:00:56.381565,423,796
7957,2025-01-18 17:00:56.381565,217,796
7958,2025-01-18 17:00:56.381565,512,796
7959,2025-01-18 17:00:56.381565,510,796
7960,2025-01-18 17:00:56.381565,499,796
7961,2025-01-18 17:00:56.381565,348,797
7962,2025-01-18 17:00:56.381565,603,797
7963,2025-01-18 17:00:56.381565,552,797
7964,2025-01-18 17:00:56.381565,543,797
7965,2025-01-18 17:00:56.381565,546,797
7966,2025-01-18 17:00:56.381565,475,797
7967,2025-01-18 17:00:56.381565,638,797
7968,2025-01-18 17:00:56.381565,338,797
7969,2025-01-18 17:00:56.381565,594,797
7970,2025-01-18 17:00:56.381565,563,797
7971,2025-01-18 17:00:56.381565,413,798
7972,2025-01-18 17:00:56.381565,398,798
7973,2025-01-18 17:00:56.381565,629,798
7974,2025-01-18 17:00:56.381565,504,798
7975,2025-01-18 17:00:56.381565,212,798
7976,2025-01-18 17:00:56.381565,514,798
7977,2025-01-18 17:00:56.381565,608,798
7978,2025-01-18 17:00:56.381565,512,798
7979,2025-01-18 17:00:56.381565,231,798
7980,2025-01-18 17:00:56.381565,479,798
7981,2025-01-18 17:00:56.381565,546,799
7982,2025-01-18 17:00:56.381565,218,799
7983,2025-01-18 17:00:56.381565,417,799
7984,2025-01-18 17:00:56.381565,421,799
7985,2025-01-18 17:00:56.381565,411,799
7986,2025-01-18 17:00:56.382562,633,799
7987,2025-01-18 17:00:56.382562,470,799
7988,2025-01-18 17:00:56.382562,319,799
7989,2025-01-18 17:00:56.382562,616,799
7990,2025-01-18 17:00:56.382562,265,799
7991,2025-01-18 17:00:56.382562,551,800
7992,2025-01-18 17:00:56.382562,471,800
7993,2025-01-18 17:00:56.386552,323,800
7994,2025-01-18 17:00:56.386552,564,800
7995,2025-01-18 17:00:56.386552,291,800
7996,2025-01-18 17:00:56.386552,370,800
7997,2025-01-18 17:00:56.386552,366,800
7998,2025-01-18 17:00:56.386552,230,800
7999,2025-01-18 17:00:56.386552,352,800
8000,2025-01-18 17:00:56.386552,341,800
8001,2025-01-18 17:00:56.386552,603,801
8002,2025-01-18 17:00:56.386552,334,801
8003,2025-01-18 17:00:56.386552,364,801
8004,2025-01-18 17:00:56.386552,235,801
8005,2025-01-18 17:00:56.386552,420,801
8006,2025-01-18 17:00:56.386552,289,801
8007,2025-01-18 17:00:56.386552,586,801
8008,2025-01-18 17:00:56.386552,275,801
8009,2025-01-18 17:00:56.386552,403,801
8010,2025-01-18 17:00:56.386552,455,801
8011,2025-01-18 17:00:56.386552,431,802
8012,2025-01-18 17:00:56.386552,529,802
8013,2025-01-18 17:00:56.386552,369,802
8014,2025-01-18 17:00:56.386552,269,802
8015,2025-01-18 17:00:56.386552,402,802
8016,2025-01-18 17:00:56.386552,519,802
8017,2025-01-18 17:00:56.386552,359,802
8018,2025-01-18 17:00:56.386552,282,802
8019,2025-01-18 17:00:56.386552,610,802
8020,2025-01-18 17:00:56.386552,622,802
8021,2025-01-18 17:00:56.386552,409,803
8022,2025-01-18 17:00:56.386552,463,803
8023,2025-01-18 17:00:56.386552,310,803
8024,2025-01-18 17:00:56.386552,628,803
8025,2025-01-18 17:00:56.386552,194,803
8026,2025-01-18 17:00:56.386552,659,803
8027,2025-01-18 17:00:56.386552,398,803
8028,2025-01-18 17:00:56.386552,450,803
8029,2025-01-18 17:00:56.386552,445,803
8030,2025-01-18 17:00:56.386552,309,803
8031,2025-01-18 17:00:56.386552,411,804
8032,2025-01-18 17:00:56.386552,308,804
8033,2025-01-18 17:00:56.386552,214,804
8034,2025-01-18 17:00:56.386552,439,804
8035,2025-01-18 17:00:56.386552,499,804
8036,2025-01-18 17:00:56.386552,627,804
8037,2025-01-18 17:00:56.386552,611,804
8038,2025-01-18 17:00:56.386552,272,804
8039,2025-01-18 17:00:56.386552,212,804
8040,2025-01-18 17:00:56.386552,597,804
8041,2025-01-18 17:00:56.386552,357,805
8042,2025-01-18 17:00:56.386552,483,805
8043,2025-01-18 17:00:56.386552,297,805
8044,2025-01-18 17:00:56.386552,558,805
8045,2025-01-18 17:00:56.386552,384,805
8046,2025-01-18 17:00:56.387550,241,805
8047,2025-01-18 17:00:56.387550,627,805
8048,2025-01-18 17:00:56.387550,568,805
8049,2025-01-18 17:00:56.387550,635,805
8050,2025-01-18 17:00:56.387550,633,805
8051,2025-01-18 17:00:56.387550,204,806
8052,2025-01-18 17:00:56.387550,232,806
8053,2025-01-18 17:00:56.387550,627,806
8054,2025-01-18 17:00:56.387550,650,806
8055,2025-01-18 17:00:56.387550,504,806
8056,2025-01-18 17:00:56.387550,525,806
8057,2025-01-18 17:00:56.387550,213,806
8058,2025-01-18 17:00:56.387550,667,806
8059,2025-01-18 17:00:56.387550,265,806
8060,2025-01-18 17:00:56.387550,326,806
8061,2025-01-18 17:00:56.387550,590,807
8062,2025-01-18 17:00:56.387550,297,807
8063,2025-01-18 17:00:56.387550,650,807
8064,2025-01-18 17:00:56.387550,569,807
8065,2025-01-18 17:00:56.387550,471,807
8066,2025-01-18 17:00:56.387550,625,807
8067,2025-01-18 17:00:56.387550,440,807
8068,2025-01-18 17:00:56.387550,399,807
8069,2025-01-18 17:00:56.387550,267,807
8070,2025-01-18 17:00:56.387550,219,807
8071,2025-01-18 17:00:56.387550,600,808
8072,2025-01-18 17:00:56.387550,402,808
8073,2025-01-18 17:00:56.387550,442,808
8074,2025-01-18 17:00:56.387550,588,808
8075,2025-01-18 17:00:56.387550,649,808
8076,2025-01-18 17:00:56.387550,542,808
8077,2025-01-18 17:00:56.387550,384,808
8078,2025-01-18 17:00:56.387550,234,808
8079,2025-01-18 17:00:56.387550,476,808
8080,2025-01-18 17:00:56.387550,448,808
8081,2025-01-18 17:00:56.387550,542,809
8082,2025-01-18 17:00:56.387550,428,809
8083,2025-01-18 17:00:56.387550,360,809
8084,2025-01-18 17:00:56.387550,573,809
8085,2025-01-18 17:00:56.387550,216,809
8086,2025-01-18 17:00:56.387550,540,809
8087,2025-01-18 17:00:56.387550,636,809
8088,2025-01-18 17:00:56.387550,624,809
8089,2025-01-18 17:00:56.387550,377,809
8090,2025-01-18 17:00:56.387550,289,809
8091,2025-01-18 17:00:56.387550,586,810
8092,2025-01-18 17:00:56.387550,508,810
8093,2025-01-18 17:00:56.387550,296,810
8094,2025-01-18 17:00:56.387550,264,810
8095,2025-01-18 17:00:56.387550,300,810
8096,2025-01-18 17:00:56.387550,533,810
8097,2025-01-18 17:00:56.387550,440,810
8098,2025-01-18 17:00:56.387550,636,810
8099,2025-01-18 17:00:56.387550,316,810
8100,2025-01-18 17:00:56.387550,553,810
8101,2025-01-18 17:00:56.387550,449,811
8102,2025-01-18 17:00:56.387550,372,811
8103,2025-01-18 17:00:56.387550,375,811
8104,2025-01-18 17:00:56.387550,632,811
8105,2025-01-18 17:00:56.387550,276,811
8106,2025-01-18 17:00:56.387550,542,811
8107,2025-01-18 17:00:56.387550,331,811
8108,2025-01-18 17:00:56.387550,615,811
8109,2025-01-18 17:00:56.387550,559,811
8110,2025-01-18 17:00:56.387550,639,811
8111,2025-01-18 17:00:56.387550,513,812
8112,2025-01-18 17:00:56.387550,319,812
8113,2025-01-18 17:00:56.387550,355,812
8114,2025-01-18 17:00:56.387550,251,812
8115,2025-01-18 17:00:56.387550,560,812
8116,2025-01-18 17:00:56.387550,277,812
8117,2025-01-18 17:00:56.387550,206,812
8118,2025-01-18 17:00:56.387550,426,812
8119,2025-01-18 17:00:56.387550,490,812
8120,2025-01-18 17:00:56.387550,452,812
8121,2025-01-18 17:00:56.387550,666,813
8122,2025-01-18 17:00:56.387550,258,813
8123,2025-01-18 17:00:56.387550,549,813
8124,2025-01-18 17:00:56.387550,560,813
8125,2025-01-18 17:00:56.387550,431,813
8126,2025-01-18 17:00:56.387550,208,813
8127,2025-01-18 17:00:56.387550,203,813
8128,2025-01-18 17:00:56.387550,453,813
8129,2025-01-18 17:00:56.387550,462,813
8130,2025-01-18 17:00:56.387550,362,813
8131,2025-01-18 17:00:56.387550,523,814
8132,2025-01-18 17:00:56.387550,563,814
8133,2025-01-18 17:00:56.387550,381,814
8134,2025-01-18 17:00:56.387550,569,814
8135,2025-01-18 17:00:56.387550,474,814
8136,2025-01-18 17:00:56.387550,514,814
8137,2025-01-18 17:00:56.387550,365,814
8138,2025-01-18 17:00:56.387550,483,814
8139,2025-01-18 17:00:56.387550,620,814
8140,2025-01-18 17:00:56.387550,473,814
8141,2025-01-18 17:00:56.387550,511,815
8142,2025-01-18 17:00:56.388546,602,815
8143,2025-01-18 17:00:56.388546,252,815
8144,2025-01-18 17:00:56.388546,251,815
8145,2025-01-18 17:00:56.388546,451,815
8146,2025-01-18 17:00:56.388546,554,815
8147,2025-01-18 17:00:56.388546,431,815
8148,2025-01-18 17:00:56.388546,561,815
8149,2025-01-18 17:00:56.388546,223,815
8150,2025-01-18 17:00:56.388546,271,815
8151,2025-01-18 17:00:56.388546,424,816
8152,2025-01-18 17:00:56.388546,475,816
8153,2025-01-18 17:00:56.388546,580,816
8154,2025-01-18 17:00:56.388546,641,816
8155,2025-01-18 17:00:56.388546,231,816
8156,2025-01-18 17:00:56.388546,400,816
8157,2025-01-18 17:00:56.388546,428,816
8158,2025-01-18 17:00:56.388546,606,816
8159,2025-01-18 17:00:56.388546,224,816
8160,2025-01-18 17:00:56.388546,482,816
8161,2025-01-18 17:00:56.388546,415,817
8162,2025-01-18 17:00:56.388546,644,817
8163,2025-01-18 17:00:56.388546,354,817
8164,2025-01-18 17:00:56.388546,500,817
8165,2025-01-18 17:00:56.388546,228,817
8166,2025-01-18 17:00:56.388546,211,817
8167,2025-01-18 17:00:56.388546,616,817
8168,2025-01-18 17:00:56.388546,529,817
8169,2025-01-18 17:00:56.388546,515,817
8170,2025-01-18 17:00:56.388546,199,817
8171,2025-01-18 17:00:56.388546,224,818
8172,2025-01-18 17:00:56.388546,241,818
8173,2025-01-18 17:00:56.388546,662,818
8174,2025-01-18 17:00:56.388546,658,818
8175,2025-01-18 17:00:56.388546,388,818
8176,2025-01-18 17:00:56.388546,203,818
8177,2025-01-18 17:00:56.388546,363,818
8178,2025-01-18 17:00:56.388546,455,818
8179,2025-01-18 17:00:56.388546,375,818
8180,2025-01-18 17:00:56.388546,660,818
8181,2025-01-18 17:00:56.388546,433,819
8182,2025-01-18 17:00:56.388546,314,819
8183,2025-01-18 17:00:56.388546,493,819
8184,2025-01-18 17:00:56.388546,530,819
8185,2025-01-18 17:00:56.388546,339,819
8186,2025-01-18 17:00:56.388546,586,819
8187,2025-01-18 17:00:56.388546,660,819
8188,2025-01-18 17:00:56.388546,602,819
8189,2025-01-18 17:00:56.388546,558,819
8190,2025-01-18 17:00:56.388546,606,819
8191,2025-01-18 17:00:56.388546,643,820
8192,2025-01-18 17:00:56.388546,329,820
8193,2025-01-18 17:00:56.388546,499,820
8194,2025-01-18 17:00:56.388546,269,820
8195,2025-01-18 17:00:56.388546,335,820
8196,2025-01-18 17:00:56.388546,531,820
8197,2025-01-18 17:00:56.388546,251,820
8198,2025-01-18 17:00:56.388546,475,820
8199,2025-01-18 17:00:56.388546,388,820
8200,2025-01-18 17:00:56.388546,289,820
8201,2025-01-18 17:00:56.388546,301,821
8202,2025-01-18 17:00:56.388546,210,821
8203,2025-01-18 17:00:56.388546,224,821
8204,2025-01-18 17:00:56.388546,476,821
8205,2025-01-18 17:00:56.388546,288,821
8206,2025-01-18 17:00:56.388546,527,821
8207,2025-01-18 17:00:56.388546,284,821
8208,2025-01-18 17:00:56.388546,237,821
8209,2025-01-18 17:00:56.388546,341,821
8210,2025-01-18 17:00:56.388546,586,821
8211,2025-01-18 17:00:56.388546,470,822
8212,2025-01-18 17:00:56.388546,592,822
8213,2025-01-18 17:00:56.388546,667,822
8214,2025-01-18 17:00:56.388546,460,822
8215,2025-01-18 17:00:56.388546,560,822
8216,2025-01-18 17:00:56.388546,291,822
8217,2025-01-18 17:00:56.388546,573,822
8218,2025-01-18 17:00:56.388546,210,822
8219,2025-01-18 17:00:56.388546,324,822
8220,2025-01-18 17:00:56.388546,196,822
8221,2025-01-18 17:00:56.388546,333,823
8222,2025-01-18 17:00:56.388546,656,823
8223,2025-01-18 17:00:56.388546,455,823
8224,2025-01-18 17:00:56.388546,389,823
8225,2025-01-18 17:00:56.388546,480,823
8226,2025-01-18 17:00:56.388546,303,823
8227,2025-01-18 17:00:56.388546,522,823
8228,2025-01-18 17:00:56.388546,260,823
8229,2025-01-18 17:00:56.388546,345,823
8230,2025-01-18 17:00:56.388546,264,823
8231,2025-01-18 17:00:56.388546,489,824
8232,2025-01-18 17:00:56.388546,629,824
8233,2025-01-18 17:00:56.388546,363,824
8234,2025-01-18 17:00:56.388546,538,824
8235,2025-01-18 17:00:56.388546,556,824
8236,2025-01-18 17:00:56.388546,531,824
8237,2025-01-18 17:00:56.388546,656,824
8238,2025-01-18 17:00:56.389544,432,824
8239,2025-01-18 17:00:56.389544,412,824
8240,2025-01-18 17:00:56.389544,499,824
8241,2025-01-18 17:00:56.389544,544,825
8242,2025-01-18 17:00:56.389544,517,825
8243,2025-01-18 17:00:56.389544,471,825
8244,2025-01-18 17:00:56.389544,484,825
8245,2025-01-18 17:00:56.389544,272,825
8246,2025-01-18 17:00:56.389544,325,825
8247,2025-01-18 17:00:56.389544,391,825
8248,2025-01-18 17:00:56.389544,235,825
8249,2025-01-18 17:00:56.389544,596,825
8250,2025-01-18 17:00:56.389544,448,825
8251,2025-01-18 17:00:56.389544,327,826
8252,2025-01-18 17:00:56.389544,234,826
8253,2025-01-18 17:00:56.389544,420,826
8254,2025-01-18 17:00:56.389544,316,826
8255,2025-01-18 17:00:56.389544,547,826
8256,2025-01-18 17:00:56.389544,214,826
8257,2025-01-18 17:00:56.389544,579,826
8258,2025-01-18 17:00:56.389544,426,826
8259,2025-01-18 17:00:56.389544,308,826
8260,2025-01-18 17:00:56.389544,622,826
8261,2025-01-18 17:00:56.389544,220,827
8262,2025-01-18 17:00:56.389544,501,827
8263,2025-01-18 17:00:56.389544,588,827
8264,2025-01-18 17:00:56.389544,632,827
8265,2025-01-18 17:00:56.389544,617,827
8266,2025-01-18 17:00:56.389544,199,827
8267,2025-01-18 17:00:56.389544,482,827
8268,2025-01-18 17:00:56.389544,667,827
8269,2025-01-18 17:00:56.389544,618,827
8270,2025-01-18 17:00:56.389544,589,827
8271,2025-01-18 17:00:56.389544,367,828
8272,2025-01-18 17:00:56.389544,608,828
8273,2025-01-18 17:00:56.389544,607,828
8274,2025-01-18 17:00:56.389544,338,828
8275,2025-01-18 17:00:56.389544,448,828
8276,2025-01-18 17:00:56.389544,365,828
8277,2025-01-18 17:00:56.389544,252,828
8278,2025-01-18 17:00:56.389544,430,828
8279,2025-01-18 17:00:56.389544,479,828
8280,2025-01-18 17:00:56.389544,530,828
8281,2025-01-18 17:00:56.389544,411,829
8282,2025-01-18 17:00:56.389544,334,829
8283,2025-01-18 17:00:56.389544,546,829
8284,2025-01-18 17:00:56.389544,342,829
8285,2025-01-18 17:00:56.389544,483,829
8286,2025-01-18 17:00:56.389544,299,829
8287,2025-01-18 17:00:56.389544,590,829
8288,2025-01-18 17:00:56.389544,262,829
8289,2025-01-18 17:00:56.389544,482,829
8290,2025-01-18 17:00:56.389544,580,829
8291,2025-01-18 17:00:56.389544,580,830
8292,2025-01-18 17:00:56.389544,381,830
8293,2025-01-18 17:00:56.389544,494,830
8294,2025-01-18 17:00:56.389544,412,830
8295,2025-01-18 17:00:56.389544,269,830
8296,2025-01-18 17:00:56.389544,561,830
8297,2025-01-18 17:00:56.389544,417,830
8298,2025-01-18 17:00:56.389544,445,830
8299,2025-01-18 17:00:56.389544,653,830
8300,2025-01-18 17:00:56.389544,300,830
8301,2025-01-18 17:00:56.389544,299,831
8302,2025-01-18 17:00:56.389544,416,831
8303,2025-01-18 17:00:56.389544,339,831
8304,2025-01-18 17:00:56.389544,449,831
8305,2025-01-18 17:00:56.389544,336,831
8306,2025-01-18 17:00:56.389544,347,831
8307,2025-01-18 17:00:56.389544,581,831
8308,2025-01-18 17:00:56.389544,575,831
8309,2025-01-18 17:00:56.389544,602,831
8310,2025-01-18 17:00:56.389544,625,831
8311,2025-01-18 17:00:56.389544,629,832
8312,2025-01-18 17:00:56.389544,296,832
8313,2025-01-18 17:00:56.389544,383,832
8314,2025-01-18 17:00:56.389544,304,832
8315,2025-01-18 17:00:56.389544,630,832
8316,2025-01-18 17:00:56.389544,609,832
8317,2025-01-18 17:00:56.389544,312,832
8318,2025-01-18 17:00:56.389544,231,832
8319,2025-01-18 17:00:56.389544,354,832
8320,2025-01-18 17:00:56.389544,258,832
8321,2025-01-18 17:00:56.389544,248,833
8322,2025-01-18 17:00:56.389544,489,833
8323,2025-01-18 17:00:56.389544,257,833
8324,2025-01-18 17:00:56.389544,233,833
8325,2025-01-18 17:00:56.389544,636,833
8326,2025-01-18 17:00:56.395528,578,833
8327,2025-01-18 17:00:56.395528,429,833
8328,2025-01-18 17:00:56.395528,644,833
8329,2025-01-18 17:00:56.395528,275,833
8330,2025-01-18 17:00:56.395528,402,833
8331,2025-01-18 17:00:56.395528,235,834
8332,2025-01-18 17:00:56.395528,370,834
8333,2025-01-18 17:00:56.395528,541,834
8334,2025-01-18 17:00:56.395528,662,834
8335,2025-01-18 17:00:56.395528,401,834
8336,2025-01-18 17:00:56.395528,477,834
8337,2025-01-18 17:00:56.395528,331,834
8338,2025-01-18 17:00:56.395528,342,834
8339,2025-01-18 17:00:56.395528,346,834
8340,2025-01-18 17:00:56.395528,284,834
8341,2025-01-18 17:00:56.395528,312,835
8342,2025-01-18 17:00:56.395528,410,835
8343,2025-01-18 17:00:56.395528,258,835
8344,2025-01-18 17:00:56.395528,556,835
8345,2025-01-18 17:00:56.395528,373,835
8346,2025-01-18 17:00:56.395528,446,835
8347,2025-01-18 17:00:56.395528,237,835
8348,2025-01-18 17:00:56.395528,291,835
8349,2025-01-18 17:00:56.395528,250,835
8350,2025-01-18 17:00:56.395528,608,835
8351,2025-01-18 17:00:56.395528,578,836
8352,2025-01-18 17:00:56.395528,453,836
8353,2025-01-18 17:00:56.395528,462,836
8354,2025-01-18 17:00:56.395528,308,836
8355,2025-01-18 17:00:56.395528,577,836
8356,2025-01-18 17:00:56.395528,225,836
8357,2025-01-18 17:00:56.395528,555,836
8358,2025-01-18 17:00:56.395528,251,836
8359,2025-01-18 17:00:56.395528,570,836
8360,2025-01-18 17:00:56.395528,558,836
8361,2025-01-18 17:00:56.395528,215,837
8362,2025-01-18 17:00:56.395528,460,837
8363,2025-01-18 17:00:56.395528,371,837
8364,2025-01-18 17:00:56.395528,457,837
8365,2025-01-18 17:00:56.395528,288,837
8366,2025-01-18 17:00:56.395528,636,837
8367,2025-01-18 17:00:56.395528,274,837
8368,2025-01-18 17:00:56.395528,522,837
8369,2025-01-18 17:00:56.395528,499,837
8370,2025-01-18 17:00:56.395528,462,837
8371,2025-01-18 17:00:56.395528,220,838
8372,2025-01-18 17:00:56.395528,652,838
8373,2025-01-18 17:00:56.395528,522,838
8374,2025-01-18 17:00:56.395528,568,838
8375,2025-01-18 17:00:56.395528,615,838
8376,2025-01-18 17:00:56.395528,545,838
8377,2025-01-18 17:00:56.395528,281,838
8378,2025-01-18 17:00:56.395528,631,838
8379,2025-01-18 17:00:56.395528,483,838
8380,2025-01-18 17:00:56.395528,666,838
8381,2025-01-18 17:00:56.395528,212,839
8382,2025-01-18 17:00:56.395528,355,839
8383,2025-01-18 17:00:56.395528,583,839
8384,2025-01-18 17:00:56.395528,403,839
8385,2025-01-18 17:00:56.395528,486,839
8386,2025-01-18 17:00:56.395528,367,839
8387,2025-01-18 17:00:56.395528,259,839
8388,2025-01-18 17:00:56.395528,392,839
8389,2025-01-18 17:00:56.395528,512,839
8390,2025-01-18 17:00:56.395528,303,839
8391,2025-01-18 17:00:56.395528,318,840
8392,2025-01-18 17:00:56.395528,310,840
8393,2025-01-18 17:00:56.395528,207,840
8394,2025-01-18 17:00:56.396525,200,840
8395,2025-01-18 17:00:56.396525,201,840
8396,2025-01-18 17:00:56.396525,610,840
8397,2025-01-18 17:00:56.396525,595,840
8398,2025-01-18 17:00:56.396525,516,840
8399,2025-01-18 17:00:56.396525,340,840
8400,2025-01-18 17:00:56.396525,256,840
8401,2025-01-18 17:00:56.396525,480,841
8402,2025-01-18 17:00:56.396525,351,841
8403,2025-01-18 17:00:56.396525,225,841
8404,2025-01-18 17:00:56.396525,303,841
8405,2025-01-18 17:00:56.396525,631,841
8406,2025-01-18 17:00:56.396525,602,841
8407,2025-01-18 17:00:56.396525,464,841
8408,2025-01-18 17:00:56.396525,253,841
8409,2025-01-18 17:00:56.396525,647,841
8410,2025-01-18 17:00:56.396525,332,841
8411,2025-01-18 17:00:56.396525,637,842
8412,2025-01-18 17:00:56.396525,391,842
8413,2025-01-18 17:00:56.396525,473,842
8414,2025-01-18 17:00:56.396525,556,842
8415,2025-01-18 17:00:56.396525,516,842
8416,2025-01-18 17:00:56.396525,341,842
8417,2025-01-18 17:00:56.396525,551,842
8418,2025-01-18 17:00:56.396525,288,842
8419,2025-01-18 17:00:56.396525,440,842
8420,2025-01-18 17:00:56.396525,558,842
8421,2025-01-18 17:00:56.396525,618,843
8422,2025-01-18 17:00:56.396525,265,843
8423,2025-01-18 17:00:56.396525,642,843
8424,2025-01-18 17:00:56.396525,239,843
8425,2025-01-18 17:00:56.396525,466,843
8426,2025-01-18 17:00:56.396525,659,843
8427,2025-01-18 17:00:56.396525,311,843
8428,2025-01-18 17:00:56.396525,374,843
8429,2025-01-18 17:00:56.396525,245,843
8430,2025-01-18 17:00:56.396525,495,843
8431,2025-01-18 17:00:56.396525,607,844
8432,2025-01-18 17:00:56.396525,566,844
8433,2025-01-18 17:00:56.396525,508,844
8434,2025-01-18 17:00:56.396525,620,844
8435,2025-01-18 17:00:56.396525,659,844
8436,2025-01-18 17:00:56.396525,365,844
8437,2025-01-18 17:00:56.396525,386,844
8438,2025-01-18 17:00:56.396525,627,844
8439,2025-01-18 17:00:56.396525,308,844
8440,2025-01-18 17:00:56.396525,531,844
8441,2025-01-18 17:00:56.396525,648,845
8442,2025-01-18 17:00:56.396525,259,845
8443,2025-01-18 17:00:56.396525,583,845
8444,2025-01-18 17:00:56.396525,234,845
8445,2025-01-18 17:00:56.396525,478,845
8446,2025-01-18 17:00:56.396525,308,845
8447,2025-01-18 17:00:56.396525,639,845
8448,2025-01-18 17:00:56.396525,305,845
8449,2025-01-18 17:00:56.396525,347,845
8450,2025-01-18 17:00:56.396525,612,845
8451,2025-01-18 17:00:56.396525,328,846
8452,2025-01-18 17:00:56.396525,621,846
8453,2025-01-18 17:00:56.396525,319,846
8454,2025-01-18 17:00:56.396525,331,846
8455,2025-01-18 17:00:56.396525,219,846
8456,2025-01-18 17:00:56.396525,353,846
8457,2025-01-18 17:00:56.396525,239,846
8458,2025-01-18 17:00:56.396525,626,846
8459,2025-01-18 17:00:56.396525,558,846
8460,2025-01-18 17:00:56.396525,323,846
8461,2025-01-18 17:00:56.396525,240,847
8462,2025-01-18 17:00:56.396525,531,847
8463,2025-01-18 17:00:56.396525,238,847
8464,2025-01-18 17:00:56.396525,241,847
8465,2025-01-18 17:00:56.396525,567,847
8466,2025-01-18 17:00:56.396525,202,847
8467,2025-01-18 17:00:56.396525,536,847
8468,2025-01-18 17:00:56.396525,411,847
8469,2025-01-18 17:00:56.396525,471,847
8470,2025-01-18 17:00:56.396525,416,847
8471,2025-01-18 17:00:56.396525,327,848
8472,2025-01-18 17:00:56.396525,550,848
8473,2025-01-18 17:00:56.396525,635,848
8474,2025-01-18 17:00:56.396525,316,848
8475,2025-01-18 17:00:56.396525,524,848
8476,2025-01-18 17:00:56.396525,604,848
8477,2025-01-18 17:00:56.396525,501,848
8478,2025-01-18 17:00:56.396525,370,848
8479,2025-01-18 17:00:56.396525,590,848
8480,2025-01-18 17:00:56.396525,284,848
8481,2025-01-18 17:00:56.396525,298,849
8482,2025-01-18 17:00:56.396525,243,849
8483,2025-01-18 17:00:56.396525,408,849
8484,2025-01-18 17:00:56.396525,444,849
8485,2025-01-18 17:00:56.396525,242,849
8486,2025-01-18 17:00:56.396525,211,849
8487,2025-01-18 17:00:56.396525,232,849
8488,2025-01-18 17:00:56.396525,391,849
8489,2025-01-18 17:00:56.396525,372,849
8490,2025-01-18 17:00:56.397522,532,849
8491,2025-01-18 17:00:56.397522,336,850
8492,2025-01-18 17:00:56.397522,393,850
8493,2025-01-18 17:00:56.397522,406,850
8494,2025-01-18 17:00:56.397522,666,850
8495,2025-01-18 17:00:56.397522,595,850
8496,2025-01-18 17:00:56.397522,512,850
8497,2025-01-18 17:00:56.397522,291,850
8498,2025-01-18 17:00:56.397522,394,850
8499,2025-01-18 17:00:56.397522,486,850
8500,2025-01-18 17:00:56.397522,275,850
8501,2025-01-18 17:00:56.397522,606,851
8502,2025-01-18 17:00:56.397522,206,851
8503,2025-01-18 17:00:56.397522,363,851
8504,2025-01-18 17:00:56.397522,402,851
8505,2025-01-18 17:00:56.397522,459,851
8506,2025-01-18 17:00:56.397522,306,851
8507,2025-01-18 17:00:56.397522,553,851
8508,2025-01-18 17:00:56.397522,417,851
8509,2025-01-18 17:00:56.397522,380,851
8510,2025-01-18 17:00:56.397522,546,851
8511,2025-01-18 17:00:56.397522,360,852
8512,2025-01-18 17:00:56.397522,210,852
8513,2025-01-18 17:00:56.397522,220,852
8514,2025-01-18 17:00:56.397522,468,852
8515,2025-01-18 17:00:56.397522,458,852
8516,2025-01-18 17:00:56.397522,615,852
8517,2025-01-18 17:00:56.397522,234,852
8518,2025-01-18 17:00:56.397522,666,852
8519,2025-01-18 17:00:56.397522,353,852
8520,2025-01-18 17:00:56.397522,418,852
8521,2025-01-18 17:00:56.397522,535,853
8522,2025-01-18 17:00:56.397522,559,853
8523,2025-01-18 17:00:56.397522,309,853
8524,2025-01-18 17:00:56.397522,497,853
8525,2025-01-18 17:00:56.397522,347,853
8526,2025-01-18 17:00:56.397522,216,853
8527,2025-01-18 17:00:56.397522,503,853
8528,2025-01-18 17:00:56.397522,297,853
8529,2025-01-18 17:00:56.397522,493,853
8530,2025-01-18 17:00:56.397522,248,853
8531,2025-01-18 17:00:56.397522,354,854
8532,2025-01-18 17:00:56.397522,224,854
8533,2025-01-18 17:00:56.397522,277,854
8534,2025-01-18 17:00:56.397522,476,854
8535,2025-01-18 17:00:56.397522,585,854
8536,2025-01-18 17:00:56.397522,545,854
8537,2025-01-18 17:00:56.397522,205,854
8538,2025-01-18 17:00:56.397522,622,854
8539,2025-01-18 17:00:56.397522,331,854
8540,2025-01-18 17:00:56.397522,546,854
8541,2025-01-18 17:00:56.397522,268,855
8542,2025-01-18 17:00:56.397522,651,855
8543,2025-01-18 17:00:56.397522,654,855
8544,2025-01-18 17:00:56.397522,533,855
8545,2025-01-18 17:00:56.397522,250,855
8546,2025-01-18 17:00:56.397522,450,855
8547,2025-01-18 17:00:56.397522,357,855
8548,2025-01-18 17:00:56.397522,593,855
8549,2025-01-18 17:00:56.397522,333,855
8550,2025-01-18 17:00:56.397522,240,855
8551,2025-01-18 17:00:56.397522,230,856
8552,2025-01-18 17:00:56.397522,276,856
8553,2025-01-18 17:00:56.397522,570,856
8554,2025-01-18 17:00:56.397522,431,856
8555,2025-01-18 17:00:56.397522,658,856
8556,2025-01-18 17:00:56.397522,300,856
8557,2025-01-18 17:00:56.397522,256,856
8558,2025-01-18 17:00:56.397522,612,856
8559,2025-01-18 17:00:56.397522,415,856
8560,2025-01-18 17:00:56.397522,345,856
8561,2025-01-18 17:00:56.397522,361,857
8562,2025-01-18 17:00:56.397522,217,857
8563,2025-01-18 17:00:56.397522,333,857
8564,2025-01-18 17:00:56.397522,358,857
8565,2025-01-18 17:00:56.397522,195,857
8566,2025-01-18 17:00:56.397522,251,857
8567,2025-01-18 17:00:56.397522,524,857
8568,2025-01-18 17:00:56.397522,622,857
8569,2025-01-18 17:00:56.397522,211,857
8570,2025-01-18 17:00:56.397522,267,857
8571,2025-01-18 17:00:56.397522,431,858
8572,2025-01-18 17:00:56.397522,598,858
8573,2025-01-18 17:00:56.397522,297,858
8574,2025-01-18 17:00:56.397522,200,858
8575,2025-01-18 17:00:56.397522,478,858
8576,2025-01-18 17:00:56.397522,254,858
8577,2025-01-18 17:00:56.397522,227,858
8578,2025-01-18 17:00:56.397522,558,858
8579,2025-01-18 17:00:56.397522,583,858
8580,2025-01-18 17:00:56.397522,514,858
8581,2025-01-18 17:00:56.397522,507,859
8582,2025-01-18 17:00:56.397522,226,859
8583,2025-01-18 17:00:56.397522,606,859
8584,2025-01-18 17:00:56.397522,210,859
8585,2025-01-18 17:00:56.397522,360,859
8586,2025-01-18 17:00:56.397522,470,859
8587,2025-01-18 17:00:56.398520,577,859
8588,2025-01-18 17:00:56.398520,511,859
8589,2025-01-18 17:00:56.398520,389,859
8590,2025-01-18 17:00:56.398520,348,859
8591,2025-01-18 17:00:56.398520,438,860
8592,2025-01-18 17:00:56.398520,426,860
8593,2025-01-18 17:00:56.398520,316,860
8594,2025-01-18 17:00:56.398520,341,860
8595,2025-01-18 17:00:56.398520,345,860
8596,2025-01-18 17:00:56.398520,297,860
8597,2025-01-18 17:00:56.398520,485,860
8598,2025-01-18 17:00:56.398520,456,860
8599,2025-01-18 17:00:56.398520,640,860
8600,2025-01-18 17:00:56.398520,447,860
8601,2025-01-18 17:00:56.398520,414,861
8602,2025-01-18 17:00:56.398520,305,861
8603,2025-01-18 17:00:56.398520,244,861
8604,2025-01-18 17:00:56.398520,537,861
8605,2025-01-18 17:00:56.398520,352,861
8606,2025-01-18 17:00:56.398520,618,861
8607,2025-01-18 17:00:56.398520,199,861
8608,2025-01-18 17:00:56.398520,623,861
8609,2025-01-18 17:00:56.398520,503,861
8610,2025-01-18 17:00:56.398520,549,861
8611,2025-01-18 17:00:56.398520,326,862
8612,2025-01-18 17:00:56.398520,537,862
8613,2025-01-18 17:00:56.398520,466,862
8614,2025-01-18 17:00:56.398520,349,862
8615,2025-01-18 17:00:56.398520,534,862
8616,2025-01-18 17:00:56.398520,626,862
8617,2025-01-18 17:00:56.398520,465,862
8618,2025-01-18 17:00:56.398520,560,862
8619,2025-01-18 17:00:56.398520,553,862
8620,2025-01-18 17:00:56.398520,232,862
8621,2025-01-18 17:00:56.398520,502,863
8622,2025-01-18 17:00:56.398520,222,863
8623,2025-01-18 17:00:56.398520,493,863
8624,2025-01-18 17:00:56.398520,478,863
8625,2025-01-18 17:00:56.398520,586,863
8626,2025-01-18 17:00:56.398520,360,863
8627,2025-01-18 17:00:56.398520,637,863
8628,2025-01-18 17:00:56.398520,627,863
8629,2025-01-18 17:00:56.398520,296,863
8630,2025-01-18 17:00:56.398520,306,863
8631,2025-01-18 17:00:56.398520,561,864
8632,2025-01-18 17:00:56.398520,659,864
8633,2025-01-18 17:00:56.398520,324,864
8634,2025-01-18 17:00:56.398520,569,864
8635,2025-01-18 17:00:56.398520,665,864
8636,2025-01-18 17:00:56.398520,577,864
8637,2025-01-18 17:00:56.398520,310,864
8638,2025-01-18 17:00:56.398520,423,864
8639,2025-01-18 17:00:56.398520,274,864
8640,2025-01-18 17:00:56.398520,387,864
8641,2025-01-18 17:00:56.398520,459,865
8642,2025-01-18 17:00:56.398520,414,865
8643,2025-01-18 17:00:56.398520,374,865
8644,2025-01-18 17:00:56.398520,419,865
8645,2025-01-18 17:00:56.398520,439,865
8646,2025-01-18 17:00:56.398520,604,865
8647,2025-01-18 17:00:56.398520,197,865
8648,2025-01-18 17:00:56.398520,543,865
8649,2025-01-18 17:00:56.398520,508,865
8650,2025-01-18 17:00:56.398520,430,865
8651,2025-01-18 17:00:56.398520,226,866
8652,2025-01-18 17:00:56.398520,394,866
8653,2025-01-18 17:00:56.398520,342,866
8654,2025-01-18 17:00:56.398520,486,866
8655,2025-01-18 17:00:56.398520,286,866
8656,2025-01-18 17:00:56.398520,449,866
8657,2025-01-18 17:00:56.398520,604,866
8658,2025-01-18 17:00:56.398520,396,866
8659,2025-01-18 17:00:56.403507,633,866
8660,2025-01-18 17:00:56.403507,557,866
8661,2025-01-18 17:00:56.403507,463,867
8662,2025-01-18 17:00:56.403507,433,867
8663,2025-01-18 17:00:56.403507,620,867
8664,2025-01-18 17:00:56.403507,602,867
8665,2025-01-18 17:00:56.403507,269,867
8666,2025-01-18 17:00:56.403507,536,867
8667,2025-01-18 17:00:56.403507,416,867
8668,2025-01-18 17:00:56.403507,252,867
8669,2025-01-18 17:00:56.403507,285,867
8670,2025-01-18 17:00:56.403507,534,867
8671,2025-01-18 17:00:56.403507,399,868
8672,2025-01-18 17:00:56.403507,486,868
8673,2025-01-18 17:00:56.403507,448,868
8674,2025-01-18 17:00:56.403507,474,868
8675,2025-01-18 17:00:56.403507,226,868
8676,2025-01-18 17:00:56.403507,546,868
8677,2025-01-18 17:00:56.403507,308,868
8678,2025-01-18 17:00:56.403507,244,868
8679,2025-01-18 17:00:56.403507,447,868
8680,2025-01-18 17:00:56.403507,388,868
8681,2025-01-18 17:00:56.403507,571,869
8682,2025-01-18 17:00:56.403507,507,869
8683,2025-01-18 17:00:56.403507,194,869
8684,2025-01-18 17:00:56.403507,358,869
8685,2025-01-18 17:00:56.403507,230,869
8686,2025-01-18 17:00:56.403507,533,869
8687,2025-01-18 17:00:56.403507,392,869
8688,2025-01-18 17:00:56.403507,261,869
8689,2025-01-18 17:00:56.403507,546,869
8690,2025-01-18 17:00:56.403507,297,869
8691,2025-01-18 17:00:56.403507,623,870
8692,2025-01-18 17:00:56.403507,621,870
8693,2025-01-18 17:00:56.403507,204,870
8694,2025-01-18 17:00:56.403507,360,870
8695,2025-01-18 17:00:56.403507,353,870
8696,2025-01-18 17:00:56.403507,344,870
8697,2025-01-18 17:00:56.403507,443,870
8698,2025-01-18 17:00:56.403507,618,870
8699,2025-01-18 17:00:56.403507,629,870
8700,2025-01-18 17:00:56.403507,612,870
8701,2025-01-18 17:00:56.403507,220,871
8702,2025-01-18 17:00:56.403507,243,871
8703,2025-01-18 17:00:56.403507,571,871
8704,2025-01-18 17:00:56.403507,663,871
8705,2025-01-18 17:00:56.403507,344,871
8706,2025-01-18 17:00:56.403507,616,871
8707,2025-01-18 17:00:56.403507,411,871
8708,2025-01-18 17:00:56.403507,442,871
8709,2025-01-18 17:00:56.403507,387,871
8710,2025-01-18 17:00:56.403507,355,871
8711,2025-01-18 17:00:56.403507,350,872
8712,2025-01-18 17:00:56.403507,442,872
8713,2025-01-18 17:00:56.403507,418,872
8714,2025-01-18 17:00:56.403507,479,872
8715,2025-01-18 17:00:56.403507,628,872
8716,2025-01-18 17:00:56.403507,569,872
8717,2025-01-18 17:00:56.403507,279,872
8718,2025-01-18 17:00:56.403507,590,872
8719,2025-01-18 17:00:56.403507,379,872
8720,2025-01-18 17:00:56.403507,586,872
8721,2025-01-18 17:00:56.403507,652,873
8722,2025-01-18 17:00:56.403507,492,873
8723,2025-01-18 17:00:56.403507,651,873
8724,2025-01-18 17:00:56.403507,429,873
8725,2025-01-18 17:00:56.403507,536,873
8726,2025-01-18 17:00:56.403507,394,873
8727,2025-01-18 17:00:56.404504,529,873
8728,2025-01-18 17:00:56.404504,350,873
8729,2025-01-18 17:00:56.404504,610,873
8730,2025-01-18 17:00:56.404504,626,873
8731,2025-01-18 17:00:56.404504,341,874
8732,2025-01-18 17:00:56.404504,470,874
8733,2025-01-18 17:00:56.404504,498,874
8734,2025-01-18 17:00:56.404504,217,874
8735,2025-01-18 17:00:56.404504,460,874
8736,2025-01-18 17:00:56.404504,510,874
8737,2025-01-18 17:00:56.404504,454,874
8738,2025-01-18 17:00:56.404504,537,874
8739,2025-01-18 17:00:56.404504,417,874
8740,2025-01-18 17:00:56.404504,477,874
8741,2025-01-18 17:00:56.404504,562,875
8742,2025-01-18 17:00:56.404504,555,875
8743,2025-01-18 17:00:56.404504,223,875
8744,2025-01-18 17:00:56.404504,484,875
8745,2025-01-18 17:00:56.404504,593,875
8746,2025-01-18 17:00:56.404504,201,875
8747,2025-01-18 17:00:56.404504,519,875
8748,2025-01-18 17:00:56.404504,462,875
8749,2025-01-18 17:00:56.404504,588,875
8750,2025-01-18 17:00:56.404504,358,875
8751,2025-01-18 17:00:56.404504,293,876
8752,2025-01-18 17:00:56.404504,276,876
8753,2025-01-18 17:00:56.404504,240,876
8754,2025-01-18 17:00:56.404504,517,876
8755,2025-01-18 17:00:56.404504,418,876
8756,2025-01-18 17:00:56.404504,335,876
8757,2025-01-18 17:00:56.404504,572,876
8758,2025-01-18 17:00:56.404504,467,876
8759,2025-01-18 17:00:56.404504,465,876
8760,2025-01-18 17:00:56.404504,366,876
8761,2025-01-18 17:00:56.404504,507,877
8762,2025-01-18 17:00:56.404504,628,877
8763,2025-01-18 17:00:56.404504,639,877
8764,2025-01-18 17:00:56.404504,411,877
8765,2025-01-18 17:00:56.404504,229,877
8766,2025-01-18 17:00:56.404504,270,877
8767,2025-01-18 17:00:56.404504,550,877
8768,2025-01-18 17:00:56.404504,351,877
8769,2025-01-18 17:00:56.404504,317,877
8770,2025-01-18 17:00:56.404504,368,877
8771,2025-01-18 17:00:56.404504,479,878
8772,2025-01-18 17:00:56.404504,503,878
8773,2025-01-18 17:00:56.404504,290,878
8774,2025-01-18 17:00:56.404504,257,878
8775,2025-01-18 17:00:56.404504,550,878
8776,2025-01-18 17:00:56.404504,318,878
8777,2025-01-18 17:00:56.404504,286,878
8778,2025-01-18 17:00:56.404504,248,878
8779,2025-01-18 17:00:56.404504,657,878
8780,2025-01-18 17:00:56.404504,213,878
8781,2025-01-18 17:00:56.404504,555,879
8782,2025-01-18 17:00:56.404504,536,879
8783,2025-01-18 17:00:56.404504,562,879
8784,2025-01-18 17:00:56.404504,414,879
8785,2025-01-18 17:00:56.404504,570,879
8786,2025-01-18 17:00:56.404504,645,879
8787,2025-01-18 17:00:56.404504,652,879
8788,2025-01-18 17:00:56.404504,439,879
8789,2025-01-18 17:00:56.404504,263,879
8790,2025-01-18 17:00:56.404504,298,879
8791,2025-01-18 17:00:56.404504,666,880
8792,2025-01-18 17:00:56.404504,577,880
8793,2025-01-18 17:00:56.404504,194,880
8794,2025-01-18 17:00:56.404504,356,880
8795,2025-01-18 17:00:56.404504,221,880
8796,2025-01-18 17:00:56.404504,248,880
8797,2025-01-18 17:00:56.404504,454,880
8798,2025-01-18 17:00:56.404504,198,880
8799,2025-01-18 17:00:56.404504,474,880
8800,2025-01-18 17:00:56.404504,261,880
8801,2025-01-18 17:00:56.404504,608,881
8802,2025-01-18 17:00:56.404504,576,881
8803,2025-01-18 17:00:56.404504,570,881
8804,2025-01-18 17:00:56.404504,311,881
8805,2025-01-18 17:00:56.404504,470,881
8806,2025-01-18 17:00:56.404504,315,881
8807,2025-01-18 17:00:56.404504,209,881
8808,2025-01-18 17:00:56.404504,652,881
8809,2025-01-18 17:00:56.404504,604,881
8810,2025-01-18 17:00:56.404504,357,881
8811,2025-01-18 17:00:56.404504,303,882
8812,2025-01-18 17:00:56.404504,410,882
8813,2025-01-18 17:00:56.404504,235,882
8814,2025-01-18 17:00:56.404504,509,882
8815,2025-01-18 17:00:56.404504,508,882
8816,2025-01-18 17:00:56.404504,256,882
8817,2025-01-18 17:00:56.404504,548,882
8818,2025-01-18 17:00:56.404504,375,882
8819,2025-01-18 17:00:56.404504,380,882
8820,2025-01-18 17:00:56.404504,604,882
8821,2025-01-18 17:00:56.404504,615,883
8822,2025-01-18 17:00:56.404504,588,883
8823,2025-01-18 17:00:56.405501,410,883
8824,2025-01-18 17:00:56.405501,446,883
8825,2025-01-18 17:00:56.405501,261,883
8826,2025-01-18 17:00:56.405501,618,883
8827,2025-01-18 17:00:56.405501,638,883
8828,2025-01-18 17:00:56.405501,257,883
8829,2025-01-18 17:00:56.405501,263,883
8830,2025-01-18 17:00:56.405501,420,883
8831,2025-01-18 17:00:56.405501,667,884
8832,2025-01-18 17:00:56.405501,402,884
8833,2025-01-18 17:00:56.405501,396,884
8834,2025-01-18 17:00:56.405501,486,884
8835,2025-01-18 17:00:56.405501,362,884
8836,2025-01-18 17:00:56.405501,484,884
8837,2025-01-18 17:00:56.405501,285,884
8838,2025-01-18 17:00:56.405501,376,884
8839,2025-01-18 17:00:56.405501,266,884
8840,2025-01-18 17:00:56.405501,261,884
8841,2025-01-18 17:00:56.405501,448,885
8842,2025-01-18 17:00:56.405501,602,885
8843,2025-01-18 17:00:56.405501,555,885
8844,2025-01-18 17:00:56.405501,446,885
8845,2025-01-18 17:00:56.405501,654,885
8846,2025-01-18 17:00:56.405501,564,885
8847,2025-01-18 17:00:56.405501,490,885
8848,2025-01-18 17:00:56.405501,345,885
8849,2025-01-18 17:00:56.405501,663,885
8850,2025-01-18 17:00:56.405501,551,885
8851,2025-01-18 17:00:56.405501,546,886
8852,2025-01-18 17:00:56.405501,648,886
8853,2025-01-18 17:00:56.405501,285,886
8854,2025-01-18 17:00:56.405501,582,886
8855,2025-01-18 17:00:56.405501,305,886
8856,2025-01-18 17:00:56.405501,440,886
8857,2025-01-18 17:00:56.405501,231,886
8858,2025-01-18 17:00:56.405501,209,886
8859,2025-01-18 17:00:56.405501,569,886
8860,2025-01-18 17:00:56.405501,587,886
8861,2025-01-18 17:00:56.405501,414,887
8862,2025-01-18 17:00:56.405501,497,887
8863,2025-01-18 17:00:56.405501,640,887
8864,2025-01-18 17:00:56.405501,523,887
8865,2025-01-18 17:00:56.405501,220,887
8866,2025-01-18 17:00:56.405501,584,887
8867,2025-01-18 17:00:56.405501,548,887
8868,2025-01-18 17:00:56.405501,204,887
8869,2025-01-18 17:00:56.405501,296,887
8870,2025-01-18 17:00:56.405501,655,887
8871,2025-01-18 17:00:56.405501,391,888
8872,2025-01-18 17:00:56.405501,521,888
8873,2025-01-18 17:00:56.405501,627,888
8874,2025-01-18 17:00:56.405501,581,888
8875,2025-01-18 17:00:56.405501,483,888
8876,2025-01-18 17:00:56.405501,242,888
8877,2025-01-18 17:00:56.405501,632,888
8878,2025-01-18 17:00:56.405501,645,888
8879,2025-01-18 17:00:56.405501,326,888
8880,2025-01-18 17:00:56.405501,285,888
8881,2025-01-18 17:00:56.405501,570,889
8882,2025-01-18 17:00:56.405501,237,889
8883,2025-01-18 17:00:56.405501,286,889
8884,2025-01-18 17:00:56.405501,539,889
8885,2025-01-18 17:00:56.405501,624,889
8886,2025-01-18 17:00:56.405501,355,889
8887,2025-01-18 17:00:56.405501,652,889
8888,2025-01-18 17:00:56.405501,454,889
8889,2025-01-18 17:00:56.405501,303,889
8890,2025-01-18 17:00:56.405501,353,889
8891,2025-01-18 17:00:56.405501,198,890
8892,2025-01-18 17:00:56.405501,660,890
8893,2025-01-18 17:00:56.405501,363,890
8894,2025-01-18 17:00:56.405501,371,890
8895,2025-01-18 17:00:56.405501,619,890
8896,2025-01-18 17:00:56.405501,325,890
8897,2025-01-18 17:00:56.405501,644,890
8898,2025-01-18 17:00:56.405501,432,890
8899,2025-01-18 17:00:56.405501,251,890
8900,2025-01-18 17:00:56.405501,656,890
8901,2025-01-18 17:00:56.405501,308,891
8902,2025-01-18 17:00:56.405501,591,891
8903,2025-01-18 17:00:56.405501,538,891
8904,2025-01-18 17:00:56.405501,512,891
8905,2025-01-18 17:00:56.405501,651,891
8906,2025-01-18 17:00:56.405501,580,891
8907,2025-01-18 17:00:56.405501,332,891
8908,2025-01-18 17:00:56.405501,281,891
8909,2025-01-18 17:00:56.405501,442,891
8910,2025-01-18 17:00:56.405501,502,891
8911,2025-01-18 17:00:56.405501,220,892
8912,2025-01-18 17:00:56.405501,263,892
8913,2025-01-18 17:00:56.405501,448,892
8914,2025-01-18 17:00:56.405501,447,892
8915,2025-01-18 17:00:56.405501,507,892
8916,2025-01-18 17:00:56.405501,330,892
8917,2025-01-18 17:00:56.405501,391,892
8918,2025-01-18 17:00:56.405501,213,892
8919,2025-01-18 17:00:56.406498,472,892
8920,2025-01-18 17:00:56.406498,602,892
8921,2025-01-18 17:00:56.406498,449,893
8922,2025-01-18 17:00:56.406498,555,893
8923,2025-01-18 17:00:56.406498,324,893
8924,2025-01-18 17:00:56.406498,325,893
8925,2025-01-18 17:00:56.406498,579,893
8926,2025-01-18 17:00:56.406498,379,893
8927,2025-01-18 17:00:56.406498,612,893
8928,2025-01-18 17:00:56.406498,352,893
8929,2025-01-18 17:00:56.406498,458,893
8930,2025-01-18 17:00:56.406498,456,893
8931,2025-01-18 17:00:56.406498,496,894
8932,2025-01-18 17:00:56.406498,416,894
8933,2025-01-18 17:00:56.406498,370,894
8934,2025-01-18 17:00:56.406498,459,894
8935,2025-01-18 17:00:56.406498,323,894
8936,2025-01-18 17:00:56.406498,606,894
8937,2025-01-18 17:00:56.406498,494,894
8938,2025-01-18 17:00:56.406498,301,894
8939,2025-01-18 17:00:56.406498,362,894
8940,2025-01-18 17:00:56.406498,609,894
8941,2025-01-18 17:00:56.406498,315,895
8942,2025-01-18 17:00:56.406498,279,895
8943,2025-01-18 17:00:56.406498,505,895
8944,2025-01-18 17:00:56.406498,552,895
8945,2025-01-18 17:00:56.406498,640,895
8946,2025-01-18 17:00:56.406498,467,895
8947,2025-01-18 17:00:56.406498,313,895
8948,2025-01-18 17:00:56.406498,633,895
8949,2025-01-18 17:00:56.406498,581,895
8950,2025-01-18 17:00:56.406498,264,895
8951,2025-01-18 17:00:56.406498,237,896
8952,2025-01-18 17:00:56.406498,500,896
8953,2025-01-18 17:00:56.406498,322,896
8954,2025-01-18 17:00:56.406498,530,896
8955,2025-01-18 17:00:56.406498,262,896
8956,2025-01-18 17:00:56.406498,371,896
8957,2025-01-18 17:00:56.406498,576,896
8958,2025-01-18 17:00:56.406498,291,896
8959,2025-01-18 17:00:56.406498,233,896
8960,2025-01-18 17:00:56.406498,263,896
8961,2025-01-18 17:00:56.406498,307,897
8962,2025-01-18 17:00:56.406498,639,897
8963,2025-01-18 17:00:56.406498,620,897
8964,2025-01-18 17:00:56.406498,661,897
8965,2025-01-18 17:00:56.406498,511,897
8966,2025-01-18 17:00:56.406498,583,897
8967,2025-01-18 17:00:56.406498,203,897
8968,2025-01-18 17:00:56.406498,297,897
8969,2025-01-18 17:00:56.406498,363,897
8970,2025-01-18 17:00:56.406498,470,897
8971,2025-01-18 17:00:56.406498,397,898
8972,2025-01-18 17:00:56.406498,199,898
8973,2025-01-18 17:00:56.406498,225,898
8974,2025-01-18 17:00:56.406498,650,898
8975,2025-01-18 17:00:56.406498,212,898
8976,2025-01-18 17:00:56.406498,400,898
8977,2025-01-18 17:00:56.406498,652,898
8978,2025-01-18 17:00:56.406498,201,898
8979,2025-01-18 17:00:56.406498,319,898
8980,2025-01-18 17:00:56.406498,514,898
8981,2025-01-18 17:00:56.406498,380,899
8982,2025-01-18 17:00:56.406498,359,899
8983,2025-01-18 17:00:56.406498,416,899
8984,2025-01-18 17:00:56.406498,379,899
8985,2025-01-18 17:00:56.406498,325,899
8986,2025-01-18 17:00:56.406498,630,899
8987,2025-01-18 17:00:56.406498,242,899
8988,2025-01-18 17:00:56.406498,215,899
8989,2025-01-18 17:00:56.406498,610,899
8990,2025-01-18 17:00:56.406498,446,899
8991,2025-01-18 17:00:56.406498,270,900
8992,2025-01-18 17:00:56.411485,351,900
8993,2025-01-18 17:00:56.411485,539,900
8994,2025-01-18 17:00:56.411485,541,900
8995,2025-01-18 17:00:56.411485,280,900
8996,2025-01-18 17:00:56.411485,303,900
8997,2025-01-18 17:00:56.411485,579,900
8998,2025-01-18 17:00:56.411485,239,900
8999,2025-01-18 17:00:56.411485,259,900
9000,2025-01-18 17:00:56.411485,424,900
9001,2025-01-18 17:00:56.411485,555,901
9002,2025-01-18 17:00:56.411485,639,901
9003,2025-01-18 17:00:56.411485,605,901
9004,2025-01-18 17:00:56.411485,464,901
9005,2025-01-18 17:00:56.411485,575,901
9006,2025-01-18 17:00:56.411485,439,901
9007,2025-01-18 17:00:56.411485,287,901
9008,2025-01-18 17:00:56.411485,228,901
9009,2025-01-18 17:00:56.411485,622,901
9010,2025-01-18 17:00:56.411485,661,901
9011,2025-01-18 17:00:56.411485,443,902
9012,2025-01-18 17:00:56.411485,629,902
9013,2025-01-18 17:00:56.411485,363,902
9014,2025-01-18 17:00:56.411485,356,902
9015,2025-01-18 17:00:56.411485,460,902
9016,2025-01-18 17:00:56.411485,371,902
9017,2025-01-18 17:00:56.411485,322,902
9018,2025-01-18 17:00:56.411485,320,902
9019,2025-01-18 17:00:56.411485,206,902
9020,2025-01-18 17:00:56.411485,421,902
9021,2025-01-18 17:00:56.411485,231,903
9022,2025-01-18 17:00:56.411485,493,903
9023,2025-01-18 17:00:56.411485,298,903
9024,2025-01-18 17:00:56.411485,318,903
9025,2025-01-18 17:00:56.411485,443,903
9026,2025-01-18 17:00:56.411485,625,903
9027,2025-01-18 17:00:56.411485,599,903
9028,2025-01-18 17:00:56.411485,311,903
9029,2025-01-18 17:00:56.411485,239,903
9030,2025-01-18 17:00:56.411485,569,903
9031,2025-01-18 17:00:56.411485,228,904
9032,2025-01-18 17:00:56.411485,212,904
9033,2025-01-18 17:00:56.411485,199,904
9034,2025-01-18 17:00:56.411485,216,904
9035,2025-01-18 17:00:56.411485,462,904
9036,2025-01-18 17:00:56.411485,478,904
9037,2025-01-18 17:00:56.411485,343,904
9038,2025-01-18 17:00:56.411485,648,904
9039,2025-01-18 17:00:56.411485,570,904
9040,2025-01-18 17:00:56.411485,335,904
9041,2025-01-18 17:00:56.411485,201,905
9042,2025-01-18 17:00:56.411485,281,905
9043,2025-01-18 17:00:56.411485,419,905
9044,2025-01-18 17:00:56.412483,582,905
9045,2025-01-18 17:00:56.412483,304,905
9046,2025-01-18 17:00:56.412483,195,905
9047,2025-01-18 17:00:56.412483,319,905
9048,2025-01-18 17:00:56.412483,528,905
9049,2025-01-18 17:00:56.412483,420,905
9050,2025-01-18 17:00:56.412483,538,905
9051,2025-01-18 17:00:56.412483,512,906
9052,2025-01-18 17:00:56.412483,233,906
9053,2025-01-18 17:00:56.412483,362,906
9054,2025-01-18 17:00:56.412483,420,906
9055,2025-01-18 17:00:56.412483,603,906
9056,2025-01-18 17:00:56.412483,221,906
9057,2025-01-18 17:00:56.412483,225,906
9058,2025-01-18 17:00:56.412483,357,906
9059,2025-01-18 17:00:56.412483,464,906
9060,2025-01-18 17:00:56.412483,302,906
9061,2025-01-18 17:00:56.412483,339,907
9062,2025-01-18 17:00:56.412483,416,907
9063,2025-01-18 17:00:56.412483,418,907
9064,2025-01-18 17:00:56.412483,195,907
9065,2025-01-18 17:00:56.412483,307,907
9066,2025-01-18 17:00:56.412483,636,907
9067,2025-01-18 17:00:56.412483,491,907
9068,2025-01-18 17:00:56.412483,463,907
9069,2025-01-18 17:00:56.412483,265,907
9070,2025-01-18 17:00:56.412483,371,907
9071,2025-01-18 17:00:56.412483,643,908
9072,2025-01-18 17:00:56.412483,552,908
9073,2025-01-18 17:00:56.412483,374,908
9074,2025-01-18 17:00:56.412483,400,908
9075,2025-01-18 17:00:56.412483,491,908
9076,2025-01-18 17:00:56.412483,320,908
9077,2025-01-18 17:00:56.412483,591,908
9078,2025-01-18 17:00:56.412483,549,908
9079,2025-01-18 17:00:56.412483,540,908
9080,2025-01-18 17:00:56.412483,269,908
9081,2025-01-18 17:00:56.412483,407,909
9082,2025-01-18 17:00:56.412483,514,909
9083,2025-01-18 17:00:56.412483,454,909
9084,2025-01-18 17:00:56.412483,595,909
9085,2025-01-18 17:00:56.412483,222,909
9086,2025-01-18 17:00:56.412483,616,909
9087,2025-01-18 17:00:56.412483,234,909
9088,2025-01-18 17:00:56.412483,257,909
9089,2025-01-18 17:00:56.412483,300,909
9090,2025-01-18 17:00:56.412483,596,909
9091,2025-01-18 17:00:56.412483,475,910
9092,2025-01-18 17:00:56.412483,360,910
9093,2025-01-18 17:00:56.412483,644,910
9094,2025-01-18 17:00:56.412483,616,910
9095,2025-01-18 17:00:56.412483,376,910
9096,2025-01-18 17:00:56.412483,350,910
9097,2025-01-18 17:00:56.412483,645,910
9098,2025-01-18 17:00:56.412483,296,910
9099,2025-01-18 17:00:56.412483,410,910
9100,2025-01-18 17:00:56.412483,258,910
9101,2025-01-18 17:00:56.412483,621,911
9102,2025-01-18 17:00:56.412483,203,911
9103,2025-01-18 17:00:56.412483,666,911
9104,2025-01-18 17:00:56.412483,361,911
9105,2025-01-18 17:00:56.412483,664,911
9106,2025-01-18 17:00:56.412483,439,911
9107,2025-01-18 17:00:56.412483,280,911
9108,2025-01-18 17:00:56.412483,624,911
9109,2025-01-18 17:00:56.412483,327,911
9110,2025-01-18 17:00:56.412483,287,911
9111,2025-01-18 17:00:56.412483,463,912
9112,2025-01-18 17:00:56.412483,437,912
9113,2025-01-18 17:00:56.412483,286,912
9114,2025-01-18 17:00:56.412483,207,912
9115,2025-01-18 17:00:56.412483,457,912
9116,2025-01-18 17:00:56.412483,503,912
9117,2025-01-18 17:00:56.412483,254,912
9118,2025-01-18 17:00:56.412483,539,912
9119,2025-01-18 17:00:56.412483,328,912
9120,2025-01-18 17:00:56.412483,518,912
9121,2025-01-18 17:00:56.412483,396,913
9122,2025-01-18 17:00:56.412483,430,913
9123,2025-01-18 17:00:56.412483,246,913
9124,2025-01-18 17:00:56.412483,432,913
9125,2025-01-18 17:00:56.412483,425,913
9126,2025-01-18 17:00:56.412483,602,913
9127,2025-01-18 17:00:56.412483,319,913
9128,2025-01-18 17:00:56.412483,259,913
9129,2025-01-18 17:00:56.412483,459,913
9130,2025-01-18 17:00:56.412483,221,913
9131,2025-01-18 17:00:56.412483,612,914
9132,2025-01-18 17:00:56.412483,533,914
9133,2025-01-18 17:00:56.412483,290,914
9134,2025-01-18 17:00:56.412483,332,914
9135,2025-01-18 17:00:56.412483,416,914
9136,2025-01-18 17:00:56.412483,534,914
9137,2025-01-18 17:00:56.412483,231,914
9138,2025-01-18 17:00:56.412483,561,914
9139,2025-01-18 17:00:56.412483,655,914
9140,2025-01-18 17:00:56.412483,484,914
9141,2025-01-18 17:00:56.413480,502,915
9142,2025-01-18 17:00:56.413480,386,915
9143,2025-01-18 17:00:56.413480,640,915
9144,2025-01-18 17:00:56.413480,446,915
9145,2025-01-18 17:00:56.413480,588,915
9146,2025-01-18 17:00:56.413480,660,915
9147,2025-01-18 17:00:56.413480,364,915
9148,2025-01-18 17:00:56.413480,549,915
9149,2025-01-18 17:00:56.413480,432,915
9150,2025-01-18 17:00:56.413480,580,915
9151,2025-01-18 17:00:56.413480,487,916
9152,2025-01-18 17:00:56.413480,296,916
9153,2025-01-18 17:00:56.413480,298,916
9154,2025-01-18 17:00:56.413480,292,916
9155,2025-01-18 17:00:56.413480,644,916
9156,2025-01-18 17:00:56.413480,232,916
9157,2025-01-18 17:00:56.413480,246,916
9158,2025-01-18 17:00:56.413480,586,916
9159,2025-01-18 17:00:56.413480,433,916
9160,2025-01-18 17:00:56.413480,592,916
9161,2025-01-18 17:00:56.413480,428,917
9162,2025-01-18 17:00:56.413480,241,917
9163,2025-01-18 17:00:56.413480,362,917
9164,2025-01-18 17:00:56.413480,467,917
9165,2025-01-18 17:00:56.413480,618,917
9166,2025-01-18 17:00:56.413480,368,917
9167,2025-01-18 17:00:56.413480,332,917
9168,2025-01-18 17:00:56.413480,656,917
9169,2025-01-18 17:00:56.413480,540,917
9170,2025-01-18 17:00:56.413480,441,917
9171,2025-01-18 17:00:56.413480,572,918
9172,2025-01-18 17:00:56.413480,362,918
9173,2025-01-18 17:00:56.413480,316,918
9174,2025-01-18 17:00:56.413480,372,918
9175,2025-01-18 17:00:56.413480,561,918
9176,2025-01-18 17:00:56.413480,622,918
9177,2025-01-18 17:00:56.413480,559,918
9178,2025-01-18 17:00:56.413480,324,918
9179,2025-01-18 17:00:56.413480,364,918
9180,2025-01-18 17:00:56.413480,328,918
9181,2025-01-18 17:00:56.413480,568,919
9182,2025-01-18 17:00:56.413480,530,919
9183,2025-01-18 17:00:56.413480,605,919
9184,2025-01-18 17:00:56.413480,640,919
9185,2025-01-18 17:00:56.413480,421,919
9186,2025-01-18 17:00:56.413480,258,919
9187,2025-01-18 17:00:56.413480,260,919
9188,2025-01-18 17:00:56.413480,422,919
9189,2025-01-18 17:00:56.413480,352,919
9190,2025-01-18 17:00:56.413480,368,919
9191,2025-01-18 17:00:56.413480,437,920
9192,2025-01-18 17:00:56.413480,226,920
9193,2025-01-18 17:00:56.413480,616,920
9194,2025-01-18 17:00:56.413480,489,920
9195,2025-01-18 17:00:56.413480,369,920
9196,2025-01-18 17:00:56.413480,596,920
9197,2025-01-18 17:00:56.413480,565,920
9198,2025-01-18 17:00:56.413480,419,920
9199,2025-01-18 17:00:56.413480,360,920
9200,2025-01-18 17:00:56.413480,355,920
9201,2025-01-18 17:00:56.413480,287,921
9202,2025-01-18 17:00:56.413480,530,921
9203,2025-01-18 17:00:56.413480,290,921
9204,2025-01-18 17:00:56.413480,199,921
9205,2025-01-18 17:00:56.413480,360,921
9206,2025-01-18 17:00:56.413480,637,921
9207,2025-01-18 17:00:56.413480,475,921
9208,2025-01-18 17:00:56.413480,552,921
9209,2025-01-18 17:00:56.413480,278,921
9210,2025-01-18 17:00:56.413480,616,921
9211,2025-01-18 17:00:56.413480,425,922
9212,2025-01-18 17:00:56.413480,334,922
9213,2025-01-18 17:00:56.413480,268,922
9214,2025-01-18 17:00:56.413480,476,922
9215,2025-01-18 17:00:56.413480,467,922
9216,2025-01-18 17:00:56.413480,383,922
9217,2025-01-18 17:00:56.413480,582,922
9218,2025-01-18 17:00:56.413480,310,922
9219,2025-01-18 17:00:56.413480,436,922
9220,2025-01-18 17:00:56.413480,632,922
9221,2025-01-18 17:00:56.413480,356,923
9222,2025-01-18 17:00:56.413480,465,923
9223,2025-01-18 17:00:56.413480,538,923
9224,2025-01-18 17:00:56.413480,654,923
9225,2025-01-18 17:00:56.413480,417,923
9226,2025-01-18 17:00:56.413480,378,923
9227,2025-01-18 17:00:56.413480,582,923
9228,2025-01-18 17:00:56.413480,647,923
9229,2025-01-18 17:00:56.413480,472,923
9230,2025-01-18 17:00:56.413480,452,923
9231,2025-01-18 17:00:56.413480,378,924
9232,2025-01-18 17:00:56.413480,405,924
9233,2025-01-18 17:00:56.413480,428,924
9234,2025-01-18 17:00:56.413480,591,924
9235,2025-01-18 17:00:56.413480,308,924
9236,2025-01-18 17:00:56.413480,207,924
9237,2025-01-18 17:00:56.413480,545,924
9238,2025-01-18 17:00:56.414477,422,924
9239,2025-01-18 17:00:56.414477,294,924
9240,2025-01-18 17:00:56.414477,234,924
9241,2025-01-18 17:00:56.414477,411,925
9242,2025-01-18 17:00:56.414477,218,925
9243,2025-01-18 17:00:56.414477,445,925
9244,2025-01-18 17:00:56.414477,503,925
9245,2025-01-18 17:00:56.414477,197,925
9246,2025-01-18 17:00:56.414477,427,925
9247,2025-01-18 17:00:56.414477,622,925
9248,2025-01-18 17:00:56.414477,400,925
9249,2025-01-18 17:00:56.414477,253,925
9250,2025-01-18 17:00:56.414477,430,925
9251,2025-01-18 17:00:56.414477,447,926
9252,2025-01-18 17:00:56.414477,352,926
9253,2025-01-18 17:00:56.414477,654,926
9254,2025-01-18 17:00:56.414477,263,926
9255,2025-01-18 17:00:56.414477,424,926
9256,2025-01-18 17:00:56.414477,270,926
9257,2025-01-18 17:00:56.414477,538,926
9258,2025-01-18 17:00:56.414477,652,926
9259,2025-01-18 17:00:56.414477,534,926
9260,2025-01-18 17:00:56.414477,299,926
9261,2025-01-18 17:00:56.414477,313,927
9262,2025-01-18 17:00:56.414477,400,927
9263,2025-01-18 17:00:56.414477,533,927
9264,2025-01-18 17:00:56.414477,450,927
9265,2025-01-18 17:00:56.414477,474,927
9266,2025-01-18 17:00:56.414477,294,927
9267,2025-01-18 17:00:56.414477,235,927
9268,2025-01-18 17:00:56.414477,543,927
9269,2025-01-18 17:00:56.414477,344,927
9270,2025-01-18 17:00:56.414477,595,927
9271,2025-01-18 17:00:56.414477,408,928
9272,2025-01-18 17:00:56.414477,334,928
9273,2025-01-18 17:00:56.414477,633,928
9274,2025-01-18 17:00:56.414477,246,928
9275,2025-01-18 17:00:56.414477,353,928
9276,2025-01-18 17:00:56.414477,539,928
9277,2025-01-18 17:00:56.414477,657,928
9278,2025-01-18 17:00:56.414477,428,928
9279,2025-01-18 17:00:56.414477,282,928
9280,2025-01-18 17:00:56.414477,195,928
9281,2025-01-18 17:00:56.414477,584,929
9282,2025-01-18 17:00:56.414477,483,929
9283,2025-01-18 17:00:56.414477,662,929
9284,2025-01-18 17:00:56.414477,373,929
9285,2025-01-18 17:00:56.414477,385,929
9286,2025-01-18 17:00:56.414477,290,929
9287,2025-01-18 17:00:56.414477,620,929
9288,2025-01-18 17:00:56.414477,647,929
9289,2025-01-18 17:00:56.414477,588,929
9290,2025-01-18 17:00:56.414477,487,929
9291,2025-01-18 17:00:56.414477,415,930
9292,2025-01-18 17:00:56.414477,230,930
9293,2025-01-18 17:00:56.414477,313,930
9294,2025-01-18 17:00:56.414477,561,930
9295,2025-01-18 17:00:56.414477,250,930
9296,2025-01-18 17:00:56.414477,436,930
9297,2025-01-18 17:00:56.414477,463,930
9298,2025-01-18 17:00:56.414477,206,930
9299,2025-01-18 17:00:56.414477,237,930
9300,2025-01-18 17:00:56.414477,456,930
9301,2025-01-18 17:00:56.414477,338,931
9302,2025-01-18 17:00:56.414477,306,931
9303,2025-01-18 17:00:56.414477,514,931
9304,2025-01-18 17:00:56.414477,316,931
9305,2025-01-18 17:00:56.414477,492,931
9306,2025-01-18 17:00:56.414477,444,931
9307,2025-01-18 17:00:56.414477,667,931
9308,2025-01-18 17:00:56.414477,457,931
9309,2025-01-18 17:00:56.414477,335,931
9310,2025-01-18 17:00:56.414477,221,931
9311,2025-01-18 17:00:56.414477,384,932
9312,2025-01-18 17:00:56.414477,447,932
9313,2025-01-18 17:00:56.414477,360,932
9314,2025-01-18 17:00:56.414477,489,932
9315,2025-01-18 17:00:56.414477,281,932
9316,2025-01-18 17:00:56.414477,386,932
9317,2025-01-18 17:00:56.414477,443,932
9318,2025-01-18 17:00:56.414477,621,932
9319,2025-01-18 17:00:56.414477,522,932
9320,2025-01-18 17:00:56.414477,517,932
9321,2025-01-18 17:00:56.414477,442,933
9322,2025-01-18 17:00:56.414477,301,933
9323,2025-01-18 17:00:56.414477,346,933
9324,2025-01-18 17:00:56.414477,225,933
9325,2025-01-18 17:00:56.419464,418,933
9326,2025-01-18 17:00:56.419464,532,933
9327,2025-01-18 17:00:56.419464,345,933
9328,2025-01-18 17:00:56.419464,259,933
9329,2025-01-18 17:00:56.419464,622,933
9330,2025-01-18 17:00:56.419464,554,933
9331,2025-01-18 17:00:56.419464,492,934
9332,2025-01-18 17:00:56.419464,351,934
9333,2025-01-18 17:00:56.419464,621,934
9334,2025-01-18 17:00:56.419464,379,934
9335,2025-01-18 17:00:56.419464,319,934
9336,2025-01-18 17:00:56.419464,605,934
9337,2025-01-18 17:00:56.419464,200,934
9338,2025-01-18 17:00:56.419464,300,934
9339,2025-01-18 17:00:56.419464,626,934
9340,2025-01-18 17:00:56.419464,352,934
9341,2025-01-18 17:00:56.419464,419,935
9342,2025-01-18 17:00:56.419464,566,935
9343,2025-01-18 17:00:56.419464,389,935
9344,2025-01-18 17:00:56.419464,601,935
9345,2025-01-18 17:00:56.419464,228,935
9346,2025-01-18 17:00:56.419464,261,935
9347,2025-01-18 17:00:56.419464,370,935
9348,2025-01-18 17:00:56.419464,506,935
9349,2025-01-18 17:00:56.419464,581,935
9350,2025-01-18 17:00:56.419464,625,935
9351,2025-01-18 17:00:56.419464,246,936
9352,2025-01-18 17:00:56.419464,582,936
9353,2025-01-18 17:00:56.419464,553,936
9354,2025-01-18 17:00:56.419464,207,936
9355,2025-01-18 17:00:56.419464,280,936
9356,2025-01-18 17:00:56.419464,404,936
9357,2025-01-18 17:00:56.419464,611,936
9358,2025-01-18 17:00:56.419464,621,936
9359,2025-01-18 17:00:56.419464,219,936
9360,2025-01-18 17:00:56.419464,507,936
9361,2025-01-18 17:00:56.419464,588,937
9362,2025-01-18 17:00:56.420461,384,937
9363,2025-01-18 17:00:56.420461,205,937
9364,2025-01-18 17:00:56.420461,325,937
9365,2025-01-18 17:00:56.420461,302,937
9366,2025-01-18 17:00:56.420461,213,937
9367,2025-01-18 17:00:56.420461,393,937
9368,2025-01-18 17:00:56.420461,349,937
9369,2025-01-18 17:00:56.420461,523,937
9370,2025-01-18 17:00:56.420461,664,937
9371,2025-01-18 17:00:56.420461,513,938
9372,2025-01-18 17:00:56.420461,563,938
9373,2025-01-18 17:00:56.420461,527,938
9374,2025-01-18 17:00:56.420461,274,938
9375,2025-01-18 17:00:56.420461,358,938
9376,2025-01-18 17:00:56.420461,336,938
9377,2025-01-18 17:00:56.420461,414,938
9378,2025-01-18 17:00:56.420461,499,938
9379,2025-01-18 17:00:56.420461,488,938
9380,2025-01-18 17:00:56.420461,521,938
9381,2025-01-18 17:00:56.420461,491,939
9382,2025-01-18 17:00:56.420461,294,939
9383,2025-01-18 17:00:56.420461,454,939
9384,2025-01-18 17:00:56.420461,499,939
9385,2025-01-18 17:00:56.420461,526,939
9386,2025-01-18 17:00:56.420461,548,939
9387,2025-01-18 17:00:56.420461,349,939
9388,2025-01-18 17:00:56.420461,334,939
9389,2025-01-18 17:00:56.420461,620,939
9390,2025-01-18 17:00:56.420461,601,939
9391,2025-01-18 17:00:56.420461,485,940
9392,2025-01-18 17:00:56.420461,565,940
9393,2025-01-18 17:00:56.420461,325,940
9394,2025-01-18 17:00:56.420461,428,940
9395,2025-01-18 17:00:56.420461,587,940
9396,2025-01-18 17:00:56.420461,627,940
9397,2025-01-18 17:00:56.420461,644,940
9398,2025-01-18 17:00:56.420461,275,940
9399,2025-01-18 17:00:56.420461,595,940
9400,2025-01-18 17:00:56.420461,262,940
9401,2025-01-18 17:00:56.420461,665,941
9402,2025-01-18 17:00:56.420461,602,941
9403,2025-01-18 17:00:56.420461,268,941
9404,2025-01-18 17:00:56.420461,522,941
9405,2025-01-18 17:00:56.420461,315,941
9406,2025-01-18 17:00:56.420461,536,941
9407,2025-01-18 17:00:56.420461,527,941
9408,2025-01-18 17:00:56.420461,251,941
9409,2025-01-18 17:00:56.420461,623,941
9410,2025-01-18 17:00:56.420461,230,941
9411,2025-01-18 17:00:56.420461,277,942
9412,2025-01-18 17:00:56.420461,473,942
9413,2025-01-18 17:00:56.420461,613,942
9414,2025-01-18 17:00:56.420461,415,942
9415,2025-01-18 17:00:56.420461,631,942
9416,2025-01-18 17:00:56.420461,194,942
9417,2025-01-18 17:00:56.420461,450,942
9418,2025-01-18 17:00:56.420461,666,942
9419,2025-01-18 17:00:56.420461,468,942
9420,2025-01-18 17:00:56.420461,569,942
9421,2025-01-18 17:00:56.420461,238,943
9422,2025-01-18 17:00:56.420461,308,943
9423,2025-01-18 17:00:56.420461,386,943
9424,2025-01-18 17:00:56.420461,253,943
9425,2025-01-18 17:00:56.420461,538,943
9426,2025-01-18 17:00:56.420461,422,943
9427,2025-01-18 17:00:56.420461,638,943
9428,2025-01-18 17:00:56.420461,640,943
9429,2025-01-18 17:00:56.420461,586,943
9430,2025-01-18 17:00:56.420461,426,943
9431,2025-01-18 17:00:56.420461,470,944
9432,2025-01-18 17:00:56.420461,322,944
9433,2025-01-18 17:00:56.420461,249,944
9434,2025-01-18 17:00:56.420461,529,944
9435,2025-01-18 17:00:56.420461,270,944
9436,2025-01-18 17:00:56.420461,420,944
9437,2025-01-18 17:00:56.420461,462,944
9438,2025-01-18 17:00:56.420461,574,944
9439,2025-01-18 17:00:56.420461,385,944
9440,2025-01-18 17:00:56.420461,279,944
9441,2025-01-18 17:00:56.420461,245,945
9442,2025-01-18 17:00:56.420461,575,945
9443,2025-01-18 17:00:56.420461,522,945
9444,2025-01-18 17:00:56.420461,429,945
9445,2025-01-18 17:00:56.420461,354,945
9446,2025-01-18 17:00:56.420461,603,945
9447,2025-01-18 17:00:56.420461,578,945
9448,2025-01-18 17:00:56.420461,273,945
9449,2025-01-18 17:00:56.420461,276,945
9450,2025-01-18 17:00:56.420461,633,945
9451,2025-01-18 17:00:56.420461,303,946
9452,2025-01-18 17:00:56.420461,448,946
9453,2025-01-18 17:00:56.420461,334,946
9454,2025-01-18 17:00:56.420461,382,946
9455,2025-01-18 17:00:56.420461,536,946
9456,2025-01-18 17:00:56.420461,297,946
9457,2025-01-18 17:00:56.421458,209,946
9458,2025-01-18 17:00:56.421458,229,946
9459,2025-01-18 17:00:56.421458,204,946
9460,2025-01-18 17:00:56.421458,249,946
9461,2025-01-18 17:00:56.421458,559,947
9462,2025-01-18 17:00:56.421458,367,947
9463,2025-01-18 17:00:56.421458,204,947
9464,2025-01-18 17:00:56.421458,438,947
9465,2025-01-18 17:00:56.421458,314,947
9466,2025-01-18 17:00:56.421458,634,947
9467,2025-01-18 17:00:56.421458,462,947
9468,2025-01-18 17:00:56.421458,288,947
9469,2025-01-18 17:00:56.421458,667,947
9470,2025-01-18 17:00:56.421458,431,947
9471,2025-01-18 17:00:56.421458,588,948
9472,2025-01-18 17:00:56.421458,491,948
9473,2025-01-18 17:00:56.421458,406,948
9474,2025-01-18 17:00:56.421458,310,948
9475,2025-01-18 17:00:56.421458,474,948
9476,2025-01-18 17:00:56.421458,319,948
9477,2025-01-18 17:00:56.421458,409,948
9478,2025-01-18 17:00:56.421458,197,948
9479,2025-01-18 17:00:56.421458,369,948
9480,2025-01-18 17:00:56.421458,442,948
9481,2025-01-18 17:00:56.421458,302,949
9482,2025-01-18 17:00:56.421458,520,949
9483,2025-01-18 17:00:56.421458,388,949
9484,2025-01-18 17:00:56.421458,559,949
9485,2025-01-18 17:00:56.421458,640,949
9486,2025-01-18 17:00:56.421458,636,949
9487,2025-01-18 17:00:56.421458,554,949
9488,2025-01-18 17:00:56.421458,353,949
9489,2025-01-18 17:00:56.421458,503,949
9490,2025-01-18 17:00:56.421458,465,949
9491,2025-01-18 17:00:56.421458,493,950
9492,2025-01-18 17:00:56.421458,348,950
9493,2025-01-18 17:00:56.421458,481,950
9494,2025-01-18 17:00:56.421458,502,950
9495,2025-01-18 17:00:56.421458,205,950
9496,2025-01-18 17:00:56.421458,535,950
9497,2025-01-18 17:00:56.421458,447,950
9498,2025-01-18 17:00:56.421458,516,950
9499,2025-01-18 17:00:56.421458,280,950
9500,2025-01-18 17:00:56.421458,209,950
9501,2025-01-18 17:00:56.421458,393,951
9502,2025-01-18 17:00:56.421458,566,951
9503,2025-01-18 17:00:56.421458,632,951
9504,2025-01-18 17:00:56.421458,649,951
9505,2025-01-18 17:00:56.421458,360,951
9506,2025-01-18 17:00:56.421458,326,951
9507,2025-01-18 17:00:56.421458,255,951
9508,2025-01-18 17:00:56.421458,511,951
9509,2025-01-18 17:00:56.421458,218,951
9510,2025-01-18 17:00:56.421458,466,951
9511,2025-01-18 17:00:56.421458,616,952
9512,2025-01-18 17:00:56.421458,663,952
9513,2025-01-18 17:00:56.421458,382,952
9514,2025-01-18 17:00:56.421458,588,952
9515,2025-01-18 17:00:56.421458,341,952
9516,2025-01-18 17:00:56.421458,517,952
9517,2025-01-18 17:00:56.421458,665,952
9518,2025-01-18 17:00:56.421458,513,952
9519,2025-01-18 17:00:56.421458,435,952
9520,2025-01-18 17:00:56.421458,518,952
9521,2025-01-18 17:00:56.421458,624,953
9522,2025-01-18 17:00:56.421458,313,953
9523,2025-01-18 17:00:56.421458,390,953
9524,2025-01-18 17:00:56.421458,518,953
9525,2025-01-18 17:00:56.421458,203,953
9526,2025-01-18 17:00:56.421458,227,953
9527,2025-01-18 17:00:56.421458,526,953
9528,2025-01-18 17:00:56.421458,485,953
9529,2025-01-18 17:00:56.421458,535,953
9530,2025-01-18 17:00:56.421458,251,953
9531,2025-01-18 17:00:56.421458,473,954
9532,2025-01-18 17:00:56.421458,372,954
9533,2025-01-18 17:00:56.421458,581,954
9534,2025-01-18 17:00:56.421458,525,954
9535,2025-01-18 17:00:56.421458,375,954
9536,2025-01-18 17:00:56.421458,483,954
9537,2025-01-18 17:00:56.421458,303,954
9538,2025-01-18 17:00:56.421458,452,954
9539,2025-01-18 17:00:56.421458,511,954
9540,2025-01-18 17:00:56.421458,660,954
9541,2025-01-18 17:00:56.421458,582,955
9542,2025-01-18 17:00:56.421458,583,955
9543,2025-01-18 17:00:56.421458,377,955
9544,2025-01-18 17:00:56.421458,328,955
9545,2025-01-18 17:00:56.421458,357,955
9546,2025-01-18 17:00:56.421458,284,955
9547,2025-01-18 17:00:56.421458,606,955
9548,2025-01-18 17:00:56.421458,278,955
9549,2025-01-18 17:00:56.421458,332,955
9550,2025-01-18 17:00:56.421458,248,955
9551,2025-01-18 17:00:56.421458,620,956
9552,2025-01-18 17:00:56.421458,264,956
9553,2025-01-18 17:00:56.422456,208,956
9554,2025-01-18 17:00:56.422456,506,956
9555,2025-01-18 17:00:56.422456,521,956
9556,2025-01-18 17:00:56.422456,536,956
9557,2025-01-18 17:00:56.422456,431,956
9558,2025-01-18 17:00:56.422456,454,956
9559,2025-01-18 17:00:56.422456,358,956
9560,2025-01-18 17:00:56.422456,611,956
9561,2025-01-18 17:00:56.422456,500,957
9562,2025-01-18 17:00:56.422456,266,957
9563,2025-01-18 17:00:56.422456,287,957
9564,2025-01-18 17:00:56.422456,533,957
9565,2025-01-18 17:00:56.422456,537,957
9566,2025-01-18 17:00:56.422456,215,957
9567,2025-01-18 17:00:56.422456,260,957
9568,2025-01-18 17:00:56.422456,403,957
9569,2025-01-18 17:00:56.422456,255,957
9570,2025-01-18 17:00:56.422456,502,957
9571,2025-01-18 17:00:56.422456,503,958
9572,2025-01-18 17:00:56.422456,484,958
9573,2025-01-18 17:00:56.422456,392,958
9574,2025-01-18 17:00:56.422456,619,958
9575,2025-01-18 17:00:56.422456,268,958
9576,2025-01-18 17:00:56.422456,224,958
9577,2025-01-18 17:00:56.422456,221,958
9578,2025-01-18 17:00:56.422456,528,958
9579,2025-01-18 17:00:56.422456,254,958
9580,2025-01-18 17:00:56.422456,359,958
9581,2025-01-18 17:00:56.422456,338,959
9582,2025-01-18 17:00:56.422456,551,959
9583,2025-01-18 17:00:56.422456,262,959
9584,2025-01-18 17:00:56.422456,516,959
9585,2025-01-18 17:00:56.422456,590,959
9586,2025-01-18 17:00:56.422456,432,959
9587,2025-01-18 17:00:56.422456,428,959
9588,2025-01-18 17:00:56.422456,376,959
9589,2025-01-18 17:00:56.422456,451,959
9590,2025-01-18 17:00:56.422456,460,959
9591,2025-01-18 17:00:56.422456,312,960
9592,2025-01-18 17:00:56.422456,200,960
9593,2025-01-18 17:00:56.422456,475,960
9594,2025-01-18 17:00:56.422456,320,960
9595,2025-01-18 17:00:56.422456,398,960
9596,2025-01-18 17:00:56.422456,400,960
9597,2025-01-18 17:00:56.422456,642,960
9598,2025-01-18 17:00:56.422456,231,960
9599,2025-01-18 17:00:56.422456,664,960
9600,2025-01-18 17:00:56.422456,274,960
9601,2025-01-18 17:00:56.422456,567,961
9602,2025-01-18 17:00:56.422456,204,961
9603,2025-01-18 17:00:56.422456,397,961
9604,2025-01-18 17:00:56.422456,550,961
9605,2025-01-18 17:00:56.422456,255,961
9606,2025-01-18 17:00:56.422456,467,961
9607,2025-01-18 17:00:56.422456,259,961
9608,2025-01-18 17:00:56.422456,338,961
9609,2025-01-18 17:00:56.422456,295,961
9610,2025-01-18 17:00:56.422456,585,961
9611,2025-01-18 17:00:56.422456,431,962
9612,2025-01-18 17:00:56.422456,335,962
9613,2025-01-18 17:00:56.422456,420,962
9614,2025-01-18 17:00:56.422456,401,962
9615,2025-01-18 17:00:56.422456,561,962
9616,2025-01-18 17:00:56.422456,280,962
9617,2025-01-18 17:00:56.422456,293,962
9618,2025-01-18 17:00:56.422456,363,962
9619,2025-01-18 17:00:56.422456,204,962
9620,2025-01-18 17:00:56.422456,495,962
9621,2025-01-18 17:00:56.422456,576,963
9622,2025-01-18 17:00:56.422456,312,963
9623,2025-01-18 17:00:56.422456,657,963
9624,2025-01-18 17:00:56.422456,631,963
9625,2025-01-18 17:00:56.422456,644,963
9626,2025-01-18 17:00:56.422456,636,963
9627,2025-01-18 17:00:56.422456,473,963
9628,2025-01-18 17:00:56.422456,354,963
9629,2025-01-18 17:00:56.422456,275,963
9630,2025-01-18 17:00:56.422456,373,963
9631,2025-01-18 17:00:56.422456,512,964
9632,2025-01-18 17:00:56.422456,503,964
9633,2025-01-18 17:00:56.422456,456,964
9634,2025-01-18 17:00:56.422456,278,964
9635,2025-01-18 17:00:56.422456,643,964
9636,2025-01-18 17:00:56.422456,578,964
9637,2025-01-18 17:00:56.422456,495,964
9638,2025-01-18 17:00:56.422456,430,964
9639,2025-01-18 17:00:56.422456,651,964
9640,2025-01-18 17:00:56.422456,217,964
9641,2025-01-18 17:00:56.422456,366,965
9642,2025-01-18 17:00:56.422456,249,965
9643,2025-01-18 17:00:56.422456,296,965
9644,2025-01-18 17:00:56.422456,234,965
9645,2025-01-18 17:00:56.422456,218,965
9646,2025-01-18 17:00:56.422456,442,965
9647,2025-01-18 17:00:56.422456,199,965
9648,2025-01-18 17:00:56.423453,494,965
9649,2025-01-18 17:00:56.423453,621,965
9650,2025-01-18 17:00:56.423453,511,965
9651,2025-01-18 17:00:56.423453,662,966
9652,2025-01-18 17:00:56.423453,276,966
9653,2025-01-18 17:00:56.423453,619,966
9654,2025-01-18 17:00:56.423453,465,966
9655,2025-01-18 17:00:56.423453,215,966
9656,2025-01-18 17:00:56.423453,394,966
9657,2025-01-18 17:00:56.423453,665,966
9658,2025-01-18 17:00:56.427443,552,966
9659,2025-01-18 17:00:56.427443,286,966
9660,2025-01-18 17:00:56.427443,588,966
9661,2025-01-18 17:00:56.427443,488,967
9662,2025-01-18 17:00:56.427443,323,967
9663,2025-01-18 17:00:56.427443,481,967
9664,2025-01-18 17:00:56.427443,569,967
9665,2025-01-18 17:00:56.427443,477,967
9666,2025-01-18 17:00:56.427443,319,967
9667,2025-01-18 17:00:56.427443,431,967
9668,2025-01-18 17:00:56.427443,665,967
9669,2025-01-18 17:00:56.427443,592,967
9670,2025-01-18 17:00:56.427443,377,967
9671,2025-01-18 17:00:56.427443,600,968
9672,2025-01-18 17:00:56.427443,293,968
9673,2025-01-18 17:00:56.427443,640,968
9674,2025-01-18 17:00:56.427443,316,968
9675,2025-01-18 17:00:56.427443,595,968
9676,2025-01-18 17:00:56.427443,224,968
9677,2025-01-18 17:00:56.427443,615,968
9678,2025-01-18 17:00:56.427443,308,968
9679,2025-01-18 17:00:56.428440,446,968
9680,2025-01-18 17:00:56.428440,342,968
9681,2025-01-18 17:00:56.428440,595,969
9682,2025-01-18 17:00:56.428440,334,969
9683,2025-01-18 17:00:56.428440,357,969
9684,2025-01-18 17:00:56.428440,576,969
9685,2025-01-18 17:00:56.428440,594,969
9686,2025-01-18 17:00:56.428440,353,969
9687,2025-01-18 17:00:56.428440,292,969
9688,2025-01-18 17:00:56.428440,344,969
9689,2025-01-18 17:00:56.428440,458,969
9690,2025-01-18 17:00:56.428440,424,969
9691,2025-01-18 17:00:56.428440,286,970
9692,2025-01-18 17:00:56.428440,619,970
9693,2025-01-18 17:00:56.428440,359,970
9694,2025-01-18 17:00:56.428440,370,970
9695,2025-01-18 17:00:56.428440,322,970
9696,2025-01-18 17:00:56.428440,365,970
9697,2025-01-18 17:00:56.428440,305,970
9698,2025-01-18 17:00:56.428440,245,970
9699,2025-01-18 17:00:56.428440,505,970
9700,2025-01-18 17:00:56.428440,639,970
9701,2025-01-18 17:00:56.428440,368,971
9702,2025-01-18 17:00:56.428440,469,971
9703,2025-01-18 17:00:56.428440,308,971
9704,2025-01-18 17:00:56.428440,246,971
9705,2025-01-18 17:00:56.428440,647,971
9706,2025-01-18 17:00:56.428440,591,971
9707,2025-01-18 17:00:56.428440,355,971
9708,2025-01-18 17:00:56.428440,304,971
9709,2025-01-18 17:00:56.428440,515,971
9710,2025-01-18 17:00:56.428440,587,971
9711,2025-01-18 17:00:56.428440,632,972
9712,2025-01-18 17:00:56.428440,511,972
9713,2025-01-18 17:00:56.428440,430,972
9714,2025-01-18 17:00:56.428440,628,972
9715,2025-01-18 17:00:56.428440,339,972
9716,2025-01-18 17:00:56.428440,331,972
9717,2025-01-18 17:00:56.428440,556,972
9718,2025-01-18 17:00:56.428440,587,972
9719,2025-01-18 17:00:56.428440,446,972
9720,2025-01-18 17:00:56.428440,611,972
9721,2025-01-18 17:00:56.428440,427,973
9722,2025-01-18 17:00:56.428440,214,973
9723,2025-01-18 17:00:56.428440,354,973
9724,2025-01-18 17:00:56.428440,654,973
9725,2025-01-18 17:00:56.428440,247,973
9726,2025-01-18 17:00:56.428440,583,973
9727,2025-01-18 17:00:56.428440,599,973
9728,2025-01-18 17:00:56.428440,561,973
9729,2025-01-18 17:00:56.428440,498,973
9730,2025-01-18 17:00:56.428440,543,973
9731,2025-01-18 17:00:56.428440,348,974
9732,2025-01-18 17:00:56.428440,560,974
9733,2025-01-18 17:00:56.428440,472,974
9734,2025-01-18 17:00:56.428440,577,974
9735,2025-01-18 17:00:56.428440,315,974
9736,2025-01-18 17:00:56.428440,312,974
9737,2025-01-18 17:00:56.428440,240,974
9738,2025-01-18 17:00:56.428440,524,974
9739,2025-01-18 17:00:56.428440,629,974
9740,2025-01-18 17:00:56.428440,408,974
9741,2025-01-18 17:00:56.428440,388,975
9742,2025-01-18 17:00:56.428440,453,975
9743,2025-01-18 17:00:56.428440,335,975
9744,2025-01-18 17:00:56.428440,502,975
9745,2025-01-18 17:00:56.428440,565,975
9746,2025-01-18 17:00:56.428440,451,975
9747,2025-01-18 17:00:56.428440,550,975
9748,2025-01-18 17:00:56.428440,319,975
9749,2025-01-18 17:00:56.428440,552,975
9750,2025-01-18 17:00:56.428440,534,975
9751,2025-01-18 17:00:56.428440,330,976
9752,2025-01-18 17:00:56.428440,196,976
9753,2025-01-18 17:00:56.428440,446,976
9754,2025-01-18 17:00:56.428440,258,976
9755,2025-01-18 17:00:56.428440,373,976
9756,2025-01-18 17:00:56.428440,564,976
9757,2025-01-18 17:00:56.428440,601,976
9758,2025-01-18 17:00:56.428440,310,976
9759,2025-01-18 17:00:56.428440,475,976
9760,2025-01-18 17:00:56.428440,211,976
9761,2025-01-18 17:00:56.428440,200,977
9762,2025-01-18 17:00:56.428440,242,977
9763,2025-01-18 17:00:56.428440,276,977
9764,2025-01-18 17:00:56.428440,302,977
9765,2025-01-18 17:00:56.428440,518,977
9766,2025-01-18 17:00:56.428440,419,977
9767,2025-01-18 17:00:56.428440,408,977
9768,2025-01-18 17:00:56.428440,517,977
9769,2025-01-18 17:00:56.428440,624,977
9770,2025-01-18 17:00:56.428440,399,977
9771,2025-01-18 17:00:56.428440,465,978
9772,2025-01-18 17:00:56.428440,258,978
9773,2025-01-18 17:00:56.428440,458,978
9774,2025-01-18 17:00:56.428440,391,978
9775,2025-01-18 17:00:56.428440,615,978
9776,2025-01-18 17:00:56.428440,605,978
9777,2025-01-18 17:00:56.429437,554,978
9778,2025-01-18 17:00:56.429437,388,978
9779,2025-01-18 17:00:56.429437,196,978
9780,2025-01-18 17:00:56.429437,502,978
9781,2025-01-18 17:00:56.429437,387,979
9782,2025-01-18 17:00:56.429437,485,979
9783,2025-01-18 17:00:56.429437,625,979
9784,2025-01-18 17:00:56.429437,597,979
9785,2025-01-18 17:00:56.429437,402,979
9786,2025-01-18 17:00:56.429437,289,979
9787,2025-01-18 17:00:56.429437,301,979
9788,2025-01-18 17:00:56.429437,525,979
9789,2025-01-18 17:00:56.429437,405,979
9790,2025-01-18 17:00:56.429437,245,979
9791,2025-01-18 17:00:56.429437,315,980
9792,2025-01-18 17:00:56.429437,542,980
9793,2025-01-18 17:00:56.429437,311,980
9794,2025-01-18 17:00:56.429437,393,980
9795,2025-01-18 17:00:56.429437,652,980
9796,2025-01-18 17:00:56.429437,667,980
9797,2025-01-18 17:00:56.429437,264,980
9798,2025-01-18 17:00:56.429437,656,980
9799,2025-01-18 17:00:56.429437,274,980
9800,2025-01-18 17:00:56.429437,403,980
9801,2025-01-18 17:00:56.429437,652,981
9802,2025-01-18 17:00:56.429437,210,981
9803,2025-01-18 17:00:56.429437,298,981
9804,2025-01-18 17:00:56.429437,335,981
9805,2025-01-18 17:00:56.429437,312,981
9806,2025-01-18 17:00:56.429437,627,981
9807,2025-01-18 17:00:56.429437,640,981
9808,2025-01-18 17:00:56.429437,330,981
9809,2025-01-18 17:00:56.429437,513,981
9810,2025-01-18 17:00:56.429437,247,981
9811,2025-01-18 17:00:56.429437,301,982
9812,2025-01-18 17:00:56.429437,250,982
9813,2025-01-18 17:00:56.429437,293,982
9814,2025-01-18 17:00:56.429437,418,982
9815,2025-01-18 17:00:56.429437,466,982
9816,2025-01-18 17:00:56.429437,277,982
9817,2025-01-18 17:00:56.429437,499,982
9818,2025-01-18 17:00:56.429437,616,982
9819,2025-01-18 17:00:56.429437,438,982
9820,2025-01-18 17:00:56.429437,472,982
9821,2025-01-18 17:00:56.429437,458,983
9822,2025-01-18 17:00:56.429437,517,983
9823,2025-01-18 17:00:56.429437,202,983
9824,2025-01-18 17:00:56.429437,308,983
9825,2025-01-18 17:00:56.429437,553,983
9826,2025-01-18 17:00:56.429437,407,983
9827,2025-01-18 17:00:56.429437,375,983
9828,2025-01-18 17:00:56.429437,244,983
9829,2025-01-18 17:00:56.429437,483,983
9830,2025-01-18 17:00:56.429437,474,983
9831,2025-01-18 17:00:56.429437,308,984
9832,2025-01-18 17:00:56.429437,295,984
9833,2025-01-18 17:00:56.429437,322,984
9834,2025-01-18 17:00:56.429437,436,984
9835,2025-01-18 17:00:56.429437,583,984
9836,2025-01-18 17:00:56.429437,251,984
9837,2025-01-18 17:00:56.429437,339,984
9838,2025-01-18 17:00:56.429437,286,984
9839,2025-01-18 17:00:56.429437,455,984
9840,2025-01-18 17:00:56.429437,492,984
9841,2025-01-18 17:00:56.429437,328,985
9842,2025-01-18 17:00:56.429437,537,985
9843,2025-01-18 17:00:56.429437,219,985
9844,2025-01-18 17:00:56.429437,445,985
9845,2025-01-18 17:00:56.429437,364,985
9846,2025-01-18 17:00:56.429437,300,985
9847,2025-01-18 17:00:56.429437,268,985
9848,2025-01-18 17:00:56.429437,667,985
9849,2025-01-18 17:00:56.429437,548,985
9850,2025-01-18 17:00:56.429437,604,985
9851,2025-01-18 17:00:56.429437,431,986
9852,2025-01-18 17:00:56.429437,220,986
9853,2025-01-18 17:00:56.429437,223,986
9854,2025-01-18 17:00:56.429437,374,986
9855,2025-01-18 17:00:56.429437,347,986
9856,2025-01-18 17:00:56.429437,439,986
9857,2025-01-18 17:00:56.429437,472,986
9858,2025-01-18 17:00:56.429437,448,986
9859,2025-01-18 17:00:56.429437,559,986
9860,2025-01-18 17:00:56.429437,607,986
9861,2025-01-18 17:00:56.429437,340,987
9862,2025-01-18 17:00:56.429437,347,987
9863,2025-01-18 17:00:56.429437,579,987
9864,2025-01-18 17:00:56.429437,455,987
9865,2025-01-18 17:00:56.429437,339,987
9866,2025-01-18 17:00:56.429437,522,987
9867,2025-01-18 17:00:56.429437,581,987
9868,2025-01-18 17:00:56.429437,285,987
9869,2025-01-18 17:00:56.429437,197,987
9870,2025-01-18 17:00:56.429437,551,987
9871,2025-01-18 17:00:56.429437,443,988
9872,2025-01-18 17:00:56.429437,280,988
9873,2025-01-18 17:00:56.429437,206,988
9874,2025-01-18 17:00:56.430434,534,988
9875,2025-01-18 17:00:56.430434,395,988
9876,2025-01-18 17:00:56.430434,587,988
9877,2025-01-18 17:00:56.430434,428,988
9878,2025-01-18 17:00:56.430434,666,988
9879,2025-01-18 17:00:56.430434,315,988
9880,2025-01-18 17:00:56.430434,448,988
9881,2025-01-18 17:00:56.430434,501,989
9882,2025-01-18 17:00:56.430434,555,989
9883,2025-01-18 17:00:56.430434,419,989
9884,2025-01-18 17:00:56.430434,311,989
9885,2025-01-18 17:00:56.430434,506,989
9886,2025-01-18 17:00:56.430434,360,989
9887,2025-01-18 17:00:56.430434,548,989
9888,2025-01-18 17:00:56.430434,426,989
9889,2025-01-18 17:00:56.430434,233,989
9890,2025-01-18 17:00:56.430434,377,989
9891,2025-01-18 17:00:56.430434,370,990
9892,2025-01-18 17:00:56.430434,631,990
9893,2025-01-18 17:00:56.430434,601,990
9894,2025-01-18 17:00:56.430434,446,990
9895,2025-01-18 17:00:56.430434,342,990
9896,2025-01-18 17:00:56.430434,330,990
9897,2025-01-18 17:00:56.430434,410,990
9898,2025-01-18 17:00:56.430434,635,990
9899,2025-01-18 17:00:56.430434,478,990
9900,2025-01-18 17:00:56.430434,263,990
9901,2025-01-18 17:00:56.430434,365,991
9902,2025-01-18 17:00:56.430434,459,991
9903,2025-01-18 17:00:56.430434,307,991
9904,2025-01-18 17:00:56.430434,435,991
9905,2025-01-18 17:00:56.430434,468,991
9906,2025-01-18 17:00:56.430434,404,991
9907,2025-01-18 17:00:56.430434,260,991
9908,2025-01-18 17:00:56.430434,593,991
9909,2025-01-18 17:00:56.430434,308,991
9910,2025-01-18 17:00:56.430434,373,991
9911,2025-01-18 17:00:56.430434,639,992
9912,2025-01-18 17:00:56.430434,420,992
9913,2025-01-18 17:00:56.430434,486,992
9914,2025-01-18 17:00:56.430434,205,992
9915,2025-01-18 17:00:56.430434,327,992
9916,2025-01-18 17:00:56.430434,350,992
9917,2025-01-18 17:00:56.430434,293,992
9918,2025-01-18 17:00:56.430434,630,992
9919,2025-01-18 17:00:56.430434,249,992
9920,2025-01-18 17:00:56.430434,365,992
9921,2025-01-18 17:00:56.430434,539,993
9922,2025-01-18 17:00:56.430434,206,993
9923,2025-01-18 17:00:56.430434,548,993
9924,2025-01-18 17:00:56.430434,420,993
9925,2025-01-18 17:00:56.430434,274,993
9926,2025-01-18 17:00:56.430434,380,993
9927,2025-01-18 17:00:56.430434,377,993
9928,2025-01-18 17:00:56.430434,576,993
9929,2025-01-18 17:00:56.430434,559,993
9930,2025-01-18 17:00:56.430434,596,993
9931,2025-01-18 17:00:56.430434,392,994
9932,2025-01-18 17:00:56.430434,659,994
9933,2025-01-18 17:00:56.430434,290,994
9934,2025-01-18 17:00:56.430434,426,994
9935,2025-01-18 17:00:56.430434,402,994
9936,2025-01-18 17:00:56.430434,222,994
9937,2025-01-18 17:00:56.430434,204,994
9938,2025-01-18 17:00:56.430434,499,994
9939,2025-01-18 17:00:56.430434,326,994
9940,2025-01-18 17:00:56.430434,268,994
9941,2025-01-18 17:00:56.430434,450,995
9942,2025-01-18 17:00:56.430434,574,995
9943,2025-01-18 17:00:56.430434,666,995
9944,2025-01-18 17:00:56.430434,379,995
9945,2025-01-18 17:00:56.430434,385,995
9946,2025-01-18 17:00:56.430434,568,995
9947,2025-01-18 17:00:56.430434,565,995
9948,2025-01-18 17:00:56.430434,623,995
9949,2025-01-18 17:00:56.430434,542,995
9950,2025-01-18 17:00:56.430434,337,995
9951,2025-01-18 17:00:56.430434,393,996
9952,2025-01-18 17:00:56.430434,584,996
9953,2025-01-18 17:00:56.430434,328,996
9954,2025-01-18 17:00:56.430434,523,996
9955,2025-01-18 17:00:56.430434,238,996
9956,2025-01-18 17:00:56.430434,286,996
9957,2025-01-18 17:00:56.430434,300,996
9958,2025-01-18 17:00:56.430434,452,996
9959,2025-01-18 17:00:56.430434,234,996
9960,2025-01-18 17:00:56.430434,443,996
9961,2025-01-18 17:00:56.430434,485,997
9962,2025-01-18 17:00:56.430434,398,997
9963,2025-01-18 17:00:56.430434,319,997
9964,2025-01-18 17:00:56.430434,261,997
9965,2025-01-18 17:00:56.430434,382,997
9966,2025-01-18 17:00:56.430434,593,997
9967,2025-01-18 17:00:56.430434,436,997
9968,2025-01-18 17:00:56.430434,484,997
9969,2025-01-18 17:00:56.430434,476,997
9970,2025-01-18 17:00:56.430434,449,997
9971,2025-01-18 17:00:56.430434,333,998
9972,2025-01-18 17:00:56.431432,501,998
9973,2025-01-18 17:00:56.431432,499,998
9974,2025-01-18 17:00:56.431432,315,998
9975,2025-01-18 17:00:56.431432,291,998
9976,2025-01-18 17:00:56.431432,440,998
9977,2025-01-18 17:00:56.431432,651,998
9978,2025-01-18 17:00:56.431432,360,998
9979,2025-01-18 17:00:56.431432,640,998
9980,2025-01-18 17:00:56.431432,638,998
9981,2025-01-18 17:00:56.431432,462,999
9982,2025-01-18 17:00:56.431432,445,999
9983,2025-01-18 17:00:56.431432,252,999
9984,2025-01-18 17:00:56.431432,427,999
9985,2025-01-18 17:00:56.431432,641,999
9986,2025-01-18 17:00:56.431432,379,999
9987,2025-01-18 17:00:56.431432,351,999
9988,2025-01-18 17:00:56.431432,313,999
9989,2025-01-18 17:00:56.431432,613,999
9990,2025-01-18 17:00:56.431432,270,999
9991,2025-01-18 17:00:56.435421,529,1000
9992,2025-01-18 17:00:56.435421,244,1000
9993,2025-01-18 17:00:56.435421,342,1000
9994,2025-01-18 17:00:56.435421,238,1000
9995,2025-01-18 17:00:56.435421,641,1000
9996,2025-01-18 17:00:56.435421,223,1000
9997,2025-01-18 17:00:56.435421,621,1000
9998,2025-01-18 17:00:56.435421,351,1000
9999,2025-01-18 17:00:56.435421,628,1000
10000,2025-01-18 17:00:56.435421,373,1000
10001,2025-01-18 17:00:56.435421,517,1001
10002,2025-01-18 17:00:56.435421,549,1001
10003,2025-01-18 17:00:56.435421,253,1001
10004,2025-01-18 17:00:56.435421,648,1001
10005,2025-01-18 17:00:56.435421,277,1001
10006,2025-01-18 17:00:56.435421,367,1001
10007,2025-01-18 17:00:56.435421,588,1001
10008,2025-01-18 17:00:56.435421,524,1001
10009,2025-01-18 17:00:56.435421,355,1001
10010,2025-01-18 17:00:56.435421,492,1001
10011,2025-01-18 17:00:56.435421,438,1002
10012,2025-01-18 17:00:56.435421,245,1002
10013,2025-01-18 17:00:56.436419,462,1002
10014,2025-01-18 17:00:56.436419,281,1002
10015,2025-01-18 17:00:56.436419,559,1002
10016,2025-01-18 17:00:56.436419,248,1002
10017,2025-01-18 17:00:56.436419,537,1002
10018,2025-01-18 17:00:56.436419,222,1002
10019,2025-01-18 17:00:56.436419,372,1002
10020,2025-01-18 17:00:56.436419,492,1002
10021,2025-01-18 17:00:56.436419,262,1003
10022,2025-01-18 17:00:56.436419,457,1003
10023,2025-01-18 17:00:56.436419,221,1003
10024,2025-01-18 17:00:56.436419,485,1003
10025,2025-01-18 17:00:56.436419,406,1003
10026,2025-01-18 17:00:56.436419,336,1003
10027,2025-01-18 17:00:56.436419,250,1003
10028,2025-01-18 17:00:56.436419,243,1003
10029,2025-01-18 17:00:56.436419,517,1003
10030,2025-01-18 17:00:56.436419,291,1003
10031,2025-01-18 17:00:56.436419,204,1004
10032,2025-01-18 17:00:56.436419,543,1004
10033,2025-01-18 17:00:56.436419,541,1004
10034,2025-01-18 17:00:56.436419,655,1004
10035,2025-01-18 17:00:56.436419,362,1004
10036,2025-01-18 17:00:56.436419,506,1004
10037,2025-01-18 17:00:56.436419,278,1004
10038,2025-01-18 17:00:56.436419,525,1004
10039,2025-01-18 17:00:56.436419,502,1004
10040,2025-01-18 17:00:56.436419,384,1004
10041,2025-01-18 17:00:56.436419,517,1005
10042,2025-01-18 17:00:56.436419,603,1005
10043,2025-01-18 17:00:56.436419,471,1005
10044,2025-01-18 17:00:56.436419,490,1005
10045,2025-01-18 17:00:56.436419,409,1005
10046,2025-01-18 17:00:56.436419,314,1005
10047,2025-01-18 17:00:56.436419,384,1005
10048,2025-01-18 17:00:56.436419,633,1005
10049,2025-01-18 17:00:56.436419,529,1005
10050,2025-01-18 17:00:56.436419,410,1005
10051,2025-01-18 17:00:56.436419,297,1006
10052,2025-01-18 17:00:56.436419,201,1006
10053,2025-01-18 17:00:56.436419,586,1006
10054,2025-01-18 17:00:56.436419,454,1006
10055,2025-01-18 17:00:56.436419,597,1006
10056,2025-01-18 17:00:56.436419,436,1006
10057,2025-01-18 17:00:56.436419,226,1006
10058,2025-01-18 17:00:56.436419,338,1006
10059,2025-01-18 17:00:56.436419,567,1006
10060,2025-01-18 17:00:56.436419,288,1006
10061,2025-01-18 17:00:56.436419,299,1007
10062,2025-01-18 17:00:56.436419,568,1007
10063,2025-01-18 17:00:56.436419,389,1007
10064,2025-01-18 17:00:56.436419,525,1007
10065,2025-01-18 17:00:56.436419,349,1007
10066,2025-01-18 17:00:56.436419,527,1007
10067,2025-01-18 17:00:56.436419,505,1007
10068,2025-01-18 17:00:56.436419,624,1007
10069,2025-01-18 17:00:56.436419,571,1007
10070,2025-01-18 17:00:56.436419,662,1007
10071,2025-01-18 17:00:56.436419,618,1008
10072,2025-01-18 17:00:56.436419,354,1008
10073,2025-01-18 17:00:56.436419,493,1008
10074,2025-01-18 17:00:56.436419,267,1008
10075,2025-01-18 17:00:56.436419,373,1008
10076,2025-01-18 17:00:56.436419,358,1008
10077,2025-01-18 17:00:56.436419,654,1008
10078,2025-01-18 17:00:56.436419,431,1008
10079,2025-01-18 17:00:56.436419,542,1008
10080,2025-01-18 17:00:56.436419,665,1008
10081,2025-01-18 17:00:56.436419,536,1009
10082,2025-01-18 17:00:56.436419,321,1009
10083,2025-01-18 17:00:56.436419,621,1009
10084,2025-01-18 17:00:56.436419,349,1009
10085,2025-01-18 17:00:56.436419,457,1009
10086,2025-01-18 17:00:56.436419,399,1009
10087,2025-01-18 17:00:56.436419,439,1009
10088,2025-01-18 17:00:56.436419,505,1009
10089,2025-01-18 17:00:56.436419,240,1009
10090,2025-01-18 17:00:56.436419,337,1009
10091,2025-01-18 17:00:56.436419,380,1010
10092,2025-01-18 17:00:56.436419,414,1010
10093,2025-01-18 17:00:56.436419,476,1010
10094,2025-01-18 17:00:56.436419,346,1010
10095,2025-01-18 17:00:56.436419,291,1010
10096,2025-01-18 17:00:56.436419,596,1010
10097,2025-01-18 17:00:56.436419,606,1010
10098,2025-01-18 17:00:56.436419,336,1010
10099,2025-01-18 17:00:56.436419,226,1010
10100,2025-01-18 17:00:56.436419,501,1010
10101,2025-01-18 17:00:56.436419,225,1011
10102,2025-01-18 17:00:56.436419,208,1011
10103,2025-01-18 17:00:56.436419,235,1011
10104,2025-01-18 17:00:56.437416,555,1011
10105,2025-01-18 17:00:56.437416,344,1011
10106,2025-01-18 17:00:56.437416,559,1011
10107,2025-01-18 17:00:56.437416,489,1011
10108,2025-01-18 17:00:56.437416,461,1011
10109,2025-01-18 17:00:56.437416,565,1011
10110,2025-01-18 17:00:56.437416,533,1011
10111,2025-01-18 17:00:56.437416,479,1012
10112,2025-01-18 17:00:56.437416,219,1012
10113,2025-01-18 17:00:56.437416,545,1012
10114,2025-01-18 17:00:56.437416,448,1012
10115,2025-01-18 17:00:56.437416,611,1012
10116,2025-01-18 17:00:56.437416,254,1012
10117,2025-01-18 17:00:56.437416,633,1012
10118,2025-01-18 17:00:56.437416,477,1012
10119,2025-01-18 17:00:56.437416,589,1012
10120,2025-01-18 17:00:56.437416,222,1012
10121,2025-01-18 17:00:56.437416,442,1013
10122,2025-01-18 17:00:56.437416,276,1013
10123,2025-01-18 17:00:56.437416,510,1013
10124,2025-01-18 17:00:56.437416,525,1013
10125,2025-01-18 17:00:56.437416,419,1013
10126,2025-01-18 17:00:56.437416,374,1013
10127,2025-01-18 17:00:56.437416,288,1013
10128,2025-01-18 17:00:56.437416,650,1013
10129,2025-01-18 17:00:56.437416,294,1013
10130,2025-01-18 17:00:56.437416,518,1013
10131,2025-01-18 17:00:56.437416,341,1014
10132,2025-01-18 17:00:56.437416,537,1014
10133,2025-01-18 17:00:56.437416,486,1014
10134,2025-01-18 17:00:56.437416,591,1014
10135,2025-01-18 17:00:56.437416,227,1014
10136,2025-01-18 17:00:56.437416,595,1014
10137,2025-01-18 17:00:56.437416,205,1014
10138,2025-01-18 17:00:56.437416,626,1014
10139,2025-01-18 17:00:56.437416,487,1014
10140,2025-01-18 17:00:56.437416,608,1014
10141,2025-01-18 17:00:56.437416,450,1015
10142,2025-01-18 17:00:56.437416,392,1015
10143,2025-01-18 17:00:56.437416,343,1015
10144,2025-01-18 17:00:56.437416,211,1015
10145,2025-01-18 17:00:56.437416,598,1015
10146,2025-01-18 17:00:56.437416,416,1015
10147,2025-01-18 17:00:56.437416,408,1015
10148,2025-01-18 17:00:56.437416,298,1015
10149,2025-01-18 17:00:56.437416,214,1015
10150,2025-01-18 17:00:56.437416,578,1015
10151,2025-01-18 17:00:56.437416,397,1016
10152,2025-01-18 17:00:56.437416,319,1016
10153,2025-01-18 17:00:56.437416,384,1016
10154,2025-01-18 17:00:56.437416,366,1016
10155,2025-01-18 17:00:56.437416,242,1016
10156,2025-01-18 17:00:56.437416,342,1016
10157,2025-01-18 17:00:56.437416,450,1016
10158,2025-01-18 17:00:56.437416,398,1016
10159,2025-01-18 17:00:56.437416,339,1016
10160,2025-01-18 17:00:56.437416,259,1016
10161,2025-01-18 17:00:56.437416,292,1017
10162,2025-01-18 17:00:56.437416,432,1017
10163,2025-01-18 17:00:56.437416,396,1017
10164,2025-01-18 17:00:56.437416,470,1017
10165,2025-01-18 17:00:56.437416,227,1017
10166,2025-01-18 17:00:56.437416,545,1017
10167,2025-01-18 17:00:56.437416,541,1017
10168,2025-01-18 17:00:56.437416,291,1017
10169,2025-01-18 17:00:56.437416,571,1017
10170,2025-01-18 17:00:56.437416,288,1017
10171,2025-01-18 17:00:56.437416,246,1018
10172,2025-01-18 17:00:56.437416,233,1018
10173,2025-01-18 17:00:56.437416,257,1018
10174,2025-01-18 17:00:56.437416,298,1018
10175,2025-01-18 17:00:56.437416,479,1018
10176,2025-01-18 17:00:56.437416,575,1018
10177,2025-01-18 17:00:56.437416,519,1018
10178,2025-01-18 17:00:56.437416,529,1018
10179,2025-01-18 17:00:56.437416,276,1018
10180,2025-01-18 17:00:56.437416,408,1018
10181,2025-01-18 17:00:56.437416,426,1019
10182,2025-01-18 17:00:56.437416,323,1019
10183,2025-01-18 17:00:56.437416,524,1019
10184,2025-01-18 17:00:56.437416,559,1019
10185,2025-01-18 17:00:56.437416,596,1019
10186,2025-01-18 17:00:56.437416,492,1019
10187,2025-01-18 17:00:56.437416,448,1019
10188,2025-01-18 17:00:56.437416,529,1019
10189,2025-01-18 17:00:56.437416,557,1019
10190,2025-01-18 17:00:56.437416,488,1019
10191,2025-01-18 17:00:56.437416,358,1020
10192,2025-01-18 17:00:56.437416,305,1020
10193,2025-01-18 17:00:56.437416,399,1020
10194,2025-01-18 17:00:56.437416,326,1020
10195,2025-01-18 17:00:56.438413,346,1020
10196,2025-01-18 17:00:56.438413,200,1020
10197,2025-01-18 17:00:56.438413,637,1020
10198,2025-01-18 17:00:56.438413,587,1020
10199,2025-01-18 17:00:56.438413,485,1020
10200,2025-01-18 17:00:56.438413,290,1020
10201,2025-01-18 17:00:56.438413,478,1021
10202,2025-01-18 17:00:56.438413,285,1021
10203,2025-01-18 17:00:56.438413,578,1021
10204,2025-01-18 17:00:56.438413,208,1021
10205,2025-01-18 17:00:56.438413,230,1021
10206,2025-01-18 17:00:56.438413,509,1021
10207,2025-01-18 17:00:56.438413,457,1021
10208,2025-01-18 17:00:56.438413,624,1021
10209,2025-01-18 17:00:56.438413,214,1021
10210,2025-01-18 17:00:56.438413,596,1021
10211,2025-01-18 17:00:56.438413,573,1022
10212,2025-01-18 17:00:56.438413,579,1022
10213,2025-01-18 17:00:56.438413,237,1022
10214,2025-01-18 17:00:56.438413,452,1022
10215,2025-01-18 17:00:56.438413,400,1022
10216,2025-01-18 17:00:56.438413,655,1022
10217,2025-01-18 17:00:56.438413,420,1022
10218,2025-01-18 17:00:56.438413,564,1022
10219,2025-01-18 17:00:56.438413,456,1022
10220,2025-01-18 17:00:56.438413,627,1022
10221,2025-01-18 17:00:56.438413,520,1023
10222,2025-01-18 17:00:56.438413,495,1023
10223,2025-01-18 17:00:56.438413,426,1023
10224,2025-01-18 17:00:56.438413,306,1023
10225,2025-01-18 17:00:56.438413,295,1023
10226,2025-01-18 17:00:56.438413,445,1023
10227,2025-01-18 17:00:56.438413,307,1023
10228,2025-01-18 17:00:56.438413,498,1023
10229,2025-01-18 17:00:56.438413,508,1023
10230,2025-01-18 17:00:56.438413,643,1023
10231,2025-01-18 17:00:56.438413,199,1024
10232,2025-01-18 17:00:56.438413,204,1024
10233,2025-01-18 17:00:56.438413,386,1024
10234,2025-01-18 17:00:56.438413,446,1024
10235,2025-01-18 17:00:56.438413,391,1024
10236,2025-01-18 17:00:56.438413,196,1024
10237,2025-01-18 17:00:56.438413,448,1024
10238,2025-01-18 17:00:56.438413,662,1024
10239,2025-01-18 17:00:56.438413,552,1024
10240,2025-01-18 17:00:56.438413,228,1024
10241,2025-01-18 17:00:56.438413,235,1025
10242,2025-01-18 17:00:56.438413,342,1025
10243,2025-01-18 17:00:56.438413,255,1025
10244,2025-01-18 17:00:56.438413,482,1025
10245,2025-01-18 17:00:56.438413,649,1025
10246,2025-01-18 17:00:56.438413,461,1025
10247,2025-01-18 17:00:56.438413,415,1025
10248,2025-01-18 17:00:56.438413,509,1025
10249,2025-01-18 17:00:56.438413,288,1025
10250,2025-01-18 17:00:56.438413,508,1025
10251,2025-01-18 17:00:56.438413,460,1026
10252,2025-01-18 17:00:56.438413,268,1026
10253,2025-01-18 17:00:56.438413,323,1026
10254,2025-01-18 17:00:56.438413,467,1026
10255,2025-01-18 17:00:56.438413,384,1026
10256,2025-01-18 17:00:56.438413,537,1026
10257,2025-01-18 17:00:56.438413,550,1026
10258,2025-01-18 17:00:56.438413,486,1026
10259,2025-01-18 17:00:56.438413,538,1026
10260,2025-01-18 17:00:56.438413,280,1026
10261,2025-01-18 17:00:56.438413,268,1027
10262,2025-01-18 17:00:56.438413,470,1027
10263,2025-01-18 17:00:56.438413,482,1027
10264,2025-01-18 17:00:56.438413,621,1027
10265,2025-01-18 17:00:56.438413,381,1027
10266,2025-01-18 17:00:56.438413,575,1027
10267,2025-01-18 17:00:56.438413,528,1027
10268,2025-01-18 17:00:56.438413,453,1027
10269,2025-01-18 17:00:56.438413,657,1027
10270,2025-01-18 17:00:56.438413,560,1027
10271,2025-01-18 17:00:56.438413,578,1028
10272,2025-01-18 17:00:56.438413,203,1028
10273,2025-01-18 17:00:56.438413,529,1028
10274,2025-01-18 17:00:56.438413,433,1028
10275,2025-01-18 17:00:56.438413,516,1028
10276,2025-01-18 17:00:56.438413,347,1028
10277,2025-01-18 17:00:56.438413,359,1028
10278,2025-01-18 17:00:56.438413,556,1028
10279,2025-01-18 17:00:56.438413,570,1028
10280,2025-01-18 17:00:56.438413,485,1028
10281,2025-01-18 17:00:56.438413,439,1029
10282,2025-01-18 17:00:56.438413,397,1029
10283,2025-01-18 17:00:56.438413,607,1029
10284,2025-01-18 17:00:56.438413,413,1029
10285,2025-01-18 17:00:56.438413,645,1029
10286,2025-01-18 17:00:56.438413,380,1029
10287,2025-01-18 17:00:56.438413,364,1029
10288,2025-01-18 17:00:56.438413,426,1029
10289,2025-01-18 17:00:56.438413,450,1029
10290,2025-01-18 17:00:56.439410,632,1029
10291,2025-01-18 17:00:56.439410,597,1030
10292,2025-01-18 17:00:56.439410,398,1030
10293,2025-01-18 17:00:56.439410,598,1030
10294,2025-01-18 17:00:56.439410,439,1030
10295,2025-01-18 17:00:56.439410,344,1030
10296,2025-01-18 17:00:56.439410,543,1030
10297,2025-01-18 17:00:56.439410,290,1030
10298,2025-01-18 17:00:56.439410,488,1030
10299,2025-01-18 17:00:56.439410,450,1030
10300,2025-01-18 17:00:56.439410,292,1030
10301,2025-01-18 17:00:56.439410,321,1031
10302,2025-01-18 17:00:56.439410,545,1031
10303,2025-01-18 17:00:56.439410,509,1031
10304,2025-01-18 17:00:56.439410,504,1031
10305,2025-01-18 17:00:56.439410,588,1031
10306,2025-01-18 17:00:56.439410,412,1031
10307,2025-01-18 17:00:56.439410,615,1031
10308,2025-01-18 17:00:56.439410,435,1031
10309,2025-01-18 17:00:56.439410,613,1031
10310,2025-01-18 17:00:56.439410,305,1031
10311,2025-01-18 17:00:56.439410,331,1032
10312,2025-01-18 17:00:56.439410,513,1032
10313,2025-01-18 17:00:56.439410,416,1032
10314,2025-01-18 17:00:56.439410,612,1032
10315,2025-01-18 17:00:56.439410,214,1032
10316,2025-01-18 17:00:56.439410,629,1032
10317,2025-01-18 17:00:56.439410,314,1032
10318,2025-01-18 17:00:56.439410,448,1032
10319,2025-01-18 17:00:56.439410,516,1032
10320,2025-01-18 17:00:56.439410,537,1032
10321,2025-01-18 17:00:56.439410,356,1033
10322,2025-01-18 17:00:56.439410,291,1033
10323,2025-01-18 17:00:56.439410,517,1033
10324,2025-01-18 17:00:56.444397,527,1033
10325,2025-01-18 17:00:56.444397,519,1033
10326,2025-01-18 17:00:56.444397,442,1033
10327,2025-01-18 17:00:56.444397,309,1033
10328,2025-01-18 17:00:56.444397,220,1033
10329,2025-01-18 17:00:56.444397,271,1033
10330,2025-01-18 17:00:56.444397,618,1033
10331,2025-01-18 17:00:56.444397,632,1034
10332,2025-01-18 17:00:56.444397,551,1034
10333,2025-01-18 17:00:56.444397,643,1034
10334,2025-01-18 17:00:56.444397,204,1034
10335,2025-01-18 17:00:56.444397,312,1034
10336,2025-01-18 17:00:56.444397,536,1034
10337,2025-01-18 17:00:56.444397,209,1034
10338,2025-01-18 17:00:56.444397,324,1034
10339,2025-01-18 17:00:56.444397,247,1034
10340,2025-01-18 17:00:56.444397,291,1034
10341,2025-01-18 17:00:56.444397,487,1035
10342,2025-01-18 17:00:56.444397,309,1035
10343,2025-01-18 17:00:56.444397,384,1035
10344,2025-01-18 17:00:56.444397,520,1035
10345,2025-01-18 17:00:56.444397,315,1035
10346,2025-01-18 17:00:56.444397,599,1035
10347,2025-01-18 17:00:56.444397,432,1035
10348,2025-01-18 17:00:56.444397,446,1035
10349,2025-01-18 17:00:56.444397,377,1035
10350,2025-01-18 17:00:56.444397,504,1035
10351,2025-01-18 17:00:56.444397,592,1036
10352,2025-01-18 17:00:56.444397,442,1036
10353,2025-01-18 17:00:56.444397,548,1036
10354,2025-01-18 17:00:56.444397,386,1036
10355,2025-01-18 17:00:56.444397,621,1036
10356,2025-01-18 17:00:56.444397,209,1036
10357,2025-01-18 17:00:56.444397,308,1036
10358,2025-01-18 17:00:56.444397,494,1036
10359,2025-01-18 17:00:56.444397,369,1036
10360,2025-01-18 17:00:56.444397,596,1036
10361,2025-01-18 17:00:56.444397,557,1037
10362,2025-01-18 17:00:56.444397,305,1037
10363,2025-01-18 17:00:56.444397,274,1037
10364,2025-01-18 17:00:56.444397,216,1037
10365,2025-01-18 17:00:56.444397,310,1037
10366,2025-01-18 17:00:56.444397,667,1037
10367,2025-01-18 17:00:56.444397,510,1037
10368,2025-01-18 17:00:56.444397,532,1037
10369,2025-01-18 17:00:56.444397,517,1037
10370,2025-01-18 17:00:56.444397,342,1037
10371,2025-01-18 17:00:56.444397,602,1038
10372,2025-01-18 17:00:56.444397,410,1038
10373,2025-01-18 17:00:56.444397,360,1038
10374,2025-01-18 17:00:56.444397,532,1038
10375,2025-01-18 17:00:56.444397,552,1038
10376,2025-01-18 17:00:56.444397,338,1038
10377,2025-01-18 17:00:56.444397,463,1038
10378,2025-01-18 17:00:56.444397,659,1038
10379,2025-01-18 17:00:56.444397,663,1038
10380,2025-01-18 17:00:56.444397,667,1038
10381,2025-01-18 17:00:56.444397,256,1039
10382,2025-01-18 17:00:56.444397,197,1039
10383,2025-01-18 17:00:56.444397,405,1039
10384,2025-01-18 17:00:56.444397,378,1039
10385,2025-01-18 17:00:56.444397,291,1039
10386,2025-01-18 17:00:56.444397,656,1039
10387,2025-01-18 17:00:56.444397,352,1039
10388,2025-01-18 17:00:56.444397,600,1039
10389,2025-01-18 17:00:56.444397,615,1039
10390,2025-01-18 17:00:56.444397,545,1039
10391,2025-01-18 17:00:56.444397,256,1040
10392,2025-01-18 17:00:56.444397,393,1040
10393,2025-01-18 17:00:56.444397,334,1040
10394,2025-01-18 17:00:56.444397,339,1040
10395,2025-01-18 17:00:56.444397,596,1040
10396,2025-01-18 17:00:56.444397,574,1040
10397,2025-01-18 17:00:56.444397,609,1040
10398,2025-01-18 17:00:56.444397,628,1040
10399,2025-01-18 17:00:56.444397,338,1040
10400,2025-01-18 17:00:56.444397,589,1040
10401,2025-01-18 17:00:56.444397,378,1041
10402,2025-01-18 17:00:56.444397,663,1041
10403,2025-01-18 17:00:56.444397,252,1041
10404,2025-01-18 17:00:56.444397,354,1041
10405,2025-01-18 17:00:56.444397,345,1041
10406,2025-01-18 17:00:56.444397,559,1041
10407,2025-01-18 17:00:56.445395,654,1041
10408,2025-01-18 17:00:56.445395,309,1041
10409,2025-01-18 17:00:56.445395,648,1041
10410,2025-01-18 17:00:56.445395,510,1041
10411,2025-01-18 17:00:56.445395,369,1042
10412,2025-01-18 17:00:56.445395,603,1042
10413,2025-01-18 17:00:56.445395,536,1042
10414,2025-01-18 17:00:56.445395,523,1042
10415,2025-01-18 17:00:56.445395,287,1042
10416,2025-01-18 17:00:56.445395,414,1042
10417,2025-01-18 17:00:56.445395,565,1042
10418,2025-01-18 17:00:56.445395,258,1042
10419,2025-01-18 17:00:56.445395,582,1042
10420,2025-01-18 17:00:56.445395,383,1042
10421,2025-01-18 17:00:56.445395,656,1043
10422,2025-01-18 17:00:56.445395,504,1043
10423,2025-01-18 17:00:56.445395,505,1043
10424,2025-01-18 17:00:56.445395,616,1043
10425,2025-01-18 17:00:56.445395,650,1043
10426,2025-01-18 17:00:56.445395,610,1043
10427,2025-01-18 17:00:56.445395,625,1043
10428,2025-01-18 17:00:56.445395,359,1043
10429,2025-01-18 17:00:56.445395,367,1043
10430,2025-01-18 17:00:56.445395,579,1043
10431,2025-01-18 17:00:56.445395,246,1044
10432,2025-01-18 17:00:56.445395,315,1044
10433,2025-01-18 17:00:56.445395,664,1044
10434,2025-01-18 17:00:56.445395,559,1044
10435,2025-01-18 17:00:56.445395,327,1044
10436,2025-01-18 17:00:56.445395,522,1044
10437,2025-01-18 17:00:56.445395,305,1044
10438,2025-01-18 17:00:56.445395,313,1044
10439,2025-01-18 17:00:56.445395,267,1044
10440,2025-01-18 17:00:56.445395,451,1044
10441,2025-01-18 17:00:56.445395,528,1045
10442,2025-01-18 17:00:56.445395,220,1045
10443,2025-01-18 17:00:56.445395,460,1045
10444,2025-01-18 17:00:56.445395,581,1045
10445,2025-01-18 17:00:56.445395,479,1045
10446,2025-01-18 17:00:56.445395,492,1045
10447,2025-01-18 17:00:56.445395,406,1045
10448,2025-01-18 17:00:56.445395,586,1045
10449,2025-01-18 17:00:56.445395,345,1045
10450,2025-01-18 17:00:56.445395,434,1045
10451,2025-01-18 17:00:56.445395,539,1046
10452,2025-01-18 17:00:56.445395,542,1046
10453,2025-01-18 17:00:56.445395,343,1046
10454,2025-01-18 17:00:56.445395,440,1046
10455,2025-01-18 17:00:56.445395,216,1046
10456,2025-01-18 17:00:56.445395,246,1046
10457,2025-01-18 17:00:56.445395,577,1046
10458,2025-01-18 17:00:56.445395,501,1046
10459,2025-01-18 17:00:56.445395,546,1046
10460,2025-01-18 17:00:56.445395,257,1046
10461,2025-01-18 17:00:56.445395,423,1047
10462,2025-01-18 17:00:56.445395,551,1047
10463,2025-01-18 17:00:56.445395,621,1047
10464,2025-01-18 17:00:56.445395,412,1047
10465,2025-01-18 17:00:56.445395,380,1047
10466,2025-01-18 17:00:56.445395,252,1047
10467,2025-01-18 17:00:56.445395,356,1047
10468,2025-01-18 17:00:56.445395,431,1047
10469,2025-01-18 17:00:56.445395,353,1047
10470,2025-01-18 17:00:56.445395,440,1047
10471,2025-01-18 17:00:56.445395,659,1048
10472,2025-01-18 17:00:56.445395,367,1048
10473,2025-01-18 17:00:56.445395,304,1048
10474,2025-01-18 17:00:56.445395,329,1048
10475,2025-01-18 17:00:56.445395,343,1048
10476,2025-01-18 17:00:56.445395,358,1048
10477,2025-01-18 17:00:56.445395,498,1048
10478,2025-01-18 17:00:56.445395,543,1048
10479,2025-01-18 17:00:56.445395,256,1048
10480,2025-01-18 17:00:56.445395,483,1048
10481,2025-01-18 17:00:56.445395,348,1049
10482,2025-01-18 17:00:56.445395,545,1049
10483,2025-01-18 17:00:56.445395,386,1049
10484,2025-01-18 17:00:56.445395,667,1049
10485,2025-01-18 17:00:56.445395,584,1049
10486,2025-01-18 17:00:56.445395,335,1049
10487,2025-01-18 17:00:56.445395,604,1049
10488,2025-01-18 17:00:56.445395,305,1049
10489,2025-01-18 17:00:56.445395,636,1049
10490,2025-01-18 17:00:56.445395,662,1049
10491,2025-01-18 17:00:56.445395,202,1050
10492,2025-01-18 17:00:56.445395,402,1050
10493,2025-01-18 17:00:56.445395,459,1050
10494,2025-01-18 17:00:56.445395,476,1050
10495,2025-01-18 17:00:56.445395,535,1050
10496,2025-01-18 17:00:56.445395,662,1050
10497,2025-01-18 17:00:56.445395,416,1050
10498,2025-01-18 17:00:56.445395,328,1050
10499,2025-01-18 17:00:56.445395,509,1050
10500,2025-01-18 17:00:56.445395,457,1050
10501,2025-01-18 17:00:56.445395,451,1051
10502,2025-01-18 17:00:56.445395,233,1051
10503,2025-01-18 17:00:56.446392,259,1051
10504,2025-01-18 17:00:56.446392,609,1051
10505,2025-01-18 17:00:56.446392,530,1051
10506,2025-01-18 17:00:56.446392,507,1051
10507,2025-01-18 17:00:56.446392,566,1051
10508,2025-01-18 17:00:56.446392,398,1051
10509,2025-01-18 17:00:56.446392,527,1051
10510,2025-01-18 17:00:56.446392,590,1051
10511,2025-01-18 17:00:56.446392,317,1052
10512,2025-01-18 17:00:56.446392,302,1052
10513,2025-01-18 17:00:56.446392,559,1052
10514,2025-01-18 17:00:56.446392,226,1052
10515,2025-01-18 17:00:56.446392,340,1052
10516,2025-01-18 17:00:56.446392,330,1052
10517,2025-01-18 17:00:56.446392,608,1052
10518,2025-01-18 17:00:56.446392,248,1052
10519,2025-01-18 17:00:56.446392,557,1052
10520,2025-01-18 17:00:56.446392,357,1052
10521,2025-01-18 17:00:56.446392,540,1053
10522,2025-01-18 17:00:56.446392,627,1053
10523,2025-01-18 17:00:56.446392,327,1053
10524,2025-01-18 17:00:56.446392,467,1053
10525,2025-01-18 17:00:56.446392,400,1053
10526,2025-01-18 17:00:56.446392,227,1053
10527,2025-01-18 17:00:56.446392,552,1053
10528,2025-01-18 17:00:56.446392,554,1053
10529,2025-01-18 17:00:56.446392,286,1053
10530,2025-01-18 17:00:56.446392,260,1053
10531,2025-01-18 17:00:56.446392,436,1054
10532,2025-01-18 17:00:56.446392,352,1054
10533,2025-01-18 17:00:56.446392,400,1054
10534,2025-01-18 17:00:56.446392,295,1054
10535,2025-01-18 17:00:56.446392,489,1054
10536,2025-01-18 17:00:56.446392,581,1054
10537,2025-01-18 17:00:56.446392,279,1054
10538,2025-01-18 17:00:56.446392,373,1054
10539,2025-01-18 17:00:56.446392,408,1054
10540,2025-01-18 17:00:56.446392,573,1054
10541,2025-01-18 17:00:56.446392,377,1055
10542,2025-01-18 17:00:56.446392,258,1055
10543,2025-01-18 17:00:56.446392,333,1055
10544,2025-01-18 17:00:56.446392,373,1055
10545,2025-01-18 17:00:56.446392,586,1055
10546,2025-01-18 17:00:56.446392,616,1055
10547,2025-01-18 17:00:56.446392,305,1055
10548,2025-01-18 17:00:56.446392,505,1055
10549,2025-01-18 17:00:56.446392,610,1055
10550,2025-01-18 17:00:56.446392,473,1055
10551,2025-01-18 17:00:56.446392,295,1056
10552,2025-01-18 17:00:56.446392,489,1056
10553,2025-01-18 17:00:56.446392,212,1056
10554,2025-01-18 17:00:56.446392,583,1056
10555,2025-01-18 17:00:56.446392,350,1056
10556,2025-01-18 17:00:56.446392,438,1056
10557,2025-01-18 17:00:56.446392,291,1056
10558,2025-01-18 17:00:56.446392,494,1056
10559,2025-01-18 17:00:56.446392,242,1056
10560,2025-01-18 17:00:56.446392,266,1056
10561,2025-01-18 17:00:56.446392,281,1057
10562,2025-01-18 17:00:56.446392,244,1057
10563,2025-01-18 17:00:56.446392,629,1057
10564,2025-01-18 17:00:56.446392,352,1057
10565,2025-01-18 17:00:56.446392,392,1057
10566,2025-01-18 17:00:56.446392,505,1057
10567,2025-01-18 17:00:56.446392,605,1057
10568,2025-01-18 17:00:56.446392,326,1057
10569,2025-01-18 17:00:56.446392,654,1057
10570,2025-01-18 17:00:56.446392,635,1057
10571,2025-01-18 17:00:56.446392,552,1058
10572,2025-01-18 17:00:56.446392,395,1058
10573,2025-01-18 17:00:56.446392,337,1058
10574,2025-01-18 17:00:56.446392,653,1058
10575,2025-01-18 17:00:56.446392,656,1058
10576,2025-01-18 17:00:56.446392,527,1058
10577,2025-01-18 17:00:56.446392,265,1058
10578,2025-01-18 17:00:56.446392,480,1058
10579,2025-01-18 17:00:56.446392,413,1058
10580,2025-01-18 17:00:56.446392,269,1058
10581,2025-01-18 17:00:56.446392,513,1059
10582,2025-01-18 17:00:56.446392,335,1059
10583,2025-01-18 17:00:56.446392,239,1059
10584,2025-01-18 17:00:56.446392,578,1059
10585,2025-01-18 17:00:56.446392,467,1059
10586,2025-01-18 17:00:56.446392,382,1059
10587,2025-01-18 17:00:56.446392,261,1059
10588,2025-01-18 17:00:56.446392,606,1059
10589,2025-01-18 17:00:56.446392,657,1059
10590,2025-01-18 17:00:56.446392,288,1059
10591,2025-01-18 17:00:56.446392,423,1060
10592,2025-01-18 17:00:56.446392,490,1060
10593,2025-01-18 17:00:56.446392,226,1060
10594,2025-01-18 17:00:56.446392,207,1060
10595,2025-01-18 17:00:56.446392,498,1060
10596,2025-01-18 17:00:56.446392,537,1060
10597,2025-01-18 17:00:56.446392,504,1060
10598,2025-01-18 17:00:56.446392,372,1060
10599,2025-01-18 17:00:56.446392,615,1060
10600,2025-01-18 17:00:56.447389,483,1060
10601,2025-01-18 17:00:56.447389,237,1061
10602,2025-01-18 17:00:56.447389,605,1061
10603,2025-01-18 17:00:56.447389,475,1061
10604,2025-01-18 17:00:56.447389,278,1061
10605,2025-01-18 17:00:56.447389,273,1061
10606,2025-01-18 17:00:56.447389,308,1061
10607,2025-01-18 17:00:56.447389,305,1061
10608,2025-01-18 17:00:56.447389,226,1061
10609,2025-01-18 17:00:56.447389,347,1061
10610,2025-01-18 17:00:56.447389,212,1061
10611,2025-01-18 17:00:56.447389,389,1062
10612,2025-01-18 17:00:56.447389,493,1062
10613,2025-01-18 17:00:56.447389,337,1062
10614,2025-01-18 17:00:56.447389,311,1062
10615,2025-01-18 17:00:56.447389,507,1062
10616,2025-01-18 17:00:56.447389,280,1062
10617,2025-01-18 17:00:56.447389,528,1062
10618,2025-01-18 17:00:56.447389,531,1062
10619,2025-01-18 17:00:56.447389,557,1062
10620,2025-01-18 17:00:56.447389,521,1062
10621,2025-01-18 17:00:56.447389,445,1063
10622,2025-01-18 17:00:56.447389,455,1063
10623,2025-01-18 17:00:56.447389,230,1063
10624,2025-01-18 17:00:56.447389,373,1063
10625,2025-01-18 17:00:56.447389,464,1063
10626,2025-01-18 17:00:56.447389,618,1063
10627,2025-01-18 17:00:56.447389,588,1063
10628,2025-01-18 17:00:56.447389,579,1063
10629,2025-01-18 17:00:56.447389,414,1063
10630,2025-01-18 17:00:56.447389,476,1063
10631,2025-01-18 17:00:56.447389,652,1064
10632,2025-01-18 17:00:56.447389,579,1064
10633,2025-01-18 17:00:56.447389,404,1064
10634,2025-01-18 17:00:56.447389,274,1064
10635,2025-01-18 17:00:56.447389,245,1064
10636,2025-01-18 17:00:56.447389,566,1064
10637,2025-01-18 17:00:56.447389,413,1064
10638,2025-01-18 17:00:56.447389,386,1064
10639,2025-01-18 17:00:56.447389,463,1064
10640,2025-01-18 17:00:56.447389,484,1064
10641,2025-01-18 17:00:56.447389,418,1065
10642,2025-01-18 17:00:56.447389,455,1065
10643,2025-01-18 17:00:56.447389,391,1065
10644,2025-01-18 17:00:56.447389,565,1065
10645,2025-01-18 17:00:56.447389,639,1065
10646,2025-01-18 17:00:56.447389,231,1065
10647,2025-01-18 17:00:56.447389,304,1065
10648,2025-01-18 17:00:56.447389,543,1065
10649,2025-01-18 17:00:56.447389,282,1065
10650,2025-01-18 17:00:56.447389,582,1065
10651,2025-01-18 17:00:56.447389,586,1066
10652,2025-01-18 17:00:56.447389,463,1066
10653,2025-01-18 17:00:56.447389,489,1066
10654,2025-01-18 17:00:56.447389,275,1066
10655,2025-01-18 17:00:56.447389,265,1066
10656,2025-01-18 17:00:56.447389,647,1066
10657,2025-01-18 17:00:56.451379,290,1066
10658,2025-01-18 17:00:56.452376,204,1066
10659,2025-01-18 17:00:56.452376,323,1066
10660,2025-01-18 17:00:56.452376,462,1066
10661,2025-01-18 17:00:56.452376,576,1067
10662,2025-01-18 17:00:56.452376,439,1067
10663,2025-01-18 17:00:56.452376,600,1067
10664,2025-01-18 17:00:56.452376,335,1067
10665,2025-01-18 17:00:56.452376,416,1067
10666,2025-01-18 17:00:56.452376,580,1067
10667,2025-01-18 17:00:56.452376,569,1067
10668,2025-01-18 17:00:56.452376,607,1067
10669,2025-01-18 17:00:56.452376,375,1067
10670,2025-01-18 17:00:56.452376,650,1067
10671,2025-01-18 17:00:56.452376,320,1068
10672,2025-01-18 17:00:56.452376,555,1068
10673,2025-01-18 17:00:56.452376,211,1068
10674,2025-01-18 17:00:56.452376,336,1068
10675,2025-01-18 17:00:56.452376,564,1068
10676,2025-01-18 17:00:56.452376,602,1068
10677,2025-01-18 17:00:56.452376,246,1068
10678,2025-01-18 17:00:56.452376,244,1068
10679,2025-01-18 17:00:56.452376,452,1068
10680,2025-01-18 17:00:56.452376,414,1068
10681,2025-01-18 17:00:56.452376,294,1069
10682,2025-01-18 17:00:56.452376,529,1069
10683,2025-01-18 17:00:56.452376,224,1069
10684,2025-01-18 17:00:56.452376,218,1069
10685,2025-01-18 17:00:56.452376,618,1069
10686,2025-01-18 17:00:56.452376,480,1069
10687,2025-01-18 17:00:56.452376,541,1069
10688,2025-01-18 17:00:56.452376,255,1069
10689,2025-01-18 17:00:56.452376,452,1069
10690,2025-01-18 17:00:56.452376,418,1069
10691,2025-01-18 17:00:56.452376,537,1070
10692,2025-01-18 17:00:56.452376,472,1070
10693,2025-01-18 17:00:56.452376,658,1070
10694,2025-01-18 17:00:56.452376,284,1070
10695,2025-01-18 17:00:56.452376,498,1070
10696,2025-01-18 17:00:56.452376,373,1070
10697,2025-01-18 17:00:56.452376,366,1070
10698,2025-01-18 17:00:56.452376,254,1070
10699,2025-01-18 17:00:56.452376,495,1070
10700,2025-01-18 17:00:56.452376,562,1070
10701,2025-01-18 17:00:56.452376,388,1071
10702,2025-01-18 17:00:56.452376,487,1071
10703,2025-01-18 17:00:56.452376,200,1071
10704,2025-01-18 17:00:56.452376,383,1071
10705,2025-01-18 17:00:56.452376,236,1071
10706,2025-01-18 17:00:56.452376,327,1071
10707,2025-01-18 17:00:56.452376,217,1071
10708,2025-01-18 17:00:56.452376,229,1071
10709,2025-01-18 17:00:56.452376,341,1071
10710,2025-01-18 17:00:56.452376,322,1071
10711,2025-01-18 17:00:56.452376,319,1072
10712,2025-01-18 17:00:56.452376,251,1072
10713,2025-01-18 17:00:56.452376,225,1072
10714,2025-01-18 17:00:56.452376,409,1072
10715,2025-01-18 17:00:56.452376,379,1072
10716,2025-01-18 17:00:56.452376,219,1072
10717,2025-01-18 17:00:56.452376,260,1072
10718,2025-01-18 17:00:56.452376,304,1072
10719,2025-01-18 17:00:56.452376,614,1072
10720,2025-01-18 17:00:56.452376,460,1072
10721,2025-01-18 17:00:56.452376,405,1073
10722,2025-01-18 17:00:56.452376,387,1073
10723,2025-01-18 17:00:56.452376,424,1073
10724,2025-01-18 17:00:56.452376,470,1073
10725,2025-01-18 17:00:56.452376,376,1073
10726,2025-01-18 17:00:56.452376,227,1073
10727,2025-01-18 17:00:56.452376,433,1073
10728,2025-01-18 17:00:56.452376,336,1073
10729,2025-01-18 17:00:56.452376,345,1073
10730,2025-01-18 17:00:56.452376,487,1073
10731,2025-01-18 17:00:56.452376,476,1074
10732,2025-01-18 17:00:56.452376,332,1074
10733,2025-01-18 17:00:56.452376,200,1074
10734,2025-01-18 17:00:56.452376,299,1074
10735,2025-01-18 17:00:56.452376,662,1074
10736,2025-01-18 17:00:56.452376,389,1074
10737,2025-01-18 17:00:56.452376,641,1074
10738,2025-01-18 17:00:56.452376,297,1074
10739,2025-01-18 17:00:56.452376,652,1074
10740,2025-01-18 17:00:56.452376,316,1074
10741,2025-01-18 17:00:56.452376,283,1075
10742,2025-01-18 17:00:56.452376,411,1075
10743,2025-01-18 17:00:56.452376,651,1075
10744,2025-01-18 17:00:56.452376,605,1075
10745,2025-01-18 17:00:56.452376,464,1075
10746,2025-01-18 17:00:56.452376,365,1075
10747,2025-01-18 17:00:56.452376,631,1075
10748,2025-01-18 17:00:56.452376,397,1075
10749,2025-01-18 17:00:56.452376,619,1075
10750,2025-01-18 17:00:56.452376,214,1075
10751,2025-01-18 17:00:56.452376,576,1076
10752,2025-01-18 17:00:56.452376,443,1076
10753,2025-01-18 17:00:56.452376,632,1076
10754,2025-01-18 17:00:56.453373,220,1076
10755,2025-01-18 17:00:56.453373,596,1076
10756,2025-01-18 17:00:56.453373,446,1076
10757,2025-01-18 17:00:56.453373,279,1076
10758,2025-01-18 17:00:56.453373,544,1076
10759,2025-01-18 17:00:56.453373,303,1076
10760,2025-01-18 17:00:56.453373,355,1076
10761,2025-01-18 17:00:56.453373,474,1077
10762,2025-01-18 17:00:56.453373,627,1077
10763,2025-01-18 17:00:56.453373,476,1077
10764,2025-01-18 17:00:56.453373,648,1077
10765,2025-01-18 17:00:56.453373,588,1077
10766,2025-01-18 17:00:56.453373,646,1077
10767,2025-01-18 17:00:56.453373,415,1077
10768,2025-01-18 17:00:56.453373,278,1077
10769,2025-01-18 17:00:56.453373,351,1077
10770,2025-01-18 17:00:56.453373,579,1077
10771,2025-01-18 17:00:56.453373,657,1078
10772,2025-01-18 17:00:56.453373,288,1078
10773,2025-01-18 17:00:56.453373,511,1078
10774,2025-01-18 17:00:56.453373,406,1078
10775,2025-01-18 17:00:56.453373,205,1078
10776,2025-01-18 17:00:56.453373,591,1078
10777,2025-01-18 17:00:56.453373,219,1078
10778,2025-01-18 17:00:56.453373,374,1078
10779,2025-01-18 17:00:56.453373,554,1078
10780,2025-01-18 17:00:56.453373,335,1078
10781,2025-01-18 17:00:56.453373,218,1079
10782,2025-01-18 17:00:56.453373,549,1079
10783,2025-01-18 17:00:56.453373,312,1079
10784,2025-01-18 17:00:56.453373,284,1079
10785,2025-01-18 17:00:56.453373,667,1079
10786,2025-01-18 17:00:56.453373,562,1079
10787,2025-01-18 17:00:56.453373,298,1079
10788,2025-01-18 17:00:56.453373,236,1079
10789,2025-01-18 17:00:56.453373,286,1079
10790,2025-01-18 17:00:56.453373,615,1079
10791,2025-01-18 17:00:56.453373,636,1080
10792,2025-01-18 17:00:56.453373,542,1080
10793,2025-01-18 17:00:56.453373,343,1080
10794,2025-01-18 17:00:56.453373,538,1080
10795,2025-01-18 17:00:56.453373,290,1080
10796,2025-01-18 17:00:56.453373,382,1080
10797,2025-01-18 17:00:56.453373,479,1080
10798,2025-01-18 17:00:56.453373,560,1080
10799,2025-01-18 17:00:56.453373,394,1080
10800,2025-01-18 17:00:56.453373,492,1080
10801,2025-01-18 17:00:56.453373,640,1081
10802,2025-01-18 17:00:56.453373,508,1081
10803,2025-01-18 17:00:56.453373,264,1081
10804,2025-01-18 17:00:56.453373,430,1081
10805,2025-01-18 17:00:56.453373,414,1081
10806,2025-01-18 17:00:56.453373,343,1081
10807,2025-01-18 17:00:56.453373,258,1081
10808,2025-01-18 17:00:56.453373,646,1081
10809,2025-01-18 17:00:56.453373,403,1081
10810,2025-01-18 17:00:56.453373,513,1081
10811,2025-01-18 17:00:56.453373,534,1082
10812,2025-01-18 17:00:56.453373,258,1082
10813,2025-01-18 17:00:56.453373,360,1082
10814,2025-01-18 17:00:56.453373,445,1082
10815,2025-01-18 17:00:56.453373,428,1082
10816,2025-01-18 17:00:56.453373,503,1082
10817,2025-01-18 17:00:56.453373,408,1082
10818,2025-01-18 17:00:56.453373,217,1082
10819,2025-01-18 17:00:56.453373,229,1082
10820,2025-01-18 17:00:56.453373,373,1082
10821,2025-01-18 17:00:56.453373,596,1083
10822,2025-01-18 17:00:56.453373,643,1083
10823,2025-01-18 17:00:56.453373,651,1083
10824,2025-01-18 17:00:56.453373,333,1083
10825,2025-01-18 17:00:56.453373,209,1083
10826,2025-01-18 17:00:56.453373,412,1083
10827,2025-01-18 17:00:56.453373,283,1083
10828,2025-01-18 17:00:56.453373,235,1083
10829,2025-01-18 17:00:56.453373,639,1083
10830,2025-01-18 17:00:56.453373,456,1083
10831,2025-01-18 17:00:56.453373,201,1084
10832,2025-01-18 17:00:56.453373,501,1084
10833,2025-01-18 17:00:56.453373,254,1084
10834,2025-01-18 17:00:56.453373,507,1084
10835,2025-01-18 17:00:56.453373,382,1084
10836,2025-01-18 17:00:56.453373,205,1084
10837,2025-01-18 17:00:56.453373,363,1084
10838,2025-01-18 17:00:56.453373,316,1084
10839,2025-01-18 17:00:56.453373,479,1084
10840,2025-01-18 17:00:56.453373,194,1084
10841,2025-01-18 17:00:56.453373,236,1085
10842,2025-01-18 17:00:56.453373,438,1085
10843,2025-01-18 17:00:56.453373,652,1085
10844,2025-01-18 17:00:56.454371,483,1085
10845,2025-01-18 17:00:56.454371,442,1085
10846,2025-01-18 17:00:56.454371,258,1085
10847,2025-01-18 17:00:56.454371,504,1085
10848,2025-01-18 17:00:56.454371,298,1085
10849,2025-01-18 17:00:56.454371,667,1085
10850,2025-01-18 17:00:56.454371,568,1085
10851,2025-01-18 17:00:56.454371,203,1086
10852,2025-01-18 17:00:56.454371,457,1086
10853,2025-01-18 17:00:56.454371,262,1086
10854,2025-01-18 17:00:56.454371,280,1086
10855,2025-01-18 17:00:56.454371,268,1086
10856,2025-01-18 17:00:56.454371,391,1086
10857,2025-01-18 17:00:56.454371,501,1086
10858,2025-01-18 17:00:56.454371,460,1086
10859,2025-01-18 17:00:56.454371,436,1086
10860,2025-01-18 17:00:56.454371,578,1086
10861,2025-01-18 17:00:56.454371,553,1087
10862,2025-01-18 17:00:56.454371,661,1087
10863,2025-01-18 17:00:56.454371,272,1087
10864,2025-01-18 17:00:56.454371,359,1087
10865,2025-01-18 17:00:56.454371,355,1087
10866,2025-01-18 17:00:56.454371,319,1087
10867,2025-01-18 17:00:56.454371,375,1087
10868,2025-01-18 17:00:56.454371,353,1087
10869,2025-01-18 17:00:56.454371,622,1087
10870,2025-01-18 17:00:56.454371,214,1087
10871,2025-01-18 17:00:56.454371,637,1088
10872,2025-01-18 17:00:56.454371,572,1088
10873,2025-01-18 17:00:56.454371,594,1088
10874,2025-01-18 17:00:56.454371,269,1088
10875,2025-01-18 17:00:56.454371,416,1088
10876,2025-01-18 17:00:56.454371,636,1088
10877,2025-01-18 17:00:56.454371,382,1088
10878,2025-01-18 17:00:56.454371,546,1088
10879,2025-01-18 17:00:56.454371,215,1088
10880,2025-01-18 17:00:56.454371,632,1088
10881,2025-01-18 17:00:56.454371,293,1089
10882,2025-01-18 17:00:56.454371,662,1089
10883,2025-01-18 17:00:56.454371,407,1089
10884,2025-01-18 17:00:56.454371,214,1089
10885,2025-01-18 17:00:56.454371,294,1089
10886,2025-01-18 17:00:56.454371,396,1089
10887,2025-01-18 17:00:56.454371,355,1089
10888,2025-01-18 17:00:56.454371,260,1089
10889,2025-01-18 17:00:56.454371,244,1089
10890,2025-01-18 17:00:56.454371,261,1089
10891,2025-01-18 17:00:56.454371,227,1090
10892,2025-01-18 17:00:56.454371,354,1090
10893,2025-01-18 17:00:56.454371,340,1090
10894,2025-01-18 17:00:56.454371,256,1090
10895,2025-01-18 17:00:56.454371,542,1090
10896,2025-01-18 17:00:56.454371,320,1090
10897,2025-01-18 17:00:56.454371,321,1090
10898,2025-01-18 17:00:56.454371,345,1090
10899,2025-01-18 17:00:56.454371,301,1090
10900,2025-01-18 17:00:56.454371,488,1090
10901,2025-01-18 17:00:56.454371,244,1091
10902,2025-01-18 17:00:56.454371,246,1091
10903,2025-01-18 17:00:56.454371,541,1091
10904,2025-01-18 17:00:56.454371,525,1091
10905,2025-01-18 17:00:56.454371,562,1091
10906,2025-01-18 17:00:56.454371,270,1091
10907,2025-01-18 17:00:56.454371,212,1091
10908,2025-01-18 17:00:56.454371,285,1091
10909,2025-01-18 17:00:56.454371,639,1091
10910,2025-01-18 17:00:56.454371,532,1091
10911,2025-01-18 17:00:56.454371,495,1092
10912,2025-01-18 17:00:56.454371,198,1092
10913,2025-01-18 17:00:56.454371,260,1092
10914,2025-01-18 17:00:56.454371,388,1092
10915,2025-01-18 17:00:56.454371,524,1092
10916,2025-01-18 17:00:56.454371,406,1092
10917,2025-01-18 17:00:56.454371,664,1092
10918,2025-01-18 17:00:56.454371,567,1092
10919,2025-01-18 17:00:56.454371,608,1092
10920,2025-01-18 17:00:56.454371,445,1092
10921,2025-01-18 17:00:56.454371,596,1093
10922,2025-01-18 17:00:56.454371,521,1093
10923,2025-01-18 17:00:56.454371,664,1093
10924,2025-01-18 17:00:56.454371,291,1093
10925,2025-01-18 17:00:56.454371,330,1093
10926,2025-01-18 17:00:56.454371,229,1093
10927,2025-01-18 17:00:56.454371,484,1093
10928,2025-01-18 17:00:56.454371,613,1093
10929,2025-01-18 17:00:56.454371,216,1093
10930,2025-01-18 17:00:56.454371,459,1093
10931,2025-01-18 17:00:56.454371,383,1094
10932,2025-01-18 17:00:56.454371,377,1094
10933,2025-01-18 17:00:56.454371,403,1094
10934,2025-01-18 17:00:56.454371,439,1094
10935,2025-01-18 17:00:56.454371,530,1094
10936,2025-01-18 17:00:56.454371,637,1094
10937,2025-01-18 17:00:56.454371,639,1094
10938,2025-01-18 17:00:56.454371,520,1094
10939,2025-01-18 17:00:56.454371,493,1094
10940,2025-01-18 17:00:56.455368,657,1094
10941,2025-01-18 17:00:56.455368,526,1095
10942,2025-01-18 17:00:56.455368,285,1095
10943,2025-01-18 17:00:56.455368,656,1095
10944,2025-01-18 17:00:56.455368,276,1095
10945,2025-01-18 17:00:56.455368,241,1095
10946,2025-01-18 17:00:56.455368,472,1095
10947,2025-01-18 17:00:56.455368,321,1095
10948,2025-01-18 17:00:56.455368,561,1095
10949,2025-01-18 17:00:56.455368,640,1095
10950,2025-01-18 17:00:56.455368,417,1095
10951,2025-01-18 17:00:56.455368,572,1096
10952,2025-01-18 17:00:56.455368,616,1096
10953,2025-01-18 17:00:56.455368,288,1096
10954,2025-01-18 17:00:56.455368,349,1096
10955,2025-01-18 17:00:56.455368,263,1096
10956,2025-01-18 17:00:56.455368,521,1096
10957,2025-01-18 17:00:56.455368,235,1096
10958,2025-01-18 17:00:56.455368,655,1096
10959,2025-01-18 17:00:56.455368,651,1096
10960,2025-01-18 17:00:56.455368,594,1096
10961,2025-01-18 17:00:56.455368,319,1097
10962,2025-01-18 17:00:56.455368,653,1097
10963,2025-01-18 17:00:56.455368,291,1097
10964,2025-01-18 17:00:56.455368,214,1097
10965,2025-01-18 17:00:56.455368,585,1097
10966,2025-01-18 17:00:56.455368,484,1097
10967,2025-01-18 17:00:56.455368,514,1097
10968,2025-01-18 17:00:56.455368,331,1097
10969,2025-01-18 17:00:56.455368,349,1097
10970,2025-01-18 17:00:56.455368,445,1097
10971,2025-01-18 17:00:56.455368,570,1098
10972,2025-01-18 17:00:56.455368,538,1098
10973,2025-01-18 17:00:56.455368,385,1098
10974,2025-01-18 17:00:56.455368,599,1098
10975,2025-01-18 17:00:56.455368,363,1098
10976,2025-01-18 17:00:56.455368,624,1098
10977,2025-01-18 17:00:56.455368,500,1098
10978,2025-01-18 17:00:56.455368,620,1098
10979,2025-01-18 17:00:56.455368,305,1098
10980,2025-01-18 17:00:56.455368,309,1098
10981,2025-01-18 17:00:56.455368,379,1099
10982,2025-01-18 17:00:56.455368,587,1099
10983,2025-01-18 17:00:56.455368,254,1099
10984,2025-01-18 17:00:56.455368,576,1099
10985,2025-01-18 17:00:56.455368,202,1099
10986,2025-01-18 17:00:56.455368,633,1099
10987,2025-01-18 17:00:56.455368,456,1099
10988,2025-01-18 17:00:56.455368,437,1099
10989,2025-01-18 17:00:56.455368,635,1099
10990,2025-01-18 17:00:56.465341,285,1099
10991,2025-01-18 17:00:56.465341,210,1100
10992,2025-01-18 17:00:56.465341,543,1100
10993,2025-01-18 17:00:56.465341,288,1100
10994,2025-01-18 17:00:56.465341,256,1100
10995,2025-01-18 17:00:56.465341,458,1100
10996,2025-01-18 17:00:56.465341,601,1100
10997,2025-01-18 17:00:56.465341,317,1100
10998,2025-01-18 17:00:56.465341,225,1100
10999,2025-01-18 17:00:56.465341,340,1100
11000,2025-01-18 17:00:56.465341,579,1100
11001,2025-01-18 17:00:56.465341,431,1101
11002,2025-01-18 17:00:56.465341,560,1101
11003,2025-01-18 17:00:56.465341,599,1101
11004,2025-01-18 17:00:56.465341,388,1101
11005,2025-01-18 17:00:56.465341,488,1101
11006,2025-01-18 17:00:56.465341,377,1101
11007,2025-01-18 17:00:56.465341,650,1101
11008,2025-01-18 17:00:56.465341,252,1101
11009,2025-01-18 17:00:56.465341,509,1101
11010,2025-01-18 17:00:56.465341,412,1101
11011,2025-01-18 17:00:56.465341,461,1102
11012,2025-01-18 17:00:56.465341,532,1102
11013,2025-01-18 17:00:56.465341,615,1102
11014,2025-01-18 17:00:56.465341,301,1102
11015,2025-01-18 17:00:56.465341,331,1102
11016,2025-01-18 17:00:56.465341,270,1102
11017,2025-01-18 17:00:56.465341,571,1102
11018,2025-01-18 17:00:56.465341,564,1102
11019,2025-01-18 17:00:56.465341,645,1102
11020,2025-01-18 17:00:56.465341,479,1102
11021,2025-01-18 17:00:56.466339,311,1103
11022,2025-01-18 17:00:56.466339,337,1103
11023,2025-01-18 17:00:56.466339,524,1103
11024,2025-01-18 17:00:56.466339,243,1103
11025,2025-01-18 17:00:56.466339,527,1103
11026,2025-01-18 17:00:56.466339,570,1103
11027,2025-01-18 17:00:56.466339,638,1103
11028,2025-01-18 17:00:56.466339,205,1103
11029,2025-01-18 17:00:56.466339,517,1103
11030,2025-01-18 17:00:56.466339,253,1103
11031,2025-01-18 17:00:56.466339,244,1104
11032,2025-01-18 17:00:56.466339,514,1104
11033,2025-01-18 17:00:56.466339,359,1104
11034,2025-01-18 17:00:56.466339,530,1104
11035,2025-01-18 17:00:56.466339,656,1104
11036,2025-01-18 17:00:56.466339,220,1104
11037,2025-01-18 17:00:56.466339,386,1104
11038,2025-01-18 17:00:56.466339,384,1104
11039,2025-01-18 17:00:56.466339,546,1104
11040,2025-01-18 17:00:56.466339,428,1104
11041,2025-01-18 17:00:56.466339,619,1105
11042,2025-01-18 17:00:56.466339,650,1105
11043,2025-01-18 17:00:56.466339,260,1105
11044,2025-01-18 17:00:56.466339,324,1105
11045,2025-01-18 17:00:56.466339,480,1105
11046,2025-01-18 17:00:56.466339,332,1105
11047,2025-01-18 17:00:56.466339,606,1105
11048,2025-01-18 17:00:56.466339,447,1105
11049,2025-01-18 17:00:56.467336,592,1105
11050,2025-01-18 17:00:56.467336,542,1105
11051,2025-01-18 17:00:56.467336,393,1106
11052,2025-01-18 17:00:56.467336,454,1106
11053,2025-01-18 17:00:56.467336,267,1106
11054,2025-01-18 17:00:56.467336,422,1106
11055,2025-01-18 17:00:56.467336,252,1106
11056,2025-01-18 17:00:56.467336,667,1106
11057,2025-01-18 17:00:56.467336,271,1106
11058,2025-01-18 17:00:56.467336,513,1106
11059,2025-01-18 17:00:56.467336,425,1106
11060,2025-01-18 17:00:56.467336,577,1106
11061,2025-01-18 17:00:56.467336,311,1107
11062,2025-01-18 17:00:56.467336,300,1107
11063,2025-01-18 17:00:56.467336,197,1107
11064,2025-01-18 17:00:56.467336,268,1107
11065,2025-01-18 17:00:56.467336,239,1107
11066,2025-01-18 17:00:56.467336,489,1107
11067,2025-01-18 17:00:56.467336,277,1107
11068,2025-01-18 17:00:56.467336,367,1107
11069,2025-01-18 17:00:56.467336,279,1107
11070,2025-01-18 17:00:56.467336,533,1107
11071,2025-01-18 17:00:56.467336,654,1108
11072,2025-01-18 17:00:56.467336,306,1108
11073,2025-01-18 17:00:56.467336,625,1108
11074,2025-01-18 17:00:56.467336,369,1108
11075,2025-01-18 17:00:56.467336,524,1108
11076,2025-01-18 17:00:56.467336,445,1108
11077,2025-01-18 17:00:56.468334,328,1108
11078,2025-01-18 17:00:56.468334,398,1108
11079,2025-01-18 17:00:56.468334,249,1108
11080,2025-01-18 17:00:56.468334,251,1108
11081,2025-01-18 17:00:56.468334,263,1109
11082,2025-01-18 17:00:56.468334,267,1109
11083,2025-01-18 17:00:56.468334,639,1109
11084,2025-01-18 17:00:56.468334,496,1109
11085,2025-01-18 17:00:56.468334,231,1109
11086,2025-01-18 17:00:56.468334,311,1109
11087,2025-01-18 17:00:56.468334,219,1109
11088,2025-01-18 17:00:56.468334,236,1109
11089,2025-01-18 17:00:56.468334,359,1109
11090,2025-01-18 17:00:56.468334,213,1109
11091,2025-01-18 17:00:56.468334,418,1110
11092,2025-01-18 17:00:56.468334,651,1110
11093,2025-01-18 17:00:56.468334,364,1110
11094,2025-01-18 17:00:56.468334,606,1110
11095,2025-01-18 17:00:56.468334,285,1110
11096,2025-01-18 17:00:56.468334,366,1110
11097,2025-01-18 17:00:56.468334,538,1110
11098,2025-01-18 17:00:56.468334,326,1110
11099,2025-01-18 17:00:56.468334,552,1110
11100,2025-01-18 17:00:56.468334,297,1110
11101,2025-01-18 17:00:56.468334,317,1111
11102,2025-01-18 17:00:56.468334,204,1111
11103,2025-01-18 17:00:56.468334,291,1111
11104,2025-01-18 17:00:56.469331,634,1111
11105,2025-01-18 17:00:56.469331,563,1111
11106,2025-01-18 17:00:56.469331,266,1111
11107,2025-01-18 17:00:56.469331,361,1111
11108,2025-01-18 17:00:56.469331,456,1111
11109,2025-01-18 17:00:56.469331,615,1111
11110,2025-01-18 17:00:56.469331,599,1111
11111,2025-01-18 17:00:56.469331,383,1112
11112,2025-01-18 17:00:56.469331,456,1112
11113,2025-01-18 17:00:56.469331,592,1112
11114,2025-01-18 17:00:56.469331,644,1112
11115,2025-01-18 17:00:56.469331,266,1112
11116,2025-01-18 17:00:56.469331,380,1112
11117,2025-01-18 17:00:56.469331,438,1112
11118,2025-01-18 17:00:56.469331,293,1112
11119,2025-01-18 17:00:56.469331,294,1112
11120,2025-01-18 17:00:56.469331,259,1112
11121,2025-01-18 17:00:56.469331,224,1113
11122,2025-01-18 17:00:56.469331,264,1113
11123,2025-01-18 17:00:56.469331,313,1113
11124,2025-01-18 17:00:56.469331,243,1113
11125,2025-01-18 17:00:56.469331,517,1113
11126,2025-01-18 17:00:56.469331,361,1113
11127,2025-01-18 17:00:56.469331,594,1113
11128,2025-01-18 17:00:56.469331,423,1113
11129,2025-01-18 17:00:56.469331,197,1113
11130,2025-01-18 17:00:56.469331,363,1113
11131,2025-01-18 17:00:56.469331,606,1114
11132,2025-01-18 17:00:56.469331,244,1114
11133,2025-01-18 17:00:56.469331,334,1114
11134,2025-01-18 17:00:56.469331,347,1114
11135,2025-01-18 17:00:56.469331,496,1114
11136,2025-01-18 17:00:56.469331,538,1114
11137,2025-01-18 17:00:56.469331,363,1114
11138,2025-01-18 17:00:56.470328,646,1114
11139,2025-01-18 17:00:56.470328,277,1114
11140,2025-01-18 17:00:56.470328,240,1114
11141,2025-01-18 17:00:56.470328,459,1115
11142,2025-01-18 17:00:56.470328,582,1115
11143,2025-01-18 17:00:56.470328,520,1115
11144,2025-01-18 17:00:56.470328,622,1115
11145,2025-01-18 17:00:56.470328,501,1115
11146,2025-01-18 17:00:56.470328,465,1115
11147,2025-01-18 17:00:56.470328,394,1115
11148,2025-01-18 17:00:56.470328,312,1115
11149,2025-01-18 17:00:56.470328,347,1115
11150,2025-01-18 17:00:56.470328,196,1115
11151,2025-01-18 17:00:56.470328,254,1116
11152,2025-01-18 17:00:56.470328,195,1116
11153,2025-01-18 17:00:56.470328,542,1116
11154,2025-01-18 17:00:56.470328,425,1116
11155,2025-01-18 17:00:56.470328,521,1116
11156,2025-01-18 17:00:56.470328,330,1116
11157,2025-01-18 17:00:56.470328,487,1116
11158,2025-01-18 17:00:56.470328,594,1116
11159,2025-01-18 17:00:56.470328,374,1116
11160,2025-01-18 17:00:56.470328,570,1116
11161,2025-01-18 17:00:56.470328,487,1117
11162,2025-01-18 17:00:56.470328,415,1117
11163,2025-01-18 17:00:56.470328,632,1117
11164,2025-01-18 17:00:56.470328,353,1117
11165,2025-01-18 17:00:56.471326,436,1117
11166,2025-01-18 17:00:56.471326,334,1117
11167,2025-01-18 17:00:56.471326,458,1117
11168,2025-01-18 17:00:56.471326,520,1117
11169,2025-01-18 17:00:56.471326,258,1117
11170,2025-01-18 17:00:56.471326,448,1117
11171,2025-01-18 17:00:56.471326,461,1118
11172,2025-01-18 17:00:56.471326,562,1118
11173,2025-01-18 17:00:56.471326,439,1118
11174,2025-01-18 17:00:56.471326,290,1118
11175,2025-01-18 17:00:56.471326,595,1118
11176,2025-01-18 17:00:56.471326,586,1118
11177,2025-01-18 17:00:56.471326,629,1118
11178,2025-01-18 17:00:56.471326,434,1118
11179,2025-01-18 17:00:56.471326,553,1118
11180,2025-01-18 17:00:56.471326,227,1118
11181,2025-01-18 17:00:56.471326,411,1119
11182,2025-01-18 17:00:56.471326,252,1119
11183,2025-01-18 17:00:56.471326,426,1119
11184,2025-01-18 17:00:56.471326,312,1119
11185,2025-01-18 17:00:56.471326,492,1119
11186,2025-01-18 17:00:56.471326,296,1119
11187,2025-01-18 17:00:56.471326,654,1119
11188,2025-01-18 17:00:56.471326,472,1119
11189,2025-01-18 17:00:56.471326,647,1119
11190,2025-01-18 17:00:56.471326,226,1119
11191,2025-01-18 17:00:56.471326,570,1120
11192,2025-01-18 17:00:56.471326,524,1120
11193,2025-01-18 17:00:56.471326,519,1120
11194,2025-01-18 17:00:56.471326,595,1120
11195,2025-01-18 17:00:56.471326,459,1120
11196,2025-01-18 17:00:56.471326,333,1120
11197,2025-01-18 17:00:56.471326,546,1120
11198,2025-01-18 17:00:56.471326,508,1120
11199,2025-01-18 17:00:56.471326,331,1120
11200,2025-01-18 17:00:56.471326,661,1120
11201,2025-01-18 17:00:56.471326,405,1121
11202,2025-01-18 17:00:56.471326,256,1121
11203,2025-01-18 17:00:56.471326,388,1121
11204,2025-01-18 17:00:56.471326,278,1121
11205,2025-01-18 17:00:56.471326,478,1121
11206,2025-01-18 17:00:56.471326,619,1121
11207,2025-01-18 17:00:56.471326,379,1121
11208,2025-01-18 17:00:56.471326,328,1121
11209,2025-01-18 17:00:56.471326,299,1121
11210,2025-01-18 17:00:56.471326,201,1121
11211,2025-01-18 17:00:56.471326,410,1122
11212,2025-01-18 17:00:56.471326,567,1122
11213,2025-01-18 17:00:56.471326,277,1122
11214,2025-01-18 17:00:56.471326,296,1122
11215,2025-01-18 17:00:56.471326,351,1122
11216,2025-01-18 17:00:56.471326,408,1122
11217,2025-01-18 17:00:56.471326,575,1122
11218,2025-01-18 17:00:56.471326,266,1122
11219,2025-01-18 17:00:56.471326,584,1122
11220,2025-01-18 17:00:56.471326,215,1122
11221,2025-01-18 17:00:56.471326,502,1123
11222,2025-01-18 17:00:56.471326,476,1123
11223,2025-01-18 17:00:56.471326,574,1123
11224,2025-01-18 17:00:56.471326,613,1123
11225,2025-01-18 17:00:56.471326,657,1123
11226,2025-01-18 17:00:56.471326,496,1123
11227,2025-01-18 17:00:56.471326,254,1123
11228,2025-01-18 17:00:56.471326,322,1123
11229,2025-01-18 17:00:56.471326,315,1123
11230,2025-01-18 17:00:56.471326,392,1123
11231,2025-01-18 17:00:56.471326,587,1124
11232,2025-01-18 17:00:56.471326,424,1124
11233,2025-01-18 17:00:56.471326,642,1124
11234,2025-01-18 17:00:56.471326,258,1124
11235,2025-01-18 17:00:56.471326,288,1124
11236,2025-01-18 17:00:56.471326,584,1124
11237,2025-01-18 17:00:56.471326,505,1124
11238,2025-01-18 17:00:56.471326,592,1124
11239,2025-01-18 17:00:56.471326,507,1124
11240,2025-01-18 17:00:56.471326,367,1124
11241,2025-01-18 17:00:56.471326,213,1125
11242,2025-01-18 17:00:56.471326,499,1125
11243,2025-01-18 17:00:56.471326,343,1125
11244,2025-01-18 17:00:56.471326,480,1125
11245,2025-01-18 17:00:56.472325,497,1125
11246,2025-01-18 17:00:56.472325,443,1125
11247,2025-01-18 17:00:56.472325,576,1125
11248,2025-01-18 17:00:56.472325,462,1125
11249,2025-01-18 17:00:56.472325,536,1125
11250,2025-01-18 17:00:56.472325,315,1125
11251,2025-01-18 17:00:56.472325,328,1126
11252,2025-01-18 17:00:56.472325,303,1126
11253,2025-01-18 17:00:56.472325,354,1126
11254,2025-01-18 17:00:56.472325,320,1126
11255,2025-01-18 17:00:56.472325,627,1126
11256,2025-01-18 17:00:56.472325,457,1126
11257,2025-01-18 17:00:56.472325,307,1126
11258,2025-01-18 17:00:56.472325,231,1126
11259,2025-01-18 17:00:56.472325,256,1126
11260,2025-01-18 17:00:56.472325,271,1126
11261,2025-01-18 17:00:56.472325,572,1127
11262,2025-01-18 17:00:56.472325,543,1127
11263,2025-01-18 17:00:56.472325,607,1127
11264,2025-01-18 17:00:56.472325,638,1127
11265,2025-01-18 17:00:56.472325,521,1127
11266,2025-01-18 17:00:56.472325,440,1127
11267,2025-01-18 17:00:56.472325,378,1127
11268,2025-01-18 17:00:56.472325,489,1127
11269,2025-01-18 17:00:56.472325,322,1127
11270,2025-01-18 17:00:56.472325,230,1127
11271,2025-01-18 17:00:56.472325,545,1128
11272,2025-01-18 17:00:56.472325,309,1128
11273,2025-01-18 17:00:56.472325,386,1128
11274,2025-01-18 17:00:56.472325,554,1128
11275,2025-01-18 17:00:56.472325,418,1128
11276,2025-01-18 17:00:56.472325,243,1128
11277,2025-01-18 17:00:56.472325,654,1128
11278,2025-01-18 17:00:56.472325,321,1128
11279,2025-01-18 17:00:56.472325,491,1128
11280,2025-01-18 17:00:56.472325,353,1128
11281,2025-01-18 17:00:56.472325,204,1129
11282,2025-01-18 17:00:56.472325,316,1129
11283,2025-01-18 17:00:56.472325,313,1129
11284,2025-01-18 17:00:56.472325,608,1129
11285,2025-01-18 17:00:56.472325,458,1129
11286,2025-01-18 17:00:56.472325,644,1129
11287,2025-01-18 17:00:56.472325,229,1129
11288,2025-01-18 17:00:56.472325,635,1129
11289,2025-01-18 17:00:56.472325,391,1129
11290,2025-01-18 17:00:56.472325,365,1129
11291,2025-01-18 17:00:56.472325,660,1130
11292,2025-01-18 17:00:56.472325,300,1130
11293,2025-01-18 17:00:56.472325,226,1130
11294,2025-01-18 17:00:56.472325,252,1130
11295,2025-01-18 17:00:56.472325,419,1130
11296,2025-01-18 17:00:56.472325,544,1130
11297,2025-01-18 17:00:56.472325,509,1130
11298,2025-01-18 17:00:56.472325,240,1130
11299,2025-01-18 17:00:56.472325,489,1130
11300,2025-01-18 17:00:56.472325,438,1130
11301,2025-01-18 17:00:56.472325,614,1131
11302,2025-01-18 17:00:56.472325,499,1131
11303,2025-01-18 17:00:56.472325,258,1131
11304,2025-01-18 17:00:56.472325,370,1131
11305,2025-01-18 17:00:56.472325,260,1131
11306,2025-01-18 17:00:56.472325,598,1131
11307,2025-01-18 17:00:56.472325,596,1131
11308,2025-01-18 17:00:56.472325,327,1131
11309,2025-01-18 17:00:56.472325,332,1131
11310,2025-01-18 17:00:56.472325,609,1131
11311,2025-01-18 17:00:56.472325,262,1132
11312,2025-01-18 17:00:56.472325,265,1132
11313,2025-01-18 17:00:56.472325,207,1132
11314,2025-01-18 17:00:56.472325,606,1132
11315,2025-01-18 17:00:56.472325,665,1132
11316,2025-01-18 17:00:56.472325,600,1132
11317,2025-01-18 17:00:56.472325,308,1132
11318,2025-01-18 17:00:56.472325,634,1132
11319,2025-01-18 17:00:56.472325,250,1132
11320,2025-01-18 17:00:56.472325,391,1132
11321,2025-01-18 17:00:56.472325,601,1133
11322,2025-01-18 17:00:56.472325,524,1133
11323,2025-01-18 17:00:56.477312,338,1133
11324,2025-01-18 17:00:56.477312,359,1133
11325,2025-01-18 17:00:56.477312,410,1133
11326,2025-01-18 17:00:56.477312,287,1133
11327,2025-01-18 17:00:56.477312,246,1133
11328,2025-01-18 17:00:56.477312,268,1133
11329,2025-01-18 17:00:56.477312,617,1133
11330,2025-01-18 17:00:56.477312,290,1133
11331,2025-01-18 17:00:56.477312,510,1134
11332,2025-01-18 17:00:56.477312,329,1134
11333,2025-01-18 17:00:56.477312,422,1134
11334,2025-01-18 17:00:56.477312,426,1134
11335,2025-01-18 17:00:56.477312,238,1134
11336,2025-01-18 17:00:56.477312,404,1134
11337,2025-01-18 17:00:56.477312,542,1134
11338,2025-01-18 17:00:56.477312,389,1134
11339,2025-01-18 17:00:56.477312,354,1134
11340,2025-01-18 17:00:56.477312,269,1134
11341,2025-01-18 17:00:56.477312,287,1135
11342,2025-01-18 17:00:56.477312,302,1135
11343,2025-01-18 17:00:56.477312,238,1135
11344,2025-01-18 17:00:56.477312,479,1135
11345,2025-01-18 17:00:56.477312,609,1135
11346,2025-01-18 17:00:56.477312,212,1135
11347,2025-01-18 17:00:56.477312,342,1135
11348,2025-01-18 17:00:56.477312,275,1135
11349,2025-01-18 17:00:56.477312,229,1135
11350,2025-01-18 17:00:56.477312,569,1135
11351,2025-01-18 17:00:56.477312,490,1136
11352,2025-01-18 17:00:56.477312,569,1136
11353,2025-01-18 17:00:56.477312,447,1136
11354,2025-01-18 17:00:56.477312,565,1136
11355,2025-01-18 17:00:56.477312,336,1136
11356,2025-01-18 17:00:56.477312,666,1136
11357,2025-01-18 17:00:56.477312,310,1136
11358,2025-01-18 17:00:56.477312,226,1136
11359,2025-01-18 17:00:56.477312,309,1136
11360,2025-01-18 17:00:56.477312,509,1136
11361,2025-01-18 17:00:56.477312,321,1137
11362,2025-01-18 17:00:56.477312,627,1137
11363,2025-01-18 17:00:56.477312,234,1137
11364,2025-01-18 17:00:56.477312,538,1137
11365,2025-01-18 17:00:56.477312,446,1137
11366,2025-01-18 17:00:56.477312,505,1137
11367,2025-01-18 17:00:56.477312,217,1137
11368,2025-01-18 17:00:56.477312,249,1137
11369,2025-01-18 17:00:56.477312,578,1137
11370,2025-01-18 17:00:56.477312,232,1137
11371,2025-01-18 17:00:56.477312,214,1138
11372,2025-01-18 17:00:56.477312,469,1138
11373,2025-01-18 17:00:56.477312,373,1138
11374,2025-01-18 17:00:56.477312,527,1138
11375,2025-01-18 17:00:56.477312,624,1138
11376,2025-01-18 17:00:56.477312,451,1138
11377,2025-01-18 17:00:56.477312,644,1138
11378,2025-01-18 17:00:56.477312,295,1138
11379,2025-01-18 17:00:56.477312,298,1138
11380,2025-01-18 17:00:56.478309,661,1138
11381,2025-01-18 17:00:56.478309,462,1139
11382,2025-01-18 17:00:56.478309,646,1139
11383,2025-01-18 17:00:56.478309,446,1139
11384,2025-01-18 17:00:56.478309,616,1139
11385,2025-01-18 17:00:56.478309,329,1139
11386,2025-01-18 17:00:56.478309,622,1139
11387,2025-01-18 17:00:56.478309,280,1139
11388,2025-01-18 17:00:56.478309,374,1139
11389,2025-01-18 17:00:56.478309,603,1139
11390,2025-01-18 17:00:56.478309,467,1139
11391,2025-01-18 17:00:56.478309,429,1140
11392,2025-01-18 17:00:56.478309,503,1140
11393,2025-01-18 17:00:56.478309,482,1140
11394,2025-01-18 17:00:56.478309,387,1140
11395,2025-01-18 17:00:56.478309,258,1140
11396,2025-01-18 17:00:56.478309,259,1140
11397,2025-01-18 17:00:56.478309,361,1140
11398,2025-01-18 17:00:56.478309,509,1140
11399,2025-01-18 17:00:56.478309,305,1140
11400,2025-01-18 17:00:56.478309,275,1140
11401,2025-01-18 17:00:56.478309,425,1141
11402,2025-01-18 17:00:56.478309,253,1141
11403,2025-01-18 17:00:56.478309,450,1141
11404,2025-01-18 17:00:56.478309,207,1141
11405,2025-01-18 17:00:56.478309,560,1141
11406,2025-01-18 17:00:56.478309,611,1141
11407,2025-01-18 17:00:56.478309,505,1141
11408,2025-01-18 17:00:56.478309,313,1141
11409,2025-01-18 17:00:56.478309,598,1141
11410,2025-01-18 17:00:56.478309,413,1141
11411,2025-01-18 17:00:56.478309,632,1142
11412,2025-01-18 17:00:56.478309,488,1142
11413,2025-01-18 17:00:56.478309,520,1142
11414,2025-01-18 17:00:56.478309,376,1142
11415,2025-01-18 17:00:56.478309,464,1142
11416,2025-01-18 17:00:56.478309,416,1142
11417,2025-01-18 17:00:56.478309,405,1142
11418,2025-01-18 17:00:56.478309,262,1142
11419,2025-01-18 17:00:56.478309,360,1142
11420,2025-01-18 17:00:56.478309,212,1142
11421,2025-01-18 17:00:56.478309,199,1143
11422,2025-01-18 17:00:56.478309,596,1143
11423,2025-01-18 17:00:56.478309,357,1143
11424,2025-01-18 17:00:56.478309,663,1143
11425,2025-01-18 17:00:56.478309,441,1143
11426,2025-01-18 17:00:56.478309,479,1143
11427,2025-01-18 17:00:56.478309,335,1143
11428,2025-01-18 17:00:56.478309,529,1143
11429,2025-01-18 17:00:56.478309,465,1143
11430,2025-01-18 17:00:56.478309,422,1143
11431,2025-01-18 17:00:56.478309,664,1144
11432,2025-01-18 17:00:56.478309,402,1144
11433,2025-01-18 17:00:56.478309,204,1144
11434,2025-01-18 17:00:56.478309,667,1144
11435,2025-01-18 17:00:56.478309,383,1144
11436,2025-01-18 17:00:56.478309,237,1144
11437,2025-01-18 17:00:56.478309,232,1144
11438,2025-01-18 17:00:56.478309,450,1144
11439,2025-01-18 17:00:56.478309,430,1144
11440,2025-01-18 17:00:56.478309,315,1144
11441,2025-01-18 17:00:56.478309,279,1145
11442,2025-01-18 17:00:56.478309,374,1145
11443,2025-01-18 17:00:56.478309,377,1145
11444,2025-01-18 17:00:56.478309,595,1145
11445,2025-01-18 17:00:56.478309,323,1145
11446,2025-01-18 17:00:56.478309,322,1145
11447,2025-01-18 17:00:56.478309,475,1145
11448,2025-01-18 17:00:56.478309,511,1145
11449,2025-01-18 17:00:56.478309,373,1145
11450,2025-01-18 17:00:56.478309,540,1145
11451,2025-01-18 17:00:56.478309,629,1146
11452,2025-01-18 17:00:56.478309,664,1146
11453,2025-01-18 17:00:56.478309,305,1146
11454,2025-01-18 17:00:56.478309,460,1146
11455,2025-01-18 17:00:56.478309,313,1146
11456,2025-01-18 17:00:56.478309,347,1146
11457,2025-01-18 17:00:56.478309,408,1146
11458,2025-01-18 17:00:56.478309,415,1146
11459,2025-01-18 17:00:56.478309,520,1146
11460,2025-01-18 17:00:56.478309,567,1146
11461,2025-01-18 17:00:56.478309,435,1147
11462,2025-01-18 17:00:56.478309,462,1147
11463,2025-01-18 17:00:56.478309,301,1147
11464,2025-01-18 17:00:56.478309,436,1147
11465,2025-01-18 17:00:56.478309,384,1147
11466,2025-01-18 17:00:56.478309,302,1147
11467,2025-01-18 17:00:56.478309,637,1147
11468,2025-01-18 17:00:56.478309,270,1147
11469,2025-01-18 17:00:56.478309,389,1147
11470,2025-01-18 17:00:56.478309,369,1147
11471,2025-01-18 17:00:56.478309,656,1148
11472,2025-01-18 17:00:56.478309,606,1148
11473,2025-01-18 17:00:56.478309,241,1148
11474,2025-01-18 17:00:56.478309,667,1148
11475,2025-01-18 17:00:56.478309,260,1148
11476,2025-01-18 17:00:56.478309,511,1148
11477,2025-01-18 17:00:56.478309,252,1148
11478,2025-01-18 17:00:56.478309,516,1148
11479,2025-01-18 17:00:56.479306,633,1148
11480,2025-01-18 17:00:56.479306,393,1148
11481,2025-01-18 17:00:56.479306,629,1149
11482,2025-01-18 17:00:56.479306,516,1149
11483,2025-01-18 17:00:56.479306,581,1149
11484,2025-01-18 17:00:56.479306,624,1149
11485,2025-01-18 17:00:56.479306,543,1149
11486,2025-01-18 17:00:56.479306,443,1149
11487,2025-01-18 17:00:56.479306,468,1149
11488,2025-01-18 17:00:56.479306,486,1149
11489,2025-01-18 17:00:56.479306,436,1149
11490,2025-01-18 17:00:56.479306,395,1149
11491,2025-01-18 17:00:56.479306,575,1150
11492,2025-01-18 17:00:56.479306,587,1150
11493,2025-01-18 17:00:56.479306,557,1150
11494,2025-01-18 17:00:56.479306,523,1150
11495,2025-01-18 17:00:56.479306,286,1150
11496,2025-01-18 17:00:56.479306,487,1150
11497,2025-01-18 17:00:56.479306,425,1150
11498,2025-01-18 17:00:56.479306,228,1150
11499,2025-01-18 17:00:56.479306,330,1150
11500,2025-01-18 17:00:56.479306,224,1150
11501,2025-01-18 17:00:56.479306,579,1151
11502,2025-01-18 17:00:56.479306,561,1151
11503,2025-01-18 17:00:56.479306,213,1151
11504,2025-01-18 17:00:56.479306,476,1151
11505,2025-01-18 17:00:56.479306,574,1151
11506,2025-01-18 17:00:56.479306,466,1151
11507,2025-01-18 17:00:56.479306,643,1151
11508,2025-01-18 17:00:56.479306,404,1151
11509,2025-01-18 17:00:56.479306,313,1151
11510,2025-01-18 17:00:56.479306,290,1151
11511,2025-01-18 17:00:56.479306,565,1152
11512,2025-01-18 17:00:56.479306,453,1152
11513,2025-01-18 17:00:56.479306,324,1152
11514,2025-01-18 17:00:56.479306,460,1152
11515,2025-01-18 17:00:56.479306,379,1152
11516,2025-01-18 17:00:56.479306,285,1152
11517,2025-01-18 17:00:56.479306,606,1152
11518,2025-01-18 17:00:56.479306,244,1152
11519,2025-01-18 17:00:56.479306,654,1152
11520,2025-01-18 17:00:56.479306,642,1152
11521,2025-01-18 17:00:56.479306,431,1153
11522,2025-01-18 17:00:56.479306,311,1153
11523,2025-01-18 17:00:56.479306,333,1153
11524,2025-01-18 17:00:56.479306,351,1153
11525,2025-01-18 17:00:56.479306,319,1153
11526,2025-01-18 17:00:56.479306,480,1153
11527,2025-01-18 17:00:56.479306,489,1153
11528,2025-01-18 17:00:56.479306,483,1153
11529,2025-01-18 17:00:56.479306,422,1153
11530,2025-01-18 17:00:56.479306,620,1153
11531,2025-01-18 17:00:56.479306,550,1154
11532,2025-01-18 17:00:56.479306,585,1154
11533,2025-01-18 17:00:56.479306,563,1154
11534,2025-01-18 17:00:56.479306,662,1154
11535,2025-01-18 17:00:56.479306,651,1154
11536,2025-01-18 17:00:56.479306,470,1154
11537,2025-01-18 17:00:56.479306,521,1154
11538,2025-01-18 17:00:56.479306,498,1154
11539,2025-01-18 17:00:56.479306,442,1154
11540,2025-01-18 17:00:56.479306,200,1154
11541,2025-01-18 17:00:56.479306,385,1155
11542,2025-01-18 17:00:56.479306,464,1155
11543,2025-01-18 17:00:56.479306,614,1155
11544,2025-01-18 17:00:56.479306,300,1155
11545,2025-01-18 17:00:56.479306,552,1155
11546,2025-01-18 17:00:56.479306,499,1155
11547,2025-01-18 17:00:56.479306,414,1155
11548,2025-01-18 17:00:56.479306,311,1155
11549,2025-01-18 17:00:56.479306,508,1155
11550,2025-01-18 17:00:56.479306,525,1155
11551,2025-01-18 17:00:56.479306,345,1156
11552,2025-01-18 17:00:56.479306,206,1156
11553,2025-01-18 17:00:56.479306,535,1156
11554,2025-01-18 17:00:56.479306,613,1156
11555,2025-01-18 17:00:56.479306,538,1156
11556,2025-01-18 17:00:56.479306,559,1156
11557,2025-01-18 17:00:56.479306,341,1156
11558,2025-01-18 17:00:56.479306,281,1156
11559,2025-01-18 17:00:56.479306,617,1156
11560,2025-01-18 17:00:56.479306,401,1156
11561,2025-01-18 17:00:56.479306,595,1157
11562,2025-01-18 17:00:56.479306,219,1157
11563,2025-01-18 17:00:56.479306,440,1157
11564,2025-01-18 17:00:56.479306,514,1157
11565,2025-01-18 17:00:56.479306,351,1157
11566,2025-01-18 17:00:56.479306,323,1157
11567,2025-01-18 17:00:56.479306,567,1157
11568,2025-01-18 17:00:56.479306,290,1157
11569,2025-01-18 17:00:56.479306,553,1157
11570,2025-01-18 17:00:56.479306,505,1157
11571,2025-01-18 17:00:56.479306,313,1158
11572,2025-01-18 17:00:56.479306,568,1158
11573,2025-01-18 17:00:56.479306,499,1158
11574,2025-01-18 17:00:56.479306,511,1158
11575,2025-01-18 17:00:56.479306,585,1158
11576,2025-01-18 17:00:56.479306,361,1158
11577,2025-01-18 17:00:56.480304,564,1158
11578,2025-01-18 17:00:56.480304,308,1158
11579,2025-01-18 17:00:56.480304,330,1158
11580,2025-01-18 17:00:56.480304,616,1158
11581,2025-01-18 17:00:56.480304,373,1159
11582,2025-01-18 17:00:56.480304,289,1159
11583,2025-01-18 17:00:56.480304,308,1159
11584,2025-01-18 17:00:56.480304,586,1159
11585,2025-01-18 17:00:56.480304,486,1159
11586,2025-01-18 17:00:56.480304,363,1159
11587,2025-01-18 17:00:56.480304,480,1159
11588,2025-01-18 17:00:56.480304,372,1159
11589,2025-01-18 17:00:56.480304,573,1159
11590,2025-01-18 17:00:56.480304,633,1159
11591,2025-01-18 17:00:56.480304,660,1160
11592,2025-01-18 17:00:56.480304,308,1160
11593,2025-01-18 17:00:56.480304,383,1160
11594,2025-01-18 17:00:56.480304,203,1160
11595,2025-01-18 17:00:56.480304,515,1160
11596,2025-01-18 17:00:56.480304,506,1160
11597,2025-01-18 17:00:56.480304,604,1160
11598,2025-01-18 17:00:56.480304,638,1160
11599,2025-01-18 17:00:56.480304,387,1160
11600,2025-01-18 17:00:56.480304,564,1160
11601,2025-01-18 17:00:56.480304,655,1161
11602,2025-01-18 17:00:56.480304,650,1161
11603,2025-01-18 17:00:56.480304,559,1161
11604,2025-01-18 17:00:56.480304,429,1161
11605,2025-01-18 17:00:56.480304,305,1161
11606,2025-01-18 17:00:56.480304,645,1161
11607,2025-01-18 17:00:56.480304,235,1161
11608,2025-01-18 17:00:56.480304,332,1161
11609,2025-01-18 17:00:56.480304,306,1161
11610,2025-01-18 17:00:56.480304,434,1161
11611,2025-01-18 17:00:56.480304,481,1162
11612,2025-01-18 17:00:56.480304,485,1162
11613,2025-01-18 17:00:56.480304,496,1162
11614,2025-01-18 17:00:56.480304,455,1162
11615,2025-01-18 17:00:56.480304,391,1162
11616,2025-01-18 17:00:56.480304,595,1162
11617,2025-01-18 17:00:56.480304,422,1162
11618,2025-01-18 17:00:56.480304,598,1162
11619,2025-01-18 17:00:56.480304,664,1162
11620,2025-01-18 17:00:56.480304,625,1162
11621,2025-01-18 17:00:56.480304,466,1163
11622,2025-01-18 17:00:56.480304,244,1163
11623,2025-01-18 17:00:56.480304,598,1163
11624,2025-01-18 17:00:56.480304,309,1163
11625,2025-01-18 17:00:56.480304,413,1163
11626,2025-01-18 17:00:56.480304,419,1163
11627,2025-01-18 17:00:56.480304,256,1163
11628,2025-01-18 17:00:56.480304,473,1163
11629,2025-01-18 17:00:56.480304,209,1163
11630,2025-01-18 17:00:56.480304,200,1163
11631,2025-01-18 17:00:56.480304,261,1164
11632,2025-01-18 17:00:56.480304,615,1164
11633,2025-01-18 17:00:56.480304,381,1164
11634,2025-01-18 17:00:56.480304,574,1164
11635,2025-01-18 17:00:56.480304,336,1164
11636,2025-01-18 17:00:56.480304,495,1164
11637,2025-01-18 17:00:56.480304,573,1164
11638,2025-01-18 17:00:56.480304,297,1164
11639,2025-01-18 17:00:56.480304,341,1164
11640,2025-01-18 17:00:56.480304,637,1164
11641,2025-01-18 17:00:56.480304,275,1165
11642,2025-01-18 17:00:56.480304,248,1165
11643,2025-01-18 17:00:56.480304,471,1165
11644,2025-01-18 17:00:56.480304,629,1165
11645,2025-01-18 17:00:56.480304,325,1165
11646,2025-01-18 17:00:56.480304,219,1165
11647,2025-01-18 17:00:56.480304,458,1165
11648,2025-01-18 17:00:56.480304,604,1165
11649,2025-01-18 17:00:56.480304,483,1165
11650,2025-01-18 17:00:56.480304,667,1165
11651,2025-01-18 17:00:56.480304,201,1166
11652,2025-01-18 17:00:56.480304,544,1166
11653,2025-01-18 17:00:56.480304,409,1166
11654,2025-01-18 17:00:56.480304,545,1166
11655,2025-01-18 17:00:56.480304,484,1166
11656,2025-01-18 17:00:56.485291,569,1166
11657,2025-01-18 17:00:56.485291,245,1166
11658,2025-01-18 17:00:56.485291,386,1166
11659,2025-01-18 17:00:56.485291,468,1166
11660,2025-01-18 17:00:56.485291,533,1166
11661,2025-01-18 17:00:56.485291,315,1167
11662,2025-01-18 17:00:56.485291,509,1167
11663,2025-01-18 17:00:56.485291,645,1167
11664,2025-01-18 17:00:56.485291,362,1167
11665,2025-01-18 17:00:56.485291,405,1167
11666,2025-01-18 17:00:56.485291,242,1167
11667,2025-01-18 17:00:56.485291,286,1167
11668,2025-01-18 17:00:56.485291,389,1167
11669,2025-01-18 17:00:56.485291,570,1167
11670,2025-01-18 17:00:56.485291,279,1167
11671,2025-01-18 17:00:56.485291,220,1168
11672,2025-01-18 17:00:56.485291,658,1168
11673,2025-01-18 17:00:56.485291,434,1168
11674,2025-01-18 17:00:56.485291,512,1168
11675,2025-01-18 17:00:56.485291,384,1168
11676,2025-01-18 17:00:56.485291,547,1168
11677,2025-01-18 17:00:56.485291,470,1168
11678,2025-01-18 17:00:56.485291,412,1168
11679,2025-01-18 17:00:56.485291,203,1168
11680,2025-01-18 17:00:56.485291,656,1168
11681,2025-01-18 17:00:56.485291,484,1169
11682,2025-01-18 17:00:56.485291,583,1169
11683,2025-01-18 17:00:56.485291,597,1169
11684,2025-01-18 17:00:56.485291,562,1169
11685,2025-01-18 17:00:56.485291,486,1169
11686,2025-01-18 17:00:56.485291,211,1169
11687,2025-01-18 17:00:56.485291,322,1169
11688,2025-01-18 17:00:56.485291,296,1169
11689,2025-01-18 17:00:56.485291,436,1169
11690,2025-01-18 17:00:56.485291,495,1169
11691,2025-01-18 17:00:56.485291,276,1170
11692,2025-01-18 17:00:56.485291,652,1170
11693,2025-01-18 17:00:56.485291,479,1170
11694,2025-01-18 17:00:56.485291,467,1170
11695,2025-01-18 17:00:56.485291,275,1170
11696,2025-01-18 17:00:56.485291,297,1170
11697,2025-01-18 17:00:56.485291,237,1170
11698,2025-01-18 17:00:56.485291,252,1170
11699,2025-01-18 17:00:56.485291,606,1170
11700,2025-01-18 17:00:56.485291,566,1170
11701,2025-01-18 17:00:56.485291,331,1171
11702,2025-01-18 17:00:56.485291,396,1171
11703,2025-01-18 17:00:56.485291,252,1171
11704,2025-01-18 17:00:56.485291,586,1171
11705,2025-01-18 17:00:56.485291,518,1171
11706,2025-01-18 17:00:56.485291,504,1171
11707,2025-01-18 17:00:56.485291,212,1171
11708,2025-01-18 17:00:56.485291,653,1171
11709,2025-01-18 17:00:56.485291,392,1171
11710,2025-01-18 17:00:56.485291,626,1171
11711,2025-01-18 17:00:56.485291,495,1172
11712,2025-01-18 17:00:56.485291,482,1172
11713,2025-01-18 17:00:56.485291,261,1172
11714,2025-01-18 17:00:56.485291,590,1172
11715,2025-01-18 17:00:56.485291,272,1172
11716,2025-01-18 17:00:56.485291,532,1172
11717,2025-01-18 17:00:56.485291,250,1172
11718,2025-01-18 17:00:56.485291,464,1172
11719,2025-01-18 17:00:56.485291,567,1172
11720,2025-01-18 17:00:56.485291,204,1172
11721,2025-01-18 17:00:56.485291,522,1173
11722,2025-01-18 17:00:56.485291,365,1173
11723,2025-01-18 17:00:56.485291,366,1173
11724,2025-01-18 17:00:56.485291,537,1173
11725,2025-01-18 17:00:56.485291,293,1173
11726,2025-01-18 17:00:56.485291,455,1173
11727,2025-01-18 17:00:56.485291,350,1173
11728,2025-01-18 17:00:56.485291,256,1173
11729,2025-01-18 17:00:56.485291,654,1173
11730,2025-01-18 17:00:56.485291,376,1173
11731,2025-01-18 17:00:56.485291,511,1174
11732,2025-01-18 17:00:56.485291,515,1174
11733,2025-01-18 17:00:56.485291,559,1174
11734,2025-01-18 17:00:56.485291,251,1174
11735,2025-01-18 17:00:56.485291,446,1174
11736,2025-01-18 17:00:56.485291,667,1174
11737,2025-01-18 17:00:56.485291,519,1174
11738,2025-01-18 17:00:56.485291,458,1174
11739,2025-01-18 17:00:56.485291,481,1174
11740,2025-01-18 17:00:56.486287,368,1174
11741,2025-01-18 17:00:56.486287,363,1175
11742,2025-01-18 17:00:56.486287,377,1175
11743,2025-01-18 17:00:56.486287,413,1175
11744,2025-01-18 17:00:56.486287,583,1175
11745,2025-01-18 17:00:56.486287,402,1175
11746,2025-01-18 17:00:56.486287,498,1175
11747,2025-01-18 17:00:56.486287,230,1175
11748,2025-01-18 17:00:56.486287,475,1175
11749,2025-01-18 17:00:56.486287,472,1175
11750,2025-01-18 17:00:56.486287,345,1175
11751,2025-01-18 17:00:56.486287,203,1176
11752,2025-01-18 17:00:56.486287,363,1176
11753,2025-01-18 17:00:56.486287,335,1176
11754,2025-01-18 17:00:56.486287,434,1176
11755,2025-01-18 17:00:56.486287,295,1176
11756,2025-01-18 17:00:56.486287,479,1176
11757,2025-01-18 17:00:56.486287,401,1176
11758,2025-01-18 17:00:56.486287,438,1176
11759,2025-01-18 17:00:56.486287,606,1176
11760,2025-01-18 17:00:56.486287,231,1176
11761,2025-01-18 17:00:56.486287,353,1177
11762,2025-01-18 17:00:56.486287,232,1177
11763,2025-01-18 17:00:56.486287,512,1177
11764,2025-01-18 17:00:56.486287,562,1177
11765,2025-01-18 17:00:56.486287,547,1177
11766,2025-01-18 17:00:56.486287,314,1177
11767,2025-01-18 17:00:56.486287,603,1177
11768,2025-01-18 17:00:56.486287,348,1177
11769,2025-01-18 17:00:56.486287,468,1177
11770,2025-01-18 17:00:56.486287,472,1177
11771,2025-01-18 17:00:56.486287,611,1178
11772,2025-01-18 17:00:56.486287,302,1178
11773,2025-01-18 17:00:56.486287,197,1178
11774,2025-01-18 17:00:56.486287,346,1178
11775,2025-01-18 17:00:56.486287,355,1178
11776,2025-01-18 17:00:56.486287,545,1178
11777,2025-01-18 17:00:56.486287,517,1178
11778,2025-01-18 17:00:56.486287,414,1178
11779,2025-01-18 17:00:56.486287,450,1178
11780,2025-01-18 17:00:56.486287,647,1178
11781,2025-01-18 17:00:56.486287,447,1179
11782,2025-01-18 17:00:56.486287,217,1179
11783,2025-01-18 17:00:56.486287,486,1179
11784,2025-01-18 17:00:56.486287,448,1179
11785,2025-01-18 17:00:56.486287,427,1179
11786,2025-01-18 17:00:56.486287,534,1179
11787,2025-01-18 17:00:56.486287,300,1179
11788,2025-01-18 17:00:56.486287,356,1179
11789,2025-01-18 17:00:56.486287,578,1179
11790,2025-01-18 17:00:56.486287,612,1179
11791,2025-01-18 17:00:56.486287,272,1180
11792,2025-01-18 17:00:56.486287,290,1180
11793,2025-01-18 17:00:56.486287,437,1180
11794,2025-01-18 17:00:56.486287,639,1180
11795,2025-01-18 17:00:56.486287,637,1180
11796,2025-01-18 17:00:56.486287,255,1180
11797,2025-01-18 17:00:56.486287,485,1180
11798,2025-01-18 17:00:56.486287,481,1180
11799,2025-01-18 17:00:56.486287,550,1180
11800,2025-01-18 17:00:56.486287,626,1180
11801,2025-01-18 17:00:56.486287,458,1181
11802,2025-01-18 17:00:56.486287,490,1181
11803,2025-01-18 17:00:56.486287,585,1181
11804,2025-01-18 17:00:56.486287,519,1181
11805,2025-01-18 17:00:56.486287,432,1181
11806,2025-01-18 17:00:56.486287,592,1181
11807,2025-01-18 17:00:56.486287,387,1181
11808,2025-01-18 17:00:56.486287,359,1181
11809,2025-01-18 17:00:56.486287,301,1181
11810,2025-01-18 17:00:56.486287,527,1181
11811,2025-01-18 17:00:56.486287,439,1182
11812,2025-01-18 17:00:56.486287,408,1182
11813,2025-01-18 17:00:56.486287,354,1182
11814,2025-01-18 17:00:56.486287,517,1182
11815,2025-01-18 17:00:56.486287,398,1182
11816,2025-01-18 17:00:56.486287,460,1182
11817,2025-01-18 17:00:56.486287,642,1182
11818,2025-01-18 17:00:56.486287,413,1182
11819,2025-01-18 17:00:56.486287,598,1182
11820,2025-01-18 17:00:56.486287,637,1182
11821,2025-01-18 17:00:56.486287,211,1183
11822,2025-01-18 17:00:56.486287,578,1183
11823,2025-01-18 17:00:56.486287,412,1183
11824,2025-01-18 17:00:56.486287,361,1183
11825,2025-01-18 17:00:56.486287,301,1183
11826,2025-01-18 17:00:56.486287,392,1183
11827,2025-01-18 17:00:56.486287,426,1183
11828,2025-01-18 17:00:56.486287,595,1183
11829,2025-01-18 17:00:56.486287,304,1183
11830,2025-01-18 17:00:56.487285,594,1183
11831,2025-01-18 17:00:56.487285,581,1184
11832,2025-01-18 17:00:56.487285,326,1184
11833,2025-01-18 17:00:56.487285,552,1184
11834,2025-01-18 17:00:56.487285,385,1184
11835,2025-01-18 17:00:56.487285,560,1184
11836,2025-01-18 17:00:56.487285,426,1184
11837,2025-01-18 17:00:56.487285,248,1184
11838,2025-01-18 17:00:56.487285,480,1184
11839,2025-01-18 17:00:56.487285,239,1184
11840,2025-01-18 17:00:56.487285,224,1184
11841,2025-01-18 17:00:56.487285,329,1185
11842,2025-01-18 17:00:56.487285,362,1185
11843,2025-01-18 17:00:56.487285,258,1185
11844,2025-01-18 17:00:56.487285,386,1185
11845,2025-01-18 17:00:56.487285,534,1185
11846,2025-01-18 17:00:56.487285,433,1185
11847,2025-01-18 17:00:56.487285,660,1185
11848,2025-01-18 17:00:56.487285,424,1185
11849,2025-01-18 17:00:56.487285,578,1185
11850,2025-01-18 17:00:56.487285,663,1185
11851,2025-01-18 17:00:56.487285,208,1186
11852,2025-01-18 17:00:56.487285,407,1186
11853,2025-01-18 17:00:56.487285,309,1186
11854,2025-01-18 17:00:56.487285,337,1186
11855,2025-01-18 17:00:56.487285,422,1186
11856,2025-01-18 17:00:56.487285,441,1186
11857,2025-01-18 17:00:56.487285,602,1186
11858,2025-01-18 17:00:56.487285,291,1186
11859,2025-01-18 17:00:56.487285,514,1186
11860,2025-01-18 17:00:56.487285,292,1186
11861,2025-01-18 17:00:56.487285,284,1187
11862,2025-01-18 17:00:56.487285,231,1187
11863,2025-01-18 17:00:56.487285,392,1187
11864,2025-01-18 17:00:56.487285,628,1187
11865,2025-01-18 17:00:56.487285,463,1187
11866,2025-01-18 17:00:56.487285,441,1187
11867,2025-01-18 17:00:56.487285,479,1187
11868,2025-01-18 17:00:56.487285,493,1187
11869,2025-01-18 17:00:56.487285,296,1187
11870,2025-01-18 17:00:56.487285,254,1187
11871,2025-01-18 17:00:56.487285,252,1188
11872,2025-01-18 17:00:56.487285,314,1188
11873,2025-01-18 17:00:56.487285,393,1188
11874,2025-01-18 17:00:56.487285,254,1188
11875,2025-01-18 17:00:56.487285,337,1188
11876,2025-01-18 17:00:56.487285,275,1188
11877,2025-01-18 17:00:56.487285,338,1188
11878,2025-01-18 17:00:56.487285,379,1188
11879,2025-01-18 17:00:56.487285,355,1188
11880,2025-01-18 17:00:56.487285,329,1188
11881,2025-01-18 17:00:56.487285,282,1189
11882,2025-01-18 17:00:56.487285,230,1189
11883,2025-01-18 17:00:56.487285,493,1189
11884,2025-01-18 17:00:56.487285,465,1189
11885,2025-01-18 17:00:56.487285,334,1189
11886,2025-01-18 17:00:56.487285,238,1189
11887,2025-01-18 17:00:56.487285,385,1189
11888,2025-01-18 17:00:56.487285,616,1189
11889,2025-01-18 17:00:56.487285,242,1189
11890,2025-01-18 17:00:56.487285,213,1189
11891,2025-01-18 17:00:56.487285,366,1190
11892,2025-01-18 17:00:56.487285,453,1190
11893,2025-01-18 17:00:56.487285,418,1190
11894,2025-01-18 17:00:56.487285,512,1190
11895,2025-01-18 17:00:56.487285,497,1190
11896,2025-01-18 17:00:56.487285,412,1190
11897,2025-01-18 17:00:56.487285,455,1190
11898,2025-01-18 17:00:56.487285,472,1190
11899,2025-01-18 17:00:56.487285,601,1190
11900,2025-01-18 17:00:56.487285,268,1190
11901,2025-01-18 17:00:56.487285,513,1191
11902,2025-01-18 17:00:56.487285,372,1191
11903,2025-01-18 17:00:56.487285,584,1191
11904,2025-01-18 17:00:56.487285,202,1191
11905,2025-01-18 17:00:56.487285,657,1191
11906,2025-01-18 17:00:56.487285,543,1191
11907,2025-01-18 17:00:56.487285,597,1191
11908,2025-01-18 17:00:56.487285,571,1191
11909,2025-01-18 17:00:56.487285,322,1191
11910,2025-01-18 17:00:56.487285,253,1191
11911,2025-01-18 17:00:56.487285,255,1192
11912,2025-01-18 17:00:56.487285,226,1192
11913,2025-01-18 17:00:56.487285,517,1192
11914,2025-01-18 17:00:56.487285,396,1192
11915,2025-01-18 17:00:56.487285,564,1192
11916,2025-01-18 17:00:56.487285,252,1192
11917,2025-01-18 17:00:56.487285,484,1192
11918,2025-01-18 17:00:56.487285,406,1192
11919,2025-01-18 17:00:56.487285,264,1192
11920,2025-01-18 17:00:56.487285,516,1192
11921,2025-01-18 17:00:56.487285,623,1193
11922,2025-01-18 17:00:56.488282,244,1193
11923,2025-01-18 17:00:56.488282,222,1193
11924,2025-01-18 17:00:56.488282,540,1193
11925,2025-01-18 17:00:56.488282,265,1193
11926,2025-01-18 17:00:56.488282,274,1193
11927,2025-01-18 17:00:56.488282,209,1193
11928,2025-01-18 17:00:56.488282,228,1193
11929,2025-01-18 17:00:56.488282,329,1193
11930,2025-01-18 17:00:56.488282,379,1193
11931,2025-01-18 17:00:56.488282,439,1194
11932,2025-01-18 17:00:56.488282,598,1194
11933,2025-01-18 17:00:56.488282,451,1194
11934,2025-01-18 17:00:56.488282,562,1194
11935,2025-01-18 17:00:56.488282,277,1194
11936,2025-01-18 17:00:56.488282,390,1194
11937,2025-01-18 17:00:56.488282,532,1194
11938,2025-01-18 17:00:56.488282,396,1194
11939,2025-01-18 17:00:56.488282,470,1194
11940,2025-01-18 17:00:56.488282,461,1194
11941,2025-01-18 17:00:56.488282,490,1195
11942,2025-01-18 17:00:56.488282,496,1195
11943,2025-01-18 17:00:56.488282,392,1195
11944,2025-01-18 17:00:56.488282,301,1195
11945,2025-01-18 17:00:56.488282,485,1195
11946,2025-01-18 17:00:56.488282,481,1195
11947,2025-01-18 17:00:56.488282,530,1195
11948,2025-01-18 17:00:56.488282,217,1195
11949,2025-01-18 17:00:56.488282,435,1195
11950,2025-01-18 17:00:56.488282,259,1195
11951,2025-01-18 17:00:56.488282,631,1196
11952,2025-01-18 17:00:56.488282,597,1196
11953,2025-01-18 17:00:56.488282,358,1196
11954,2025-01-18 17:00:56.488282,501,1196
11955,2025-01-18 17:00:56.488282,505,1196
11956,2025-01-18 17:00:56.488282,364,1196
11957,2025-01-18 17:00:56.488282,599,1196
11958,2025-01-18 17:00:56.488282,623,1196
11959,2025-01-18 17:00:56.488282,596,1196
11960,2025-01-18 17:00:56.488282,630,1196
11961,2025-01-18 17:00:56.488282,368,1197
11962,2025-01-18 17:00:56.488282,483,1197
11963,2025-01-18 17:00:56.488282,634,1197
11964,2025-01-18 17:00:56.488282,536,1197
11965,2025-01-18 17:00:56.488282,453,1197
11966,2025-01-18 17:00:56.488282,590,1197
11967,2025-01-18 17:00:56.488282,207,1197
11968,2025-01-18 17:00:56.488282,530,1197
11969,2025-01-18 17:00:56.488282,449,1197
11970,2025-01-18 17:00:56.488282,547,1197
11971,2025-01-18 17:00:56.488282,362,1198
11972,2025-01-18 17:00:56.488282,437,1198
11973,2025-01-18 17:00:56.488282,655,1198
11974,2025-01-18 17:00:56.488282,348,1198
11975,2025-01-18 17:00:56.488282,345,1198
11976,2025-01-18 17:00:56.488282,249,1198
11977,2025-01-18 17:00:56.488282,492,1198
11978,2025-01-18 17:00:56.488282,266,1198
11979,2025-01-18 17:00:56.488282,443,1198
11980,2025-01-18 17:00:56.488282,399,1198
11981,2025-01-18 17:00:56.488282,247,1199
11982,2025-01-18 17:00:56.488282,380,1199
11983,2025-01-18 17:00:56.488282,568,1199
11984,2025-01-18 17:00:56.488282,272,1199
11985,2025-01-18 17:00:56.488282,451,1199
11986,2025-01-18 17:00:56.488282,516,1199
11987,2025-01-18 17:00:56.488282,405,1199
11988,2025-01-18 17:00:56.488282,553,1199
11989,2025-01-18 17:00:56.493269,289,1199
11990,2025-01-18 17:00:56.493269,433,1199
11991,2025-01-18 17:00:56.493269,420,1200
11992,2025-01-18 17:00:56.493269,594,1200
11993,2025-01-18 17:00:56.493269,247,1200
11994,2025-01-18 17:00:56.493269,413,1200
11995,2025-01-18 17:00:56.493269,244,1200
11996,2025-01-18 17:00:56.493269,584,1200
11997,2025-01-18 17:00:56.493269,194,1200
11998,2025-01-18 17:00:56.493269,608,1200
11999,2025-01-18 17:00:56.493269,377,1200
12000,2025-01-18 17:00:56.493269,660,1200
12001,2025-01-18 17:00:56.493269,464,1201
12002,2025-01-18 17:00:56.493269,337,1201
12003,2025-01-18 17:00:56.493269,607,1201
12004,2025-01-18 17:00:56.493269,622,1201
12005,2025-01-18 17:00:56.493269,375,1201
12006,2025-01-18 17:00:56.493269,281,1201
12007,2025-01-18 17:00:56.493269,484,1201
12008,2025-01-18 17:00:56.493269,632,1201
12009,2025-01-18 17:00:56.493269,221,1201
12010,2025-01-18 17:00:56.493269,427,1201
12011,2025-01-18 17:00:56.493269,253,1202
12012,2025-01-18 17:00:56.493269,640,1202
12013,2025-01-18 17:00:56.493269,221,1202
12014,2025-01-18 17:00:56.493269,204,1202
12015,2025-01-18 17:00:56.493269,451,1202
12016,2025-01-18 17:00:56.493269,611,1202
12017,2025-01-18 17:00:56.493269,516,1202
12018,2025-01-18 17:00:56.493269,631,1202
12019,2025-01-18 17:00:56.493269,344,1202
12020,2025-01-18 17:00:56.493269,408,1202
12021,2025-01-18 17:00:56.493269,370,1203
12022,2025-01-18 17:00:56.493269,520,1203
12023,2025-01-18 17:00:56.493269,312,1203
12024,2025-01-18 17:00:56.493269,529,1203
12025,2025-01-18 17:00:56.493269,434,1203
12026,2025-01-18 17:00:56.493269,533,1203
12027,2025-01-18 17:00:56.493269,258,1203
12028,2025-01-18 17:00:56.493269,430,1203
12029,2025-01-18 17:00:56.493269,558,1203
12030,2025-01-18 17:00:56.493269,351,1203
12031,2025-01-18 17:00:56.493269,337,1204
12032,2025-01-18 17:00:56.493269,507,1204
12033,2025-01-18 17:00:56.493269,470,1204
12034,2025-01-18 17:00:56.493269,229,1204
12035,2025-01-18 17:00:56.493269,595,1204
12036,2025-01-18 17:00:56.493269,245,1204
12037,2025-01-18 17:00:56.493269,533,1204
12038,2025-01-18 17:00:56.493269,521,1204
12039,2025-01-18 17:00:56.493269,451,1204
12040,2025-01-18 17:00:56.493269,373,1204
12041,2025-01-18 17:00:56.493269,535,1205
12042,2025-01-18 17:00:56.493269,464,1205
12043,2025-01-18 17:00:56.493269,261,1205
12044,2025-01-18 17:00:56.493269,494,1205
12045,2025-01-18 17:00:56.493269,632,1205
12046,2025-01-18 17:00:56.493269,436,1205
12047,2025-01-18 17:00:56.493269,487,1205
12048,2025-01-18 17:00:56.493269,496,1205
12049,2025-01-18 17:00:56.493269,455,1205
12050,2025-01-18 17:00:56.493269,317,1205
12051,2025-01-18 17:00:56.493269,323,1206
12052,2025-01-18 17:00:56.493269,393,1206
12053,2025-01-18 17:00:56.493269,666,1206
12054,2025-01-18 17:00:56.493269,545,1206
12055,2025-01-18 17:00:56.493269,513,1206
12056,2025-01-18 17:00:56.493269,457,1206
12057,2025-01-18 17:00:56.493269,594,1206
12058,2025-01-18 17:00:56.493269,311,1206
12059,2025-01-18 17:00:56.493269,299,1206
12060,2025-01-18 17:00:56.494268,636,1206
12061,2025-01-18 17:00:56.494268,500,1207
12062,2025-01-18 17:00:56.494268,233,1207
12063,2025-01-18 17:00:56.494268,455,1207
12064,2025-01-18 17:00:56.494268,218,1207
12065,2025-01-18 17:00:56.494268,263,1207
12066,2025-01-18 17:00:56.494268,473,1207
12067,2025-01-18 17:00:56.494268,622,1207
12068,2025-01-18 17:00:56.494268,217,1207
12069,2025-01-18 17:00:56.494268,347,1207
12070,2025-01-18 17:00:56.494268,199,1207
12071,2025-01-18 17:00:56.494268,498,1208
12072,2025-01-18 17:00:56.494268,351,1208
12073,2025-01-18 17:00:56.494268,383,1208
12074,2025-01-18 17:00:56.494268,506,1208
12075,2025-01-18 17:00:56.494268,523,1208
12076,2025-01-18 17:00:56.494268,250,1208
12077,2025-01-18 17:00:56.494268,622,1208
12078,2025-01-18 17:00:56.494268,346,1208
12079,2025-01-18 17:00:56.494268,326,1208
12080,2025-01-18 17:00:56.494268,209,1208
12081,2025-01-18 17:00:56.494268,214,1209
12082,2025-01-18 17:00:56.494268,511,1209
12083,2025-01-18 17:00:56.494268,560,1209
12084,2025-01-18 17:00:56.494268,590,1209
12085,2025-01-18 17:00:56.494268,232,1209
12086,2025-01-18 17:00:56.494268,559,1209
12087,2025-01-18 17:00:56.494268,597,1209
12088,2025-01-18 17:00:56.494268,515,1209
12089,2025-01-18 17:00:56.494268,339,1209
12090,2025-01-18 17:00:56.494268,382,1209
12091,2025-01-18 17:00:56.494268,315,1210
12092,2025-01-18 17:00:56.494268,541,1210
12093,2025-01-18 17:00:56.494268,234,1210
12094,2025-01-18 17:00:56.494268,223,1210
12095,2025-01-18 17:00:56.494268,631,1210
12096,2025-01-18 17:00:56.494268,476,1210
12097,2025-01-18 17:00:56.494268,401,1210
12098,2025-01-18 17:00:56.494268,544,1210
12099,2025-01-18 17:00:56.494268,409,1210
12100,2025-01-18 17:00:56.494268,438,1210
12101,2025-01-18 17:00:56.494268,621,1211
12102,2025-01-18 17:00:56.494268,586,1211
12103,2025-01-18 17:00:56.494268,457,1211
12104,2025-01-18 17:00:56.494268,455,1211
12105,2025-01-18 17:00:56.494268,551,1211
12106,2025-01-18 17:00:56.494268,390,1211
12107,2025-01-18 17:00:56.494268,315,1211
12108,2025-01-18 17:00:56.494268,265,1211
12109,2025-01-18 17:00:56.494268,490,1211
12110,2025-01-18 17:00:56.494268,485,1211
12111,2025-01-18 17:00:56.494268,293,1212
12112,2025-01-18 17:00:56.494268,209,1212
12113,2025-01-18 17:00:56.494268,614,1212
12114,2025-01-18 17:00:56.494268,235,1212
12115,2025-01-18 17:00:56.494268,655,1212
12116,2025-01-18 17:00:56.494268,398,1212
12117,2025-01-18 17:00:56.494268,481,1212
12118,2025-01-18 17:00:56.494268,569,1212
12119,2025-01-18 17:00:56.494268,621,1212
12120,2025-01-18 17:00:56.494268,428,1212
12121,2025-01-18 17:00:56.494268,642,1213
12122,2025-01-18 17:00:56.494268,388,1213
12123,2025-01-18 17:00:56.494268,246,1213
12124,2025-01-18 17:00:56.494268,468,1213
12125,2025-01-18 17:00:56.494268,584,1213
12126,2025-01-18 17:00:56.494268,204,1213
12127,2025-01-18 17:00:56.494268,508,1213
12128,2025-01-18 17:00:56.494268,345,1213
12129,2025-01-18 17:00:56.494268,313,1213
12130,2025-01-18 17:00:56.494268,289,1213
12131,2025-01-18 17:00:56.494268,630,1214
12132,2025-01-18 17:00:56.494268,500,1214
12133,2025-01-18 17:00:56.494268,337,1214
12134,2025-01-18 17:00:56.494268,344,1214
12135,2025-01-18 17:00:56.494268,607,1214
12136,2025-01-18 17:00:56.494268,359,1214
12137,2025-01-18 17:00:56.494268,314,1214
12138,2025-01-18 17:00:56.494268,381,1214
12139,2025-01-18 17:00:56.494268,231,1214
12140,2025-01-18 17:00:56.494268,495,1214
12141,2025-01-18 17:00:56.494268,539,1215
12142,2025-01-18 17:00:56.494268,492,1215
12143,2025-01-18 17:00:56.494268,287,1215
12144,2025-01-18 17:00:56.494268,378,1215
12145,2025-01-18 17:00:56.494268,304,1215
12146,2025-01-18 17:00:56.494268,658,1215
12147,2025-01-18 17:00:56.494268,438,1215
12148,2025-01-18 17:00:56.494268,485,1215
12149,2025-01-18 17:00:56.494268,381,1215
12150,2025-01-18 17:00:56.494268,343,1215
12151,2025-01-18 17:00:56.494268,415,1216
12152,2025-01-18 17:00:56.494268,270,1216
12153,2025-01-18 17:00:56.494268,557,1216
12154,2025-01-18 17:00:56.494268,477,1216
12155,2025-01-18 17:00:56.494268,408,1216
12156,2025-01-18 17:00:56.494268,564,1216
12157,2025-01-18 17:00:56.494268,297,1216
12158,2025-01-18 17:00:56.495264,407,1216
12159,2025-01-18 17:00:56.495264,296,1216
12160,2025-01-18 17:00:56.495264,514,1216
12161,2025-01-18 17:00:56.495264,586,1217
12162,2025-01-18 17:00:56.495264,667,1217
12163,2025-01-18 17:00:56.495264,659,1217
12164,2025-01-18 17:00:56.495264,493,1217
12165,2025-01-18 17:00:56.495264,592,1217
12166,2025-01-18 17:00:56.495264,664,1217
12167,2025-01-18 17:00:56.495264,610,1217
12168,2025-01-18 17:00:56.495264,506,1217
12169,2025-01-18 17:00:56.495264,438,1217
12170,2025-01-18 17:00:56.495264,394,1217
12171,2025-01-18 17:00:56.495264,235,1218
12172,2025-01-18 17:00:56.495264,625,1218
12173,2025-01-18 17:00:56.495264,656,1218
12174,2025-01-18 17:00:56.495264,365,1218
12175,2025-01-18 17:00:56.495264,261,1218
12176,2025-01-18 17:00:56.495264,216,1218
12177,2025-01-18 17:00:56.495264,572,1218
12178,2025-01-18 17:00:56.495264,498,1218
12179,2025-01-18 17:00:56.495264,364,1218
12180,2025-01-18 17:00:56.495264,371,1218
12181,2025-01-18 17:00:56.495264,381,1219
12182,2025-01-18 17:00:56.495264,368,1219
12183,2025-01-18 17:00:56.495264,459,1219
12184,2025-01-18 17:00:56.495264,585,1219
12185,2025-01-18 17:00:56.495264,359,1219
12186,2025-01-18 17:00:56.495264,256,1219
12187,2025-01-18 17:00:56.495264,605,1219
12188,2025-01-18 17:00:56.495264,632,1219
12189,2025-01-18 17:00:56.495264,210,1219
12190,2025-01-18 17:00:56.495264,524,1219
12191,2025-01-18 17:00:56.495264,462,1220
12192,2025-01-18 17:00:56.495264,425,1220
12193,2025-01-18 17:00:56.495264,288,1220
12194,2025-01-18 17:00:56.495264,647,1220
12195,2025-01-18 17:00:56.495264,596,1220
12196,2025-01-18 17:00:56.495264,253,1220
12197,2025-01-18 17:00:56.495264,527,1220
12198,2025-01-18 17:00:56.495264,243,1220
12199,2025-01-18 17:00:56.495264,510,1220
12200,2025-01-18 17:00:56.495264,384,1220
12201,2025-01-18 17:00:56.495264,576,1221
12202,2025-01-18 17:00:56.495264,315,1221
12203,2025-01-18 17:00:56.495264,575,1221
12204,2025-01-18 17:00:56.495264,292,1221
12205,2025-01-18 17:00:56.495264,624,1221
12206,2025-01-18 17:00:56.495264,235,1221
12207,2025-01-18 17:00:56.495264,196,1221
12208,2025-01-18 17:00:56.495264,454,1221
12209,2025-01-18 17:00:56.495264,473,1221
12210,2025-01-18 17:00:56.495264,338,1221
12211,2025-01-18 17:00:56.495264,205,1222
12212,2025-01-18 17:00:56.495264,584,1222
12213,2025-01-18 17:00:56.495264,529,1222
12214,2025-01-18 17:00:56.495264,223,1222
12215,2025-01-18 17:00:56.495264,311,1222
12216,2025-01-18 17:00:56.495264,431,1222
12217,2025-01-18 17:00:56.495264,237,1222
12218,2025-01-18 17:00:56.495264,448,1222
12219,2025-01-18 17:00:56.495264,270,1222
12220,2025-01-18 17:00:56.495264,475,1222
12221,2025-01-18 17:00:56.495264,324,1223
12222,2025-01-18 17:00:56.495264,557,1223
12223,2025-01-18 17:00:56.495264,318,1223
12224,2025-01-18 17:00:56.495264,295,1223
12225,2025-01-18 17:00:56.495264,666,1223
12226,2025-01-18 17:00:56.495264,613,1223
12227,2025-01-18 17:00:56.495264,645,1223
12228,2025-01-18 17:00:56.495264,548,1223
12229,2025-01-18 17:00:56.495264,238,1223
12230,2025-01-18 17:00:56.495264,358,1223
12231,2025-01-18 17:00:56.495264,437,1224
12232,2025-01-18 17:00:56.495264,320,1224
12233,2025-01-18 17:00:56.495264,237,1224
12234,2025-01-18 17:00:56.495264,331,1224
12235,2025-01-18 17:00:56.495264,539,1224
12236,2025-01-18 17:00:56.495264,214,1224
12237,2025-01-18 17:00:56.495264,404,1224
12238,2025-01-18 17:00:56.495264,598,1224
12239,2025-01-18 17:00:56.495264,196,1224
12240,2025-01-18 17:00:56.495264,310,1224
12241,2025-01-18 17:00:56.495264,468,1225
12242,2025-01-18 17:00:56.495264,469,1225
12243,2025-01-18 17:00:56.495264,652,1225
12244,2025-01-18 17:00:56.495264,486,1225
12245,2025-01-18 17:00:56.495264,350,1225
12246,2025-01-18 17:00:56.495264,310,1225
12247,2025-01-18 17:00:56.495264,419,1225
12248,2025-01-18 17:00:56.495264,246,1225
12249,2025-01-18 17:00:56.495264,495,1225
12250,2025-01-18 17:00:56.495264,627,1225
12251,2025-01-18 17:00:56.495264,663,1226
12252,2025-01-18 17:00:56.495264,205,1226
12253,2025-01-18 17:00:56.495264,666,1226
12254,2025-01-18 17:00:56.495264,393,1226
12255,2025-01-18 17:00:56.496261,403,1226
12256,2025-01-18 17:00:56.496261,354,1226
12257,2025-01-18 17:00:56.496261,573,1226
12258,2025-01-18 17:00:56.496261,225,1226
12259,2025-01-18 17:00:56.496261,199,1226
12260,2025-01-18 17:00:56.496261,226,1226
12261,2025-01-18 17:00:56.496261,447,1227
12262,2025-01-18 17:00:56.496261,618,1227
12263,2025-01-18 17:00:56.496261,577,1227
12264,2025-01-18 17:00:56.496261,343,1227
12265,2025-01-18 17:00:56.496261,546,1227
12266,2025-01-18 17:00:56.496261,319,1227
12267,2025-01-18 17:00:56.496261,358,1227
12268,2025-01-18 17:00:56.496261,574,1227
12269,2025-01-18 17:00:56.496261,479,1227
12270,2025-01-18 17:00:56.496261,433,1227
12271,2025-01-18 17:00:56.496261,536,1228
12272,2025-01-18 17:00:56.496261,415,1228
12273,2025-01-18 17:00:56.496261,537,1228
12274,2025-01-18 17:00:56.496261,267,1228
12275,2025-01-18 17:00:56.496261,447,1228
12276,2025-01-18 17:00:56.496261,353,1228
12277,2025-01-18 17:00:56.496261,252,1228
12278,2025-01-18 17:00:56.496261,623,1228
12279,2025-01-18 17:00:56.496261,211,1228
12280,2025-01-18 17:00:56.496261,590,1228
12281,2025-01-18 17:00:56.496261,481,1229
12282,2025-01-18 17:00:56.496261,462,1229
12283,2025-01-18 17:00:56.496261,470,1229
12284,2025-01-18 17:00:56.496261,395,1229
12285,2025-01-18 17:00:56.496261,568,1229
12286,2025-01-18 17:00:56.496261,373,1229
12287,2025-01-18 17:00:56.496261,650,1229
12288,2025-01-18 17:00:56.496261,639,1229
12289,2025-01-18 17:00:56.496261,626,1229
12290,2025-01-18 17:00:56.496261,537,1229
12291,2025-01-18 17:00:56.496261,555,1230
12292,2025-01-18 17:00:56.496261,626,1230
12293,2025-01-18 17:00:56.496261,611,1230
12294,2025-01-18 17:00:56.496261,638,1230
12295,2025-01-18 17:00:56.496261,583,1230
12296,2025-01-18 17:00:56.496261,662,1230
12297,2025-01-18 17:00:56.496261,562,1230
12298,2025-01-18 17:00:56.496261,568,1230
12299,2025-01-18 17:00:56.496261,335,1230
12300,2025-01-18 17:00:56.496261,506,1230
12301,2025-01-18 17:00:56.496261,196,1231
12302,2025-01-18 17:00:56.496261,509,1231
12303,2025-01-18 17:00:56.496261,512,1231
12304,2025-01-18 17:00:56.496261,537,1231
12305,2025-01-18 17:00:56.496261,561,1231
12306,2025-01-18 17:00:56.496261,586,1231
12307,2025-01-18 17:00:56.496261,554,1231
12308,2025-01-18 17:00:56.496261,547,1231
12309,2025-01-18 17:00:56.496261,367,1231
12310,2025-01-18 17:00:56.496261,471,1231
12311,2025-01-18 17:00:56.496261,441,1232
12312,2025-01-18 17:00:56.496261,420,1232
12313,2025-01-18 17:00:56.496261,362,1232
12314,2025-01-18 17:00:56.496261,288,1232
12315,2025-01-18 17:00:56.496261,254,1232
12316,2025-01-18 17:00:56.496261,552,1232
12317,2025-01-18 17:00:56.496261,542,1232
12318,2025-01-18 17:00:56.496261,532,1232
12319,2025-01-18 17:00:56.496261,643,1232
12320,2025-01-18 17:00:56.496261,567,1232
12321,2025-01-18 17:00:56.496261,534,1233
12322,2025-01-18 17:00:56.501248,629,1233
12323,2025-01-18 17:00:56.501248,464,1233
12324,2025-01-18 17:00:56.501248,256,1233
12325,2025-01-18 17:00:56.501248,497,1233
12326,2025-01-18 17:00:56.501248,634,1233
12327,2025-01-18 17:00:56.501248,443,1233
12328,2025-01-18 17:00:56.501248,438,1233
12329,2025-01-18 17:00:56.501248,573,1233
12330,2025-01-18 17:00:56.501248,434,1233
12331,2025-01-18 17:00:56.501248,563,1234
12332,2025-01-18 17:00:56.501248,530,1234
12333,2025-01-18 17:00:56.501248,597,1234
12334,2025-01-18 17:00:56.501248,305,1234
12335,2025-01-18 17:00:56.501248,403,1234
12336,2025-01-18 17:00:56.501248,508,1234
12337,2025-01-18 17:00:56.501248,219,1234
12338,2025-01-18 17:00:56.501248,410,1234
12339,2025-01-18 17:00:56.501248,628,1234
12340,2025-01-18 17:00:56.501248,337,1234
12341,2025-01-18 17:00:56.501248,374,1235
12342,2025-01-18 17:00:56.501248,650,1235
12343,2025-01-18 17:00:56.501248,415,1235
12344,2025-01-18 17:00:56.501248,555,1235
12345,2025-01-18 17:00:56.501248,216,1235
12346,2025-01-18 17:00:56.501248,459,1235
12347,2025-01-18 17:00:56.501248,324,1235
12348,2025-01-18 17:00:56.501248,397,1235
12349,2025-01-18 17:00:56.501248,556,1235
12350,2025-01-18 17:00:56.501248,621,1235
12351,2025-01-18 17:00:56.501248,597,1236
12352,2025-01-18 17:00:56.501248,434,1236
12353,2025-01-18 17:00:56.501248,536,1236
12354,2025-01-18 17:00:56.501248,274,1236
12355,2025-01-18 17:00:56.501248,508,1236
12356,2025-01-18 17:00:56.501248,585,1236
12357,2025-01-18 17:00:56.501248,468,1236
12358,2025-01-18 17:00:56.501248,665,1236
12359,2025-01-18 17:00:56.501248,315,1236
12360,2025-01-18 17:00:56.501248,657,1236
12361,2025-01-18 17:00:56.501248,599,1237
12362,2025-01-18 17:00:56.501248,574,1237
12363,2025-01-18 17:00:56.501248,389,1237
12364,2025-01-18 17:00:56.501248,288,1237
12365,2025-01-18 17:00:56.501248,356,1237
12366,2025-01-18 17:00:56.501248,462,1237
12367,2025-01-18 17:00:56.501248,362,1237
12368,2025-01-18 17:00:56.501248,613,1237
12369,2025-01-18 17:00:56.501248,406,1237
12370,2025-01-18 17:00:56.501248,584,1237
12371,2025-01-18 17:00:56.501248,371,1238
12372,2025-01-18 17:00:56.501248,545,1238
12373,2025-01-18 17:00:56.501248,456,1238
12374,2025-01-18 17:00:56.501248,492,1238
12375,2025-01-18 17:00:56.501248,421,1238
12376,2025-01-18 17:00:56.501248,284,1238
12377,2025-01-18 17:00:56.501248,600,1238
12378,2025-01-18 17:00:56.501248,254,1238
12379,2025-01-18 17:00:56.501248,350,1238
12380,2025-01-18 17:00:56.501248,347,1238
12381,2025-01-18 17:00:56.501248,472,1239
12382,2025-01-18 17:00:56.501248,643,1239
12383,2025-01-18 17:00:56.501248,203,1239
12384,2025-01-18 17:00:56.501248,469,1239
12385,2025-01-18 17:00:56.501248,217,1239
12386,2025-01-18 17:00:56.501248,577,1239
12387,2025-01-18 17:00:56.501248,291,1239
12388,2025-01-18 17:00:56.501248,644,1239
12389,2025-01-18 17:00:56.501248,374,1239
12390,2025-01-18 17:00:56.501248,664,1239
12391,2025-01-18 17:00:56.501248,666,1240
12392,2025-01-18 17:00:56.501248,271,1240
12393,2025-01-18 17:00:56.501248,540,1240
12394,2025-01-18 17:00:56.501248,582,1240
12395,2025-01-18 17:00:56.501248,576,1240
12396,2025-01-18 17:00:56.501248,320,1240
12397,2025-01-18 17:00:56.501248,531,1240
12398,2025-01-18 17:00:56.501248,273,1240
12399,2025-01-18 17:00:56.501248,419,1240
12400,2025-01-18 17:00:56.501248,313,1240
12401,2025-01-18 17:00:56.501248,194,1241
12402,2025-01-18 17:00:56.501248,494,1241
12403,2025-01-18 17:00:56.501248,660,1241
12404,2025-01-18 17:00:56.501248,486,1241
12405,2025-01-18 17:00:56.501248,469,1241
12406,2025-01-18 17:00:56.501248,367,1241
12407,2025-01-18 17:00:56.501248,365,1241
12408,2025-01-18 17:00:56.502245,659,1241
12409,2025-01-18 17:00:56.502245,439,1241
12410,2025-01-18 17:00:56.502245,629,1241
12411,2025-01-18 17:00:56.502245,194,1242
12412,2025-01-18 17:00:56.502245,427,1242
12413,2025-01-18 17:00:56.502245,406,1242
12414,2025-01-18 17:00:56.502245,666,1242
12415,2025-01-18 17:00:56.502245,308,1242
12416,2025-01-18 17:00:56.502245,414,1242
12417,2025-01-18 17:00:56.502245,380,1242
12418,2025-01-18 17:00:56.502245,279,1242
12419,2025-01-18 17:00:56.502245,596,1242
12420,2025-01-18 17:00:56.502245,590,1242
