id,reacted_at,user_id,public_letter_id
1,2025-01-14 17:51:10.326024,1,338
2,2025-01-14 17:51:10.326024,2,502
3,2025-01-14 17:51:10.326024,3,367
4,2025-01-14 17:51:10.326024,4,469
5,2025-01-14 17:51:10.326024,5,459
6,2025-01-14 17:51:10.326024,6,624
7,2025-01-14 17:51:10.326024,7,503
8,2025-01-14 17:51:10.326024,8,345
9,2025-01-14 17:51:10.326024,9,608
10,2025-01-14 17:51:10.326024,10,461
11,2025-01-14 17:51:10.326024,11,428
12,2025-01-14 17:51:10.326024,12,242
13,2025-01-14 17:51:10.326024,13,385
14,2025-01-14 17:51:10.326024,14,477
15,2025-01-14 17:51:10.326024,15,614
16,2025-01-14 17:51:10.326024,16,389
17,2025-01-14 17:51:10.326024,17,432
18,2025-01-14 17:51:10.326024,18,268
19,2025-01-14 17:51:10.326024,19,623
20,2025-01-14 17:51:10.326024,20,652
21,2025-01-14 17:51:10.326024,21,341
22,2025-01-14 17:51:10.326024,22,556
23,2025-01-14 17:51:10.326024,23,566
24,2025-01-14 17:51:10.326024,24,528
25,2025-01-14 17:51:10.326024,25,406
26,2025-01-14 17:51:10.326024,26,641
27,2025-01-14 17:51:10.326024,27,504
28,2025-01-14 17:51:10.326024,28,392
29,2025-01-14 17:51:10.326024,29,244
30,2025-01-14 17:51:10.326024,30,375
31,2025-01-14 17:51:10.326024,31,439
32,2025-01-14 17:51:10.326024,32,515
33,2025-01-14 17:51:10.326024,33,403
34,2025-01-14 17:51:10.326024,34,662
35,2025-01-14 17:51:10.326024,35,490
36,2025-01-14 17:51:10.326024,36,506
37,2025-01-14 17:51:10.326024,37,440
38,2025-01-14 17:51:10.326024,38,449
39,2025-01-14 17:51:10.326024,39,218
40,2025-01-14 17:51:10.326024,40,323
41,2025-01-14 17:51:10.326024,41,484
42,2025-01-14 17:51:10.326024,42,388
43,2025-01-14 17:51:10.326024,43,476
44,2025-01-14 17:51:10.326024,44,517
45,2025-01-14 17:51:10.326024,45,631
46,2025-01-14 17:51:10.326024,46,299
47,2025-01-14 17:51:10.326024,47,425
48,2025-01-14 17:51:10.326024,48,558
49,2025-01-14 17:51:10.326024,49,640
50,2025-01-14 17:51:10.326024,50,231
51,2025-01-14 17:51:10.326024,51,449
52,2025-01-14 17:51:10.326024,52,564
53,2025-01-14 17:51:10.326024,53,419
54,2025-01-14 17:51:10.326024,54,360
55,2025-01-14 17:51:10.326024,55,314
56,2025-01-14 17:51:10.326024,56,594
57,2025-01-14 17:51:10.326024,57,656
58,2025-01-14 17:51:10.326024,58,303
59,2025-01-14 17:51:10.326024,59,344
60,2025-01-14 17:51:10.326024,60,542
61,2025-01-14 17:51:10.326024,61,215
62,2025-01-14 17:51:10.326024,62,320
63,2025-01-14 17:51:10.326024,63,389
64,2025-01-14 17:51:10.326024,64,213
65,2025-01-14 17:51:10.326024,65,423
66,2025-01-14 17:51:10.326024,66,302
67,2025-01-14 17:51:10.326024,67,499
68,2025-01-14 17:51:10.326024,68,236
69,2025-01-14 17:51:10.326024,69,602
70,2025-01-14 17:51:10.326024,70,656
71,2025-01-14 17:51:10.326024,71,544
72,2025-01-14 17:51:10.326024,72,270
73,2025-01-14 17:51:10.326024,73,365
74,2025-01-14 17:51:10.326024,74,504
75,2025-01-14 17:51:10.326024,75,327
76,2025-01-14 17:51:10.326024,76,624
77,2025-01-14 17:51:10.326024,77,589
78,2025-01-14 17:51:10.326024,78,247
79,2025-01-14 17:51:10.326024,79,424
80,2025-01-14 17:51:10.326024,80,652
81,2025-01-14 17:51:10.326024,81,646
82,2025-01-14 17:51:10.326024,82,634
83,2025-01-14 17:51:10.326024,83,267
84,2025-01-14 17:51:10.326024,84,401
85,2025-01-14 17:51:10.326024,85,310
86,2025-01-14 17:51:10.326024,86,580
87,2025-01-14 17:51:10.326024,87,440
88,2025-01-14 17:51:10.326024,88,663
89,2025-01-14 17:51:10.326024,89,520
90,2025-01-14 17:51:10.326024,90,315
91,2025-01-14 17:51:10.326024,91,506
92,2025-01-14 17:51:10.326024,92,372
93,2025-01-14 17:51:10.326024,93,332
94,2025-01-14 17:51:10.326024,94,394
95,2025-01-14 17:51:10.326024,95,611
96,2025-01-14 17:51:10.326024,96,291
97,2025-01-14 17:51:10.326024,97,445
98,2025-01-14 17:51:10.326024,98,374
99,2025-01-14 17:51:10.326024,99,569
100,2025-01-14 17:51:10.326024,100,510
101,2025-01-14 17:51:10.326024,101,330
102,2025-01-14 17:51:10.326024,102,395
103,2025-01-14 17:51:10.326024,103,201
104,2025-01-14 17:51:10.326024,104,629
105,2025-01-14 17:51:10.326024,105,501
106,2025-01-14 17:51:10.326024,106,249
107,2025-01-14 17:51:10.326024,107,646
108,2025-01-14 17:51:10.326024,108,409
109,2025-01-14 17:51:10.326024,109,574
110,2025-01-14 17:51:10.326024,110,568
111,2025-01-14 17:51:10.326024,111,561
112,2025-01-14 17:51:10.326024,112,467
113,2025-01-14 17:51:10.326024,113,542
114,2025-01-14 17:51:10.326024,114,205
115,2025-01-14 17:51:10.326024,115,372
116,2025-01-14 17:51:10.326024,116,598
117,2025-01-14 17:51:10.326024,117,421
118,2025-01-14 17:51:10.326024,118,207
119,2025-01-14 17:51:10.326024,119,374
120,2025-01-14 17:51:10.326024,120,569
121,2025-01-14 17:51:10.326024,121,213
122,2025-01-14 17:51:10.326024,122,203
123,2025-01-14 17:51:10.326024,123,248
124,2025-01-14 17:51:10.326024,124,593
125,2025-01-14 17:51:10.326024,125,507
126,2025-01-14 17:51:10.326024,126,318
127,2025-01-14 17:51:10.326024,127,616
128,2025-01-14 17:51:10.326024,128,245
129,2025-01-14 17:51:10.326024,129,648
130,2025-01-14 17:51:10.326024,130,323
131,2025-01-14 17:51:10.326024,131,452
132,2025-01-14 17:51:10.326024,132,276
133,2025-01-14 17:51:10.326024,133,579
134,2025-01-14 17:51:10.326024,134,570
135,2025-01-14 17:51:10.326024,135,565
136,2025-01-14 17:51:10.326024,136,422
137,2025-01-14 17:51:10.326024,137,617
138,2025-01-14 17:51:10.326024,138,521
139,2025-01-14 17:51:10.326024,139,441
140,2025-01-14 17:51:10.326024,140,622
141,2025-01-14 17:51:10.326024,141,228
142,2025-01-14 17:51:10.326024,142,581
143,2025-01-14 17:51:10.326024,143,204
144,2025-01-14 17:51:10.326024,144,532
145,2025-01-14 17:51:10.326024,145,648
146,2025-01-14 17:51:10.326024,146,536
147,2025-01-14 17:51:10.326024,147,227
148,2025-01-14 17:51:10.326024,148,426
149,2025-01-14 17:51:10.326024,149,483
150,2025-01-14 17:51:10.326024,150,373
151,2025-01-14 17:51:10.326024,151,567
152,2025-01-14 17:51:10.326024,152,422
153,2025-01-14 17:51:10.326024,153,387
154,2025-01-14 17:51:10.326024,154,239
155,2025-01-14 17:51:10.326024,155,326
156,2025-01-14 17:51:10.326024,156,535
157,2025-01-14 17:51:10.326024,157,494
158,2025-01-14 17:51:10.326024,158,222
159,2025-01-14 17:51:10.326024,159,252
160,2025-01-14 17:51:10.326024,160,365
161,2025-01-14 17:51:10.326024,161,555
162,2025-01-14 17:51:10.326024,162,565
163,2025-01-14 17:51:10.326024,163,455
164,2025-01-14 17:51:10.326024,164,542
165,2025-01-14 17:51:10.326024,165,197
166,2025-01-14 17:51:10.326024,166,280
167,2025-01-14 17:51:10.326024,167,291
168,2025-01-14 17:51:10.326024,168,403
169,2025-01-14 17:51:10.326024,169,415
170,2025-01-14 17:51:10.326024,170,270
171,2025-01-14 17:51:10.326024,171,481
172,2025-01-14 17:51:10.326024,172,542
173,2025-01-14 17:51:10.326024,173,569
174,2025-01-14 17:51:10.326024,174,476
175,2025-01-14 17:51:10.326024,175,199
176,2025-01-14 17:51:10.326024,176,501
177,2025-01-14 17:51:10.326024,177,309
178,2025-01-14 17:51:10.326024,178,406
179,2025-01-14 17:51:10.326024,179,483
180,2025-01-14 17:51:10.326024,180,458
181,2025-01-14 17:51:10.326024,181,593
182,2025-01-14 17:51:10.326024,182,215
183,2025-01-14 17:51:10.326024,183,471
184,2025-01-14 17:51:10.326024,184,261
185,2025-01-14 17:51:10.326024,185,399
186,2025-01-14 17:51:10.326024,186,414
187,2025-01-14 17:51:10.326024,187,403
188,2025-01-14 17:51:10.326024,188,219
189,2025-01-14 17:51:10.326024,189,515
190,2025-01-14 17:51:10.326024,190,232
191,2025-01-14 17:51:10.326024,191,310
192,2025-01-14 17:51:10.326024,192,599
193,2025-01-14 17:51:10.326024,193,351
194,2025-01-14 17:51:10.326024,194,360
195,2025-01-14 17:51:10.326024,195,374
196,2025-01-14 17:51:10.326024,196,242
197,2025-01-14 17:51:10.326024,197,237
198,2025-01-14 17:51:10.326024,198,397
199,2025-01-14 17:51:10.326024,199,267
200,2025-01-14 17:51:10.326024,200,537
201,2025-01-14 17:51:10.326024,201,591
202,2025-01-14 17:51:10.326024,202,435
203,2025-01-14 17:51:10.326024,203,604
204,2025-01-14 17:51:10.326024,204,302
205,2025-01-14 17:51:10.326024,205,517
206,2025-01-14 17:51:10.326024,206,563
207,2025-01-14 17:51:10.326024,207,277
208,2025-01-14 17:51:10.326024,208,361
209,2025-01-14 17:51:10.326024,209,406
210,2025-01-14 17:51:10.326024,210,652
211,2025-01-14 17:51:10.326024,211,382
212,2025-01-14 17:51:10.326024,212,398
213,2025-01-14 17:51:10.326024,213,583
214,2025-01-14 17:51:10.326024,214,266
215,2025-01-14 17:51:10.326024,215,398
216,2025-01-14 17:51:10.326024,216,575
217,2025-01-14 17:51:10.326024,217,349
218,2025-01-14 17:51:10.326024,218,529
219,2025-01-14 17:51:10.326024,219,288
220,2025-01-14 17:51:10.326024,220,355
221,2025-01-14 17:51:10.326024,221,354
222,2025-01-14 17:51:10.326024,222,263
223,2025-01-14 17:51:10.326024,223,667
224,2025-01-14 17:51:10.326024,224,551
225,2025-01-14 17:51:10.326024,225,591
226,2025-01-14 17:51:10.326024,226,235
227,2025-01-14 17:51:10.326024,227,654
228,2025-01-14 17:51:10.326024,228,267
229,2025-01-14 17:51:10.326024,229,308
230,2025-01-14 17:51:10.326024,230,609
231,2025-01-14 17:51:10.326024,231,451
232,2025-01-14 17:51:10.326024,232,392
233,2025-01-14 17:51:10.326024,233,617
234,2025-01-14 17:51:10.326024,234,333
235,2025-01-14 17:51:10.326024,235,553
236,2025-01-14 17:51:10.326024,236,388
237,2025-01-14 17:51:10.326024,237,319
238,2025-01-14 17:51:10.326024,238,220
239,2025-01-14 17:51:10.326024,239,434
240,2025-01-14 17:51:10.326024,240,544
241,2025-01-14 17:51:10.326024,241,276
242,2025-01-14 17:51:10.326024,242,396
243,2025-01-14 17:51:10.326024,243,604
244,2025-01-14 17:51:10.326024,244,207
245,2025-01-14 17:51:10.326024,245,289
246,2025-01-14 17:51:10.326024,246,662
247,2025-01-14 17:51:10.326024,247,527
248,2025-01-14 17:51:10.326024,248,366
249,2025-01-14 17:51:10.326024,249,471
250,2025-01-14 17:51:10.326024,250,241
251,2025-01-14 17:51:10.326024,251,264
252,2025-01-14 17:51:10.326024,252,663
253,2025-01-14 17:51:10.326024,253,433
254,2025-01-14 17:51:10.326024,254,275
255,2025-01-14 17:51:10.326024,255,365
256,2025-01-14 17:51:10.326024,256,443
257,2025-01-14 17:51:10.326024,257,214
258,2025-01-14 17:51:10.326024,258,416
259,2025-01-14 17:51:10.326024,259,387
260,2025-01-14 17:51:10.326024,260,408
261,2025-01-14 17:51:10.326024,261,559
262,2025-01-14 17:51:10.326024,262,464
263,2025-01-14 17:51:10.326024,263,546
264,2025-01-14 17:51:10.326024,264,389
265,2025-01-14 17:51:10.326024,265,366
266,2025-01-14 17:51:10.326024,266,287
267,2025-01-14 17:51:10.326024,267,589
268,2025-01-14 17:51:10.326024,268,291
269,2025-01-14 17:51:10.326024,269,345
270,2025-01-14 17:51:10.326024,270,536
271,2025-01-14 17:51:10.326024,271,196
272,2025-01-14 17:51:10.326024,272,548
273,2025-01-14 17:51:10.326024,273,196
274,2025-01-14 17:51:10.326024,274,603
275,2025-01-14 17:51:10.326024,275,354
276,2025-01-14 17:51:10.326024,276,574
277,2025-01-14 17:51:10.326024,277,596
278,2025-01-14 17:51:10.326024,278,202
279,2025-01-14 17:51:10.326024,279,240
280,2025-01-14 17:51:10.326024,280,331
281,2025-01-14 17:51:10.326024,281,295
282,2025-01-14 17:51:10.326024,282,415
283,2025-01-14 17:51:10.326024,283,391
284,2025-01-14 17:51:10.326024,284,557
285,2025-01-14 17:51:10.326024,285,466
286,2025-01-14 17:51:10.326024,286,360
287,2025-01-14 17:51:10.326024,287,380
288,2025-01-14 17:51:10.326024,288,536
289,2025-01-14 17:51:10.326024,289,306
290,2025-01-14 17:51:10.326024,290,277
291,2025-01-14 17:51:10.326024,291,423
292,2025-01-14 17:51:10.326024,292,643
293,2025-01-14 17:51:10.326024,293,409
294,2025-01-14 17:51:10.326024,294,496
295,2025-01-14 17:51:10.326024,295,241
296,2025-01-14 17:51:10.326024,296,282
297,2025-01-14 17:51:10.326024,297,665
298,2025-01-14 17:51:10.326024,298,240
299,2025-01-14 17:51:10.326024,299,216
300,2025-01-14 17:51:10.326024,300,504
301,2025-01-14 17:51:10.326024,301,302
302,2025-01-14 17:51:10.326024,302,386
303,2025-01-14 17:51:10.326024,303,631
304,2025-01-14 17:51:10.326024,304,301
305,2025-01-14 17:51:10.326024,305,347
306,2025-01-14 17:51:10.326024,306,196
307,2025-01-14 17:51:10.326024,307,211
308,2025-01-14 17:51:10.326024,308,336
309,2025-01-14 17:51:10.326024,309,471
310,2025-01-14 17:51:10.326024,310,311
311,2025-01-14 17:51:10.326024,311,594
312,2025-01-14 17:51:10.326024,312,635
313,2025-01-14 17:51:10.326024,313,279
314,2025-01-14 17:51:10.326024,314,315
315,2025-01-14 17:51:10.326024,315,627
316,2025-01-14 17:51:10.326024,316,467
317,2025-01-14 17:51:10.326024,317,501
318,2025-01-14 17:51:10.326024,318,376
319,2025-01-14 17:51:10.326024,319,378
320,2025-01-14 17:51:10.326024,320,198
321,2025-01-14 17:51:10.326024,321,551
322,2025-01-14 17:51:10.326024,322,498
323,2025-01-14 17:51:10.326024,323,647
324,2025-01-14 17:51:10.326024,324,200
325,2025-01-14 17:51:10.326024,325,634
326,2025-01-14 17:51:10.326024,326,292
327,2025-01-14 17:51:10.326024,327,242
328,2025-01-14 17:51:10.326024,328,423
329,2025-01-14 17:51:10.326024,329,610
330,2025-01-14 17:51:10.326024,330,649
331,2025-01-14 17:51:10.326024,331,328
332,2025-01-14 17:51:10.326024,332,226
333,2025-01-14 17:51:10.326024,333,327
334,2025-01-14 17:51:10.343328,334,640
335,2025-01-14 17:51:10.343328,335,370
336,2025-01-14 17:51:10.343328,336,253
337,2025-01-14 17:51:10.343328,337,313
338,2025-01-14 17:51:10.343328,338,256
339,2025-01-14 17:51:10.343328,339,570
340,2025-01-14 17:51:10.343328,340,293
341,2025-01-14 17:51:10.343328,341,527
342,2025-01-14 17:51:10.343328,342,219
343,2025-01-14 17:51:10.343328,343,542
344,2025-01-14 17:51:10.343328,344,203
345,2025-01-14 17:51:10.343328,345,261
346,2025-01-14 17:51:10.343328,346,560
347,2025-01-14 17:51:10.343328,347,371
348,2025-01-14 17:51:10.343328,348,660
349,2025-01-14 17:51:10.343328,349,378
350,2025-01-14 17:51:10.343328,350,635
351,2025-01-14 17:51:10.343328,351,642
352,2025-01-14 17:51:10.343328,352,215
353,2025-01-14 17:51:10.343328,353,327
354,2025-01-14 17:51:10.343328,354,597
355,2025-01-14 17:51:10.343328,355,312
356,2025-01-14 17:51:10.343328,356,527
357,2025-01-14 17:51:10.343328,357,446
358,2025-01-14 17:51:10.343328,358,427
359,2025-01-14 17:51:10.343328,359,323
360,2025-01-14 17:51:10.343328,360,566
361,2025-01-14 17:51:10.343328,361,195
362,2025-01-14 17:51:10.343328,362,487
363,2025-01-14 17:51:10.343328,363,604
364,2025-01-14 17:51:10.343328,364,658
365,2025-01-14 17:51:10.343328,365,416
366,2025-01-14 17:51:10.343328,366,214
367,2025-01-14 17:51:10.343328,367,309
368,2025-01-14 17:51:10.343328,368,380
369,2025-01-14 17:51:10.343328,369,226
370,2025-01-14 17:51:10.343328,370,483
371,2025-01-14 17:51:10.343328,371,654
372,2025-01-14 17:51:10.343328,372,590
373,2025-01-14 17:51:10.343328,373,643
374,2025-01-14 17:51:10.343328,374,360
375,2025-01-14 17:51:10.343328,375,496
376,2025-01-14 17:51:10.343328,376,392
377,2025-01-14 17:51:10.343328,377,477
378,2025-01-14 17:51:10.343328,378,579
379,2025-01-14 17:51:10.343328,379,515
380,2025-01-14 17:51:10.343328,380,259
381,2025-01-14 17:51:10.343328,381,215
382,2025-01-14 17:51:10.343328,382,661
383,2025-01-14 17:51:10.343328,383,307
384,2025-01-14 17:51:10.343328,384,658
385,2025-01-14 17:51:10.343328,385,604
386,2025-01-14 17:51:10.343328,386,511
387,2025-01-14 17:51:10.343328,387,419
388,2025-01-14 17:51:10.343328,388,272
389,2025-01-14 17:51:10.343328,389,414
390,2025-01-14 17:51:10.343328,390,427
391,2025-01-14 17:51:10.343328,391,618
392,2025-01-14 17:51:10.343328,392,590
393,2025-01-14 17:51:10.343328,393,620
394,2025-01-14 17:51:10.343328,394,340
395,2025-01-14 17:51:10.343328,395,401
396,2025-01-14 17:51:10.343328,396,609
397,2025-01-14 17:51:10.343328,397,284
398,2025-01-14 17:51:10.343328,398,622
399,2025-01-14 17:51:10.343328,399,576
400,2025-01-14 17:51:10.343328,400,211
401,2025-01-14 17:51:10.343328,401,429
402,2025-01-14 17:51:10.343328,402,276
403,2025-01-14 17:51:10.343328,403,527
404,2025-01-14 17:51:10.343328,404,406
405,2025-01-14 17:51:10.343328,405,302
406,2025-01-14 17:51:10.343328,406,346
407,2025-01-14 17:51:10.343328,407,665
408,2025-01-14 17:51:10.343328,408,293
409,2025-01-14 17:51:10.343328,409,461
410,2025-01-14 17:51:10.343328,410,309
411,2025-01-14 17:51:10.343328,411,534
412,2025-01-14 17:51:10.343328,412,489
413,2025-01-14 17:51:10.343328,413,321
414,2025-01-14 17:51:10.343328,414,554
415,2025-01-14 17:51:10.343328,415,641
416,2025-01-14 17:51:10.343328,416,416
417,2025-01-14 17:51:10.343328,417,486
418,2025-01-14 17:51:10.343328,418,427
419,2025-01-14 17:51:10.343328,419,545
420,2025-01-14 17:51:10.343328,420,257
421,2025-01-14 17:51:10.343328,421,377
422,2025-01-14 17:51:10.343328,422,336
423,2025-01-14 17:51:10.343328,423,649
424,2025-01-14 17:51:10.343328,424,423
425,2025-01-14 17:51:10.343328,425,633
426,2025-01-14 17:51:10.343328,426,331
427,2025-01-14 17:51:10.343328,427,496
428,2025-01-14 17:51:10.343328,428,585
429,2025-01-14 17:51:10.343328,429,574
430,2025-01-14 17:51:10.343328,430,653
431,2025-01-14 17:51:10.343328,431,623
432,2025-01-14 17:51:10.343328,432,559
433,2025-01-14 17:51:10.343328,433,566
434,2025-01-14 17:51:10.343328,434,607
435,2025-01-14 17:51:10.343328,435,558
436,2025-01-14 17:51:10.343328,436,520
437,2025-01-14 17:51:10.343328,437,435
438,2025-01-14 17:51:10.343328,438,547
439,2025-01-14 17:51:10.343328,439,518
440,2025-01-14 17:51:10.343328,440,484
441,2025-01-14 17:51:10.343328,441,624
442,2025-01-14 17:51:10.343328,442,208
443,2025-01-14 17:51:10.343328,443,514
444,2025-01-14 17:51:10.343328,444,646
445,2025-01-14 17:51:10.343328,445,364
446,2025-01-14 17:51:10.343328,446,285
447,2025-01-14 17:51:10.343328,447,351
448,2025-01-14 17:51:10.343328,448,300
449,2025-01-14 17:51:10.343328,449,372
450,2025-01-14 17:51:10.343328,450,555
451,2025-01-14 17:51:10.343328,451,663
452,2025-01-14 17:51:10.343328,452,591
453,2025-01-14 17:51:10.343328,453,484
454,2025-01-14 17:51:10.343328,454,417
455,2025-01-14 17:51:10.343328,455,631
456,2025-01-14 17:51:10.343328,456,630
457,2025-01-14 17:51:10.343328,457,617
458,2025-01-14 17:51:10.343328,458,587
459,2025-01-14 17:51:10.343328,459,325
460,2025-01-14 17:51:10.343328,460,293
461,2025-01-14 17:51:10.343328,461,620
462,2025-01-14 17:51:10.343328,462,436
463,2025-01-14 17:51:10.343328,463,498
464,2025-01-14 17:51:10.343328,464,607
465,2025-01-14 17:51:10.343328,465,205
466,2025-01-14 17:51:10.343328,466,435
467,2025-01-14 17:51:10.343328,467,571
468,2025-01-14 17:51:10.343328,468,540
469,2025-01-14 17:51:10.343328,469,369
470,2025-01-14 17:51:10.343328,470,584
471,2025-01-14 17:51:10.343328,471,486
472,2025-01-14 17:51:10.343328,472,358
473,2025-01-14 17:51:10.343328,473,223
474,2025-01-14 17:51:10.343328,474,210
475,2025-01-14 17:51:10.343328,475,299
476,2025-01-14 17:51:10.343328,476,603
477,2025-01-14 17:51:10.343328,477,480
478,2025-01-14 17:51:10.343328,478,574
479,2025-01-14 17:51:10.343328,479,608
480,2025-01-14 17:51:10.343328,480,547
481,2025-01-14 17:51:10.343328,481,665
482,2025-01-14 17:51:10.343328,482,372
483,2025-01-14 17:51:10.343328,483,662
484,2025-01-14 17:51:10.343328,484,462
485,2025-01-14 17:51:10.343328,485,265
486,2025-01-14 17:51:10.343328,486,543
487,2025-01-14 17:51:10.343328,487,203
488,2025-01-14 17:51:10.343328,488,496
489,2025-01-14 17:51:10.343328,489,338
490,2025-01-14 17:51:10.343328,490,595
491,2025-01-14 17:51:10.343328,491,424
492,2025-01-14 17:51:10.343328,492,662
493,2025-01-14 17:51:10.343328,493,444
494,2025-01-14 17:51:10.343328,494,216
495,2025-01-14 17:51:10.343328,495,462
496,2025-01-14 17:51:10.343328,496,446
497,2025-01-14 17:51:10.343328,497,208
498,2025-01-14 17:51:10.343328,498,437
499,2025-01-14 17:51:10.343328,499,426
500,2025-01-14 17:51:10.343328,500,537
501,2025-01-14 17:51:10.343328,501,368
502,2025-01-14 17:51:10.343328,502,250
503,2025-01-14 17:51:10.343328,503,405
504,2025-01-14 17:51:10.343328,504,398
505,2025-01-14 17:51:10.343328,505,611
506,2025-01-14 17:51:10.343328,506,621
507,2025-01-14 17:51:10.343328,507,301
508,2025-01-14 17:51:10.343328,508,303
509,2025-01-14 17:51:10.343328,509,527
510,2025-01-14 17:51:10.343328,510,224
511,2025-01-14 17:51:10.343328,511,377
512,2025-01-14 17:51:10.343328,512,194
513,2025-01-14 17:51:10.343328,513,657
514,2025-01-14 17:51:10.343328,514,418
515,2025-01-14 17:51:10.343328,515,560
516,2025-01-14 17:51:10.343328,516,534
517,2025-01-14 17:51:10.343328,517,513
518,2025-01-14 17:51:10.343328,518,446
519,2025-01-14 17:51:10.343328,519,273
520,2025-01-14 17:51:10.343328,520,532
521,2025-01-14 17:51:10.343328,521,239
522,2025-01-14 17:51:10.343328,522,429
523,2025-01-14 17:51:10.343328,523,454
524,2025-01-14 17:51:10.343328,524,482
525,2025-01-14 17:51:10.343328,525,636
526,2025-01-14 17:51:10.343328,526,467
527,2025-01-14 17:51:10.343328,527,324
528,2025-01-14 17:51:10.343328,528,602
529,2025-01-14 17:51:10.343328,529,421
530,2025-01-14 17:51:10.343328,530,480
531,2025-01-14 17:51:10.343328,531,452
532,2025-01-14 17:51:10.343328,532,357
533,2025-01-14 17:51:10.343328,533,416
534,2025-01-14 17:51:10.343328,534,563
535,2025-01-14 17:51:10.343328,535,204
536,2025-01-14 17:51:10.343328,536,647
537,2025-01-14 17:51:10.343328,537,226
538,2025-01-14 17:51:10.343328,538,535
539,2025-01-14 17:51:10.343328,539,516
540,2025-01-14 17:51:10.343328,540,195
541,2025-01-14 17:51:10.343328,541,512
542,2025-01-14 17:51:10.343328,542,433
543,2025-01-14 17:51:10.343328,543,656
544,2025-01-14 17:51:10.343328,544,498
545,2025-01-14 17:51:10.343328,545,639
546,2025-01-14 17:51:10.343328,546,531
547,2025-01-14 17:51:10.343328,547,490
548,2025-01-14 17:51:10.343328,548,532
549,2025-01-14 17:51:10.343328,549,637
550,2025-01-14 17:51:10.343328,550,493
551,2025-01-14 17:51:10.343328,551,569
552,2025-01-14 17:51:10.343328,552,601
553,2025-01-14 17:51:10.343328,553,323
554,2025-01-14 17:51:10.343328,554,639
555,2025-01-14 17:51:10.343328,555,334
556,2025-01-14 17:51:10.343328,556,230
557,2025-01-14 17:51:10.343328,557,237
558,2025-01-14 17:51:10.343328,558,234
559,2025-01-14 17:51:10.343328,559,409
560,2025-01-14 17:51:10.343328,560,573
561,2025-01-14 17:51:10.343328,561,623
562,2025-01-14 17:51:10.343328,562,603
563,2025-01-14 17:51:10.343328,563,636
564,2025-01-14 17:51:10.343328,564,426
565,2025-01-14 17:51:10.343328,565,562
566,2025-01-14 17:51:10.343328,566,423
567,2025-01-14 17:51:10.343328,567,373
568,2025-01-14 17:51:10.343328,568,564
569,2025-01-14 17:51:10.343328,569,390
570,2025-01-14 17:51:10.343328,570,266
571,2025-01-14 17:51:10.343328,571,204
572,2025-01-14 17:51:10.343328,572,512
573,2025-01-14 17:51:10.343328,573,613
574,2025-01-14 17:51:10.343328,574,447
575,2025-01-14 17:51:10.343328,575,610
576,2025-01-14 17:51:10.343328,576,585
577,2025-01-14 17:51:10.343328,577,370
578,2025-01-14 17:51:10.343328,578,213
579,2025-01-14 17:51:10.343328,579,278
580,2025-01-14 17:51:10.343328,580,522
581,2025-01-14 17:51:10.343328,581,617
582,2025-01-14 17:51:10.343328,582,634
583,2025-01-14 17:51:10.343328,583,414
584,2025-01-14 17:51:10.343328,584,617
585,2025-01-14 17:51:10.343328,585,520
586,2025-01-14 17:51:10.343328,586,257
587,2025-01-14 17:51:10.343328,587,398
588,2025-01-14 17:51:10.343328,588,210
589,2025-01-14 17:51:10.343328,589,258
590,2025-01-14 17:51:10.343328,590,419
591,2025-01-14 17:51:10.343328,591,420
592,2025-01-14 17:51:10.343328,592,284
593,2025-01-14 17:51:10.343328,593,274
594,2025-01-14 17:51:10.343328,594,604
595,2025-01-14 17:51:10.343328,595,282
596,2025-01-14 17:51:10.343328,596,622
597,2025-01-14 17:51:10.343328,597,205
598,2025-01-14 17:51:10.343328,598,577
599,2025-01-14 17:51:10.343328,599,489
600,2025-01-14 17:51:10.343328,600,247
601,2025-01-14 17:51:10.343328,601,380
602,2025-01-14 17:51:10.343328,602,419
603,2025-01-14 17:51:10.343328,603,412
604,2025-01-14 17:51:10.343328,604,632
605,2025-01-14 17:51:10.343328,605,608
606,2025-01-14 17:51:10.343328,606,239
607,2025-01-14 17:51:10.343328,607,313
608,2025-01-14 17:51:10.343328,608,314
609,2025-01-14 17:51:10.343328,609,596
610,2025-01-14 17:51:10.343328,610,197
611,2025-01-14 17:51:10.343328,611,476
612,2025-01-14 17:51:10.343328,612,261
613,2025-01-14 17:51:10.343328,613,204
614,2025-01-14 17:51:10.343328,614,277
615,2025-01-14 17:51:10.343328,615,639
616,2025-01-14 17:51:10.343328,616,277
617,2025-01-14 17:51:10.343328,617,395
618,2025-01-14 17:51:10.343328,618,301
619,2025-01-14 17:51:10.343328,619,471
620,2025-01-14 17:51:10.343328,620,229
621,2025-01-14 17:51:10.343328,621,270
622,2025-01-14 17:51:10.343328,622,357
623,2025-01-14 17:51:10.343328,623,533
624,2025-01-14 17:51:10.343328,624,285
625,2025-01-14 17:51:10.343328,625,579
626,2025-01-14 17:51:10.343328,626,217
627,2025-01-14 17:51:10.343328,627,660
628,2025-01-14 17:51:10.343328,628,558
629,2025-01-14 17:51:10.343328,629,290
630,2025-01-14 17:51:10.343328,630,430
631,2025-01-14 17:51:10.343328,631,308
632,2025-01-14 17:51:10.343328,632,583
633,2025-01-14 17:51:10.343328,633,661
634,2025-01-14 17:51:10.343328,634,569
635,2025-01-14 17:51:10.343328,635,448
636,2025-01-14 17:51:10.343328,636,658
637,2025-01-14 17:51:10.343328,637,655
638,2025-01-14 17:51:10.343328,638,349
639,2025-01-14 17:51:10.343328,639,584
640,2025-01-14 17:51:10.343328,640,317
641,2025-01-14 17:51:10.343328,641,252
642,2025-01-14 17:51:10.343328,642,619
643,2025-01-14 17:51:10.343328,643,517
644,2025-01-14 17:51:10.343328,644,226
645,2025-01-14 17:51:10.343328,645,545
646,2025-01-14 17:51:10.343328,646,400
647,2025-01-14 17:51:10.343328,647,263
648,2025-01-14 17:51:10.343328,648,482
649,2025-01-14 17:51:10.343328,649,336
650,2025-01-14 17:51:10.343328,650,524
651,2025-01-14 17:51:10.343328,651,260
652,2025-01-14 17:51:10.343328,652,294
653,2025-01-14 17:51:10.343328,653,264
654,2025-01-14 17:51:10.343328,654,480
655,2025-01-14 17:51:10.343328,655,502
656,2025-01-14 17:51:10.343328,656,588
657,2025-01-14 17:51:10.343328,657,407
658,2025-01-14 17:51:10.343328,658,446
659,2025-01-14 17:51:10.343328,659,651
660,2025-01-14 17:51:10.343328,660,602
661,2025-01-14 17:51:10.343328,661,552
662,2025-01-14 17:51:10.343328,662,346
663,2025-01-14 17:51:10.343328,663,559
664,2025-01-14 17:51:10.343328,664,441
665,2025-01-14 17:51:10.343328,665,609
666,2025-01-14 17:51:10.343328,666,562
667,2025-01-14 17:51:10.343328,667,288
668,2025-01-14 17:51:10.343328,668,305
669,2025-01-14 17:51:10.343328,669,434
670,2025-01-14 17:51:10.343328,670,657
671,2025-01-14 17:51:10.343328,671,339
672,2025-01-14 17:51:10.343328,672,643
673,2025-01-14 17:51:10.343328,673,281
674,2025-01-14 17:51:10.343328,674,588
675,2025-01-14 17:51:10.343328,675,541
676,2025-01-14 17:51:10.343328,676,485
677,2025-01-14 17:51:10.343328,677,324
678,2025-01-14 17:51:10.343328,678,230
679,2025-01-14 17:51:10.343328,679,437
680,2025-01-14 17:51:10.343328,680,319
681,2025-01-14 17:51:10.343328,681,661
682,2025-01-14 17:51:10.343328,682,536
683,2025-01-14 17:51:10.343328,683,232
684,2025-01-14 17:51:10.343328,684,207
685,2025-01-14 17:51:10.343328,685,384
686,2025-01-14 17:51:10.343328,686,555
687,2025-01-14 17:51:10.343328,687,641
688,2025-01-14 17:51:10.343328,688,424
689,2025-01-14 17:51:10.343328,689,286
690,2025-01-14 17:51:10.351366,690,643
691,2025-01-14 17:51:10.351366,691,347
692,2025-01-14 17:51:10.351366,692,351
693,2025-01-14 17:51:10.351366,693,271
694,2025-01-14 17:51:10.351366,694,469
695,2025-01-14 17:51:10.351366,695,316
696,2025-01-14 17:51:10.351366,696,437
697,2025-01-14 17:51:10.351366,697,401
698,2025-01-14 17:51:10.351366,698,320
699,2025-01-14 17:51:10.351366,699,526
700,2025-01-14 17:51:10.351366,700,263
701,2025-01-14 17:51:10.351366,701,511
702,2025-01-14 17:51:10.351366,702,552
703,2025-01-14 17:51:10.351366,703,500
704,2025-01-14 17:51:10.351366,704,523
705,2025-01-14 17:51:10.351366,705,243
706,2025-01-14 17:51:10.351366,706,586
707,2025-01-14 17:51:10.351366,707,581
708,2025-01-14 17:51:10.351366,708,275
709,2025-01-14 17:51:10.351366,709,647
710,2025-01-14 17:51:10.351366,710,355
711,2025-01-14 17:51:10.351678,711,641
712,2025-01-14 17:51:10.351678,712,404
713,2025-01-14 17:51:10.351678,713,353
714,2025-01-14 17:51:10.351678,714,475
715,2025-01-14 17:51:10.351678,715,641
716,2025-01-14 17:51:10.351678,716,483
717,2025-01-14 17:51:10.351678,717,640
718,2025-01-14 17:51:10.351678,718,414
719,2025-01-14 17:51:10.351678,719,257
720,2025-01-14 17:51:10.351678,720,285
721,2025-01-14 17:51:10.351678,721,308
722,2025-01-14 17:51:10.351678,722,311
723,2025-01-14 17:51:10.351678,723,436
724,2025-01-14 17:51:10.351678,724,310
725,2025-01-14 17:51:10.351678,725,579
726,2025-01-14 17:51:10.351678,726,526
727,2025-01-14 17:51:10.351678,727,599
728,2025-01-14 17:51:10.351678,728,279
729,2025-01-14 17:51:10.351678,729,499
730,2025-01-14 17:51:10.351678,730,499
731,2025-01-14 17:51:10.351678,731,372
732,2025-01-14 17:51:10.351678,732,195
733,2025-01-14 17:51:10.351678,733,344
734,2025-01-14 17:51:10.351678,734,616
735,2025-01-14 17:51:10.351678,735,348
736,2025-01-14 17:51:10.351678,736,648
737,2025-01-14 17:51:10.351678,737,566
738,2025-01-14 17:51:10.351678,738,435
739,2025-01-14 17:51:10.351678,739,494
740,2025-01-14 17:51:10.351678,740,475
741,2025-01-14 17:51:10.351678,741,405
742,2025-01-14 17:51:10.351678,742,430
743,2025-01-14 17:51:10.351678,743,266
744,2025-01-14 17:51:10.351678,744,311
745,2025-01-14 17:51:10.351678,745,259
746,2025-01-14 17:51:10.351678,746,556
747,2025-01-14 17:51:10.351678,747,650
748,2025-01-14 17:51:10.351678,748,393
749,2025-01-14 17:51:10.351678,749,619
750,2025-01-14 17:51:10.351678,750,357
751,2025-01-14 17:51:10.351678,751,235
752,2025-01-14 17:51:10.351678,752,249
753,2025-01-14 17:51:10.351678,753,665
754,2025-01-14 17:51:10.351678,754,292
755,2025-01-14 17:51:10.351678,755,254
756,2025-01-14 17:51:10.351678,756,482
757,2025-01-14 17:51:10.351678,757,344
758,2025-01-14 17:51:10.351678,758,351
759,2025-01-14 17:51:10.351678,759,563
760,2025-01-14 17:51:10.351678,760,205
761,2025-01-14 17:51:10.351678,761,265
762,2025-01-14 17:51:10.351678,762,463
763,2025-01-14 17:51:10.351678,763,591
764,2025-01-14 17:51:10.351678,764,415
765,2025-01-14 17:51:10.351678,765,664
766,2025-01-14 17:51:10.351678,766,471
767,2025-01-14 17:51:10.351678,767,349
768,2025-01-14 17:51:10.351678,768,247
769,2025-01-14 17:51:10.351678,769,335
770,2025-01-14 17:51:10.351678,770,382
771,2025-01-14 17:51:10.351678,771,290
772,2025-01-14 17:51:10.351678,772,661
773,2025-01-14 17:51:10.351678,773,448
774,2025-01-14 17:51:10.351678,774,642
775,2025-01-14 17:51:10.351678,775,382
776,2025-01-14 17:51:10.351678,776,607
777,2025-01-14 17:51:10.351678,777,416
778,2025-01-14 17:51:10.351678,778,486
779,2025-01-14 17:51:10.351678,779,541
780,2025-01-14 17:51:10.351678,780,440
781,2025-01-14 17:51:10.351678,781,504
782,2025-01-14 17:51:10.351678,782,509
783,2025-01-14 17:51:10.351678,783,261
784,2025-01-14 17:51:10.351678,784,426
785,2025-01-14 17:51:10.351678,785,380
786,2025-01-14 17:51:10.352672,786,654
787,2025-01-14 17:51:10.352672,787,503
788,2025-01-14 17:51:10.352672,788,361
789,2025-01-14 17:51:10.352672,789,589
790,2025-01-14 17:51:10.352672,790,661
791,2025-01-14 17:51:10.352672,791,666
792,2025-01-14 17:51:10.352672,792,220
793,2025-01-14 17:51:10.352672,793,468
794,2025-01-14 17:51:10.352672,794,497
795,2025-01-14 17:51:10.352672,795,335
796,2025-01-14 17:51:10.352672,796,466
797,2025-01-14 17:51:10.352672,797,548
798,2025-01-14 17:51:10.352672,798,457
799,2025-01-14 17:51:10.352672,799,639
800,2025-01-14 17:51:10.352672,800,496
801,2025-01-14 17:51:10.352672,801,623
802,2025-01-14 17:51:10.352672,802,639
803,2025-01-14 17:51:10.352672,803,532
804,2025-01-14 17:51:10.352672,804,563
805,2025-01-14 17:51:10.352672,805,358
806,2025-01-14 17:51:10.352672,806,219
807,2025-01-14 17:51:10.352672,807,445
808,2025-01-14 17:51:10.352672,808,261
809,2025-01-14 17:51:10.352672,809,240
810,2025-01-14 17:51:10.352672,810,472
811,2025-01-14 17:51:10.352672,811,564
812,2025-01-14 17:51:10.352672,812,266
813,2025-01-14 17:51:10.352672,813,569
814,2025-01-14 17:51:10.352672,814,199
815,2025-01-14 17:51:10.352672,815,295
816,2025-01-14 17:51:10.352672,816,386
817,2025-01-14 17:51:10.352672,817,406
818,2025-01-14 17:51:10.352672,818,526
819,2025-01-14 17:51:10.352672,819,524
820,2025-01-14 17:51:10.352672,820,239
821,2025-01-14 17:51:10.352672,821,667
822,2025-01-14 17:51:10.352672,822,440
823,2025-01-14 17:51:10.352672,823,209
824,2025-01-14 17:51:10.352672,824,313
825,2025-01-14 17:51:10.352672,825,473
826,2025-01-14 17:51:10.352672,826,654
827,2025-01-14 17:51:10.352672,827,517
828,2025-01-14 17:51:10.352672,828,509
829,2025-01-14 17:51:10.352672,829,494
830,2025-01-14 17:51:10.352672,830,647
831,2025-01-14 17:51:10.352672,831,425
832,2025-01-14 17:51:10.352672,832,274
833,2025-01-14 17:51:10.352672,833,337
834,2025-01-14 17:51:10.352672,834,395
835,2025-01-14 17:51:10.352672,835,259
836,2025-01-14 17:51:10.352672,836,579
837,2025-01-14 17:51:10.352672,837,456
838,2025-01-14 17:51:10.352672,838,316
839,2025-01-14 17:51:10.352672,839,347
840,2025-01-14 17:51:10.352672,840,650
841,2025-01-14 17:51:10.352672,841,551
842,2025-01-14 17:51:10.352672,842,282
843,2025-01-14 17:51:10.352672,843,257
844,2025-01-14 17:51:10.352672,844,446
845,2025-01-14 17:51:10.352672,845,300
846,2025-01-14 17:51:10.352672,846,594
847,2025-01-14 17:51:10.352672,847,376
848,2025-01-14 17:51:10.352672,848,607
849,2025-01-14 17:51:10.352672,849,450
850,2025-01-14 17:51:10.352672,850,652
851,2025-01-14 17:51:10.352672,851,647
852,2025-01-14 17:51:10.352672,852,332
853,2025-01-14 17:51:10.352672,853,304
854,2025-01-14 17:51:10.352672,854,325
855,2025-01-14 17:51:10.352672,855,502
856,2025-01-14 17:51:10.352672,856,580
857,2025-01-14 17:51:10.352672,857,525
858,2025-01-14 17:51:10.352672,858,346
859,2025-01-14 17:51:10.352672,859,462
860,2025-01-14 17:51:10.352672,860,230
861,2025-01-14 17:51:10.352672,861,268
862,2025-01-14 17:51:10.352672,862,599
863,2025-01-14 17:51:10.352672,863,569
864,2025-01-14 17:51:10.352672,864,329
865,2025-01-14 17:51:10.352672,865,410
866,2025-01-14 17:51:10.352672,866,353
867,2025-01-14 17:51:10.352672,867,647
868,2025-01-14 17:51:10.352672,868,225
869,2025-01-14 17:51:10.352672,869,371
870,2025-01-14 17:51:10.352672,870,307
871,2025-01-14 17:51:10.352672,871,496
872,2025-01-14 17:51:10.352672,872,390
873,2025-01-14 17:51:10.352672,873,643
874,2025-01-14 17:51:10.352672,874,447
875,2025-01-14 17:51:10.352672,875,665
876,2025-01-14 17:51:10.352672,876,519
877,2025-01-14 17:51:10.353704,877,521
878,2025-01-14 17:51:10.353704,878,396
879,2025-01-14 17:51:10.353704,879,566
880,2025-01-14 17:51:10.353704,880,561
881,2025-01-14 17:51:10.353704,881,373
882,2025-01-14 17:51:10.353704,882,325
883,2025-01-14 17:51:10.353704,883,344
884,2025-01-14 17:51:10.353704,884,412
885,2025-01-14 17:51:10.353704,885,281
886,2025-01-14 17:51:10.353704,886,474
887,2025-01-14 17:51:10.353704,887,374
888,2025-01-14 17:51:10.353704,888,649
889,2025-01-14 17:51:10.353704,889,217
890,2025-01-14 17:51:10.353704,890,344
891,2025-01-14 17:51:10.353704,891,499
892,2025-01-14 17:51:10.353704,892,324
893,2025-01-14 17:51:10.353704,893,314
894,2025-01-14 17:51:10.353704,894,487
895,2025-01-14 17:51:10.353704,895,443
896,2025-01-14 17:51:10.353704,896,584
897,2025-01-14 17:51:10.353704,897,663
898,2025-01-14 17:51:10.353704,898,664
899,2025-01-14 17:51:10.353704,899,212
900,2025-01-14 17:51:10.353704,900,255
901,2025-01-14 17:51:10.353704,901,238
902,2025-01-14 17:51:10.353704,902,363
903,2025-01-14 17:51:10.353704,903,204
904,2025-01-14 17:51:10.353704,904,667
905,2025-01-14 17:51:10.353704,905,243
906,2025-01-14 17:51:10.353704,906,309
907,2025-01-14 17:51:10.353704,907,255
908,2025-01-14 17:51:10.353704,908,427
909,2025-01-14 17:51:10.353704,909,427
910,2025-01-14 17:51:10.353704,910,502
911,2025-01-14 17:51:10.353704,911,623
912,2025-01-14 17:51:10.353704,912,472
913,2025-01-14 17:51:10.353704,913,621
914,2025-01-14 17:51:10.353704,914,386
915,2025-01-14 17:51:10.353704,915,250
916,2025-01-14 17:51:10.353704,916,529
917,2025-01-14 17:51:10.353704,917,347
918,2025-01-14 17:51:10.353704,918,366
919,2025-01-14 17:51:10.353704,919,240
920,2025-01-14 17:51:10.353704,920,270
921,2025-01-14 17:51:10.353704,921,631
922,2025-01-14 17:51:10.353704,922,282
923,2025-01-14 17:51:10.353704,923,377
924,2025-01-14 17:51:10.353704,924,632
925,2025-01-14 17:51:10.353704,925,241
926,2025-01-14 17:51:10.353704,926,354
927,2025-01-14 17:51:10.353704,927,577
928,2025-01-14 17:51:10.353704,928,299
929,2025-01-14 17:51:10.353704,929,264
930,2025-01-14 17:51:10.353704,930,404
931,2025-01-14 17:51:10.353704,931,651
932,2025-01-14 17:51:10.353704,932,609
933,2025-01-14 17:51:10.353704,933,492
934,2025-01-14 17:51:10.353704,934,203
935,2025-01-14 17:51:10.353704,935,293
936,2025-01-14 17:51:10.353704,936,635
937,2025-01-14 17:51:10.353704,937,303
938,2025-01-14 17:51:10.353704,938,210
939,2025-01-14 17:51:10.353704,939,663
940,2025-01-14 17:51:10.353704,940,378
941,2025-01-14 17:51:10.353704,941,462
942,2025-01-14 17:51:10.353704,942,219
943,2025-01-14 17:51:10.353704,943,344
944,2025-01-14 17:51:10.353704,944,656
945,2025-01-14 17:51:10.353704,945,623
946,2025-01-14 17:51:10.353704,946,351
947,2025-01-14 17:51:10.353704,947,495
948,2025-01-14 17:51:10.353704,948,240
949,2025-01-14 17:51:10.353704,949,435
950,2025-01-14 17:51:10.353704,950,496
951,2025-01-14 17:51:10.353704,951,474
952,2025-01-14 17:51:10.353704,952,459
953,2025-01-14 17:51:10.353704,953,570
954,2025-01-14 17:51:10.353704,954,558
955,2025-01-14 17:51:10.353704,955,659
956,2025-01-14 17:51:10.353704,956,275
957,2025-01-14 17:51:10.353704,957,348
958,2025-01-14 17:51:10.353704,958,416
959,2025-01-14 17:51:10.353704,959,200
960,2025-01-14 17:51:10.353704,960,446
961,2025-01-14 17:51:10.353704,961,447
962,2025-01-14 17:51:10.353704,962,320
963,2025-01-14 17:51:10.353704,963,620
964,2025-01-14 17:51:10.353704,964,479
965,2025-01-14 17:51:10.353704,965,452
966,2025-01-14 17:51:10.353704,966,453
967,2025-01-14 17:51:10.353704,967,345
968,2025-01-14 17:51:10.353704,968,467
969,2025-01-14 17:51:10.353704,969,237
970,2025-01-14 17:51:10.353704,970,652
971,2025-01-14 17:51:10.353704,971,290
972,2025-01-14 17:51:10.353704,972,208
973,2025-01-14 17:51:10.353704,973,542
974,2025-01-14 17:51:10.353704,974,547
975,2025-01-14 17:51:10.353704,975,543
976,2025-01-14 17:51:10.353704,976,484
977,2025-01-14 17:51:10.353704,977,204
978,2025-01-14 17:51:10.353704,978,277
979,2025-01-14 17:51:10.353704,979,479
980,2025-01-14 17:51:10.353704,980,466
981,2025-01-14 17:51:10.353704,981,372
982,2025-01-14 17:51:10.353704,982,587
983,2025-01-14 17:51:10.353704,983,450
984,2025-01-14 17:51:10.353704,984,359
985,2025-01-14 17:51:10.353704,985,526
986,2025-01-14 17:51:10.353704,986,610
987,2025-01-14 17:51:10.353704,987,590
988,2025-01-14 17:51:10.353704,988,303
989,2025-01-14 17:51:10.353704,989,247
990,2025-01-14 17:51:10.353704,990,375
991,2025-01-14 17:51:10.353704,991,411
992,2025-01-14 17:51:10.353704,992,303
993,2025-01-14 17:51:10.353704,993,548
994,2025-01-14 17:51:10.353704,994,208
995,2025-01-14 17:51:10.353704,995,366
996,2025-01-14 17:51:10.353704,996,500
997,2025-01-14 17:51:10.353704,997,309
998,2025-01-14 17:51:10.353704,998,561
999,2025-01-14 17:51:10.353704,999,274
1000,2025-01-14 17:51:10.353704,1000,434
1001,2025-01-14 17:51:10.353704,1001,591
1002,2025-01-14 17:51:10.353704,1002,539
1003,2025-01-14 17:51:10.353704,1003,456
1004,2025-01-14 17:51:10.353704,1004,533
1005,2025-01-14 17:51:10.353704,1005,552
1006,2025-01-14 17:51:10.353704,1006,629
1007,2025-01-14 17:51:10.353704,1007,492
1008,2025-01-14 17:51:10.353704,1008,375
1009,2025-01-14 17:51:10.353704,1009,395
1010,2025-01-14 17:51:10.353704,1010,620
1011,2025-01-14 17:51:10.353704,1011,609
1012,2025-01-14 17:51:10.353704,1012,609
1013,2025-01-14 17:51:10.353704,1013,643
1014,2025-01-14 17:51:10.353704,1014,522
1015,2025-01-14 17:51:10.353704,1015,494
1016,2025-01-14 17:51:10.353704,1016,260
1017,2025-01-14 17:51:10.353704,1017,576
1018,2025-01-14 17:51:10.353704,1018,615
1019,2025-01-14 17:51:10.353704,1019,435
1020,2025-01-14 17:51:10.353704,1020,654
1021,2025-01-14 17:51:10.353704,1021,228
1022,2025-01-14 17:51:10.353704,1022,528
1023,2025-01-14 17:51:10.353704,1023,667
1024,2025-01-14 17:51:10.353704,1024,609
1025,2025-01-14 17:51:10.353704,1025,198
1026,2025-01-14 17:51:10.353704,1026,636
1027,2025-01-14 17:51:10.353704,1027,238
1028,2025-01-14 17:51:10.353704,1028,281
1029,2025-01-14 17:51:10.353704,1029,437
1030,2025-01-14 17:51:10.353704,1030,195
1031,2025-01-14 17:51:10.353704,1031,607
1032,2025-01-14 17:51:10.353704,1032,311
1033,2025-01-14 17:51:10.353704,1033,361
1034,2025-01-14 17:51:10.353704,1034,419
1035,2025-01-14 17:51:10.353704,1035,200
1036,2025-01-14 17:51:10.353704,1036,523
1037,2025-01-14 17:51:10.353704,1037,529
1038,2025-01-14 17:51:10.353704,1038,390
1039,2025-01-14 17:51:10.353704,1039,585
1040,2025-01-14 17:51:10.353704,1040,633
1041,2025-01-14 17:51:10.353704,1041,315
1042,2025-01-14 17:51:10.353704,1042,533
1043,2025-01-14 17:51:10.353704,1043,642
1044,2025-01-14 17:51:10.353704,1044,279
1045,2025-01-14 17:51:10.353704,1045,638
1046,2025-01-14 17:51:10.353704,1046,504
1047,2025-01-14 17:51:10.353704,1047,632
1048,2025-01-14 17:51:10.353704,1048,494
1049,2025-01-14 17:51:10.353704,1049,324
1050,2025-01-14 17:51:10.353704,1050,353
1051,2025-01-14 17:51:10.353704,1051,332
1052,2025-01-14 17:51:10.353704,1052,401
1053,2025-01-14 17:51:10.353704,1053,566
1054,2025-01-14 17:51:10.353704,1054,541
1055,2025-01-14 17:51:10.353704,1055,203
1056,2025-01-14 17:51:10.353704,1056,222
1057,2025-01-14 17:51:10.353704,1057,653
1058,2025-01-14 17:51:10.353704,1058,348
1059,2025-01-14 17:51:10.353704,1059,599
1060,2025-01-14 17:51:10.353704,1060,278
1061,2025-01-14 17:51:10.353704,1061,298
1062,2025-01-14 17:51:10.353704,1062,377
1063,2025-01-14 17:51:10.353704,1063,480
1064,2025-01-14 17:51:10.353704,1064,496
1065,2025-01-14 17:51:10.353704,1065,265
1066,2025-01-14 17:51:10.353704,1066,290
1067,2025-01-14 17:51:10.353704,1067,538
1068,2025-01-14 17:51:10.353704,1068,229
1069,2025-01-14 17:51:10.353704,1069,635
1070,2025-01-14 17:51:10.353704,1070,652
1071,2025-01-14 17:51:10.353704,1071,242
1072,2025-01-14 17:51:10.353704,1072,355
1073,2025-01-14 17:51:10.353704,1073,310
1074,2025-01-14 17:51:10.353704,1074,209
1075,2025-01-14 17:51:10.353704,1075,590
1076,2025-01-14 17:51:10.353704,1076,652
1077,2025-01-14 17:51:10.353704,1077,629
1078,2025-01-14 17:51:10.353704,1078,606
1079,2025-01-14 17:51:10.353704,1079,262
1080,2025-01-14 17:51:10.353704,1080,473
1081,2025-01-14 17:51:10.353704,1081,310
1082,2025-01-14 17:51:10.353704,1082,615
1083,2025-01-14 17:51:10.353704,1083,541
1084,2025-01-14 17:51:10.353704,1084,479
1085,2025-01-14 17:51:10.353704,1085,313
1086,2025-01-14 17:51:10.353704,1086,280
1087,2025-01-14 17:51:10.353704,1087,470
1088,2025-01-14 17:51:10.353704,1088,527
1089,2025-01-14 17:51:10.353704,1089,567
1090,2025-01-14 17:51:10.353704,1090,300
1091,2025-01-14 17:51:10.353704,1091,289
1092,2025-01-14 17:51:10.353704,1092,575
1093,2025-01-14 17:51:10.353704,1093,560
1094,2025-01-14 17:51:10.353704,1094,238
1095,2025-01-14 17:51:10.353704,1095,413
1096,2025-01-14 17:51:10.353704,1096,201
1097,2025-01-14 17:51:10.353704,1097,655
1098,2025-01-14 17:51:10.353704,1098,511
1099,2025-01-14 17:51:10.353704,1099,608
1100,2025-01-14 17:51:10.353704,1100,582
1101,2025-01-14 17:51:10.353704,1101,323
1102,2025-01-14 17:51:10.353704,1102,611
1103,2025-01-14 17:51:10.353704,1103,283
1104,2025-01-14 17:51:10.353704,1104,658
1105,2025-01-14 17:51:10.353704,1105,478
1106,2025-01-14 17:51:10.353704,1106,376
1107,2025-01-14 17:51:10.353704,1107,504
1108,2025-01-14 17:51:10.353704,1108,632
1109,2025-01-14 17:51:10.353704,1109,644
1110,2025-01-14 17:51:10.353704,1110,297
1111,2025-01-14 17:51:10.353704,1111,219
1112,2025-01-14 17:51:10.353704,1112,270
1113,2025-01-14 17:51:10.353704,1113,229
1114,2025-01-14 17:51:10.353704,1114,517
1115,2025-01-14 17:51:10.353704,1115,618
1116,2025-01-14 17:51:10.353704,1116,438
1117,2025-01-14 17:51:10.353704,1117,663
1118,2025-01-14 17:51:10.353704,1118,596
1119,2025-01-14 17:51:10.353704,1119,448
1120,2025-01-14 17:51:10.353704,1120,644
1121,2025-01-14 17:51:10.353704,1121,367
1122,2025-01-14 17:51:10.353704,1122,655
1123,2025-01-14 17:51:10.353704,1123,577
1124,2025-01-14 17:51:10.353704,1124,445
1125,2025-01-14 17:51:10.353704,1125,557
1126,2025-01-14 17:51:10.353704,1126,415
1127,2025-01-14 17:51:10.353704,1127,253
1128,2025-01-14 17:51:10.353704,1128,412
1129,2025-01-14 17:51:10.353704,1129,627
1130,2025-01-14 17:51:10.353704,1130,415
1131,2025-01-14 17:51:10.353704,1131,295
1132,2025-01-14 17:51:10.353704,1132,358
1133,2025-01-14 17:51:10.353704,1133,203
1134,2025-01-14 17:51:10.353704,1134,483
1135,2025-01-14 17:51:10.353704,1135,483
1136,2025-01-14 17:51:10.353704,1136,659
1137,2025-01-14 17:51:10.353704,1137,633
1138,2025-01-14 17:51:10.353704,1138,610
1139,2025-01-14 17:51:10.353704,1139,271
1140,2025-01-14 17:51:10.353704,1140,340
1141,2025-01-14 17:51:10.353704,1141,344
1142,2025-01-14 17:51:10.353704,1142,379
1143,2025-01-14 17:51:10.353704,1143,380
1144,2025-01-14 17:51:10.353704,1144,357
1145,2025-01-14 17:51:10.353704,1145,480
1146,2025-01-14 17:51:10.353704,1146,571
1147,2025-01-14 17:51:10.353704,1147,565
1148,2025-01-14 17:51:10.353704,1148,276
1149,2025-01-14 17:51:10.353704,1149,484
1150,2025-01-14 17:51:10.353704,1150,599
1151,2025-01-14 17:51:10.353704,1151,404
1152,2025-01-14 17:51:10.353704,1152,596
1153,2025-01-14 17:51:10.353704,1153,331
1154,2025-01-14 17:51:10.353704,1154,540
1155,2025-01-14 17:51:10.353704,1155,642
1156,2025-01-14 17:51:10.353704,1156,488
1157,2025-01-14 17:51:10.353704,1157,340
1158,2025-01-14 17:51:10.353704,1158,374
1159,2025-01-14 17:51:10.353704,1159,546
1160,2025-01-14 17:51:10.353704,1160,556
1161,2025-01-14 17:51:10.353704,1161,291
1162,2025-01-14 17:51:10.353704,1162,570
1163,2025-01-14 17:51:10.353704,1163,467
1164,2025-01-14 17:51:10.353704,1164,205
1165,2025-01-14 17:51:10.353704,1165,582
1166,2025-01-14 17:51:10.353704,1166,596
1167,2025-01-14 17:51:10.353704,1167,474
1168,2025-01-14 17:51:10.353704,1168,536
1169,2025-01-14 17:51:10.353704,1169,351
1170,2025-01-14 17:51:10.353704,1170,365
1171,2025-01-14 17:51:10.353704,1171,579
1172,2025-01-14 17:51:10.353704,1172,497
1173,2025-01-14 17:51:10.353704,1173,307
1174,2025-01-14 17:51:10.353704,1174,491
1175,2025-01-14 17:51:10.353704,1175,392
1176,2025-01-14 17:51:10.353704,1176,619
1177,2025-01-14 17:51:10.353704,1177,545
1178,2025-01-14 17:51:10.353704,1178,489
1179,2025-01-14 17:51:10.353704,1179,511
1180,2025-01-14 17:51:10.353704,1180,643
1181,2025-01-14 17:51:10.353704,1181,263
1182,2025-01-14 17:51:10.353704,1182,587
1183,2025-01-14 17:51:10.353704,1183,548
1184,2025-01-14 17:51:10.353704,1184,395
1185,2025-01-14 17:51:10.353704,1185,521
1186,2025-01-14 17:51:10.353704,1186,622
1187,2025-01-14 17:51:10.353704,1187,627
1188,2025-01-14 17:51:10.353704,1188,479
1189,2025-01-14 17:51:10.353704,1189,227
1190,2025-01-14 17:51:10.353704,1190,511
1191,2025-01-14 17:51:10.353704,1191,442
1192,2025-01-14 17:51:10.353704,1192,354
1193,2025-01-14 17:51:10.353704,1193,627
1194,2025-01-14 17:51:10.353704,1194,592
1195,2025-01-14 17:51:10.353704,1195,568
1196,2025-01-14 17:51:10.353704,1196,382
1197,2025-01-14 17:51:10.353704,1197,396
1198,2025-01-14 17:51:10.353704,1198,428
1199,2025-01-14 17:51:10.353704,1199,241
1200,2025-01-14 17:51:10.353704,1200,492
1201,2025-01-14 17:51:10.353704,1201,418
1202,2025-01-14 17:51:10.353704,1202,275
1203,2025-01-14 17:51:10.353704,1203,562
1204,2025-01-14 17:51:10.353704,1204,511
1205,2025-01-14 17:51:10.353704,1205,606
1206,2025-01-14 17:51:10.353704,1206,458
1207,2025-01-14 17:51:10.353704,1207,495
1208,2025-01-14 17:51:10.353704,1208,219
1209,2025-01-14 17:51:10.353704,1209,523
1210,2025-01-14 17:51:10.353704,1210,568
1211,2025-01-14 17:51:10.353704,1211,627
1212,2025-01-14 17:51:10.353704,1212,363
1213,2025-01-14 17:51:10.353704,1213,511
1214,2025-01-14 17:51:10.353704,1214,441
1215,2025-01-14 17:51:10.353704,1215,266
1216,2025-01-14 17:51:10.353704,1216,636
1217,2025-01-14 17:51:10.353704,1217,384
1218,2025-01-14 17:51:10.353704,1218,432
1219,2025-01-14 17:51:10.353704,1219,240
1220,2025-01-14 17:51:10.353704,1220,221
1221,2025-01-14 17:51:10.353704,1221,550
1222,2025-01-14 17:51:10.353704,1222,229
1223,2025-01-14 17:51:10.353704,1223,206
1224,2025-01-14 17:51:10.353704,1224,402
1225,2025-01-14 17:51:10.353704,1225,368
1226,2025-01-14 17:51:10.353704,1226,209
1227,2025-01-14 17:51:10.353704,1227,280
1228,2025-01-14 17:51:10.353704,1228,540
1229,2025-01-14 17:51:10.353704,1229,369
1230,2025-01-14 17:51:10.353704,1230,322
1231,2025-01-14 17:51:10.353704,1231,650
1232,2025-01-14 17:51:10.353704,1232,532
1233,2025-01-14 17:51:10.353704,1233,264
1234,2025-01-14 17:51:10.353704,1234,250
1235,2025-01-14 17:51:10.353704,1235,383
1236,2025-01-14 17:51:10.353704,1236,434
1237,2025-01-14 17:51:10.353704,1237,542
1238,2025-01-14 17:51:10.353704,1238,578
1239,2025-01-14 17:51:10.353704,1239,390
1240,2025-01-14 17:51:10.353704,1240,195
1241,2025-01-14 17:51:10.353704,1241,647
1242,2025-01-14 17:51:10.353704,1242,553
1243,2025-01-18 17:17:10.699133,1,661
1244,2025-01-18 17:17:10.699133,1,201
1245,2025-01-18 17:17:10.699133,1,203
1246,2025-01-18 17:17:10.699133,1,215
1247,2025-01-18 17:17:10.699133,1,293
1248,2025-01-18 17:17:10.699133,1,497
1249,2025-01-18 17:17:10.699133,1,367
1250,2025-01-18 17:17:10.699133,1,262
1251,2025-01-18 17:17:10.699133,1,439
1252,2025-01-18 17:17:10.699133,1,237
1253,2025-01-18 17:17:10.699133,1,350
1254,2025-01-18 17:17:10.699133,1,206
1255,2025-01-18 17:17:10.699133,2,437
1256,2025-01-18 17:17:10.699133,2,324
1257,2025-01-18 17:17:10.699133,2,491
1258,2025-01-18 17:17:10.699133,2,400
1259,2025-01-18 17:17:10.699133,2,652
1260,2025-01-18 17:17:10.699133,2,374
1261,2025-01-18 17:17:10.699133,2,403
1262,2025-01-18 17:17:10.699133,2,348
1263,2025-01-18 17:17:10.699133,2,313
1264,2025-01-18 17:17:10.699133,2,222
1265,2025-01-18 17:17:10.699133,2,633
1266,2025-01-18 17:17:10.699133,3,355
1267,2025-01-18 17:17:10.699133,3,650
1268,2025-01-18 17:17:10.699133,3,223
1269,2025-01-18 17:17:10.699133,3,194
1270,2025-01-18 17:17:10.699133,3,362
1271,2025-01-18 17:17:10.699133,3,277
1272,2025-01-18 17:17:10.699133,3,419
1273,2025-01-18 17:17:10.699133,3,498
1274,2025-01-18 17:17:10.699133,3,487
1275,2025-01-18 17:17:10.699133,3,224
1276,2025-01-18 17:17:10.699133,3,427
1277,2025-01-18 17:17:10.699133,3,284
1278,2025-01-18 17:17:10.699133,3,474
1279,2025-01-18 17:17:10.699133,3,379
1280,2025-01-18 17:17:10.699133,3,479
1281,2025-01-18 17:17:10.699133,3,344
1282,2025-01-18 17:17:10.699133,3,266
1283,2025-01-18 17:17:10.699133,4,625
1284,2025-01-18 17:17:10.699133,4,407
1285,2025-01-18 17:17:10.699133,4,227
1286,2025-01-18 17:17:10.699133,4,497
1287,2025-01-18 17:17:10.699133,4,596
1288,2025-01-18 17:17:10.699133,4,567
1289,2025-01-18 17:17:10.699133,4,647
1290,2025-01-18 17:17:10.699133,4,483
1291,2025-01-18 17:17:10.699133,4,280
1292,2025-01-18 17:17:10.699133,4,216
1293,2025-01-18 17:17:10.699133,4,627
1294,2025-01-18 17:17:10.699133,4,217
1295,2025-01-18 17:17:10.699133,4,378
1296,2025-01-18 17:17:10.699133,4,653
1297,2025-01-18 17:17:10.699133,5,533
1298,2025-01-18 17:17:10.699133,5,440
1299,2025-01-18 17:17:10.699133,5,406
1300,2025-01-18 17:17:10.699133,5,396
1301,2025-01-18 17:17:10.699133,5,573
1302,2025-01-18 17:17:10.699133,5,584
1303,2025-01-18 17:17:10.699133,5,337
1304,2025-01-18 17:17:10.699133,5,221
1305,2025-01-18 17:17:10.699133,5,235
1306,2025-01-18 17:17:10.699133,5,603
1307,2025-01-18 17:17:10.699133,5,230
1308,2025-01-18 17:17:10.699133,5,490
1309,2025-01-18 17:17:10.699133,5,355
1310,2025-01-18 17:17:10.699133,6,623
1311,2025-01-18 17:17:10.699133,6,237
1312,2025-01-18 17:17:10.699133,6,386
1313,2025-01-18 17:17:10.699133,6,435
1314,2025-01-18 17:17:10.699133,6,550
1315,2025-01-18 17:17:10.699133,6,524
1316,2025-01-18 17:17:10.699133,6,336
1317,2025-01-18 17:17:10.700097,6,302
1318,2025-01-18 17:17:10.700097,6,247
1319,2025-01-18 17:17:10.700097,6,220
1320,2025-01-18 17:17:10.700097,6,369
1321,2025-01-18 17:17:10.700097,6,614
1322,2025-01-18 17:17:10.700097,6,258
1323,2025-01-18 17:17:10.700097,6,374
1324,2025-01-18 17:17:10.700097,6,393
1325,2025-01-18 17:17:10.700097,6,368
1326,2025-01-18 17:17:10.700097,6,427
1327,2025-01-18 17:17:10.700097,6,586
1328,2025-01-18 17:17:10.700097,7,484
1329,2025-01-18 17:17:10.700097,7,651
1330,2025-01-18 17:17:10.700097,7,394
1331,2025-01-18 17:17:10.700097,7,665
1332,2025-01-18 17:17:10.700097,7,448
1333,2025-01-18 17:17:10.700097,7,470
1334,2025-01-18 17:17:10.700097,7,589
1335,2025-01-18 17:17:10.700097,7,540
1336,2025-01-18 17:17:10.700097,7,431
1337,2025-01-18 17:17:10.700097,7,306
1338,2025-01-18 17:17:10.700097,7,631
1339,2025-01-18 17:17:10.700097,7,312
1340,2025-01-18 17:17:10.700097,7,228
1341,2025-01-18 17:17:10.700097,7,211
1342,2025-01-18 17:17:10.700097,7,624
1343,2025-01-18 17:17:10.700097,7,639
1344,2025-01-18 17:17:10.700097,7,551
1345,2025-01-18 17:17:10.700097,7,234
1346,2025-01-18 17:17:10.700097,7,357
1347,2025-01-18 17:17:10.700097,7,596
1348,2025-01-18 17:17:10.700097,8,432
1349,2025-01-18 17:17:10.700097,8,258
1350,2025-01-18 17:17:10.700097,8,536
1351,2025-01-18 17:17:10.700097,8,566
1352,2025-01-18 17:17:10.700097,8,390
1353,2025-01-18 17:17:10.700097,8,601
1354,2025-01-18 17:17:10.700097,8,223
1355,2025-01-18 17:17:10.700097,8,310
1356,2025-01-18 17:17:10.700097,8,427
1357,2025-01-18 17:17:10.700097,8,370
1358,2025-01-18 17:17:10.700097,8,453
1359,2025-01-18 17:17:10.700097,8,346
1360,2025-01-18 17:17:10.700097,8,562
1361,2025-01-18 17:17:10.700097,8,623
1362,2025-01-18 17:17:10.700097,9,465
1363,2025-01-18 17:17:10.700097,9,248
1364,2025-01-18 17:17:10.700097,9,366
1365,2025-01-18 17:17:10.700097,9,507
1366,2025-01-18 17:17:10.700097,9,213
1367,2025-01-18 17:17:10.700097,9,201
1368,2025-01-18 17:17:10.700097,9,468
1369,2025-01-18 17:17:10.700097,9,199
1370,2025-01-18 17:17:10.700097,9,398
1371,2025-01-18 17:17:10.700097,9,453
1372,2025-01-18 17:17:10.700097,9,419
1373,2025-01-18 17:17:10.700097,9,349
1374,2025-01-18 17:17:10.700097,9,364
1375,2025-01-18 17:17:10.700097,9,227
1376,2025-01-18 17:17:10.700097,9,554
1377,2025-01-18 17:17:10.700097,9,261
1378,2025-01-18 17:17:10.700097,9,454
1379,2025-01-18 17:17:10.700097,9,553
1380,2025-01-18 17:17:10.700097,9,511
1381,2025-01-18 17:17:10.700097,10,336
1382,2025-01-18 17:17:10.700097,10,545
1383,2025-01-18 17:17:10.700097,10,342
1384,2025-01-18 17:17:10.700097,10,378
1385,2025-01-18 17:17:10.700097,10,311
1386,2025-01-18 17:17:10.700097,10,650
1387,2025-01-18 17:17:10.700097,10,526
1388,2025-01-18 17:17:10.700097,10,654
1389,2025-01-18 17:17:10.700097,10,503
1390,2025-01-18 17:17:10.700097,10,286
1391,2025-01-18 17:17:10.700097,10,662
1392,2025-01-18 17:17:10.700097,10,236
1393,2025-01-18 17:17:10.700097,10,216
1394,2025-01-18 17:17:10.700097,10,359
1395,2025-01-18 17:17:10.700097,10,228
1396,2025-01-18 17:17:10.700097,10,613
1397,2025-01-18 17:17:10.700097,11,515
1398,2025-01-18 17:17:10.700097,11,364
1399,2025-01-18 17:17:10.700097,11,621
1400,2025-01-18 17:17:10.700097,11,376
1401,2025-01-18 17:17:10.700097,11,627
1402,2025-01-18 17:17:10.700097,11,245
1403,2025-01-18 17:17:10.700097,11,537
1404,2025-01-18 17:17:10.700097,11,610
1405,2025-01-18 17:17:10.700097,11,619
1406,2025-01-18 17:17:10.700097,11,612
1407,2025-01-18 17:17:10.700097,12,609
1408,2025-01-18 17:17:10.700097,12,284
1409,2025-01-18 17:17:10.700097,12,450
1410,2025-01-18 17:17:10.700097,12,454
1411,2025-01-18 17:17:10.700097,12,471
1412,2025-01-18 17:17:10.700097,12,545
1413,2025-01-18 17:17:10.700097,12,518
1414,2025-01-18 17:17:10.701126,12,585
1415,2025-01-18 17:17:10.701126,12,345
1416,2025-01-18 17:17:10.701126,12,288
1417,2025-01-18 17:17:10.701126,12,594
1418,2025-01-18 17:17:10.701126,12,415
1419,2025-01-18 17:17:10.701126,12,482
1420,2025-01-18 17:17:10.701126,12,400
1421,2025-01-18 17:17:10.701126,12,643
1422,2025-01-18 17:17:10.701126,12,346
1423,2025-01-18 17:17:10.701126,12,287
1424,2025-01-18 17:17:10.701126,12,441
1425,2025-01-18 17:17:10.701126,13,564
1426,2025-01-18 17:17:10.701126,13,639
1427,2025-01-18 17:17:10.701126,13,230
1428,2025-01-18 17:17:10.701126,13,495
1429,2025-01-18 17:17:10.701126,13,220
1430,2025-01-18 17:17:10.701126,13,460
1431,2025-01-18 17:17:10.701126,13,317
1432,2025-01-18 17:17:10.701126,13,424
1433,2025-01-18 17:17:10.701126,13,434
1434,2025-01-18 17:17:10.701126,13,577
1435,2025-01-18 17:17:10.701126,13,459
1436,2025-01-18 17:17:10.701126,13,553
1437,2025-01-18 17:17:10.701126,13,616
1438,2025-01-18 17:17:10.701126,13,394
1439,2025-01-18 17:17:10.701126,13,655
1440,2025-01-18 17:17:10.701126,13,244
1441,2025-01-18 17:17:10.701126,13,336
1442,2025-01-18 17:17:10.701126,13,229
1443,2025-01-18 17:17:10.701126,13,661
1444,2025-01-18 17:17:10.701126,13,569
1445,2025-01-18 17:17:10.701126,14,271
1446,2025-01-18 17:17:10.701126,14,332
1447,2025-01-18 17:17:10.701126,14,634
1448,2025-01-18 17:17:10.701126,14,656
1449,2025-01-18 17:17:10.701126,14,416
1450,2025-01-18 17:17:10.701126,14,363
1451,2025-01-18 17:17:10.701126,14,437
1452,2025-01-18 17:17:10.701126,14,647
1453,2025-01-18 17:17:10.701126,14,386
1454,2025-01-18 17:17:10.701126,14,486
1455,2025-01-18 17:17:10.701126,15,338
1456,2025-01-18 17:17:10.701126,15,452
1457,2025-01-18 17:17:10.701126,15,521
1458,2025-01-18 17:17:10.701126,15,433
1459,2025-01-18 17:17:10.701126,15,341
1460,2025-01-18 17:17:10.701126,15,436
1461,2025-01-18 17:17:10.701126,15,357
1462,2025-01-18 17:17:10.701126,15,232
1463,2025-01-18 17:17:10.701126,15,361
1464,2025-01-18 17:17:10.701126,15,460
1465,2025-01-18 17:17:10.701126,15,277
1466,2025-01-18 17:17:10.701126,15,439
1467,2025-01-18 17:17:10.701126,15,599
1468,2025-01-18 17:17:10.701126,15,335
1469,2025-01-18 17:17:10.701126,15,383
1470,2025-01-18 17:17:10.701126,15,459
1471,2025-01-18 17:17:10.701126,15,229
1472,2025-01-18 17:17:10.701126,15,528
1473,2025-01-18 17:17:10.701126,16,494
1474,2025-01-18 17:17:10.701126,16,260
1475,2025-01-18 17:17:10.701126,16,456
1476,2025-01-18 17:17:10.701126,16,431
1477,2025-01-18 17:17:10.701126,16,555
1478,2025-01-18 17:17:10.701126,16,409
1479,2025-01-18 17:17:10.701126,16,272
1480,2025-01-18 17:17:10.701126,16,384
1481,2025-01-18 17:17:10.701126,16,612
1482,2025-01-18 17:17:10.701126,16,638
1483,2025-01-18 17:17:10.701126,16,382
1484,2025-01-18 17:17:10.701126,16,270
1485,2025-01-18 17:17:10.701126,16,295
1486,2025-01-18 17:17:10.701126,16,252
1487,2025-01-18 17:17:10.701126,16,449
1488,2025-01-18 17:17:10.701126,16,405
1489,2025-01-18 17:17:10.701126,16,356
1490,2025-01-18 17:17:10.701126,16,419
1491,2025-01-18 17:17:10.701126,17,475
1492,2025-01-18 17:17:10.701126,17,549
1493,2025-01-18 17:17:10.701126,17,445
1494,2025-01-18 17:17:10.701126,17,356
1495,2025-01-18 17:17:10.701126,17,571
1496,2025-01-18 17:17:10.701126,17,248
1497,2025-01-18 17:17:10.701126,17,589
1498,2025-01-18 17:17:10.701126,17,275
1499,2025-01-18 17:17:10.701126,17,661
1500,2025-01-18 17:17:10.701126,17,479
1501,2025-01-18 17:17:10.701126,17,498
1502,2025-01-18 17:17:10.701126,17,385
1503,2025-01-18 17:17:10.701126,18,298
1504,2025-01-18 17:17:10.701126,18,463
1505,2025-01-18 17:17:10.701126,18,328
1506,2025-01-18 17:17:10.701126,18,496
1507,2025-01-18 17:17:10.701126,18,306
1508,2025-01-18 17:17:10.701126,18,360
1509,2025-01-18 17:17:10.701126,18,195
1510,2025-01-18 17:17:10.701126,18,359
1511,2025-01-18 17:17:10.701126,18,584
1512,2025-01-18 17:17:10.702125,18,229
1513,2025-01-18 17:17:10.702125,18,575
1514,2025-01-18 17:17:10.702125,18,639
1515,2025-01-18 17:17:10.702125,18,571
1516,2025-01-18 17:17:10.702125,18,512
1517,2025-01-18 17:17:10.702125,18,369
1518,2025-01-18 17:17:10.702125,18,538
1519,2025-01-18 17:17:10.702125,18,338
1520,2025-01-18 17:17:10.702125,18,624
1521,2025-01-18 17:17:10.702125,19,471
1522,2025-01-18 17:17:10.702125,19,591
1523,2025-01-18 17:17:10.702125,19,277
1524,2025-01-18 17:17:10.702125,19,483
1525,2025-01-18 17:17:10.702125,19,592
1526,2025-01-18 17:17:10.702125,19,332
1527,2025-01-18 17:17:10.702125,19,218
1528,2025-01-18 17:17:10.702125,19,440
1529,2025-01-18 17:17:10.702125,19,358
1530,2025-01-18 17:17:10.702125,19,279
1531,2025-01-18 17:17:10.702125,19,402
1532,2025-01-18 17:17:10.702125,19,615
1533,2025-01-18 17:17:10.702125,19,620
1534,2025-01-18 17:17:10.702125,19,248
1535,2025-01-18 17:17:10.702125,19,627
1536,2025-01-18 17:17:10.702125,19,326
1537,2025-01-18 17:17:10.702125,19,369
1538,2025-01-18 17:17:10.702125,19,644
1539,2025-01-18 17:17:10.702125,19,524
1540,2025-01-18 17:17:10.702125,19,205
1541,2025-01-18 17:17:10.702125,20,642
1542,2025-01-18 17:17:10.702125,20,327
1543,2025-01-18 17:17:10.702125,20,417
1544,2025-01-18 17:17:10.702125,20,283
1545,2025-01-18 17:17:10.702125,20,557
1546,2025-01-18 17:17:10.702125,20,458
1547,2025-01-18 17:17:10.702125,20,637
1548,2025-01-18 17:17:10.702125,20,583
1549,2025-01-18 17:17:10.702125,20,457
1550,2025-01-18 17:17:10.702125,20,314
1551,2025-01-18 17:17:10.702125,20,495
1552,2025-01-18 17:17:10.702125,20,217
1553,2025-01-18 17:17:10.702125,20,280
1554,2025-01-18 17:17:10.702125,20,545
1555,2025-01-18 17:17:10.702125,20,482
1556,2025-01-18 17:17:10.702125,20,569
1557,2025-01-18 17:17:10.702125,20,398
1558,2025-01-18 17:17:10.702125,20,336
1559,2025-01-18 17:17:10.702125,21,501
1560,2025-01-18 17:17:10.702125,21,512
1561,2025-01-18 17:17:10.702125,21,373
1562,2025-01-18 17:17:10.702125,21,507
1563,2025-01-18 17:17:10.702125,21,595
1564,2025-01-18 17:17:10.702125,21,481
1565,2025-01-18 17:17:10.702125,21,417
1566,2025-01-18 17:17:10.702125,21,598
1567,2025-01-18 17:17:10.702125,21,288
1568,2025-01-18 17:17:10.702125,21,445
1569,2025-01-18 17:17:10.702125,21,317
1570,2025-01-18 17:17:10.702125,21,593
1571,2025-01-18 17:17:10.702125,21,308
1572,2025-01-18 17:17:10.702125,22,487
1573,2025-01-18 17:17:10.702125,22,213
1574,2025-01-18 17:17:10.702125,22,476
1575,2025-01-18 17:17:10.702125,22,574
1576,2025-01-18 17:17:10.720836,22,366
1577,2025-01-18 17:17:10.720836,22,483
1578,2025-01-18 17:17:10.720836,22,318
1579,2025-01-18 17:17:10.720836,22,284
1580,2025-01-18 17:17:10.720836,22,321
1581,2025-01-18 17:17:10.720836,22,408
1582,2025-01-18 17:17:10.720836,22,288
1583,2025-01-18 17:17:10.720836,23,370
1584,2025-01-18 17:17:10.720836,23,388
1585,2025-01-18 17:17:10.720836,23,255
1586,2025-01-18 17:17:10.720836,23,278
1587,2025-01-18 17:17:10.720836,23,530
1588,2025-01-18 17:17:10.720836,23,621
1589,2025-01-18 17:17:10.720836,23,498
1590,2025-01-18 17:17:10.720836,23,233
1591,2025-01-18 17:17:10.720836,23,528
1592,2025-01-18 17:17:10.720836,23,219
1593,2025-01-18 17:17:10.720836,23,397
1594,2025-01-18 17:17:10.720836,24,332
1595,2025-01-18 17:17:10.720836,24,628
1596,2025-01-18 17:17:10.720836,24,500
1597,2025-01-18 17:17:10.720836,24,307
1598,2025-01-18 17:17:10.720836,24,321
1599,2025-01-18 17:17:10.720836,24,290
1600,2025-01-18 17:17:10.720836,24,433
1601,2025-01-18 17:17:10.720836,24,300
1602,2025-01-18 17:17:10.720836,24,260
1603,2025-01-18 17:17:10.720836,24,339
1604,2025-01-18 17:17:10.720836,24,229
1605,2025-01-18 17:17:10.720836,24,194
1606,2025-01-18 17:17:10.720836,24,304
1607,2025-01-18 17:17:10.720836,24,545
1608,2025-01-18 17:17:10.720836,24,504
1609,2025-01-18 17:17:10.720836,25,598
1610,2025-01-18 17:17:10.720836,25,220
1611,2025-01-18 17:17:10.720836,25,620
1612,2025-01-18 17:17:10.720836,25,429
1613,2025-01-18 17:17:10.720836,25,601
1614,2025-01-18 17:17:10.720836,25,543
1615,2025-01-18 17:17:10.720836,25,236
1616,2025-01-18 17:17:10.720836,25,570
1617,2025-01-18 17:17:10.720836,25,479
1618,2025-01-18 17:17:10.720836,25,449
1619,2025-01-18 17:17:10.720836,25,221
1620,2025-01-18 17:17:10.720836,25,634
1621,2025-01-18 17:17:10.720836,25,491
1622,2025-01-18 17:17:10.720836,25,619
1623,2025-01-18 17:17:10.720836,25,328
1624,2025-01-18 17:17:10.720836,25,536
1625,2025-01-18 17:17:10.720836,25,606
1626,2025-01-18 17:17:10.720836,25,608
1627,2025-01-18 17:17:10.720836,25,348
1628,2025-01-18 17:17:10.720836,25,279
1629,2025-01-18 17:17:10.720836,26,489
1630,2025-01-18 17:17:10.720836,26,531
1631,2025-01-18 17:17:10.720836,26,343
1632,2025-01-18 17:17:10.720836,26,444
1633,2025-01-18 17:17:10.720836,26,248
1634,2025-01-18 17:17:10.720836,26,399
1635,2025-01-18 17:17:10.720836,26,597
1636,2025-01-18 17:17:10.720836,26,662
1637,2025-01-18 17:17:10.720836,26,374
1638,2025-01-18 17:17:10.721833,26,238
1639,2025-01-18 17:17:10.721833,26,527
1640,2025-01-18 17:17:10.721833,26,320
1641,2025-01-18 17:17:10.721833,26,270
1642,2025-01-18 17:17:10.721833,26,371
1643,2025-01-18 17:17:10.721833,26,327
1644,2025-01-18 17:17:10.721833,26,642
1645,2025-01-18 17:17:10.721833,26,424
1646,2025-01-18 17:17:10.721833,26,468
1647,2025-01-18 17:17:10.721833,27,514
1648,2025-01-18 17:17:10.721833,27,304
1649,2025-01-18 17:17:10.721833,27,598
1650,2025-01-18 17:17:10.721833,27,237
1651,2025-01-18 17:17:10.721833,27,318
1652,2025-01-18 17:17:10.721833,27,411
1653,2025-01-18 17:17:10.721833,27,640
1654,2025-01-18 17:17:10.721833,27,352
1655,2025-01-18 17:17:10.721833,27,312
1656,2025-01-18 17:17:10.721833,27,382
1657,2025-01-18 17:17:10.721833,27,245
1658,2025-01-18 17:17:10.721833,27,294
1659,2025-01-18 17:17:10.721833,27,602
1660,2025-01-18 17:17:10.721833,27,431
1661,2025-01-18 17:17:10.721833,28,651
1662,2025-01-18 17:17:10.721833,28,524
1663,2025-01-18 17:17:10.721833,28,468
1664,2025-01-18 17:17:10.721833,28,414
1665,2025-01-18 17:17:10.721833,28,237
1666,2025-01-18 17:17:10.721833,28,606
1667,2025-01-18 17:17:10.721833,28,632
1668,2025-01-18 17:17:10.721833,28,304
1669,2025-01-18 17:17:10.721833,28,390
1670,2025-01-18 17:17:10.721833,28,443
1671,2025-01-18 17:17:10.721833,28,410
1672,2025-01-18 17:17:10.721833,28,542
1673,2025-01-18 17:17:10.721833,28,204
1674,2025-01-18 17:17:10.721833,28,278
1675,2025-01-18 17:17:10.721833,28,596
1676,2025-01-18 17:17:10.721833,28,565
1677,2025-01-18 17:17:10.721833,28,307
1678,2025-01-18 17:17:10.721833,29,290
1679,2025-01-18 17:17:10.721833,29,406
1680,2025-01-18 17:17:10.721833,29,364
1681,2025-01-18 17:17:10.721833,29,382
1682,2025-01-18 17:17:10.721833,29,464
1683,2025-01-18 17:17:10.721833,29,198
1684,2025-01-18 17:17:10.721833,29,365
1685,2025-01-18 17:17:10.721833,29,440
1686,2025-01-18 17:17:10.721833,29,422
1687,2025-01-18 17:17:10.721833,29,461
1688,2025-01-18 17:17:10.721833,29,377
1689,2025-01-18 17:17:10.721833,29,593
1690,2025-01-18 17:17:10.721833,29,296
1691,2025-01-18 17:17:10.721833,29,451
1692,2025-01-18 17:17:10.721833,29,530
1693,2025-01-18 17:17:10.721833,29,229
1694,2025-01-18 17:17:10.721833,30,326
1695,2025-01-18 17:17:10.721833,30,199
1696,2025-01-18 17:17:10.721833,30,287
1697,2025-01-18 17:17:10.721833,30,208
1698,2025-01-18 17:17:10.721833,30,414
1699,2025-01-18 17:17:10.721833,30,271
1700,2025-01-18 17:17:10.721833,30,249
1701,2025-01-18 17:17:10.721833,30,442
1702,2025-01-18 17:17:10.721833,30,216
1703,2025-01-18 17:17:10.721833,30,324
1704,2025-01-18 17:17:10.721833,30,378
1705,2025-01-18 17:17:10.721833,30,481
1706,2025-01-18 17:17:10.721833,30,610
1707,2025-01-18 17:17:10.721833,30,213
1708,2025-01-18 17:17:10.721833,30,197
1709,2025-01-18 17:17:10.721833,30,540
1710,2025-01-18 17:17:10.721833,30,521
1711,2025-01-18 17:17:10.721833,31,353
1712,2025-01-18 17:17:10.721833,31,365
1713,2025-01-18 17:17:10.721833,31,311
1714,2025-01-18 17:17:10.721833,31,208
1715,2025-01-18 17:17:10.721833,31,323
1716,2025-01-18 17:17:10.721833,31,195
1717,2025-01-18 17:17:10.721833,31,256
1718,2025-01-18 17:17:10.721833,31,339
1719,2025-01-18 17:17:10.721833,31,567
1720,2025-01-18 17:17:10.721833,31,199
1721,2025-01-18 17:17:10.721833,31,367
1722,2025-01-18 17:17:10.721833,32,616
1723,2025-01-18 17:17:10.721833,32,491
1724,2025-01-18 17:17:10.721833,32,237
1725,2025-01-18 17:17:10.721833,32,267
1726,2025-01-18 17:17:10.721833,32,496
1727,2025-01-18 17:17:10.721833,32,454
1728,2025-01-18 17:17:10.721833,32,626
1729,2025-01-18 17:17:10.721833,32,407
1730,2025-01-18 17:17:10.721833,32,500
1731,2025-01-18 17:17:10.721833,32,363
1732,2025-01-18 17:17:10.721833,32,555
1733,2025-01-18 17:17:10.721833,32,537
1734,2025-01-18 17:17:10.722830,32,433
1735,2025-01-18 17:17:10.722830,33,420
1736,2025-01-18 17:17:10.722830,33,274
1737,2025-01-18 17:17:10.722830,33,282
1738,2025-01-18 17:17:10.722830,33,442
1739,2025-01-18 17:17:10.722830,33,486
1740,2025-01-18 17:17:10.722830,33,562
1741,2025-01-18 17:17:10.722830,33,289
1742,2025-01-18 17:17:10.722830,33,377
1743,2025-01-18 17:17:10.722830,33,223
1744,2025-01-18 17:17:10.722830,33,303
1745,2025-01-18 17:17:10.722830,33,276
1746,2025-01-18 17:17:10.722830,33,647
1747,2025-01-18 17:17:10.722830,33,389
1748,2025-01-18 17:17:10.722830,33,464
1749,2025-01-18 17:17:10.722830,33,325
1750,2025-01-18 17:17:10.722830,33,529
1751,2025-01-18 17:17:10.722830,34,504
1752,2025-01-18 17:17:10.722830,34,348
1753,2025-01-18 17:17:10.722830,34,210
1754,2025-01-18 17:17:10.722830,34,647
1755,2025-01-18 17:17:10.722830,34,518
1756,2025-01-18 17:17:10.722830,34,452
1757,2025-01-18 17:17:10.722830,34,201
1758,2025-01-18 17:17:10.722830,34,446
1759,2025-01-18 17:17:10.722830,34,489
1760,2025-01-18 17:17:10.722830,34,630
1761,2025-01-18 17:17:10.722830,34,330
1762,2025-01-18 17:17:10.722830,34,576
1763,2025-01-18 17:17:10.722830,34,464
1764,2025-01-18 17:17:10.722830,34,321
1765,2025-01-18 17:17:10.722830,34,593
1766,2025-01-18 17:17:10.722830,35,239
1767,2025-01-18 17:17:10.722830,35,660
1768,2025-01-18 17:17:10.722830,35,585
1769,2025-01-18 17:17:10.722830,35,418
1770,2025-01-18 17:17:10.722830,35,613
1771,2025-01-18 17:17:10.722830,35,453
1772,2025-01-18 17:17:10.722830,35,344
1773,2025-01-18 17:17:10.722830,35,533
1774,2025-01-18 17:17:10.722830,35,442
1775,2025-01-18 17:17:10.722830,35,541
1776,2025-01-18 17:17:10.722830,35,530
1777,2025-01-18 17:17:10.722830,36,228
1778,2025-01-18 17:17:10.722830,36,660
1779,2025-01-18 17:17:10.722830,36,651
1780,2025-01-18 17:17:10.722830,36,232
1781,2025-01-18 17:17:10.722830,36,204
1782,2025-01-18 17:17:10.722830,36,654
1783,2025-01-18 17:17:10.722830,36,347
1784,2025-01-18 17:17:10.722830,36,259
1785,2025-01-18 17:17:10.722830,36,436
1786,2025-01-18 17:17:10.722830,36,337
1787,2025-01-18 17:17:10.722830,36,383
1788,2025-01-18 17:17:10.722830,36,377
1789,2025-01-18 17:17:10.722830,36,394
1790,2025-01-18 17:17:10.722830,36,640
1791,2025-01-18 17:17:10.722830,36,545
1792,2025-01-18 17:17:10.722830,37,372
1793,2025-01-18 17:17:10.722830,37,433
1794,2025-01-18 17:17:10.722830,37,340
1795,2025-01-18 17:17:10.722830,37,469
1796,2025-01-18 17:17:10.722830,37,574
1797,2025-01-18 17:17:10.722830,37,639
1798,2025-01-18 17:17:10.722830,37,453
1799,2025-01-18 17:17:10.722830,37,636
1800,2025-01-18 17:17:10.722830,37,559
1801,2025-01-18 17:17:10.722830,37,427
1802,2025-01-18 17:17:10.722830,37,601
1803,2025-01-18 17:17:10.722830,37,600
1804,2025-01-18 17:17:10.722830,37,510
1805,2025-01-18 17:17:10.722830,37,650
1806,2025-01-18 17:17:10.722830,38,280
1807,2025-01-18 17:17:10.722830,38,211
1808,2025-01-18 17:17:10.722830,38,657
1809,2025-01-18 17:17:10.722830,38,376
1810,2025-01-18 17:17:10.722830,38,461
1811,2025-01-18 17:17:10.722830,38,318
1812,2025-01-18 17:17:10.722830,38,443
1813,2025-01-18 17:17:10.722830,38,328
1814,2025-01-18 17:17:10.722830,38,560
1815,2025-01-18 17:17:10.722830,38,412
1816,2025-01-18 17:17:10.722830,38,504
1817,2025-01-18 17:17:10.722830,38,377
1818,2025-01-18 17:17:10.722830,38,196
1819,2025-01-18 17:17:10.722830,38,445
1820,2025-01-18 17:17:10.722830,38,518
1821,2025-01-18 17:17:10.722830,38,638
1822,2025-01-18 17:17:10.722830,39,273
1823,2025-01-18 17:17:10.722830,39,384
1824,2025-01-18 17:17:10.722830,39,590
1825,2025-01-18 17:17:10.722830,39,587
1826,2025-01-18 17:17:10.722830,39,549
1827,2025-01-18 17:17:10.722830,39,224
1828,2025-01-18 17:17:10.722830,39,342
1829,2025-01-18 17:17:10.722830,39,255
1830,2025-01-18 17:17:10.722830,39,472
1831,2025-01-18 17:17:10.722830,39,526
1832,2025-01-18 17:17:10.723828,39,200
1833,2025-01-18 17:17:10.723828,39,490
1834,2025-01-18 17:17:10.723828,39,604
1835,2025-01-18 17:17:10.723828,39,500
1836,2025-01-18 17:17:10.723828,39,612
1837,2025-01-18 17:17:10.723828,39,303
1838,2025-01-18 17:17:10.723828,39,226
1839,2025-01-18 17:17:10.723828,40,304
1840,2025-01-18 17:17:10.723828,40,202
1841,2025-01-18 17:17:10.723828,40,408
1842,2025-01-18 17:17:10.723828,40,643
1843,2025-01-18 17:17:10.723828,40,594
1844,2025-01-18 17:17:10.723828,40,480
1845,2025-01-18 17:17:10.723828,40,406
1846,2025-01-18 17:17:10.723828,40,388
1847,2025-01-18 17:17:10.723828,40,475
1848,2025-01-18 17:17:10.723828,40,615
1849,2025-01-18 17:17:10.723828,40,621
1850,2025-01-18 17:17:10.723828,40,531
1851,2025-01-18 17:17:10.723828,40,456
1852,2025-01-18 17:17:10.723828,41,264
1853,2025-01-18 17:17:10.723828,41,209
1854,2025-01-18 17:17:10.723828,41,232
1855,2025-01-18 17:17:10.723828,41,431
1856,2025-01-18 17:17:10.723828,41,467
1857,2025-01-18 17:17:10.723828,41,384
1858,2025-01-18 17:17:10.723828,41,330
1859,2025-01-18 17:17:10.723828,41,302
1860,2025-01-18 17:17:10.723828,41,658
1861,2025-01-18 17:17:10.723828,41,216
1862,2025-01-18 17:17:10.723828,41,573
1863,2025-01-18 17:17:10.723828,41,643
1864,2025-01-18 17:17:10.723828,41,529
1865,2025-01-18 17:17:10.723828,41,645
1866,2025-01-18 17:17:10.723828,41,451
1867,2025-01-18 17:17:10.723828,41,441
1868,2025-01-18 17:17:10.723828,41,221
1869,2025-01-18 17:17:10.723828,41,312
1870,2025-01-18 17:17:10.723828,42,289
1871,2025-01-18 17:17:10.723828,42,355
1872,2025-01-18 17:17:10.723828,42,207
1873,2025-01-18 17:17:10.723828,42,244
1874,2025-01-18 17:17:10.723828,42,528
1875,2025-01-18 17:17:10.723828,42,566
1876,2025-01-18 17:17:10.723828,42,525
1877,2025-01-18 17:17:10.723828,42,345
1878,2025-01-18 17:17:10.723828,42,561
1879,2025-01-18 17:17:10.723828,42,429
1880,2025-01-18 17:17:10.723828,42,587
1881,2025-01-18 17:17:10.723828,42,451
1882,2025-01-18 17:17:10.723828,42,275
1883,2025-01-18 17:17:10.723828,42,586
1884,2025-01-18 17:17:10.723828,42,463
1885,2025-01-18 17:17:10.723828,43,517
1886,2025-01-18 17:17:10.723828,43,630
1887,2025-01-18 17:17:10.723828,43,428
1888,2025-01-18 17:17:10.723828,43,347
1889,2025-01-18 17:17:10.723828,43,613
1890,2025-01-18 17:17:10.723828,43,204
1891,2025-01-18 17:17:10.723828,43,524
1892,2025-01-18 17:17:10.723828,43,367
1893,2025-01-18 17:17:10.723828,43,419
1894,2025-01-18 17:17:10.723828,43,318
1895,2025-01-18 17:17:10.723828,43,407
1896,2025-01-18 17:17:10.723828,43,333
1897,2025-01-18 17:17:10.723828,43,370
1898,2025-01-18 17:17:10.723828,44,448
1899,2025-01-18 17:17:10.723828,44,329
1900,2025-01-18 17:17:10.723828,44,556
1901,2025-01-18 17:17:10.723828,44,300
1902,2025-01-18 17:17:10.723828,44,222
1903,2025-01-18 17:17:10.723828,44,421
1904,2025-01-18 17:17:10.723828,44,311
1905,2025-01-18 17:17:10.723828,44,655
1906,2025-01-18 17:17:10.723828,44,309
1907,2025-01-18 17:17:10.723828,44,600
1908,2025-01-18 17:17:10.723828,44,384
1909,2025-01-18 17:17:10.728815,44,621
1910,2025-01-18 17:17:10.728815,44,642
1911,2025-01-18 17:17:10.728815,45,490
1912,2025-01-18 17:17:10.728815,45,264
1913,2025-01-18 17:17:10.728815,45,242
1914,2025-01-18 17:17:10.728815,45,493
1915,2025-01-18 17:17:10.728815,45,605
1916,2025-01-18 17:17:10.728815,45,430
1917,2025-01-18 17:17:10.728815,45,358
1918,2025-01-18 17:17:10.729813,45,507
1919,2025-01-18 17:17:10.729813,45,582
1920,2025-01-18 17:17:10.729813,45,283
1921,2025-01-18 17:17:10.729813,45,623
1922,2025-01-18 17:17:10.729813,45,486
1923,2025-01-18 17:17:10.729813,46,253
1924,2025-01-18 17:17:10.729813,46,559
1925,2025-01-18 17:17:10.729813,46,450
1926,2025-01-18 17:17:10.729813,46,355
1927,2025-01-18 17:17:10.729813,46,394
1928,2025-01-18 17:17:10.729813,46,482
1929,2025-01-18 17:17:10.729813,46,194
1930,2025-01-18 17:17:10.729813,46,586
1931,2025-01-18 17:17:10.729813,46,199
1932,2025-01-18 17:17:10.729813,46,369
1933,2025-01-18 17:17:10.729813,46,603
1934,2025-01-18 17:17:10.729813,46,562
1935,2025-01-18 17:17:10.729813,46,514
1936,2025-01-18 17:17:10.729813,46,416
1937,2025-01-18 17:17:10.729813,46,411
1938,2025-01-18 17:17:10.729813,46,622
1939,2025-01-18 17:17:10.729813,46,475
1940,2025-01-18 17:17:10.729813,46,203
1941,2025-01-18 17:17:10.729813,46,206
1942,2025-01-18 17:17:10.729813,46,346
1943,2025-01-18 17:17:10.729813,47,404
1944,2025-01-18 17:17:10.729813,47,421
1945,2025-01-18 17:17:10.729813,47,353
1946,2025-01-18 17:17:10.729813,47,242
1947,2025-01-18 17:17:10.729813,47,577
1948,2025-01-18 17:17:10.729813,47,590
1949,2025-01-18 17:17:10.729813,47,388
1950,2025-01-18 17:17:10.729813,47,602
1951,2025-01-18 17:17:10.729813,47,543
1952,2025-01-18 17:17:10.729813,47,292
1953,2025-01-18 17:17:10.729813,47,429
1954,2025-01-18 17:17:10.729813,47,440
1955,2025-01-18 17:17:10.729813,47,351
1956,2025-01-18 17:17:10.729813,47,414
1957,2025-01-18 17:17:10.729813,48,376
1958,2025-01-18 17:17:10.729813,48,627
1959,2025-01-18 17:17:10.729813,48,544
1960,2025-01-18 17:17:10.729813,48,246
1961,2025-01-18 17:17:10.729813,48,307
1962,2025-01-18 17:17:10.729813,48,299
1963,2025-01-18 17:17:10.729813,48,417
1964,2025-01-18 17:17:10.729813,48,411
1965,2025-01-18 17:17:10.729813,48,428
1966,2025-01-18 17:17:10.729813,48,327
1967,2025-01-18 17:17:10.729813,48,273
1968,2025-01-18 17:17:10.729813,48,482
1969,2025-01-18 17:17:10.729813,48,322
1970,2025-01-18 17:17:10.729813,49,245
1971,2025-01-18 17:17:10.729813,49,300
1972,2025-01-18 17:17:10.729813,49,459
1973,2025-01-18 17:17:10.729813,49,295
1974,2025-01-18 17:17:10.729813,49,582
1975,2025-01-18 17:17:10.729813,49,227
1976,2025-01-18 17:17:10.729813,49,309
1977,2025-01-18 17:17:10.729813,49,504
1978,2025-01-18 17:17:10.729813,49,301
1979,2025-01-18 17:17:10.729813,49,621
1980,2025-01-18 17:17:10.729813,49,667
1981,2025-01-18 17:17:10.729813,49,454
1982,2025-01-18 17:17:10.729813,49,415
1983,2025-01-18 17:17:10.729813,49,501
1984,2025-01-18 17:17:10.729813,49,575
1985,2025-01-18 17:17:10.729813,49,483
1986,2025-01-18 17:17:10.729813,49,297
1987,2025-01-18 17:17:10.729813,49,654
1988,2025-01-18 17:17:10.729813,49,284
1989,2025-01-18 17:17:10.729813,49,565
1990,2025-01-18 17:17:10.729813,50,271
1991,2025-01-18 17:17:10.729813,50,406
1992,2025-01-18 17:17:10.729813,50,454
1993,2025-01-18 17:17:10.729813,50,565
1994,2025-01-18 17:17:10.729813,50,344
1995,2025-01-18 17:17:10.729813,50,260
1996,2025-01-18 17:17:10.729813,50,462
1997,2025-01-18 17:17:10.729813,50,548
1998,2025-01-18 17:17:10.729813,50,639
1999,2025-01-18 17:17:10.729813,50,250
2000,2025-01-18 17:17:10.729813,50,313
2001,2025-01-18 17:17:10.729813,50,473
2002,2025-01-18 17:17:10.729813,50,517
2003,2025-01-18 17:17:10.729813,50,402
2004,2025-01-18 17:17:10.729813,50,460
2005,2025-01-18 17:17:10.729813,51,340
2006,2025-01-18 17:17:10.729813,51,622
2007,2025-01-18 17:17:10.729813,51,637
2008,2025-01-18 17:17:10.729813,51,620
2009,2025-01-18 17:17:10.729813,51,575
2010,2025-01-18 17:17:10.729813,51,242
2011,2025-01-18 17:17:10.729813,51,523
2012,2025-01-18 17:17:10.730809,51,504
2013,2025-01-18 17:17:10.730809,51,519
2014,2025-01-18 17:17:10.730809,51,593
2015,2025-01-18 17:17:10.730809,51,444
2016,2025-01-18 17:17:10.730809,51,251
2017,2025-01-18 17:17:10.730809,51,457
2018,2025-01-18 17:17:10.730809,51,424
2019,2025-01-18 17:17:10.730809,51,245
2020,2025-01-18 17:17:10.730809,51,382
2021,2025-01-18 17:17:10.730809,52,446
2022,2025-01-18 17:17:10.730809,52,667
2023,2025-01-18 17:17:10.730809,52,622
2024,2025-01-18 17:17:10.730809,52,342
2025,2025-01-18 17:17:10.730809,52,200
2026,2025-01-18 17:17:10.730809,52,209
2027,2025-01-18 17:17:10.730809,52,329
2028,2025-01-18 17:17:10.730809,52,462
2029,2025-01-18 17:17:10.730809,52,217
2030,2025-01-18 17:17:10.730809,52,367
2031,2025-01-18 17:17:10.730809,52,527
2032,2025-01-18 17:17:10.730809,53,596
2033,2025-01-18 17:17:10.730809,53,285
2034,2025-01-18 17:17:10.730809,53,409
2035,2025-01-18 17:17:10.730809,53,286
2036,2025-01-18 17:17:10.730809,53,290
2037,2025-01-18 17:17:10.730809,53,381
2038,2025-01-18 17:17:10.730809,53,297
2039,2025-01-18 17:17:10.730809,53,241
2040,2025-01-18 17:17:10.730809,53,452
2041,2025-01-18 17:17:10.730809,53,344
2042,2025-01-18 17:17:10.730809,53,349
2043,2025-01-18 17:17:10.730809,53,376
2044,2025-01-18 17:17:10.730809,53,384
2045,2025-01-18 17:17:10.730809,53,585
2046,2025-01-18 17:17:10.730809,54,560
2047,2025-01-18 17:17:10.730809,54,401
2048,2025-01-18 17:17:10.730809,54,655
2049,2025-01-18 17:17:10.730809,54,347
2050,2025-01-18 17:17:10.730809,54,602
2051,2025-01-18 17:17:10.730809,54,635
2052,2025-01-18 17:17:10.730809,54,306
2053,2025-01-18 17:17:10.730809,54,394
2054,2025-01-18 17:17:10.730809,54,459
2055,2025-01-18 17:17:10.730809,54,227
2056,2025-01-18 17:17:10.730809,54,490
2057,2025-01-18 17:17:10.730809,54,197
2058,2025-01-18 17:17:10.730809,54,205
2059,2025-01-18 17:17:10.730809,54,363
2060,2025-01-18 17:17:10.730809,54,246
2061,2025-01-18 17:17:10.730809,54,647
2062,2025-01-18 17:17:10.730809,55,278
2063,2025-01-18 17:17:10.730809,55,590
2064,2025-01-18 17:17:10.730809,55,366
2065,2025-01-18 17:17:10.730809,55,464
2066,2025-01-18 17:17:10.730809,55,274
2067,2025-01-18 17:17:10.730809,55,246
2068,2025-01-18 17:17:10.730809,55,395
2069,2025-01-18 17:17:10.730809,55,573
2070,2025-01-18 17:17:10.730809,55,439
2071,2025-01-18 17:17:10.730809,55,540
2072,2025-01-18 17:17:10.730809,56,381
2073,2025-01-18 17:17:10.730809,56,288
2074,2025-01-18 17:17:10.730809,56,606
2075,2025-01-18 17:17:10.730809,56,352
2076,2025-01-18 17:17:10.730809,56,571
2077,2025-01-18 17:17:10.730809,56,647
2078,2025-01-18 17:17:10.730809,56,209
2079,2025-01-18 17:17:10.730809,56,637
2080,2025-01-18 17:17:10.730809,56,236
2081,2025-01-18 17:17:10.730809,56,628
2082,2025-01-18 17:17:10.730809,56,334
2083,2025-01-18 17:17:10.730809,56,199
2084,2025-01-18 17:17:10.730809,56,617
2085,2025-01-18 17:17:10.730809,57,307
2086,2025-01-18 17:17:10.730809,57,627
2087,2025-01-18 17:17:10.730809,57,239
2088,2025-01-18 17:17:10.730809,57,435
2089,2025-01-18 17:17:10.730809,57,562
2090,2025-01-18 17:17:10.730809,57,566
2091,2025-01-18 17:17:10.730809,57,338
2092,2025-01-18 17:17:10.730809,57,537
2093,2025-01-18 17:17:10.730809,57,663
2094,2025-01-18 17:17:10.730809,57,540
2095,2025-01-18 17:17:10.730809,57,198
2096,2025-01-18 17:17:10.730809,57,245
2097,2025-01-18 17:17:10.730809,58,609
2098,2025-01-18 17:17:10.730809,58,511
2099,2025-01-18 17:17:10.730809,58,310
2100,2025-01-18 17:17:10.730809,58,588
2101,2025-01-18 17:17:10.730809,58,485
2102,2025-01-18 17:17:10.730809,58,266
2103,2025-01-18 17:17:10.730809,58,348
2104,2025-01-18 17:17:10.730809,58,429
2105,2025-01-18 17:17:10.730809,58,387
2106,2025-01-18 17:17:10.730809,58,291
2107,2025-01-18 17:17:10.730809,58,398
2108,2025-01-18 17:17:10.730809,58,563
2109,2025-01-18 17:17:10.731807,58,235
2110,2025-01-18 17:17:10.731807,58,434
2111,2025-01-18 17:17:10.731807,58,199
2112,2025-01-18 17:17:10.731807,58,457
2113,2025-01-18 17:17:10.731807,58,209
2114,2025-01-18 17:17:10.731807,58,437
2115,2025-01-18 17:17:10.731807,59,408
2116,2025-01-18 17:17:10.731807,59,296
2117,2025-01-18 17:17:10.731807,59,464
2118,2025-01-18 17:17:10.731807,59,582
2119,2025-01-18 17:17:10.731807,59,224
2120,2025-01-18 17:17:10.731807,59,347
2121,2025-01-18 17:17:10.731807,59,547
2122,2025-01-18 17:17:10.731807,59,441
2123,2025-01-18 17:17:10.731807,59,510
2124,2025-01-18 17:17:10.731807,59,394
2125,2025-01-18 17:17:10.731807,60,450
2126,2025-01-18 17:17:10.731807,60,512
2127,2025-01-18 17:17:10.731807,60,217
2128,2025-01-18 17:17:10.731807,60,599
2129,2025-01-18 17:17:10.731807,60,506
2130,2025-01-18 17:17:10.731807,60,247
2131,2025-01-18 17:17:10.731807,60,215
2132,2025-01-18 17:17:10.731807,60,503
2133,2025-01-18 17:17:10.731807,60,452
2134,2025-01-18 17:17:10.731807,60,646
2135,2025-01-18 17:17:10.731807,60,476
2136,2025-01-18 17:17:10.731807,60,603
2137,2025-01-18 17:17:10.731807,61,256
2138,2025-01-18 17:17:10.731807,61,659
2139,2025-01-18 17:17:10.731807,61,561
2140,2025-01-18 17:17:10.731807,61,515
2141,2025-01-18 17:17:10.731807,61,277
2142,2025-01-18 17:17:10.731807,61,305
2143,2025-01-18 17:17:10.731807,61,210
2144,2025-01-18 17:17:10.731807,61,231
2145,2025-01-18 17:17:10.731807,61,312
2146,2025-01-18 17:17:10.731807,61,531
2147,2025-01-18 17:17:10.731807,61,330
2148,2025-01-18 17:17:10.731807,61,450
2149,2025-01-18 17:17:10.731807,61,587
2150,2025-01-18 17:17:10.731807,62,203
2151,2025-01-18 17:17:10.731807,62,361
2152,2025-01-18 17:17:10.731807,62,374
2153,2025-01-18 17:17:10.731807,62,259
2154,2025-01-18 17:17:10.731807,62,253
2155,2025-01-18 17:17:10.731807,62,511
2156,2025-01-18 17:17:10.731807,62,219
2157,2025-01-18 17:17:10.731807,62,376
2158,2025-01-18 17:17:10.731807,62,273
2159,2025-01-18 17:17:10.731807,62,233
2160,2025-01-18 17:17:10.731807,62,241
2161,2025-01-18 17:17:10.731807,62,584
2162,2025-01-18 17:17:10.731807,62,518
2163,2025-01-18 17:17:10.731807,63,206
2164,2025-01-18 17:17:10.731807,63,551
2165,2025-01-18 17:17:10.731807,63,401
2166,2025-01-18 17:17:10.731807,63,460
2167,2025-01-18 17:17:10.731807,63,637
2168,2025-01-18 17:17:10.731807,63,613
2169,2025-01-18 17:17:10.731807,63,197
2170,2025-01-18 17:17:10.731807,63,239
2171,2025-01-18 17:17:10.731807,63,341
2172,2025-01-18 17:17:10.731807,63,215
2173,2025-01-18 17:17:10.731807,63,259
2174,2025-01-18 17:17:10.731807,63,454
2175,2025-01-18 17:17:10.731807,63,485
2176,2025-01-18 17:17:10.731807,63,278
2177,2025-01-18 17:17:10.731807,63,346
2178,2025-01-18 17:17:10.731807,63,609
2179,2025-01-18 17:17:10.731807,63,516
2180,2025-01-18 17:17:10.731807,63,488
2181,2025-01-18 17:17:10.731807,64,280
2182,2025-01-18 17:17:10.731807,64,383
2183,2025-01-18 17:17:10.731807,64,316
2184,2025-01-18 17:17:10.731807,64,576
2185,2025-01-18 17:17:10.731807,64,272
2186,2025-01-18 17:17:10.731807,64,568
2187,2025-01-18 17:17:10.731807,64,511
2188,2025-01-18 17:17:10.731807,64,378
2189,2025-01-18 17:17:10.731807,64,573
2190,2025-01-18 17:17:10.731807,64,617
2191,2025-01-18 17:17:10.731807,65,654
2192,2025-01-18 17:17:10.731807,65,602
2193,2025-01-18 17:17:10.731807,65,590
2194,2025-01-18 17:17:10.731807,65,321
2195,2025-01-18 17:17:10.731807,65,527
2196,2025-01-18 17:17:10.731807,65,209
2197,2025-01-18 17:17:10.731807,65,500
2198,2025-01-18 17:17:10.731807,65,300
2199,2025-01-18 17:17:10.731807,65,253
2200,2025-01-18 17:17:10.731807,65,544
2201,2025-01-18 17:17:10.731807,65,367
2202,2025-01-18 17:17:10.731807,65,341
2203,2025-01-18 17:17:10.731807,65,552
2204,2025-01-18 17:17:10.731807,65,424
2205,2025-01-18 17:17:10.732804,65,597
2206,2025-01-18 17:17:10.732804,65,275
2207,2025-01-18 17:17:10.732804,66,384
2208,2025-01-18 17:17:10.732804,66,648
2209,2025-01-18 17:17:10.732804,66,389
2210,2025-01-18 17:17:10.732804,66,584
2211,2025-01-18 17:17:10.732804,66,355
2212,2025-01-18 17:17:10.732804,66,238
2213,2025-01-18 17:17:10.732804,66,479
2214,2025-01-18 17:17:10.732804,66,572
2215,2025-01-18 17:17:10.732804,66,587
2216,2025-01-18 17:17:10.732804,66,614
2217,2025-01-18 17:17:10.732804,66,553
2218,2025-01-18 17:17:10.732804,66,271
2219,2025-01-18 17:17:10.732804,67,590
2220,2025-01-18 17:17:10.732804,67,245
2221,2025-01-18 17:17:10.732804,67,613
2222,2025-01-18 17:17:10.732804,67,624
2223,2025-01-18 17:17:10.732804,67,413
2224,2025-01-18 17:17:10.732804,67,249
2225,2025-01-18 17:17:10.732804,67,557
2226,2025-01-18 17:17:10.732804,67,566
2227,2025-01-18 17:17:10.732804,67,242
2228,2025-01-18 17:17:10.732804,67,423
2229,2025-01-18 17:17:10.732804,67,438
2230,2025-01-18 17:17:10.732804,67,662
2231,2025-01-18 17:17:10.732804,67,274
2232,2025-01-18 17:17:10.732804,67,486
2233,2025-01-18 17:17:10.732804,67,614
2234,2025-01-18 17:17:10.732804,67,544
2235,2025-01-18 17:17:10.732804,67,411
2236,2025-01-18 17:17:10.732804,68,631
2237,2025-01-18 17:17:10.732804,68,222
2238,2025-01-18 17:17:10.732804,68,574
2239,2025-01-18 17:17:10.732804,68,429
2240,2025-01-18 17:17:10.732804,68,633
2241,2025-01-18 17:17:10.732804,68,405
2242,2025-01-18 17:17:10.736793,68,584
2243,2025-01-18 17:17:10.736793,68,348
2244,2025-01-18 17:17:10.736793,68,373
2245,2025-01-18 17:17:10.736793,68,512
2246,2025-01-18 17:17:10.736793,68,596
2247,2025-01-18 17:17:10.736793,68,226
2248,2025-01-18 17:17:10.736793,68,303
2249,2025-01-18 17:17:10.736793,68,535
2250,2025-01-18 17:17:10.736793,68,195
2251,2025-01-18 17:17:10.736793,68,347
2252,2025-01-18 17:17:10.736793,69,213
2253,2025-01-18 17:17:10.736793,69,225
2254,2025-01-18 17:17:10.736793,69,603
2255,2025-01-18 17:17:10.736793,69,391
2256,2025-01-18 17:17:10.736793,69,468
2257,2025-01-18 17:17:10.736793,69,210
2258,2025-01-18 17:17:10.736793,69,666
2259,2025-01-18 17:17:10.736793,69,320
2260,2025-01-18 17:17:10.736793,69,508
2261,2025-01-18 17:17:10.736793,69,467
2262,2025-01-18 17:17:10.736793,69,374
2263,2025-01-18 17:17:10.736793,69,344
2264,2025-01-18 17:17:10.736793,69,651
2265,2025-01-18 17:17:10.736793,69,546
2266,2025-01-18 17:17:10.736793,70,392
2267,2025-01-18 17:17:10.736793,70,339
2268,2025-01-18 17:17:10.736793,70,226
2269,2025-01-18 17:17:10.736793,70,605
2270,2025-01-18 17:17:10.736793,70,544
2271,2025-01-18 17:17:10.736793,70,469
2272,2025-01-18 17:17:10.736793,70,430
2273,2025-01-18 17:17:10.736793,70,629
2274,2025-01-18 17:17:10.736793,70,441
2275,2025-01-18 17:17:10.736793,70,654
2276,2025-01-18 17:17:10.736793,70,433
2277,2025-01-18 17:17:10.736793,71,447
2278,2025-01-18 17:17:10.736793,71,226
2279,2025-01-18 17:17:10.736793,71,528
2280,2025-01-18 17:17:10.736793,71,323
2281,2025-01-18 17:17:10.736793,71,386
2282,2025-01-18 17:17:10.736793,71,361
2283,2025-01-18 17:17:10.736793,71,500
2284,2025-01-18 17:17:10.736793,71,305
2285,2025-01-18 17:17:10.736793,71,354
2286,2025-01-18 17:17:10.736793,71,210
2287,2025-01-18 17:17:10.736793,71,231
2288,2025-01-18 17:17:10.736793,71,476
2289,2025-01-18 17:17:10.736793,71,485
2290,2025-01-18 17:17:10.736793,71,207
2291,2025-01-18 17:17:10.736793,72,513
2292,2025-01-18 17:17:10.736793,72,231
2293,2025-01-18 17:17:10.736793,72,598
2294,2025-01-18 17:17:10.736793,72,308
2295,2025-01-18 17:17:10.736793,72,253
2296,2025-01-18 17:17:10.737791,72,537
2297,2025-01-18 17:17:10.737791,72,314
2298,2025-01-18 17:17:10.737791,72,392
2299,2025-01-18 17:17:10.737791,72,342
2300,2025-01-18 17:17:10.737791,72,428
2301,2025-01-18 17:17:10.737791,72,545
2302,2025-01-18 17:17:10.737791,72,299
2303,2025-01-18 17:17:10.737791,72,466
2304,2025-01-18 17:17:10.737791,72,338
2305,2025-01-18 17:17:10.737791,73,227
2306,2025-01-18 17:17:10.737791,73,642
2307,2025-01-18 17:17:10.737791,73,568
2308,2025-01-18 17:17:10.737791,73,478
2309,2025-01-18 17:17:10.737791,73,648
2310,2025-01-18 17:17:10.737791,73,283
2311,2025-01-18 17:17:10.737791,73,395
2312,2025-01-18 17:17:10.737791,73,325
2313,2025-01-18 17:17:10.737791,73,405
2314,2025-01-18 17:17:10.737791,73,544
2315,2025-01-18 17:17:10.737791,74,239
2316,2025-01-18 17:17:10.737791,74,661
2317,2025-01-18 17:17:10.737791,74,498
2318,2025-01-18 17:17:10.737791,74,518
2319,2025-01-18 17:17:10.737791,74,352
2320,2025-01-18 17:17:10.737791,74,513
2321,2025-01-18 17:17:10.737791,74,286
2322,2025-01-18 17:17:10.737791,74,346
2323,2025-01-18 17:17:10.737791,74,281
2324,2025-01-18 17:17:10.737791,74,260
2325,2025-01-18 17:17:10.737791,74,332
2326,2025-01-18 17:17:10.737791,74,473
2327,2025-01-18 17:17:10.737791,74,480
2328,2025-01-18 17:17:10.737791,74,226
2329,2025-01-18 17:17:10.737791,74,554
2330,2025-01-18 17:17:10.737791,74,621
2331,2025-01-18 17:17:10.737791,74,228
2332,2025-01-18 17:17:10.737791,74,666
2333,2025-01-18 17:17:10.737791,74,279
2334,2025-01-18 17:17:10.737791,74,598
2335,2025-01-18 17:17:10.737791,75,240
2336,2025-01-18 17:17:10.737791,75,589
2337,2025-01-18 17:17:10.737791,75,511
2338,2025-01-18 17:17:10.737791,75,471
2339,2025-01-18 17:17:10.737791,75,608
2340,2025-01-18 17:17:10.737791,75,564
2341,2025-01-18 17:17:10.737791,75,406
2342,2025-01-18 17:17:10.737791,75,576
2343,2025-01-18 17:17:10.737791,75,503
2344,2025-01-18 17:17:10.737791,75,216
2345,2025-01-18 17:17:10.737791,75,483
2346,2025-01-18 17:17:10.737791,75,318
2347,2025-01-18 17:17:10.737791,75,371
2348,2025-01-18 17:17:10.737791,76,390
2349,2025-01-18 17:17:10.737791,76,572
2350,2025-01-18 17:17:10.737791,76,659
2351,2025-01-18 17:17:10.737791,76,418
2352,2025-01-18 17:17:10.737791,76,292
2353,2025-01-18 17:17:10.737791,76,438
2354,2025-01-18 17:17:10.737791,76,473
2355,2025-01-18 17:17:10.737791,76,526
2356,2025-01-18 17:17:10.737791,76,566
2357,2025-01-18 17:17:10.737791,76,513
2358,2025-01-18 17:17:10.737791,76,606
2359,2025-01-18 17:17:10.737791,77,406
2360,2025-01-18 17:17:10.737791,77,293
2361,2025-01-18 17:17:10.737791,77,619
2362,2025-01-18 17:17:10.737791,77,605
2363,2025-01-18 17:17:10.737791,77,347
2364,2025-01-18 17:17:10.737791,77,273
2365,2025-01-18 17:17:10.737791,77,335
2366,2025-01-18 17:17:10.737791,77,586
2367,2025-01-18 17:17:10.737791,77,519
2368,2025-01-18 17:17:10.737791,77,207
2369,2025-01-18 17:17:10.737791,77,536
2370,2025-01-18 17:17:10.737791,77,259
2371,2025-01-18 17:17:10.737791,78,646
2372,2025-01-18 17:17:10.737791,78,534
2373,2025-01-18 17:17:10.737791,78,409
2374,2025-01-18 17:17:10.737791,78,447
2375,2025-01-18 17:17:10.737791,78,651
2376,2025-01-18 17:17:10.737791,78,377
2377,2025-01-18 17:17:10.737791,78,643
2378,2025-01-18 17:17:10.737791,78,333
2379,2025-01-18 17:17:10.737791,78,227
2380,2025-01-18 17:17:10.737791,78,631
2381,2025-01-18 17:17:10.737791,78,611
2382,2025-01-18 17:17:10.737791,78,368
2383,2025-01-18 17:17:10.737791,78,587
2384,2025-01-18 17:17:10.737791,78,595
2385,2025-01-18 17:17:10.737791,78,553
2386,2025-01-18 17:17:10.737791,78,371
2387,2025-01-18 17:17:10.737791,79,553
2388,2025-01-18 17:17:10.737791,79,213
2389,2025-01-18 17:17:10.737791,79,362
2390,2025-01-18 17:17:10.737791,79,549
2391,2025-01-18 17:17:10.737791,79,238
2392,2025-01-18 17:17:10.737791,79,401
2393,2025-01-18 17:17:10.738788,79,311
2394,2025-01-18 17:17:10.738788,79,292
2395,2025-01-18 17:17:10.738788,79,194
2396,2025-01-18 17:17:10.738788,79,384
2397,2025-01-18 17:17:10.738788,79,442
2398,2025-01-18 17:17:10.738788,79,641
2399,2025-01-18 17:17:10.738788,80,355
2400,2025-01-18 17:17:10.738788,80,282
2401,2025-01-18 17:17:10.738788,80,664
2402,2025-01-18 17:17:10.738788,80,421
2403,2025-01-18 17:17:10.738788,80,263
2404,2025-01-18 17:17:10.738788,80,549
2405,2025-01-18 17:17:10.738788,80,464
2406,2025-01-18 17:17:10.738788,80,379
2407,2025-01-18 17:17:10.738788,80,226
2408,2025-01-18 17:17:10.738788,80,341
2409,2025-01-18 17:17:10.738788,80,574
2410,2025-01-18 17:17:10.738788,80,453
2411,2025-01-18 17:17:10.738788,80,266
2412,2025-01-18 17:17:10.738788,80,601
2413,2025-01-18 17:17:10.738788,80,228
2414,2025-01-18 17:17:10.738788,80,552
2415,2025-01-18 17:17:10.738788,80,249
2416,2025-01-18 17:17:10.738788,81,208
2417,2025-01-18 17:17:10.738788,81,602
2418,2025-01-18 17:17:10.738788,81,606
2419,2025-01-18 17:17:10.738788,81,405
2420,2025-01-18 17:17:10.738788,81,624
2421,2025-01-18 17:17:10.738788,81,417
2422,2025-01-18 17:17:10.738788,81,587
2423,2025-01-18 17:17:10.738788,81,229
2424,2025-01-18 17:17:10.738788,81,390
2425,2025-01-18 17:17:10.738788,81,215
2426,2025-01-18 17:17:10.738788,81,391
2427,2025-01-18 17:17:10.738788,82,468
2428,2025-01-18 17:17:10.738788,82,481
2429,2025-01-18 17:17:10.738788,82,642
2430,2025-01-18 17:17:10.738788,82,351
2431,2025-01-18 17:17:10.738788,82,316
2432,2025-01-18 17:17:10.738788,82,575
2433,2025-01-18 17:17:10.738788,82,445
2434,2025-01-18 17:17:10.738788,82,650
2435,2025-01-18 17:17:10.738788,82,313
2436,2025-01-18 17:17:10.738788,82,480
2437,2025-01-18 17:17:10.738788,82,196
2438,2025-01-18 17:17:10.738788,82,421
2439,2025-01-18 17:17:10.738788,82,535
2440,2025-01-18 17:17:10.738788,82,341
2441,2025-01-18 17:17:10.738788,83,299
2442,2025-01-18 17:17:10.738788,83,403
2443,2025-01-18 17:17:10.738788,83,302
2444,2025-01-18 17:17:10.738788,83,556
2445,2025-01-18 17:17:10.738788,83,395
2446,2025-01-18 17:17:10.738788,83,573
2447,2025-01-18 17:17:10.738788,83,333
2448,2025-01-18 17:17:10.738788,83,662
2449,2025-01-18 17:17:10.738788,83,453
2450,2025-01-18 17:17:10.738788,83,657
2451,2025-01-18 17:17:10.738788,83,468
2452,2025-01-18 17:17:10.738788,83,244
2453,2025-01-18 17:17:10.738788,83,652
2454,2025-01-18 17:17:10.738788,84,463
2455,2025-01-18 17:17:10.738788,84,291
2456,2025-01-18 17:17:10.738788,84,405
2457,2025-01-18 17:17:10.738788,84,316
2458,2025-01-18 17:17:10.738788,84,581
2459,2025-01-18 17:17:10.738788,84,285
2460,2025-01-18 17:17:10.738788,84,571
2461,2025-01-18 17:17:10.738788,84,199
2462,2025-01-18 17:17:10.738788,84,331
2463,2025-01-18 17:17:10.738788,84,506
2464,2025-01-18 17:17:10.738788,84,591
2465,2025-01-18 17:17:10.738788,84,271
2466,2025-01-18 17:17:10.738788,84,522
2467,2025-01-18 17:17:10.738788,84,368
2468,2025-01-18 17:17:10.738788,85,544
2469,2025-01-18 17:17:10.738788,85,211
2470,2025-01-18 17:17:10.738788,85,654
2471,2025-01-18 17:17:10.738788,85,378
2472,2025-01-18 17:17:10.738788,85,330
2473,2025-01-18 17:17:10.738788,85,424
2474,2025-01-18 17:17:10.738788,85,311
2475,2025-01-18 17:17:10.738788,85,467
2476,2025-01-18 17:17:10.738788,85,270
2477,2025-01-18 17:17:10.738788,85,230
2478,2025-01-18 17:17:10.738788,85,640
2479,2025-01-18 17:17:10.738788,85,539
2480,2025-01-18 17:17:10.738788,86,565
2481,2025-01-18 17:17:10.738788,86,272
2482,2025-01-18 17:17:10.738788,86,258
2483,2025-01-18 17:17:10.738788,86,419
2484,2025-01-18 17:17:10.738788,86,397
2485,2025-01-18 17:17:10.738788,86,261
2486,2025-01-18 17:17:10.738788,86,260
2487,2025-01-18 17:17:10.738788,86,373
2488,2025-01-18 17:17:10.738788,86,319
2489,2025-01-18 17:17:10.738788,86,395
2490,2025-01-18 17:17:10.738788,87,278
2491,2025-01-18 17:17:10.738788,87,539
2492,2025-01-18 17:17:10.739785,87,621
2493,2025-01-18 17:17:10.739785,87,425
2494,2025-01-18 17:17:10.739785,87,467
2495,2025-01-18 17:17:10.739785,87,526
2496,2025-01-18 17:17:10.739785,87,326
2497,2025-01-18 17:17:10.739785,87,413
2498,2025-01-18 17:17:10.739785,87,204
2499,2025-01-18 17:17:10.739785,87,659
2500,2025-01-18 17:17:10.739785,87,254
2501,2025-01-18 17:17:10.739785,87,199
2502,2025-01-18 17:17:10.739785,87,588
2503,2025-01-18 17:17:10.739785,87,565
2504,2025-01-18 17:17:10.739785,87,614
2505,2025-01-18 17:17:10.739785,87,564
2506,2025-01-18 17:17:10.739785,88,554
2507,2025-01-18 17:17:10.739785,88,205
2508,2025-01-18 17:17:10.739785,88,365
2509,2025-01-18 17:17:10.739785,88,486
2510,2025-01-18 17:17:10.739785,88,560
2511,2025-01-18 17:17:10.739785,88,395
2512,2025-01-18 17:17:10.739785,88,383
2513,2025-01-18 17:17:10.739785,88,620
2514,2025-01-18 17:17:10.739785,88,559
2515,2025-01-18 17:17:10.739785,88,553
2516,2025-01-18 17:17:10.739785,88,217
2517,2025-01-18 17:17:10.739785,88,215
2518,2025-01-18 17:17:10.739785,88,326
2519,2025-01-18 17:17:10.739785,88,334
2520,2025-01-18 17:17:10.739785,89,623
2521,2025-01-18 17:17:10.739785,89,300
2522,2025-01-18 17:17:10.739785,89,559
2523,2025-01-18 17:17:10.739785,89,301
2524,2025-01-18 17:17:10.739785,89,433
2525,2025-01-18 17:17:10.739785,89,597
2526,2025-01-18 17:17:10.739785,89,599
2527,2025-01-18 17:17:10.739785,89,243
2528,2025-01-18 17:17:10.739785,89,355
2529,2025-01-18 17:17:10.739785,89,547
2530,2025-01-18 17:17:10.739785,89,413
2531,2025-01-18 17:17:10.739785,89,335
2532,2025-01-18 17:17:10.739785,89,525
2533,2025-01-18 17:17:10.739785,89,343
2534,2025-01-18 17:17:10.739785,89,615
2535,2025-01-18 17:17:10.739785,89,581
2536,2025-01-18 17:17:10.739785,90,307
2537,2025-01-18 17:17:10.739785,90,362
2538,2025-01-18 17:17:10.739785,90,343
2539,2025-01-18 17:17:10.739785,90,274
2540,2025-01-18 17:17:10.739785,90,332
2541,2025-01-18 17:17:10.739785,90,542
2542,2025-01-18 17:17:10.739785,90,469
2543,2025-01-18 17:17:10.739785,90,348
2544,2025-01-18 17:17:10.739785,90,553
2545,2025-01-18 17:17:10.739785,90,426
2546,2025-01-18 17:17:10.739785,91,632
2547,2025-01-18 17:17:10.739785,91,434
2548,2025-01-18 17:17:10.739785,91,564
2549,2025-01-18 17:17:10.739785,91,455
2550,2025-01-18 17:17:10.739785,91,655
2551,2025-01-18 17:17:10.739785,91,495
2552,2025-01-18 17:17:10.739785,91,276
2553,2025-01-18 17:17:10.739785,91,629
2554,2025-01-18 17:17:10.739785,91,343
2555,2025-01-18 17:17:10.739785,91,218
2556,2025-01-18 17:17:10.739785,91,353
2557,2025-01-18 17:17:10.739785,91,269
2558,2025-01-18 17:17:10.739785,91,384
2559,2025-01-18 17:17:10.739785,92,424
2560,2025-01-18 17:17:10.739785,92,323
2561,2025-01-18 17:17:10.739785,92,449
2562,2025-01-18 17:17:10.739785,92,306
2563,2025-01-18 17:17:10.739785,92,272
2564,2025-01-18 17:17:10.739785,92,325
2565,2025-01-18 17:17:10.739785,92,497
2566,2025-01-18 17:17:10.739785,92,576
2567,2025-01-18 17:17:10.739785,92,229
2568,2025-01-18 17:17:10.739785,92,223
2569,2025-01-18 17:17:10.739785,92,642
2570,2025-01-18 17:17:10.739785,92,503
2571,2025-01-18 17:17:10.739785,92,313
2572,2025-01-18 17:17:10.739785,92,405
2573,2025-01-18 17:17:10.739785,92,647
2574,2025-01-18 17:17:10.739785,92,393
2575,2025-01-18 17:17:10.744772,92,276
2576,2025-01-18 17:17:10.744772,92,494
2577,2025-01-18 17:17:10.744772,92,447
2578,2025-01-18 17:17:10.744772,93,209
2579,2025-01-18 17:17:10.744772,93,623
2580,2025-01-18 17:17:10.744772,93,647
2581,2025-01-18 17:17:10.744772,93,494
2582,2025-01-18 17:17:10.744772,93,435
2583,2025-01-18 17:17:10.745770,93,476
2584,2025-01-18 17:17:10.745770,93,274
2585,2025-01-18 17:17:10.745770,93,201
2586,2025-01-18 17:17:10.745770,93,240
2587,2025-01-18 17:17:10.745770,93,390
2588,2025-01-18 17:17:10.745770,93,266
2589,2025-01-18 17:17:10.745770,93,537
2590,2025-01-18 17:17:10.745770,93,541
2591,2025-01-18 17:17:10.745770,93,586
2592,2025-01-18 17:17:10.745770,93,414
2593,2025-01-18 17:17:10.745770,93,507
2594,2025-01-18 17:17:10.745770,93,606
2595,2025-01-18 17:17:10.745770,93,199
2596,2025-01-18 17:17:10.745770,93,257
2597,2025-01-18 17:17:10.745770,94,241
2598,2025-01-18 17:17:10.745770,94,578
2599,2025-01-18 17:17:10.745770,94,248
2600,2025-01-18 17:17:10.745770,94,264
2601,2025-01-18 17:17:10.745770,94,316
2602,2025-01-18 17:17:10.745770,94,348
2603,2025-01-18 17:17:10.745770,94,530
2604,2025-01-18 17:17:10.745770,94,645
2605,2025-01-18 17:17:10.745770,94,237
2606,2025-01-18 17:17:10.745770,94,312
2607,2025-01-18 17:17:10.745770,94,437
2608,2025-01-18 17:17:10.745770,94,220
2609,2025-01-18 17:17:10.745770,94,407
2610,2025-01-18 17:17:10.745770,94,254
2611,2025-01-18 17:17:10.745770,94,541
2612,2025-01-18 17:17:10.745770,95,379
2613,2025-01-18 17:17:10.745770,95,375
2614,2025-01-18 17:17:10.745770,95,608
2615,2025-01-18 17:17:10.745770,95,368
2616,2025-01-18 17:17:10.745770,95,310
2617,2025-01-18 17:17:10.745770,95,580
2618,2025-01-18 17:17:10.745770,95,437
2619,2025-01-18 17:17:10.745770,95,302
2620,2025-01-18 17:17:10.745770,95,569
2621,2025-01-18 17:17:10.745770,95,583
2622,2025-01-18 17:17:10.745770,95,527
2623,2025-01-18 17:17:10.745770,95,662
2624,2025-01-18 17:17:10.745770,95,288
2625,2025-01-18 17:17:10.745770,95,342
2626,2025-01-18 17:17:10.745770,95,204
2627,2025-01-18 17:17:10.745770,95,426
2628,2025-01-18 17:17:10.745770,95,203
2629,2025-01-18 17:17:10.745770,95,503
2630,2025-01-18 17:17:10.745770,95,353
2631,2025-01-18 17:17:10.745770,96,296
2632,2025-01-18 17:17:10.745770,96,476
2633,2025-01-18 17:17:10.745770,96,534
2634,2025-01-18 17:17:10.745770,96,632
2635,2025-01-18 17:17:10.745770,96,392
2636,2025-01-18 17:17:10.745770,96,446
2637,2025-01-18 17:17:10.745770,96,548
2638,2025-01-18 17:17:10.745770,96,664
2639,2025-01-18 17:17:10.745770,96,374
2640,2025-01-18 17:17:10.745770,96,524
2641,2025-01-18 17:17:10.745770,96,511
2642,2025-01-18 17:17:10.745770,96,216
2643,2025-01-18 17:17:10.745770,96,313
2644,2025-01-18 17:17:10.745770,96,639
2645,2025-01-18 17:17:10.745770,96,451
2646,2025-01-18 17:17:10.745770,97,456
2647,2025-01-18 17:17:10.745770,97,500
2648,2025-01-18 17:17:10.745770,97,581
2649,2025-01-18 17:17:10.745770,97,355
2650,2025-01-18 17:17:10.745770,97,429
2651,2025-01-18 17:17:10.745770,97,543
2652,2025-01-18 17:17:10.745770,97,237
2653,2025-01-18 17:17:10.745770,97,400
2654,2025-01-18 17:17:10.745770,97,655
2655,2025-01-18 17:17:10.745770,97,425
2656,2025-01-18 17:17:10.745770,97,553
2657,2025-01-18 17:17:10.745770,98,543
2658,2025-01-18 17:17:10.745770,98,605
2659,2025-01-18 17:17:10.745770,98,353
2660,2025-01-18 17:17:10.745770,98,321
2661,2025-01-18 17:17:10.745770,98,648
2662,2025-01-18 17:17:10.745770,98,387
2663,2025-01-18 17:17:10.745770,98,317
2664,2025-01-18 17:17:10.745770,98,474
2665,2025-01-18 17:17:10.745770,98,233
2666,2025-01-18 17:17:10.745770,98,542
2667,2025-01-18 17:17:10.745770,98,230
2668,2025-01-18 17:17:10.745770,98,454
2669,2025-01-18 17:17:10.745770,98,429
2670,2025-01-18 17:17:10.745770,98,288
2671,2025-01-18 17:17:10.745770,98,341
2672,2025-01-18 17:17:10.745770,98,240
2673,2025-01-18 17:17:10.745770,98,472
2674,2025-01-18 17:17:10.745770,99,356
2675,2025-01-18 17:17:10.745770,99,213
2676,2025-01-18 17:17:10.745770,99,661
2677,2025-01-18 17:17:10.745770,99,298
2678,2025-01-18 17:17:10.745770,99,647
2679,2025-01-18 17:17:10.745770,99,512
2680,2025-01-18 17:17:10.745770,99,581
2681,2025-01-18 17:17:10.746767,99,229
2682,2025-01-18 17:17:10.746767,99,201
2683,2025-01-18 17:17:10.746767,99,275
2684,2025-01-18 17:17:10.746767,99,235
2685,2025-01-18 17:17:10.746767,99,303
2686,2025-01-18 17:17:10.746767,99,559
2687,2025-01-18 17:17:10.746767,99,422
2688,2025-01-18 17:17:10.746767,99,526
2689,2025-01-18 17:17:10.746767,99,237
2690,2025-01-18 17:17:10.746767,99,616
2691,2025-01-18 17:17:10.746767,99,575
2692,2025-01-18 17:17:10.746767,100,216
2693,2025-01-18 17:17:10.746767,100,217
2694,2025-01-18 17:17:10.746767,100,380
2695,2025-01-18 17:17:10.746767,100,642
2696,2025-01-18 17:17:10.746767,100,268
2697,2025-01-18 17:17:10.746767,100,584
2698,2025-01-18 17:17:10.746767,100,379
2699,2025-01-18 17:17:10.746767,100,552
2700,2025-01-18 17:17:10.746767,100,575
2701,2025-01-18 17:17:10.746767,100,500
2702,2025-01-18 17:17:10.746767,100,506
2703,2025-01-18 17:17:10.746767,100,525
2704,2025-01-18 17:17:10.746767,100,200
2705,2025-01-18 17:17:10.746767,101,195
2706,2025-01-18 17:17:10.746767,101,357
2707,2025-01-18 17:17:10.746767,101,581
2708,2025-01-18 17:17:10.746767,101,458
2709,2025-01-18 17:17:10.746767,101,236
2710,2025-01-18 17:17:10.746767,101,580
2711,2025-01-18 17:17:10.746767,101,378
2712,2025-01-18 17:17:10.746767,101,618
2713,2025-01-18 17:17:10.746767,101,534
2714,2025-01-18 17:17:10.746767,101,574
2715,2025-01-18 17:17:10.746767,101,308
2716,2025-01-18 17:17:10.746767,101,296
2717,2025-01-18 17:17:10.746767,101,266
2718,2025-01-18 17:17:10.746767,101,601
2719,2025-01-18 17:17:10.746767,101,240
2720,2025-01-18 17:17:10.746767,101,237
2721,2025-01-18 17:17:10.746767,101,253
2722,2025-01-18 17:17:10.746767,101,630
2723,2025-01-18 17:17:10.746767,101,399
2724,2025-01-18 17:17:10.746767,102,340
2725,2025-01-18 17:17:10.746767,102,391
2726,2025-01-18 17:17:10.746767,102,277
2727,2025-01-18 17:17:10.746767,102,455
2728,2025-01-18 17:17:10.746767,102,429
2729,2025-01-18 17:17:10.746767,102,545
2730,2025-01-18 17:17:10.746767,102,408
2731,2025-01-18 17:17:10.746767,102,552
2732,2025-01-18 17:17:10.746767,102,358
2733,2025-01-18 17:17:10.746767,102,204
2734,2025-01-18 17:17:10.746767,102,401
2735,2025-01-18 17:17:10.746767,102,306
2736,2025-01-18 17:17:10.746767,102,205
2737,2025-01-18 17:17:10.746767,102,594
2738,2025-01-18 17:17:10.746767,102,219
2739,2025-01-18 17:17:10.746767,102,375
2740,2025-01-18 17:17:10.746767,102,299
2741,2025-01-18 17:17:10.746767,102,477
2742,2025-01-18 17:17:10.746767,102,298
2743,2025-01-18 17:17:10.746767,102,362
2744,2025-01-18 17:17:10.746767,103,620
2745,2025-01-18 17:17:10.746767,103,476
2746,2025-01-18 17:17:10.746767,103,398
2747,2025-01-18 17:17:10.746767,103,651
2748,2025-01-18 17:17:10.746767,103,368
2749,2025-01-18 17:17:10.746767,103,194
2750,2025-01-18 17:17:10.746767,103,239
2751,2025-01-18 17:17:10.746767,103,603
2752,2025-01-18 17:17:10.746767,103,348
2753,2025-01-18 17:17:10.746767,103,285
2754,2025-01-18 17:17:10.746767,103,625
2755,2025-01-18 17:17:10.746767,103,287
2756,2025-01-18 17:17:10.746767,104,474
2757,2025-01-18 17:17:10.746767,104,585
2758,2025-01-18 17:17:10.746767,104,280
2759,2025-01-18 17:17:10.746767,104,353
2760,2025-01-18 17:17:10.746767,104,232
2761,2025-01-18 17:17:10.746767,104,259
2762,2025-01-18 17:17:10.746767,104,377
2763,2025-01-18 17:17:10.746767,104,357
2764,2025-01-18 17:17:10.746767,104,665
2765,2025-01-18 17:17:10.746767,104,262
2766,2025-01-18 17:17:10.746767,104,211
2767,2025-01-18 17:17:10.746767,104,566
2768,2025-01-18 17:17:10.746767,104,340
2769,2025-01-18 17:17:10.746767,104,389
2770,2025-01-18 17:17:10.746767,104,503
2771,2025-01-18 17:17:10.746767,104,625
2772,2025-01-18 17:17:10.746767,104,282
2773,2025-01-18 17:17:10.746767,104,274
2774,2025-01-18 17:17:10.746767,104,339
2775,2025-01-18 17:17:10.746767,104,489
2776,2025-01-18 17:17:10.746767,105,444
2777,2025-01-18 17:17:10.746767,105,367
2778,2025-01-18 17:17:10.746767,105,475
2779,2025-01-18 17:17:10.747764,105,379
2780,2025-01-18 17:17:10.747764,105,406
2781,2025-01-18 17:17:10.747764,105,252
2782,2025-01-18 17:17:10.747764,105,593
2783,2025-01-18 17:17:10.747764,105,420
2784,2025-01-18 17:17:10.747764,105,353
2785,2025-01-18 17:17:10.747764,105,216
2786,2025-01-18 17:17:10.747764,105,310
2787,2025-01-18 17:17:10.747764,105,309
2788,2025-01-18 17:17:10.747764,105,393
2789,2025-01-18 17:17:10.747764,106,223
2790,2025-01-18 17:17:10.747764,106,315
2791,2025-01-18 17:17:10.747764,106,485
2792,2025-01-18 17:17:10.747764,106,303
2793,2025-01-18 17:17:10.747764,106,255
2794,2025-01-18 17:17:10.747764,106,572
2795,2025-01-18 17:17:10.747764,106,563
2796,2025-01-18 17:17:10.747764,106,597
2797,2025-01-18 17:17:10.747764,106,576
2798,2025-01-18 17:17:10.747764,106,616
2799,2025-01-18 17:17:10.747764,107,402
2800,2025-01-18 17:17:10.747764,107,586
2801,2025-01-18 17:17:10.747764,107,461
2802,2025-01-18 17:17:10.747764,107,323
2803,2025-01-18 17:17:10.747764,107,407
2804,2025-01-18 17:17:10.747764,107,350
2805,2025-01-18 17:17:10.747764,107,397
2806,2025-01-18 17:17:10.747764,107,283
2807,2025-01-18 17:17:10.747764,107,300
2808,2025-01-18 17:17:10.747764,107,472
2809,2025-01-18 17:17:10.747764,108,651
2810,2025-01-18 17:17:10.747764,108,318
2811,2025-01-18 17:17:10.747764,108,305
2812,2025-01-18 17:17:10.747764,108,483
2813,2025-01-18 17:17:10.747764,108,398
2814,2025-01-18 17:17:10.747764,108,359
2815,2025-01-18 17:17:10.747764,108,469
2816,2025-01-18 17:17:10.747764,108,666
2817,2025-01-18 17:17:10.747764,108,626
2818,2025-01-18 17:17:10.747764,108,521
2819,2025-01-18 17:17:10.747764,108,254
2820,2025-01-18 17:17:10.747764,108,263
2821,2025-01-18 17:17:10.747764,109,470
2822,2025-01-18 17:17:10.747764,109,424
2823,2025-01-18 17:17:10.747764,109,235
2824,2025-01-18 17:17:10.747764,109,382
2825,2025-01-18 17:17:10.747764,109,347
2826,2025-01-18 17:17:10.747764,109,280
2827,2025-01-18 17:17:10.747764,109,499
2828,2025-01-18 17:17:10.747764,109,396
2829,2025-01-18 17:17:10.747764,109,569
2830,2025-01-18 17:17:10.747764,109,635
2831,2025-01-18 17:17:10.747764,109,212
2832,2025-01-18 17:17:10.747764,109,625
2833,2025-01-18 17:17:10.747764,110,478
2834,2025-01-18 17:17:10.747764,110,224
2835,2025-01-18 17:17:10.747764,110,554
2836,2025-01-18 17:17:10.747764,110,418
2837,2025-01-18 17:17:10.747764,110,433
2838,2025-01-18 17:17:10.747764,110,383
2839,2025-01-18 17:17:10.747764,110,198
2840,2025-01-18 17:17:10.747764,110,539
2841,2025-01-18 17:17:10.747764,110,209
2842,2025-01-18 17:17:10.747764,110,324
2843,2025-01-18 17:17:10.747764,110,354
2844,2025-01-18 17:17:10.747764,110,306
2845,2025-01-18 17:17:10.747764,110,336
2846,2025-01-18 17:17:10.747764,110,549
2847,2025-01-18 17:17:10.747764,111,218
2848,2025-01-18 17:17:10.747764,111,242
2849,2025-01-18 17:17:10.747764,111,413
2850,2025-01-18 17:17:10.747764,111,655
2851,2025-01-18 17:17:10.747764,111,368
2852,2025-01-18 17:17:10.747764,111,370
2853,2025-01-18 17:17:10.747764,111,639
2854,2025-01-18 17:17:10.747764,111,239
2855,2025-01-18 17:17:10.747764,111,226
2856,2025-01-18 17:17:10.747764,111,384
2857,2025-01-18 17:17:10.747764,111,546
2858,2025-01-18 17:17:10.747764,111,299
2859,2025-01-18 17:17:10.747764,111,377
2860,2025-01-18 17:17:10.747764,111,495
2861,2025-01-18 17:17:10.747764,112,642
2862,2025-01-18 17:17:10.747764,112,450
2863,2025-01-18 17:17:10.747764,112,396
2864,2025-01-18 17:17:10.747764,112,462
2865,2025-01-18 17:17:10.747764,112,620
2866,2025-01-18 17:17:10.747764,112,446
2867,2025-01-18 17:17:10.747764,112,560
2868,2025-01-18 17:17:10.747764,112,385
2869,2025-01-18 17:17:10.747764,112,399
2870,2025-01-18 17:17:10.747764,112,528
2871,2025-01-18 17:17:10.747764,113,470
2872,2025-01-18 17:17:10.747764,113,521
2873,2025-01-18 17:17:10.747764,113,595
2874,2025-01-18 17:17:10.747764,113,664
2875,2025-01-18 17:17:10.747764,113,355
2876,2025-01-18 17:17:10.747764,113,275
2877,2025-01-18 17:17:10.748761,113,408
2878,2025-01-18 17:17:10.748761,113,350
2879,2025-01-18 17:17:10.748761,113,475
2880,2025-01-18 17:17:10.748761,113,351
2881,2025-01-18 17:17:10.748761,113,388
2882,2025-01-18 17:17:10.748761,113,259
2883,2025-01-18 17:17:10.748761,113,556
2884,2025-01-18 17:17:10.748761,113,218
2885,2025-01-18 17:17:10.748761,114,229
2886,2025-01-18 17:17:10.748761,114,261
2887,2025-01-18 17:17:10.748761,114,285
2888,2025-01-18 17:17:10.748761,114,394
2889,2025-01-18 17:17:10.748761,114,470
2890,2025-01-18 17:17:10.748761,114,471
2891,2025-01-18 17:17:10.748761,114,422
2892,2025-01-18 17:17:10.748761,114,598
2893,2025-01-18 17:17:10.748761,114,207
2894,2025-01-18 17:17:10.748761,114,245
2895,2025-01-18 17:17:10.748761,114,248
2896,2025-01-18 17:17:10.748761,114,345
2897,2025-01-18 17:17:10.748761,114,443
2898,2025-01-18 17:17:10.748761,114,350
2899,2025-01-18 17:17:10.748761,114,385
2900,2025-01-18 17:17:10.748761,115,633
2901,2025-01-18 17:17:10.748761,115,380
2902,2025-01-18 17:17:10.748761,115,387
2903,2025-01-18 17:17:10.748761,115,529
2904,2025-01-18 17:17:10.748761,115,539
2905,2025-01-18 17:17:10.748761,115,210
2906,2025-01-18 17:17:10.748761,115,386
2907,2025-01-18 17:17:10.748761,115,442
2908,2025-01-18 17:17:10.752751,115,344
2909,2025-01-18 17:17:10.752751,115,411
2910,2025-01-18 17:17:10.752751,115,412
2911,2025-01-18 17:17:10.752751,116,501
2912,2025-01-18 17:17:10.752751,116,201
2913,2025-01-18 17:17:10.752751,116,573
2914,2025-01-18 17:17:10.752751,116,370
2915,2025-01-18 17:17:10.752751,116,257
2916,2025-01-18 17:17:10.752751,116,581
2917,2025-01-18 17:17:10.752751,116,483
2918,2025-01-18 17:17:10.752751,116,274
2919,2025-01-18 17:17:10.752751,116,462
2920,2025-01-18 17:17:10.752751,116,374
2921,2025-01-18 17:17:10.752751,116,442
2922,2025-01-18 17:17:10.752751,116,303
2923,2025-01-18 17:17:10.752751,116,207
2924,2025-01-18 17:17:10.752751,116,612
2925,2025-01-18 17:17:10.752751,116,657
2926,2025-01-18 17:17:10.752751,116,424
2927,2025-01-18 17:17:10.752751,116,238
2928,2025-01-18 17:17:10.752751,116,323
2929,2025-01-18 17:17:10.752751,116,544
2930,2025-01-18 17:17:10.752751,117,194
2931,2025-01-18 17:17:10.752751,117,357
2932,2025-01-18 17:17:10.752751,117,463
2933,2025-01-18 17:17:10.752751,117,328
2934,2025-01-18 17:17:10.752751,117,196
2935,2025-01-18 17:17:10.752751,117,615
2936,2025-01-18 17:17:10.752751,117,371
2937,2025-01-18 17:17:10.752751,117,384
2938,2025-01-18 17:17:10.752751,117,312
2939,2025-01-18 17:17:10.752751,117,568
2940,2025-01-18 17:17:10.752751,117,604
2941,2025-01-18 17:17:10.752751,117,343
2942,2025-01-18 17:17:10.752751,117,375
2943,2025-01-18 17:17:10.752751,117,529
2944,2025-01-18 17:17:10.752751,117,479
2945,2025-01-18 17:17:10.752751,117,494
2946,2025-01-18 17:17:10.752751,117,559
2947,2025-01-18 17:17:10.752751,117,242
2948,2025-01-18 17:17:10.752751,118,422
2949,2025-01-18 17:17:10.752751,118,202
2950,2025-01-18 17:17:10.752751,118,290
2951,2025-01-18 17:17:10.752751,118,566
2952,2025-01-18 17:17:10.752751,118,497
2953,2025-01-18 17:17:10.752751,118,509
2954,2025-01-18 17:17:10.752751,118,255
2955,2025-01-18 17:17:10.752751,118,392
2956,2025-01-18 17:17:10.752751,118,633
2957,2025-01-18 17:17:10.752751,118,449
2958,2025-01-18 17:17:10.752751,118,356
2959,2025-01-18 17:17:10.752751,118,639
2960,2025-01-18 17:17:10.752751,118,277
2961,2025-01-18 17:17:10.752751,119,650
2962,2025-01-18 17:17:10.752751,119,284
2963,2025-01-18 17:17:10.752751,119,400
2964,2025-01-18 17:17:10.752751,119,540
2965,2025-01-18 17:17:10.752751,119,537
2966,2025-01-18 17:17:10.752751,119,395
2967,2025-01-18 17:17:10.753748,119,631
2968,2025-01-18 17:17:10.753748,119,637
2969,2025-01-18 17:17:10.753748,119,584
2970,2025-01-18 17:17:10.753748,119,408
2971,2025-01-18 17:17:10.753748,119,230
2972,2025-01-18 17:17:10.753748,119,541
2973,2025-01-18 17:17:10.753748,119,532
2974,2025-01-18 17:17:10.753748,119,497
2975,2025-01-18 17:17:10.753748,119,265
2976,2025-01-18 17:17:10.753748,120,367
2977,2025-01-18 17:17:10.753748,120,287
2978,2025-01-18 17:17:10.753748,120,581
2979,2025-01-18 17:17:10.753748,120,470
2980,2025-01-18 17:17:10.753748,120,637
2981,2025-01-18 17:17:10.753748,120,438
2982,2025-01-18 17:17:10.753748,120,474
2983,2025-01-18 17:17:10.753748,120,612
2984,2025-01-18 17:17:10.753748,120,595
2985,2025-01-18 17:17:10.753748,120,316
2986,2025-01-18 17:17:10.753748,120,205
2987,2025-01-18 17:17:10.753748,120,573
2988,2025-01-18 17:17:10.753748,120,591
2989,2025-01-18 17:17:10.753748,120,236
2990,2025-01-18 17:17:10.753748,120,406
2991,2025-01-18 17:17:10.753748,120,194
2992,2025-01-18 17:17:10.753748,121,446
2993,2025-01-18 17:17:10.753748,121,592
2994,2025-01-18 17:17:10.753748,121,296
2995,2025-01-18 17:17:10.753748,121,511
2996,2025-01-18 17:17:10.753748,121,483
2997,2025-01-18 17:17:10.753748,121,586
2998,2025-01-18 17:17:10.753748,121,217
2999,2025-01-18 17:17:10.753748,121,426
3000,2025-01-18 17:17:10.753748,121,565
3001,2025-01-18 17:17:10.753748,121,619
3002,2025-01-18 17:17:10.753748,121,205
3003,2025-01-18 17:17:10.753748,121,611
3004,2025-01-18 17:17:10.753748,121,661
3005,2025-01-18 17:17:10.753748,121,347
3006,2025-01-18 17:17:10.753748,121,411
3007,2025-01-18 17:17:10.753748,121,385
3008,2025-01-18 17:17:10.753748,121,601
3009,2025-01-18 17:17:10.753748,121,443
3010,2025-01-18 17:17:10.753748,121,244
3011,2025-01-18 17:17:10.753748,121,448
3012,2025-01-18 17:17:10.753748,122,571
3013,2025-01-18 17:17:10.753748,122,231
3014,2025-01-18 17:17:10.753748,122,280
3015,2025-01-18 17:17:10.753748,122,215
3016,2025-01-18 17:17:10.753748,122,561
3017,2025-01-18 17:17:10.753748,122,319
3018,2025-01-18 17:17:10.753748,122,521
3019,2025-01-18 17:17:10.753748,122,491
3020,2025-01-18 17:17:10.753748,122,235
3021,2025-01-18 17:17:10.753748,122,577
3022,2025-01-18 17:17:10.753748,122,354
3023,2025-01-18 17:17:10.753748,122,545
3024,2025-01-18 17:17:10.753748,122,563
3025,2025-01-18 17:17:10.753748,123,427
3026,2025-01-18 17:17:10.753748,123,476
3027,2025-01-18 17:17:10.753748,123,275
3028,2025-01-18 17:17:10.753748,123,364
3029,2025-01-18 17:17:10.753748,123,661
3030,2025-01-18 17:17:10.753748,123,332
3031,2025-01-18 17:17:10.753748,123,352
3032,2025-01-18 17:17:10.753748,123,526
3033,2025-01-18 17:17:10.753748,123,498
3034,2025-01-18 17:17:10.753748,123,639
3035,2025-01-18 17:17:10.753748,123,257
3036,2025-01-18 17:17:10.753748,123,315
3037,2025-01-18 17:17:10.753748,123,595
3038,2025-01-18 17:17:10.753748,123,535
3039,2025-01-18 17:17:10.753748,124,542
3040,2025-01-18 17:17:10.753748,124,319
3041,2025-01-18 17:17:10.753748,124,448
3042,2025-01-18 17:17:10.753748,124,564
3043,2025-01-18 17:17:10.753748,124,375
3044,2025-01-18 17:17:10.753748,124,441
3045,2025-01-18 17:17:10.753748,124,351
3046,2025-01-18 17:17:10.753748,124,594
3047,2025-01-18 17:17:10.753748,124,538
3048,2025-01-18 17:17:10.753748,124,374
3049,2025-01-18 17:17:10.753748,124,608
3050,2025-01-18 17:17:10.753748,124,309
3051,2025-01-18 17:17:10.753748,124,200
3052,2025-01-18 17:17:10.753748,124,296
3053,2025-01-18 17:17:10.753748,124,604
3054,2025-01-18 17:17:10.753748,124,367
3055,2025-01-18 17:17:10.753748,124,310
3056,2025-01-18 17:17:10.753748,124,311
3057,2025-01-18 17:17:10.753748,124,644
3058,2025-01-18 17:17:10.753748,124,368
3059,2025-01-18 17:17:10.753748,125,603
3060,2025-01-18 17:17:10.753748,125,594
3061,2025-01-18 17:17:10.753748,125,241
3062,2025-01-18 17:17:10.753748,125,315
3063,2025-01-18 17:17:10.753748,125,493
3064,2025-01-18 17:17:10.754745,125,484
3065,2025-01-18 17:17:10.754745,125,389
3066,2025-01-18 17:17:10.754745,125,208
3067,2025-01-18 17:17:10.754745,125,648
3068,2025-01-18 17:17:10.754745,125,364
3069,2025-01-18 17:17:10.754745,125,628
3070,2025-01-18 17:17:10.754745,125,636
3071,2025-01-18 17:17:10.754745,126,273
3072,2025-01-18 17:17:10.754745,126,366
3073,2025-01-18 17:17:10.754745,126,526
3074,2025-01-18 17:17:10.754745,126,614
3075,2025-01-18 17:17:10.754745,126,375
3076,2025-01-18 17:17:10.754745,126,225
3077,2025-01-18 17:17:10.754745,126,583
3078,2025-01-18 17:17:10.754745,126,243
3079,2025-01-18 17:17:10.754745,126,228
3080,2025-01-18 17:17:10.754745,126,503
3081,2025-01-18 17:17:10.754745,126,586
3082,2025-01-18 17:17:10.754745,126,380
3083,2025-01-18 17:17:10.754745,126,581
3084,2025-01-18 17:17:10.754745,126,218
3085,2025-01-18 17:17:10.754745,126,281
3086,2025-01-18 17:17:10.754745,126,438
3087,2025-01-18 17:17:10.754745,126,315
3088,2025-01-18 17:17:10.754745,126,645
3089,2025-01-18 17:17:10.754745,127,244
3090,2025-01-18 17:17:10.754745,127,245
3091,2025-01-18 17:17:10.754745,127,399
3092,2025-01-18 17:17:10.754745,127,648
3093,2025-01-18 17:17:10.754745,127,354
3094,2025-01-18 17:17:10.754745,127,359
3095,2025-01-18 17:17:10.754745,127,202
3096,2025-01-18 17:17:10.754745,127,204
3097,2025-01-18 17:17:10.754745,127,294
3098,2025-01-18 17:17:10.754745,127,253
3099,2025-01-18 17:17:10.754745,128,229
3100,2025-01-18 17:17:10.754745,128,388
3101,2025-01-18 17:17:10.754745,128,657
3102,2025-01-18 17:17:10.754745,128,522
3103,2025-01-18 17:17:10.754745,128,490
3104,2025-01-18 17:17:10.754745,128,362
3105,2025-01-18 17:17:10.754745,128,232
3106,2025-01-18 17:17:10.754745,128,455
3107,2025-01-18 17:17:10.754745,128,306
3108,2025-01-18 17:17:10.754745,128,367
3109,2025-01-18 17:17:10.754745,128,560
3110,2025-01-18 17:17:10.754745,128,445
3111,2025-01-18 17:17:10.754745,128,291
3112,2025-01-18 17:17:10.754745,128,221
3113,2025-01-18 17:17:10.754745,128,354
3114,2025-01-18 17:17:10.754745,128,256
3115,2025-01-18 17:17:10.754745,128,474
3116,2025-01-18 17:17:10.754745,128,390
3117,2025-01-18 17:17:10.754745,129,369
3118,2025-01-18 17:17:10.754745,129,218
3119,2025-01-18 17:17:10.754745,129,387
3120,2025-01-18 17:17:10.754745,129,528
3121,2025-01-18 17:17:10.754745,129,426
3122,2025-01-18 17:17:10.754745,129,630
3123,2025-01-18 17:17:10.754745,129,497
3124,2025-01-18 17:17:10.754745,129,655
3125,2025-01-18 17:17:10.754745,129,386
3126,2025-01-18 17:17:10.754745,129,551
3127,2025-01-18 17:17:10.754745,129,447
3128,2025-01-18 17:17:10.754745,129,541
3129,2025-01-18 17:17:10.754745,129,628
3130,2025-01-18 17:17:10.754745,129,233
3131,2025-01-18 17:17:10.754745,130,415
3132,2025-01-18 17:17:10.754745,130,226
3133,2025-01-18 17:17:10.754745,130,435
3134,2025-01-18 17:17:10.754745,130,610
3135,2025-01-18 17:17:10.754745,130,213
3136,2025-01-18 17:17:10.754745,130,479
3137,2025-01-18 17:17:10.754745,130,275
3138,2025-01-18 17:17:10.754745,130,491
3139,2025-01-18 17:17:10.754745,130,515
3140,2025-01-18 17:17:10.754745,130,335
3141,2025-01-18 17:17:10.754745,130,660
3142,2025-01-18 17:17:10.754745,130,563
3143,2025-01-18 17:17:10.754745,130,421
3144,2025-01-18 17:17:10.754745,130,401
3145,2025-01-18 17:17:10.754745,130,519
3146,2025-01-18 17:17:10.754745,130,411
3147,2025-01-18 17:17:10.754745,130,211
3148,2025-01-18 17:17:10.754745,130,513
3149,2025-01-18 17:17:10.754745,131,466
3150,2025-01-18 17:17:10.754745,131,348
3151,2025-01-18 17:17:10.754745,131,423
3152,2025-01-18 17:17:10.754745,131,356
3153,2025-01-18 17:17:10.754745,131,488
3154,2025-01-18 17:17:10.754745,131,198
3155,2025-01-18 17:17:10.754745,131,311
3156,2025-01-18 17:17:10.754745,131,499
3157,2025-01-18 17:17:10.754745,131,330
3158,2025-01-18 17:17:10.754745,131,219
3159,2025-01-18 17:17:10.754745,131,534
3160,2025-01-18 17:17:10.754745,132,484
3161,2025-01-18 17:17:10.754745,132,352
3162,2025-01-18 17:17:10.755742,132,542
3163,2025-01-18 17:17:10.755742,132,205
3164,2025-01-18 17:17:10.755742,132,646
3165,2025-01-18 17:17:10.755742,132,663
3166,2025-01-18 17:17:10.755742,132,621
3167,2025-01-18 17:17:10.755742,132,250
3168,2025-01-18 17:17:10.755742,132,535
3169,2025-01-18 17:17:10.755742,132,207
3170,2025-01-18 17:17:10.755742,132,272
3171,2025-01-18 17:17:10.755742,132,664
3172,2025-01-18 17:17:10.755742,133,284
3173,2025-01-18 17:17:10.755742,133,546
3174,2025-01-18 17:17:10.755742,133,386
3175,2025-01-18 17:17:10.755742,133,461
3176,2025-01-18 17:17:10.755742,133,251
3177,2025-01-18 17:17:10.755742,133,234
3178,2025-01-18 17:17:10.755742,133,575
3179,2025-01-18 17:17:10.755742,133,427
3180,2025-01-18 17:17:10.755742,133,256
3181,2025-01-18 17:17:10.755742,133,636
3182,2025-01-18 17:17:10.755742,133,399
3183,2025-01-18 17:17:10.755742,133,349
3184,2025-01-18 17:17:10.755742,133,236
3185,2025-01-18 17:17:10.755742,133,381
3186,2025-01-18 17:17:10.755742,133,429
3187,2025-01-18 17:17:10.755742,133,342
3188,2025-01-18 17:17:10.755742,133,582
3189,2025-01-18 17:17:10.755742,133,590
3190,2025-01-18 17:17:10.755742,133,312
3191,2025-01-18 17:17:10.755742,133,317
3192,2025-01-18 17:17:10.755742,134,253
3193,2025-01-18 17:17:10.755742,134,440
3194,2025-01-18 17:17:10.755742,134,417
3195,2025-01-18 17:17:10.755742,134,461
3196,2025-01-18 17:17:10.755742,134,218
3197,2025-01-18 17:17:10.755742,134,227
3198,2025-01-18 17:17:10.755742,134,655
3199,2025-01-18 17:17:10.755742,134,425
3200,2025-01-18 17:17:10.755742,134,343
3201,2025-01-18 17:17:10.755742,134,330
3202,2025-01-18 17:17:10.755742,134,220
3203,2025-01-18 17:17:10.755742,134,379
3204,2025-01-18 17:17:10.755742,134,503
3205,2025-01-18 17:17:10.755742,134,565
3206,2025-01-18 17:17:10.755742,134,575
3207,2025-01-18 17:17:10.755742,134,414
3208,2025-01-18 17:17:10.755742,135,338
3209,2025-01-18 17:17:10.755742,135,213
3210,2025-01-18 17:17:10.755742,135,618
3211,2025-01-18 17:17:10.755742,135,454
3212,2025-01-18 17:17:10.755742,135,589
3213,2025-01-18 17:17:10.755742,135,343
3214,2025-01-18 17:17:10.755742,135,600
3215,2025-01-18 17:17:10.755742,135,485
3216,2025-01-18 17:17:10.755742,135,424
3217,2025-01-18 17:17:10.755742,135,413
3218,2025-01-18 17:17:10.755742,135,289
3219,2025-01-18 17:17:10.755742,135,433
3220,2025-01-18 17:17:10.755742,135,358
3221,2025-01-18 17:17:10.755742,135,513
3222,2025-01-18 17:17:10.755742,135,404
3223,2025-01-18 17:17:10.755742,135,360
3224,2025-01-18 17:17:10.755742,135,512
3225,2025-01-18 17:17:10.755742,136,239
3226,2025-01-18 17:17:10.755742,136,541
3227,2025-01-18 17:17:10.755742,136,569
3228,2025-01-18 17:17:10.755742,136,660
3229,2025-01-18 17:17:10.755742,136,641
3230,2025-01-18 17:17:10.755742,136,237
3231,2025-01-18 17:17:10.756740,136,481
3232,2025-01-18 17:17:10.756740,136,469
3233,2025-01-18 17:17:10.756740,136,360
3234,2025-01-18 17:17:10.756740,136,544
3235,2025-01-18 17:17:10.756740,136,321
3236,2025-01-18 17:17:10.756740,136,352
3237,2025-01-18 17:17:10.756740,136,526
3238,2025-01-18 17:17:10.756740,136,430
3239,2025-01-18 17:17:10.756740,136,259
3240,2025-01-18 17:17:10.756740,136,347
3241,2025-01-18 17:17:10.760730,136,667
3242,2025-01-18 17:17:10.760730,137,590
3243,2025-01-18 17:17:10.760730,137,661
3244,2025-01-18 17:17:10.760730,137,212
3245,2025-01-18 17:17:10.760730,137,529
3246,2025-01-18 17:17:10.760730,137,214
3247,2025-01-18 17:17:10.760730,137,444
3248,2025-01-18 17:17:10.760730,137,606
3249,2025-01-18 17:17:10.760730,137,507
3250,2025-01-18 17:17:10.760730,137,442
3251,2025-01-18 17:17:10.760730,137,237
3252,2025-01-18 17:17:10.760730,137,328
3253,2025-01-18 17:17:10.760730,137,269
3254,2025-01-18 17:17:10.760730,137,505
3255,2025-01-18 17:17:10.760730,137,253
3256,2025-01-18 17:17:10.760730,137,533
3257,2025-01-18 17:17:10.760730,137,196
3258,2025-01-18 17:17:10.760730,137,623
3259,2025-01-18 17:17:10.760730,137,394
3260,2025-01-18 17:17:10.760730,138,355
3261,2025-01-18 17:17:10.760730,138,536
3262,2025-01-18 17:17:10.760730,138,271
3263,2025-01-18 17:17:10.760730,138,492
3264,2025-01-18 17:17:10.760730,138,300
3265,2025-01-18 17:17:10.760730,138,344
3266,2025-01-18 17:17:10.760730,138,512
3267,2025-01-18 17:17:10.760730,138,415
3268,2025-01-18 17:17:10.760730,138,520
3269,2025-01-18 17:17:10.760730,138,292
3270,2025-01-18 17:17:10.760730,138,458
3271,2025-01-18 17:17:10.761727,138,656
3272,2025-01-18 17:17:10.761727,138,348
3273,2025-01-18 17:17:10.761727,138,542
3274,2025-01-18 17:17:10.761727,138,268
3275,2025-01-18 17:17:10.761727,138,225
3276,2025-01-18 17:17:10.761727,138,453
3277,2025-01-18 17:17:10.761727,138,215
3278,2025-01-18 17:17:10.761727,139,429
3279,2025-01-18 17:17:10.761727,139,589
3280,2025-01-18 17:17:10.761727,139,358
3281,2025-01-18 17:17:10.761727,139,225
3282,2025-01-18 17:17:10.761727,139,525
3283,2025-01-18 17:17:10.761727,139,499
3284,2025-01-18 17:17:10.761727,139,219
3285,2025-01-18 17:17:10.761727,139,557
3286,2025-01-18 17:17:10.761727,139,436
3287,2025-01-18 17:17:10.761727,139,444
3288,2025-01-18 17:17:10.761727,139,638
3289,2025-01-18 17:17:10.761727,139,503
3290,2025-01-18 17:17:10.761727,139,201
3291,2025-01-18 17:17:10.761727,139,336
3292,2025-01-18 17:17:10.761727,139,266
3293,2025-01-18 17:17:10.761727,140,267
3294,2025-01-18 17:17:10.761727,140,458
3295,2025-01-18 17:17:10.761727,140,234
3296,2025-01-18 17:17:10.761727,140,224
3297,2025-01-18 17:17:10.761727,140,289
3298,2025-01-18 17:17:10.761727,140,261
3299,2025-01-18 17:17:10.761727,140,324
3300,2025-01-18 17:17:10.761727,140,614
3301,2025-01-18 17:17:10.761727,140,635
3302,2025-01-18 17:17:10.761727,140,567
3303,2025-01-18 17:17:10.761727,141,448
3304,2025-01-18 17:17:10.761727,141,436
3305,2025-01-18 17:17:10.761727,141,243
3306,2025-01-18 17:17:10.761727,141,653
3307,2025-01-18 17:17:10.761727,141,445
3308,2025-01-18 17:17:10.761727,141,396
3309,2025-01-18 17:17:10.761727,141,640
3310,2025-01-18 17:17:10.761727,141,420
3311,2025-01-18 17:17:10.761727,141,336
3312,2025-01-18 17:17:10.761727,141,593
3313,2025-01-18 17:17:10.761727,141,315
3314,2025-01-18 17:17:10.761727,141,521
3315,2025-01-18 17:17:10.761727,141,381
3316,2025-01-18 17:17:10.761727,141,592
3317,2025-01-18 17:17:10.761727,142,264
3318,2025-01-18 17:17:10.761727,142,419
3319,2025-01-18 17:17:10.761727,142,520
3320,2025-01-18 17:17:10.761727,142,647
3321,2025-01-18 17:17:10.761727,142,546
3322,2025-01-18 17:17:10.761727,142,498
3323,2025-01-18 17:17:10.761727,142,194
3324,2025-01-18 17:17:10.761727,142,382
3325,2025-01-18 17:17:10.761727,142,394
3326,2025-01-18 17:17:10.761727,142,401
3327,2025-01-18 17:17:10.761727,142,426
3328,2025-01-18 17:17:10.761727,142,403
3329,2025-01-18 17:17:10.761727,142,327
3330,2025-01-18 17:17:10.761727,142,288
3331,2025-01-18 17:17:10.761727,142,246
3332,2025-01-18 17:17:10.761727,142,639
3333,2025-01-18 17:17:10.762724,143,313
3334,2025-01-18 17:17:10.762724,143,418
3335,2025-01-18 17:17:10.762724,143,560
3336,2025-01-18 17:17:10.762724,143,600
3337,2025-01-18 17:17:10.762724,143,288
3338,2025-01-18 17:17:10.762724,143,244
3339,2025-01-18 17:17:10.762724,143,482
3340,2025-01-18 17:17:10.762724,143,492
3341,2025-01-18 17:17:10.762724,143,270
3342,2025-01-18 17:17:10.762724,143,513
3343,2025-01-18 17:17:10.762724,143,598
3344,2025-01-18 17:17:10.762724,143,281
3345,2025-01-18 17:17:10.762724,144,305
3346,2025-01-18 17:17:10.762724,144,302
3347,2025-01-18 17:17:10.762724,144,574
3348,2025-01-18 17:17:10.762724,144,286
3349,2025-01-18 17:17:10.762724,144,568
3350,2025-01-18 17:17:10.762724,144,624
3351,2025-01-18 17:17:10.762724,144,635
3352,2025-01-18 17:17:10.762724,144,274
3353,2025-01-18 17:17:10.762724,144,194
3354,2025-01-18 17:17:10.762724,144,377
3355,2025-01-18 17:17:10.762724,144,267
3356,2025-01-18 17:17:10.762724,144,310
3357,2025-01-18 17:17:10.762724,144,303
3358,2025-01-18 17:17:10.762724,145,481
3359,2025-01-18 17:17:10.762724,145,485
3360,2025-01-18 17:17:10.762724,145,373
3361,2025-01-18 17:17:10.762724,145,404
3362,2025-01-18 17:17:10.762724,145,351
3363,2025-01-18 17:17:10.762724,145,432
3364,2025-01-18 17:17:10.762724,145,468
3365,2025-01-18 17:17:10.762724,145,530
3366,2025-01-18 17:17:10.762724,145,665
3367,2025-01-18 17:17:10.762724,145,486
3368,2025-01-18 17:17:10.762724,145,218
3369,2025-01-18 17:17:10.762724,145,436
3370,2025-01-18 17:17:10.762724,145,298
3371,2025-01-18 17:17:10.762724,145,293
3372,2025-01-18 17:17:10.762724,145,383
3373,2025-01-18 17:17:10.762724,146,632
3374,2025-01-18 17:17:10.762724,146,427
3375,2025-01-18 17:17:10.762724,146,433
3376,2025-01-18 17:17:10.762724,146,633
3377,2025-01-18 17:17:10.762724,146,445
3378,2025-01-18 17:17:10.762724,146,227
3379,2025-01-18 17:17:10.762724,146,553
3380,2025-01-18 17:17:10.762724,146,505
3381,2025-01-18 17:17:10.762724,146,625
3382,2025-01-18 17:17:10.762724,146,577
3383,2025-01-18 17:17:10.762724,146,572
3384,2025-01-18 17:17:10.762724,146,281
3385,2025-01-18 17:17:10.762724,146,571
3386,2025-01-18 17:17:10.762724,146,456
3387,2025-01-18 17:17:10.762724,147,274
3388,2025-01-18 17:17:10.762724,147,293
3389,2025-01-18 17:17:10.762724,147,239
3390,2025-01-18 17:17:10.762724,147,533
3391,2025-01-18 17:17:10.762724,147,267
3392,2025-01-18 17:17:10.762724,147,594
3393,2025-01-18 17:17:10.762724,147,528
3394,2025-01-18 17:17:10.762724,147,652
3395,2025-01-18 17:17:10.762724,147,237
3396,2025-01-18 17:17:10.762724,147,211
3397,2025-01-18 17:17:10.762724,147,439
3398,2025-01-18 17:17:10.762724,148,453
3399,2025-01-18 17:17:10.762724,148,282
3400,2025-01-18 17:17:10.762724,148,268
3401,2025-01-18 17:17:10.762724,148,573
3402,2025-01-18 17:17:10.762724,148,379
3403,2025-01-18 17:17:10.762724,148,565
3404,2025-01-18 17:17:10.762724,148,612
3405,2025-01-18 17:17:10.762724,148,615
3406,2025-01-18 17:17:10.762724,148,301
3407,2025-01-18 17:17:10.762724,148,594
3408,2025-01-18 17:17:10.762724,149,624
3409,2025-01-18 17:17:10.762724,149,623
3410,2025-01-18 17:17:10.762724,149,479
3411,2025-01-18 17:17:10.762724,149,556
3412,2025-01-18 17:17:10.762724,149,311
3413,2025-01-18 17:17:10.762724,149,551
3414,2025-01-18 17:17:10.762724,149,324
3415,2025-01-18 17:17:10.762724,149,460
3416,2025-01-18 17:17:10.762724,149,367
3417,2025-01-18 17:17:10.762724,149,429
3418,2025-01-18 17:17:10.762724,149,523
3419,2025-01-18 17:17:10.762724,149,629
3420,2025-01-18 17:17:10.762724,150,364
3421,2025-01-18 17:17:10.762724,150,504
3422,2025-01-18 17:17:10.762724,150,585
3423,2025-01-18 17:17:10.762724,150,490
3424,2025-01-18 17:17:10.762724,150,231
3425,2025-01-18 17:17:10.762724,150,532
3426,2025-01-18 17:17:10.763721,150,603
3427,2025-01-18 17:17:10.763721,150,335
3428,2025-01-18 17:17:10.763721,150,448
3429,2025-01-18 17:17:10.763721,150,356
3430,2025-01-18 17:17:10.763721,150,447
3431,2025-01-18 17:17:10.763721,150,284
3432,2025-01-18 17:17:10.763721,151,331
3433,2025-01-18 17:17:10.763721,151,222
3434,2025-01-18 17:17:10.763721,151,254
3435,2025-01-18 17:17:10.763721,151,595
3436,2025-01-18 17:17:10.763721,151,209
3437,2025-01-18 17:17:10.763721,151,387
3438,2025-01-18 17:17:10.763721,151,581
3439,2025-01-18 17:17:10.763721,151,600
3440,2025-01-18 17:17:10.763721,151,311
3441,2025-01-18 17:17:10.763721,151,274
3442,2025-01-18 17:17:10.763721,151,433
3443,2025-01-18 17:17:10.763721,151,377
3444,2025-01-18 17:17:10.763721,151,480
3445,2025-01-18 17:17:10.763721,151,466
3446,2025-01-18 17:17:10.763721,151,442
3447,2025-01-18 17:17:10.763721,151,422
3448,2025-01-18 17:17:10.763721,152,607
3449,2025-01-18 17:17:10.763721,152,362
3450,2025-01-18 17:17:10.763721,152,290
3451,2025-01-18 17:17:10.763721,152,413
3452,2025-01-18 17:17:10.763721,152,468
3453,2025-01-18 17:17:10.763721,152,429
3454,2025-01-18 17:17:10.763721,152,202
3455,2025-01-18 17:17:10.763721,152,453
3456,2025-01-18 17:17:10.763721,152,634
3457,2025-01-18 17:17:10.763721,152,640
3458,2025-01-18 17:17:10.763721,152,399
3459,2025-01-18 17:17:10.763721,152,434
3460,2025-01-18 17:17:10.763721,152,347
3461,2025-01-18 17:17:10.763721,152,227
3462,2025-01-18 17:17:10.763721,152,338
3463,2025-01-18 17:17:10.763721,153,301
3464,2025-01-18 17:17:10.763721,153,528
3465,2025-01-18 17:17:10.763721,153,346
3466,2025-01-18 17:17:10.763721,153,370
3467,2025-01-18 17:17:10.763721,153,502
3468,2025-01-18 17:17:10.763721,153,424
3469,2025-01-18 17:17:10.763721,153,462
3470,2025-01-18 17:17:10.763721,153,544
3471,2025-01-18 17:17:10.763721,153,507
3472,2025-01-18 17:17:10.763721,153,313
3473,2025-01-18 17:17:10.763721,153,646
3474,2025-01-18 17:17:10.763721,153,351
3475,2025-01-18 17:17:10.763721,153,439
3476,2025-01-18 17:17:10.763721,153,586
3477,2025-01-18 17:17:10.763721,153,384
3478,2025-01-18 17:17:10.763721,153,452
3479,2025-01-18 17:17:10.763721,153,304
3480,2025-01-18 17:17:10.763721,153,334
3481,2025-01-18 17:17:10.763721,153,662
3482,2025-01-18 17:17:10.763721,154,297
3483,2025-01-18 17:17:10.763721,154,631
3484,2025-01-18 17:17:10.763721,154,264
3485,2025-01-18 17:17:10.763721,154,275
3486,2025-01-18 17:17:10.763721,154,266
3487,2025-01-18 17:17:10.763721,154,430
3488,2025-01-18 17:17:10.763721,154,231
3489,2025-01-18 17:17:10.763721,154,504
3490,2025-01-18 17:17:10.763721,154,447
3491,2025-01-18 17:17:10.763721,154,440
3492,2025-01-18 17:17:10.763721,154,558
3493,2025-01-18 17:17:10.763721,154,645
3494,2025-01-18 17:17:10.763721,154,638
3495,2025-01-18 17:17:10.763721,155,289
3496,2025-01-18 17:17:10.763721,155,500
3497,2025-01-18 17:17:10.763721,155,504
3498,2025-01-18 17:17:10.763721,155,484
3499,2025-01-18 17:17:10.763721,155,339
3500,2025-01-18 17:17:10.763721,155,549
3501,2025-01-18 17:17:10.763721,155,482
3502,2025-01-18 17:17:10.763721,155,244
3503,2025-01-18 17:17:10.763721,155,654
3504,2025-01-18 17:17:10.763721,155,583
3505,2025-01-18 17:17:10.763721,155,355
3506,2025-01-18 17:17:10.763721,155,420
3507,2025-01-18 17:17:10.763721,155,235
3508,2025-01-18 17:17:10.763721,155,565
3509,2025-01-18 17:17:10.763721,155,321
3510,2025-01-18 17:17:10.763721,155,471
3511,2025-01-18 17:17:10.763721,155,270
3512,2025-01-18 17:17:10.763721,155,392
3513,2025-01-18 17:17:10.763721,155,657
3514,2025-01-18 17:17:10.763721,155,541
3515,2025-01-18 17:17:10.763721,156,422
3516,2025-01-18 17:17:10.763721,156,532
3517,2025-01-18 17:17:10.763721,156,520
3518,2025-01-18 17:17:10.763721,156,294
3519,2025-01-18 17:17:10.763721,156,631
3520,2025-01-18 17:17:10.763721,156,324
3521,2025-01-18 17:17:10.763721,156,489
3522,2025-01-18 17:17:10.763721,156,198
3523,2025-01-18 17:17:10.763721,156,453
3524,2025-01-18 17:17:10.764718,156,637
3525,2025-01-18 17:17:10.764718,156,505
3526,2025-01-18 17:17:10.764718,156,567
3527,2025-01-18 17:17:10.764718,156,476
3528,2025-01-18 17:17:10.764718,156,516
3529,2025-01-18 17:17:10.764718,156,550
3530,2025-01-18 17:17:10.764718,156,663
3531,2025-01-18 17:17:10.764718,156,356
3532,2025-01-18 17:17:10.764718,157,613
3533,2025-01-18 17:17:10.764718,157,461
3534,2025-01-18 17:17:10.764718,157,314
3535,2025-01-18 17:17:10.764718,157,620
3536,2025-01-18 17:17:10.764718,157,525
3537,2025-01-18 17:17:10.764718,157,652
3538,2025-01-18 17:17:10.764718,157,244
3539,2025-01-18 17:17:10.764718,157,262
3540,2025-01-18 17:17:10.764718,157,438
3541,2025-01-18 17:17:10.764718,157,287
3542,2025-01-18 17:17:10.764718,157,614
3543,2025-01-18 17:17:10.764718,157,475
3544,2025-01-18 17:17:10.764718,157,476
3545,2025-01-18 17:17:10.764718,157,618
3546,2025-01-18 17:17:10.764718,157,502
3547,2025-01-18 17:17:10.764718,157,480
3548,2025-01-18 17:17:10.764718,157,447
3549,2025-01-18 17:17:10.764718,157,569
3550,2025-01-18 17:17:10.764718,157,204
3551,2025-01-18 17:17:10.764718,157,206
3552,2025-01-18 17:17:10.764718,158,444
3553,2025-01-18 17:17:10.764718,158,614
3554,2025-01-18 17:17:10.764718,158,251
3555,2025-01-18 17:17:10.764718,158,442
3556,2025-01-18 17:17:10.764718,158,250
3557,2025-01-18 17:17:10.764718,158,396
3558,2025-01-18 17:17:10.764718,158,395
3559,2025-01-18 17:17:10.764718,158,608
3560,2025-01-18 17:17:10.764718,158,388
3561,2025-01-18 17:17:10.764718,158,246
3562,2025-01-18 17:17:10.764718,158,341
3563,2025-01-18 17:17:10.764718,158,651
3564,2025-01-18 17:17:10.764718,158,308
3565,2025-01-18 17:17:10.764718,158,612
3566,2025-01-18 17:17:10.764718,159,471
3567,2025-01-18 17:17:10.764718,159,348
3568,2025-01-18 17:17:10.764718,159,249
3569,2025-01-18 17:17:10.764718,159,561
3570,2025-01-18 17:17:10.764718,159,495
3571,2025-01-18 17:17:10.764718,159,223
3572,2025-01-18 17:17:10.764718,159,516
3573,2025-01-18 17:17:10.764718,159,283
3574,2025-01-18 17:17:10.768708,159,291
3575,2025-01-18 17:17:10.768708,159,297
3576,2025-01-18 17:17:10.768708,159,210
3577,2025-01-18 17:17:10.768708,160,359
3578,2025-01-18 17:17:10.768708,160,292
3579,2025-01-18 17:17:10.768708,160,311
3580,2025-01-18 17:17:10.768708,160,432
3581,2025-01-18 17:17:10.768708,160,542
3582,2025-01-18 17:17:10.768708,160,637
3583,2025-01-18 17:17:10.768708,160,290
3584,2025-01-18 17:17:10.768708,160,662
3585,2025-01-18 17:17:10.768708,160,530
3586,2025-01-18 17:17:10.768708,160,213
3587,2025-01-18 17:17:10.768708,160,612
3588,2025-01-18 17:17:10.768708,160,479
3589,2025-01-18 17:17:10.768708,160,575
3590,2025-01-18 17:17:10.768708,160,320
3591,2025-01-18 17:17:10.768708,160,577
3592,2025-01-18 17:17:10.768708,160,222
3593,2025-01-18 17:17:10.768708,160,653
3594,2025-01-18 17:17:10.768708,160,226
3595,2025-01-18 17:17:10.768708,160,203
3596,2025-01-18 17:17:10.768708,160,209
3597,2025-01-18 17:17:10.769706,161,544
3598,2025-01-18 17:17:10.769706,161,419
3599,2025-01-18 17:17:10.769706,161,293
3600,2025-01-18 17:17:10.769706,161,359
3601,2025-01-18 17:17:10.769706,161,560
3602,2025-01-18 17:17:10.769706,161,593
3603,2025-01-18 17:17:10.769706,161,383
3604,2025-01-18 17:17:10.769706,161,650
3605,2025-01-18 17:17:10.769706,161,503
3606,2025-01-18 17:17:10.769706,161,630
3607,2025-01-18 17:17:10.769706,161,496
3608,2025-01-18 17:17:10.769706,161,243
3609,2025-01-18 17:17:10.769706,161,378
3610,2025-01-18 17:17:10.769706,161,338
3611,2025-01-18 17:17:10.769706,161,195
3612,2025-01-18 17:17:10.769706,162,353
3613,2025-01-18 17:17:10.769706,162,253
3614,2025-01-18 17:17:10.769706,162,372
3615,2025-01-18 17:17:10.769706,162,492
3616,2025-01-18 17:17:10.769706,162,364
3617,2025-01-18 17:17:10.769706,162,580
3618,2025-01-18 17:17:10.769706,162,608
3619,2025-01-18 17:17:10.769706,162,584
3620,2025-01-18 17:17:10.769706,162,432
3621,2025-01-18 17:17:10.769706,162,390
3622,2025-01-18 17:17:10.769706,162,347
3623,2025-01-18 17:17:10.769706,162,201
3624,2025-01-18 17:17:10.769706,162,508
3625,2025-01-18 17:17:10.769706,162,430
3626,2025-01-18 17:17:10.769706,163,219
3627,2025-01-18 17:17:10.769706,163,297
3628,2025-01-18 17:17:10.769706,163,317
3629,2025-01-18 17:17:10.769706,163,395
3630,2025-01-18 17:17:10.769706,163,476
3631,2025-01-18 17:17:10.769706,163,544
3632,2025-01-18 17:17:10.769706,163,606
3633,2025-01-18 17:17:10.769706,163,330
3634,2025-01-18 17:17:10.769706,163,310
3635,2025-01-18 17:17:10.769706,163,414
3636,2025-01-18 17:17:10.769706,163,572
3637,2025-01-18 17:17:10.769706,163,439
3638,2025-01-18 17:17:10.769706,163,644
3639,2025-01-18 17:17:10.769706,163,479
3640,2025-01-18 17:17:10.769706,163,288
3641,2025-01-18 17:17:10.769706,163,527
3642,2025-01-18 17:17:10.769706,164,221
3643,2025-01-18 17:17:10.769706,164,200
3644,2025-01-18 17:17:10.769706,164,296
3645,2025-01-18 17:17:10.769706,164,334
3646,2025-01-18 17:17:10.769706,164,460
3647,2025-01-18 17:17:10.769706,164,238
3648,2025-01-18 17:17:10.769706,164,499
3649,2025-01-18 17:17:10.769706,164,538
3650,2025-01-18 17:17:10.769706,164,521
3651,2025-01-18 17:17:10.769706,164,631
3652,2025-01-18 17:17:10.769706,164,357
3653,2025-01-18 17:17:10.769706,164,195
3654,2025-01-18 17:17:10.769706,165,268
3655,2025-01-18 17:17:10.769706,165,507
3656,2025-01-18 17:17:10.769706,165,476
3657,2025-01-18 17:17:10.769706,165,195
3658,2025-01-18 17:17:10.769706,165,659
3659,2025-01-18 17:17:10.769706,165,379
3660,2025-01-18 17:17:10.769706,165,376
3661,2025-01-18 17:17:10.769706,165,338
3662,2025-01-18 17:17:10.769706,165,310
3663,2025-01-18 17:17:10.769706,165,558
3664,2025-01-18 17:17:10.769706,165,273
3665,2025-01-18 17:17:10.769706,165,415
3666,2025-01-18 17:17:10.769706,165,528
3667,2025-01-18 17:17:10.769706,165,244
3668,2025-01-18 17:17:10.769706,165,442
3669,2025-01-18 17:17:10.769706,165,470
3670,2025-01-18 17:17:10.769706,165,616
3671,2025-01-18 17:17:10.769706,165,219
3672,2025-01-18 17:17:10.769706,165,434
3673,2025-01-18 17:17:10.769706,165,520
3674,2025-01-18 17:17:10.769706,166,456
3675,2025-01-18 17:17:10.769706,166,403
3676,2025-01-18 17:17:10.769706,166,542
3677,2025-01-18 17:17:10.769706,166,649
3678,2025-01-18 17:17:10.769706,166,257
3679,2025-01-18 17:17:10.769706,166,316
3680,2025-01-18 17:17:10.769706,166,353
3681,2025-01-18 17:17:10.769706,166,627
3682,2025-01-18 17:17:10.769706,166,459
3683,2025-01-18 17:17:10.769706,166,545
3684,2025-01-18 17:17:10.769706,166,310
3685,2025-01-18 17:17:10.769706,166,537
3686,2025-01-18 17:17:10.769706,166,258
3687,2025-01-18 17:17:10.769706,166,645
3688,2025-01-18 17:17:10.769706,166,397
3689,2025-01-18 17:17:10.769706,166,410
3690,2025-01-18 17:17:10.769706,167,562
3691,2025-01-18 17:17:10.769706,167,270
3692,2025-01-18 17:17:10.769706,167,286
3693,2025-01-18 17:17:10.769706,167,645
3694,2025-01-18 17:17:10.769706,167,228
3695,2025-01-18 17:17:10.769706,167,650
3696,2025-01-18 17:17:10.770703,167,320
3697,2025-01-18 17:17:10.770703,167,501
3698,2025-01-18 17:17:10.770703,167,646
3699,2025-01-18 17:17:10.770703,167,605
3700,2025-01-18 17:17:10.770703,167,374
3701,2025-01-18 17:17:10.770703,167,453
3702,2025-01-18 17:17:10.770703,167,642
3703,2025-01-18 17:17:10.770703,167,239
3704,2025-01-18 17:17:10.770703,167,429
3705,2025-01-18 17:17:10.770703,167,568
3706,2025-01-18 17:17:10.770703,167,633
3707,2025-01-18 17:17:10.770703,167,637
3708,2025-01-18 17:17:10.770703,167,510
3709,2025-01-18 17:17:10.770703,167,312
3710,2025-01-18 17:17:10.770703,168,284
3711,2025-01-18 17:17:10.770703,168,532
3712,2025-01-18 17:17:10.770703,168,467
3713,2025-01-18 17:17:10.770703,168,362
3714,2025-01-18 17:17:10.770703,168,619
3715,2025-01-18 17:17:10.770703,168,274
3716,2025-01-18 17:17:10.770703,168,382
3717,2025-01-18 17:17:10.770703,168,437
3718,2025-01-18 17:17:10.770703,168,505
3719,2025-01-18 17:17:10.770703,168,597
3720,2025-01-18 17:17:10.770703,168,484
3721,2025-01-18 17:17:10.770703,168,294
3722,2025-01-18 17:17:10.770703,168,281
3723,2025-01-18 17:17:10.770703,168,546
3724,2025-01-18 17:17:10.770703,169,420
3725,2025-01-18 17:17:10.770703,169,657
3726,2025-01-18 17:17:10.770703,169,533
3727,2025-01-18 17:17:10.770703,169,315
3728,2025-01-18 17:17:10.770703,169,483
3729,2025-01-18 17:17:10.770703,169,378
3730,2025-01-18 17:17:10.770703,169,361
3731,2025-01-18 17:17:10.770703,169,280
3732,2025-01-18 17:17:10.770703,169,541
3733,2025-01-18 17:17:10.770703,169,364
3734,2025-01-18 17:17:10.770703,169,365
3735,2025-01-18 17:17:10.770703,169,409
3736,2025-01-18 17:17:10.770703,169,287
3737,2025-01-18 17:17:10.770703,169,513
3738,2025-01-18 17:17:10.770703,169,484
3739,2025-01-18 17:17:10.770703,169,354
3740,2025-01-18 17:17:10.770703,170,367
3741,2025-01-18 17:17:10.770703,170,478
3742,2025-01-18 17:17:10.770703,170,442
3743,2025-01-18 17:17:10.770703,170,598
3744,2025-01-18 17:17:10.770703,170,204
3745,2025-01-18 17:17:10.770703,170,532
3746,2025-01-18 17:17:10.770703,170,233
3747,2025-01-18 17:17:10.770703,170,434
3748,2025-01-18 17:17:10.770703,170,219
3749,2025-01-18 17:17:10.770703,170,497
3750,2025-01-18 17:17:10.770703,170,511
3751,2025-01-18 17:17:10.770703,170,585
3752,2025-01-18 17:17:10.770703,170,667
3753,2025-01-18 17:17:10.770703,170,448
3754,2025-01-18 17:17:10.770703,171,356
3755,2025-01-18 17:17:10.770703,171,292
3756,2025-01-18 17:17:10.770703,171,363
3757,2025-01-18 17:17:10.770703,171,438
3758,2025-01-18 17:17:10.770703,171,579
3759,2025-01-18 17:17:10.770703,171,370
3760,2025-01-18 17:17:10.770703,171,223
3761,2025-01-18 17:17:10.770703,171,610
3762,2025-01-18 17:17:10.770703,171,555
3763,2025-01-18 17:17:10.770703,171,592
3764,2025-01-18 17:17:10.770703,171,553
3765,2025-01-18 17:17:10.770703,171,342
3766,2025-01-18 17:17:10.770703,171,250
3767,2025-01-18 17:17:10.770703,172,655
3768,2025-01-18 17:17:10.770703,172,519
3769,2025-01-18 17:17:10.770703,172,257
3770,2025-01-18 17:17:10.770703,172,426
3771,2025-01-18 17:17:10.770703,172,332
3772,2025-01-18 17:17:10.770703,172,507
3773,2025-01-18 17:17:10.770703,172,298
3774,2025-01-18 17:17:10.770703,172,469
3775,2025-01-18 17:17:10.770703,172,528
3776,2025-01-18 17:17:10.770703,172,292
3777,2025-01-18 17:17:10.770703,172,429
3778,2025-01-18 17:17:10.770703,173,449
3779,2025-01-18 17:17:10.770703,173,635
3780,2025-01-18 17:17:10.770703,173,580
3781,2025-01-18 17:17:10.770703,173,506
3782,2025-01-18 17:17:10.770703,173,200
3783,2025-01-18 17:17:10.770703,173,536
3784,2025-01-18 17:17:10.770703,173,334
3785,2025-01-18 17:17:10.770703,173,632
3786,2025-01-18 17:17:10.770703,173,476
3787,2025-01-18 17:17:10.770703,173,281
3788,2025-01-18 17:17:10.770703,173,418
3789,2025-01-18 17:17:10.770703,173,443
3790,2025-01-18 17:17:10.770703,173,461
3791,2025-01-18 17:17:10.770703,174,348
3792,2025-01-18 17:17:10.770703,174,261
3793,2025-01-18 17:17:10.771700,174,266
3794,2025-01-18 17:17:10.771700,174,282
3795,2025-01-18 17:17:10.771700,174,614
3796,2025-01-18 17:17:10.771700,174,601
3797,2025-01-18 17:17:10.771700,174,649
3798,2025-01-18 17:17:10.771700,174,268
3799,2025-01-18 17:17:10.771700,174,477
3800,2025-01-18 17:17:10.771700,174,642
3801,2025-01-18 17:17:10.771700,174,663
3802,2025-01-18 17:17:10.771700,174,629
3803,2025-01-18 17:17:10.771700,174,381
3804,2025-01-18 17:17:10.771700,175,524
3805,2025-01-18 17:17:10.771700,175,382
3806,2025-01-18 17:17:10.771700,175,551
3807,2025-01-18 17:17:10.771700,175,549
3808,2025-01-18 17:17:10.771700,175,576
3809,2025-01-18 17:17:10.771700,175,268
3810,2025-01-18 17:17:10.771700,175,461
3811,2025-01-18 17:17:10.771700,175,330
3812,2025-01-18 17:17:10.771700,175,560
3813,2025-01-18 17:17:10.771700,175,231
3814,2025-01-18 17:17:10.771700,175,619
3815,2025-01-18 17:17:10.771700,175,197
3816,2025-01-18 17:17:10.771700,175,236
3817,2025-01-18 17:17:10.771700,175,648
3818,2025-01-18 17:17:10.771700,175,455
3819,2025-01-18 17:17:10.771700,176,645
3820,2025-01-18 17:17:10.771700,176,213
3821,2025-01-18 17:17:10.771700,176,596
3822,2025-01-18 17:17:10.771700,176,275
3823,2025-01-18 17:17:10.771700,176,357
3824,2025-01-18 17:17:10.771700,176,371
3825,2025-01-18 17:17:10.771700,176,653
3826,2025-01-18 17:17:10.771700,176,196
3827,2025-01-18 17:17:10.771700,176,346
3828,2025-01-18 17:17:10.771700,176,342
3829,2025-01-18 17:17:10.771700,176,364
3830,2025-01-18 17:17:10.771700,176,333
3831,2025-01-18 17:17:10.771700,176,626
3832,2025-01-18 17:17:10.771700,176,550
3833,2025-01-18 17:17:10.771700,176,434
3834,2025-01-18 17:17:10.771700,176,376
3835,2025-01-18 17:17:10.771700,176,579
3836,2025-01-18 17:17:10.771700,176,666
3837,2025-01-18 17:17:10.771700,177,344
3838,2025-01-18 17:17:10.771700,177,546
3839,2025-01-18 17:17:10.771700,177,196
3840,2025-01-18 17:17:10.771700,177,447
3841,2025-01-18 17:17:10.771700,177,524
3842,2025-01-18 17:17:10.771700,177,553
3843,2025-01-18 17:17:10.771700,177,459
3844,2025-01-18 17:17:10.771700,177,262
3845,2025-01-18 17:17:10.771700,177,223
3846,2025-01-18 17:17:10.771700,177,401
3847,2025-01-18 17:17:10.771700,177,662
3848,2025-01-18 17:17:10.771700,177,403
3849,2025-01-18 17:17:10.771700,177,430
3850,2025-01-18 17:17:10.771700,177,222
3851,2025-01-18 17:17:10.771700,178,516
3852,2025-01-18 17:17:10.771700,178,364
3853,2025-01-18 17:17:10.771700,178,454
3854,2025-01-18 17:17:10.771700,178,279
3855,2025-01-18 17:17:10.771700,178,335
3856,2025-01-18 17:17:10.771700,178,530
3857,2025-01-18 17:17:10.771700,178,554
3858,2025-01-18 17:17:10.771700,178,394
3859,2025-01-18 17:17:10.771700,178,570
3860,2025-01-18 17:17:10.771700,178,348
3861,2025-01-18 17:17:10.771700,178,420
3862,2025-01-18 17:17:10.772697,178,563
3863,2025-01-18 17:17:10.772697,178,303
3864,2025-01-18 17:17:10.772697,178,288
3865,2025-01-18 17:17:10.772697,178,633
3866,2025-01-18 17:17:10.772697,178,196
3867,2025-01-18 17:17:10.772697,179,384
3868,2025-01-18 17:17:10.772697,179,380
3869,2025-01-18 17:17:10.772697,179,351
3870,2025-01-18 17:17:10.772697,179,349
3871,2025-01-18 17:17:10.772697,179,501
3872,2025-01-18 17:17:10.772697,179,447
3873,2025-01-18 17:17:10.772697,179,645
3874,2025-01-18 17:17:10.772697,179,294
3875,2025-01-18 17:17:10.772697,179,548
3876,2025-01-18 17:17:10.772697,179,336
3877,2025-01-18 17:17:10.772697,179,227
3878,2025-01-18 17:17:10.772697,179,283
3879,2025-01-18 17:17:10.772697,179,608
3880,2025-01-18 17:17:10.772697,179,430
3881,2025-01-18 17:17:10.772697,179,359
3882,2025-01-18 17:17:10.772697,179,401
3883,2025-01-18 17:17:10.772697,179,305
3884,2025-01-18 17:17:10.772697,179,535
3885,2025-01-18 17:17:10.772697,180,514
3886,2025-01-18 17:17:10.772697,180,505
3887,2025-01-18 17:17:10.772697,180,249
3888,2025-01-18 17:17:10.772697,180,236
3889,2025-01-18 17:17:10.772697,180,264
3890,2025-01-18 17:17:10.772697,180,632
3891,2025-01-18 17:17:10.772697,180,270
3892,2025-01-18 17:17:10.772697,180,256
3893,2025-01-18 17:17:10.772697,180,532
3894,2025-01-18 17:17:10.772697,180,551
3895,2025-01-18 17:17:10.772697,180,602
3896,2025-01-18 17:17:10.772697,180,340
3897,2025-01-18 17:17:10.772697,180,432
3898,2025-01-18 17:17:10.772697,180,618
3899,2025-01-18 17:17:10.772697,180,315
3900,2025-01-18 17:17:10.772697,181,538
3901,2025-01-18 17:17:10.772697,181,451
3902,2025-01-18 17:17:10.772697,181,265
3903,2025-01-18 17:17:10.772697,181,622
3904,2025-01-18 17:17:10.772697,181,398
3905,2025-01-18 17:17:10.772697,181,350
3906,2025-01-18 17:17:10.772697,181,474
3907,2025-01-18 17:17:10.777684,181,666
3908,2025-01-18 17:17:10.777684,181,369
3909,2025-01-18 17:17:10.777684,181,501
3910,2025-01-18 17:17:10.777684,182,610
3911,2025-01-18 17:17:10.777684,182,495
3912,2025-01-18 17:17:10.777684,182,418
3913,2025-01-18 17:17:10.777684,182,569
3914,2025-01-18 17:17:10.777684,182,541
3915,2025-01-18 17:17:10.777684,182,581
3916,2025-01-18 17:17:10.777684,182,588
3917,2025-01-18 17:17:10.777684,182,454
3918,2025-01-18 17:17:10.777684,182,355
3919,2025-01-18 17:17:10.777684,182,205
3920,2025-01-18 17:17:10.777684,182,511
3921,2025-01-18 17:17:10.777684,182,267
3922,2025-01-18 17:17:10.777684,182,606
3923,2025-01-18 17:17:10.777684,182,516
3924,2025-01-18 17:17:10.777684,182,317
3925,2025-01-18 17:17:10.777684,182,342
3926,2025-01-18 17:17:10.777684,182,356
3927,2025-01-18 17:17:10.777684,182,658
3928,2025-01-18 17:17:10.777684,182,637
3929,2025-01-18 17:17:10.777684,183,463
3930,2025-01-18 17:17:10.777684,183,368
3931,2025-01-18 17:17:10.777684,183,216
3932,2025-01-18 17:17:10.777684,183,511
3933,2025-01-18 17:17:10.777684,183,350
3934,2025-01-18 17:17:10.777684,183,386
3935,2025-01-18 17:17:10.777684,183,344
3936,2025-01-18 17:17:10.777684,183,630
3937,2025-01-18 17:17:10.777684,183,496
3938,2025-01-18 17:17:10.777684,183,634
3939,2025-01-18 17:17:10.777684,183,653
3940,2025-01-18 17:17:10.777684,183,532
3941,2025-01-18 17:17:10.777684,183,207
3942,2025-01-18 17:17:10.777684,183,603
3943,2025-01-18 17:17:10.777684,183,561
3944,2025-01-18 17:17:10.777684,183,289
3945,2025-01-18 17:17:10.777684,183,464
3946,2025-01-18 17:17:10.777684,183,295
3947,2025-01-18 17:17:10.777684,183,440
3948,2025-01-18 17:17:10.777684,184,571
3949,2025-01-18 17:17:10.777684,184,340
3950,2025-01-18 17:17:10.777684,184,277
3951,2025-01-18 17:17:10.777684,184,356
3952,2025-01-18 17:17:10.777684,184,343
3953,2025-01-18 17:17:10.778681,184,207
3954,2025-01-18 17:17:10.778681,184,593
3955,2025-01-18 17:17:10.778681,184,591
3956,2025-01-18 17:17:10.778681,184,383
3957,2025-01-18 17:17:10.778681,184,603
3958,2025-01-18 17:17:10.778681,184,228
3959,2025-01-18 17:17:10.778681,184,384
3960,2025-01-18 17:17:10.778681,184,613
3961,2025-01-18 17:17:10.778681,184,326
3962,2025-01-18 17:17:10.778681,184,556
3963,2025-01-18 17:17:10.778681,184,276
3964,2025-01-18 17:17:10.778681,184,502
3965,2025-01-18 17:17:10.778681,185,441
3966,2025-01-18 17:17:10.778681,185,609
3967,2025-01-18 17:17:10.778681,185,611
3968,2025-01-18 17:17:10.778681,185,257
3969,2025-01-18 17:17:10.778681,185,408
3970,2025-01-18 17:17:10.778681,185,455
3971,2025-01-18 17:17:10.778681,185,522
3972,2025-01-18 17:17:10.778681,185,337
3973,2025-01-18 17:17:10.778681,185,314
3974,2025-01-18 17:17:10.778681,185,535
3975,2025-01-18 17:17:10.778681,185,481
3976,2025-01-18 17:17:10.778681,185,253
3977,2025-01-18 17:17:10.778681,185,363
3978,2025-01-18 17:17:10.778681,185,318
3979,2025-01-18 17:17:10.778681,185,503
3980,2025-01-18 17:17:10.778681,185,262
3981,2025-01-18 17:17:10.778681,185,624
3982,2025-01-18 17:17:10.778681,185,653
3983,2025-01-18 17:17:10.778681,186,647
3984,2025-01-18 17:17:10.778681,186,620
3985,2025-01-18 17:17:10.778681,186,559
3986,2025-01-18 17:17:10.778681,186,258
3987,2025-01-18 17:17:10.778681,186,461
3988,2025-01-18 17:17:10.778681,186,366
3989,2025-01-18 17:17:10.778681,186,450
3990,2025-01-18 17:17:10.778681,186,567
3991,2025-01-18 17:17:10.778681,186,521
3992,2025-01-18 17:17:10.778681,186,306
3993,2025-01-18 17:17:10.778681,186,631
3994,2025-01-18 17:17:10.778681,186,289
3995,2025-01-18 17:17:10.778681,186,475
3996,2025-01-18 17:17:10.778681,186,627
3997,2025-01-18 17:17:10.778681,186,662
3998,2025-01-18 17:17:10.778681,186,429
3999,2025-01-18 17:17:10.778681,186,492
4000,2025-01-18 17:17:10.778681,186,595
4001,2025-01-18 17:17:10.778681,186,466
4002,2025-01-18 17:17:10.778681,187,604
4003,2025-01-18 17:17:10.778681,187,417
4004,2025-01-18 17:17:10.778681,187,444
4005,2025-01-18 17:17:10.778681,187,505
4006,2025-01-18 17:17:10.778681,187,400
4007,2025-01-18 17:17:10.778681,187,433
4008,2025-01-18 17:17:10.778681,187,243
4009,2025-01-18 17:17:10.778681,187,458
4010,2025-01-18 17:17:10.778681,187,441
4011,2025-01-18 17:17:10.778681,187,228
4012,2025-01-18 17:17:10.778681,188,435
4013,2025-01-18 17:17:10.778681,188,575
4014,2025-01-18 17:17:10.778681,188,653
4015,2025-01-18 17:17:10.778681,188,416
4016,2025-01-18 17:17:10.778681,188,245
4017,2025-01-18 17:17:10.778681,188,455
4018,2025-01-18 17:17:10.778681,188,531
4019,2025-01-18 17:17:10.778681,188,397
4020,2025-01-18 17:17:10.778681,188,353
4021,2025-01-18 17:17:10.778681,188,419
4022,2025-01-18 17:17:10.778681,188,600
4023,2025-01-18 17:17:10.778681,189,205
4024,2025-01-18 17:17:10.778681,189,278
4025,2025-01-18 17:17:10.778681,189,567
4026,2025-01-18 17:17:10.778681,189,221
4027,2025-01-18 17:17:10.778681,189,588
4028,2025-01-18 17:17:10.778681,189,220
4029,2025-01-18 17:17:10.778681,189,322
4030,2025-01-18 17:17:10.778681,189,481
4031,2025-01-18 17:17:10.778681,189,452
4032,2025-01-18 17:17:10.778681,189,467
4033,2025-01-18 17:17:10.778681,190,335
4034,2025-01-18 17:17:10.778681,190,649
4035,2025-01-18 17:17:10.778681,190,539
4036,2025-01-18 17:17:10.778681,190,516
4037,2025-01-18 17:17:10.778681,190,300
4038,2025-01-18 17:17:10.778681,190,610
4039,2025-01-18 17:17:10.778681,190,592
4040,2025-01-18 17:17:10.778681,190,375
4041,2025-01-18 17:17:10.778681,190,330
4042,2025-01-18 17:17:10.778681,190,385
4043,2025-01-18 17:17:10.778681,190,495
4044,2025-01-18 17:17:10.778681,190,544
4045,2025-01-18 17:17:10.778681,190,294
4046,2025-01-18 17:17:10.778681,190,415
4047,2025-01-18 17:17:10.778681,190,548
4048,2025-01-18 17:17:10.778681,191,251
4049,2025-01-18 17:17:10.778681,191,630
4050,2025-01-18 17:17:10.778681,191,626
4051,2025-01-18 17:17:10.779678,191,370
4052,2025-01-18 17:17:10.779678,191,477
4053,2025-01-18 17:17:10.779678,191,320
4054,2025-01-18 17:17:10.779678,191,257
4055,2025-01-18 17:17:10.779678,191,194
4056,2025-01-18 17:17:10.779678,191,651
4057,2025-01-18 17:17:10.779678,191,434
4058,2025-01-18 17:17:10.779678,191,196
4059,2025-01-18 17:17:10.779678,191,516
4060,2025-01-18 17:17:10.779678,191,413
4061,2025-01-18 17:17:10.779678,191,282
4062,2025-01-18 17:17:10.779678,191,491
4063,2025-01-18 17:17:10.779678,191,387
4064,2025-01-18 17:17:10.779678,192,334
4065,2025-01-18 17:17:10.779678,192,201
4066,2025-01-18 17:17:10.779678,192,656
4067,2025-01-18 17:17:10.779678,192,639
4068,2025-01-18 17:17:10.779678,192,509
4069,2025-01-18 17:17:10.779678,192,490
4070,2025-01-18 17:17:10.779678,192,666
4071,2025-01-18 17:17:10.779678,192,361
4072,2025-01-18 17:17:10.779678,192,227
4073,2025-01-18 17:17:10.779678,192,355
4074,2025-01-18 17:17:10.779678,192,573
4075,2025-01-18 17:17:10.779678,192,244
4076,2025-01-18 17:17:10.779678,192,458
4077,2025-01-18 17:17:10.779678,192,219
4078,2025-01-18 17:17:10.779678,192,615
4079,2025-01-18 17:17:10.779678,192,254
4080,2025-01-18 17:17:10.779678,192,444
4081,2025-01-18 17:17:10.779678,193,290
4082,2025-01-18 17:17:10.779678,193,320
4083,2025-01-18 17:17:10.779678,193,301
4084,2025-01-18 17:17:10.779678,193,643
4085,2025-01-18 17:17:10.779678,193,581
4086,2025-01-18 17:17:10.779678,193,567
4087,2025-01-18 17:17:10.779678,193,473
4088,2025-01-18 17:17:10.779678,193,372
4089,2025-01-18 17:17:10.779678,193,377
4090,2025-01-18 17:17:10.779678,193,205
4091,2025-01-18 17:17:10.779678,193,459
4092,2025-01-18 17:17:10.779678,193,522
4093,2025-01-18 17:17:10.779678,193,402
4094,2025-01-18 17:17:10.779678,193,218
4095,2025-01-18 17:17:10.779678,193,641
4096,2025-01-18 17:17:10.779678,193,296
4097,2025-01-18 17:17:10.779678,193,477
4098,2025-01-18 17:17:10.779678,193,517
4099,2025-01-18 17:17:10.779678,194,473
4100,2025-01-18 17:17:10.779678,194,598
4101,2025-01-18 17:17:10.779678,194,428
4102,2025-01-18 17:17:10.779678,194,385
4103,2025-01-18 17:17:10.779678,194,356
4104,2025-01-18 17:17:10.779678,194,250
4105,2025-01-18 17:17:10.779678,194,542
4106,2025-01-18 17:17:10.779678,194,333
4107,2025-01-18 17:17:10.779678,194,271
4108,2025-01-18 17:17:10.779678,194,549
4109,2025-01-18 17:17:10.779678,194,441
4110,2025-01-18 17:17:10.779678,195,279
4111,2025-01-18 17:17:10.779678,195,230
4112,2025-01-18 17:17:10.779678,195,466
4113,2025-01-18 17:17:10.779678,195,550
4114,2025-01-18 17:17:10.779678,195,240
4115,2025-01-18 17:17:10.779678,195,641
4116,2025-01-18 17:17:10.779678,195,640
4117,2025-01-18 17:17:10.779678,195,508
4118,2025-01-18 17:17:10.779678,195,435
4119,2025-01-18 17:17:10.779678,195,485
4120,2025-01-18 17:17:10.779678,195,440
4121,2025-01-18 17:17:10.779678,195,304
4122,2025-01-18 17:17:10.779678,195,260
4123,2025-01-18 17:17:10.779678,195,585
4124,2025-01-18 17:17:10.779678,196,347
4125,2025-01-18 17:17:10.779678,196,401
4126,2025-01-18 17:17:10.779678,196,385
4127,2025-01-18 17:17:10.779678,196,218
4128,2025-01-18 17:17:10.779678,196,480
4129,2025-01-18 17:17:10.779678,196,496
4130,2025-01-18 17:17:10.779678,196,406
4131,2025-01-18 17:17:10.779678,196,257
4132,2025-01-18 17:17:10.779678,196,328
4133,2025-01-18 17:17:10.779678,196,516
4134,2025-01-18 17:17:10.779678,196,277
4135,2025-01-18 17:17:10.779678,196,585
4136,2025-01-18 17:17:10.779678,196,481
4137,2025-01-18 17:17:10.779678,196,227
4138,2025-01-18 17:17:10.779678,196,398
4139,2025-01-18 17:17:10.779678,196,587
4140,2025-01-18 17:17:10.779678,196,557
4141,2025-01-18 17:17:10.779678,196,437
4142,2025-01-18 17:17:10.779678,196,236
4143,2025-01-18 17:17:10.779678,197,389
4144,2025-01-18 17:17:10.779678,197,664
4145,2025-01-18 17:17:10.779678,197,306
4146,2025-01-18 17:17:10.779678,197,494
4147,2025-01-18 17:17:10.779678,197,667
4148,2025-01-18 17:17:10.779678,197,222
4149,2025-01-18 17:17:10.780676,197,382
4150,2025-01-18 17:17:10.780676,197,452
4151,2025-01-18 17:17:10.780676,197,645
4152,2025-01-18 17:17:10.780676,197,274
4153,2025-01-18 17:17:10.780676,197,642
4154,2025-01-18 17:17:10.780676,197,263
4155,2025-01-18 17:17:10.780676,197,508
4156,2025-01-18 17:17:10.780676,197,536
4157,2025-01-18 17:17:10.780676,197,589
4158,2025-01-18 17:17:10.780676,197,354
4159,2025-01-18 17:17:10.780676,198,311
4160,2025-01-18 17:17:10.780676,198,396
4161,2025-01-18 17:17:10.780676,198,542
4162,2025-01-18 17:17:10.780676,198,469
4163,2025-01-18 17:17:10.780676,198,417
4164,2025-01-18 17:17:10.780676,198,613
4165,2025-01-18 17:17:10.780676,198,309
4166,2025-01-18 17:17:10.780676,198,588
4167,2025-01-18 17:17:10.780676,198,453
4168,2025-01-18 17:17:10.780676,198,409
4169,2025-01-18 17:17:10.780676,198,486
4170,2025-01-18 17:17:10.780676,198,510
4171,2025-01-18 17:17:10.780676,198,264
4172,2025-01-18 17:17:10.780676,198,462
4173,2025-01-18 17:17:10.780676,198,661
4174,2025-01-18 17:17:10.780676,198,228
4175,2025-01-18 17:17:10.780676,198,494
4176,2025-01-18 17:17:10.780676,198,200
4177,2025-01-18 17:17:10.780676,198,226
4178,2025-01-18 17:17:10.780676,199,236
4179,2025-01-18 17:17:10.780676,199,388
4180,2025-01-18 17:17:10.780676,199,579
4181,2025-01-18 17:17:10.780676,199,279
4182,2025-01-18 17:17:10.780676,199,437
4183,2025-01-18 17:17:10.780676,199,272
4184,2025-01-18 17:17:10.780676,199,364
4185,2025-01-18 17:17:10.780676,199,620
4186,2025-01-18 17:17:10.780676,199,618
4187,2025-01-18 17:17:10.780676,199,383
4188,2025-01-18 17:17:10.780676,199,237
4189,2025-01-18 17:17:10.780676,199,227
4190,2025-01-18 17:17:10.780676,199,402
4191,2025-01-18 17:17:10.780676,199,278
4192,2025-01-18 17:17:10.780676,199,397
4193,2025-01-18 17:17:10.780676,199,318
4194,2025-01-18 17:17:10.780676,199,225
4195,2025-01-18 17:17:10.780676,199,540
4196,2025-01-18 17:17:10.780676,200,397
4197,2025-01-18 17:17:10.780676,200,283
4198,2025-01-18 17:17:10.780676,200,472
4199,2025-01-18 17:17:10.780676,200,454
4200,2025-01-18 17:17:10.780676,200,640
4201,2025-01-18 17:17:10.780676,200,546
4202,2025-01-18 17:17:10.780676,200,648
4203,2025-01-18 17:17:10.780676,200,592
4204,2025-01-18 17:17:10.780676,200,488
4205,2025-01-18 17:17:10.780676,200,366
4206,2025-01-18 17:17:10.780676,200,305
4207,2025-01-18 17:17:10.780676,200,589
4208,2025-01-18 17:17:10.780676,200,605
4209,2025-01-18 17:17:10.780676,200,301
4210,2025-01-18 17:17:10.780676,200,212
4211,2025-01-18 17:17:10.780676,200,425
4212,2025-01-18 17:17:10.780676,201,397
4213,2025-01-18 17:17:10.780676,201,597
4214,2025-01-18 17:17:10.780676,201,664
4215,2025-01-18 17:17:10.780676,201,360
4216,2025-01-18 17:17:10.780676,201,271
4217,2025-01-18 17:17:10.780676,201,232
4218,2025-01-18 17:17:10.780676,201,460
4219,2025-01-18 17:17:10.780676,201,561
4220,2025-01-18 17:17:10.780676,201,470
4221,2025-01-18 17:17:10.780676,201,212
4222,2025-01-18 17:17:10.780676,201,201
4223,2025-01-18 17:17:10.780676,201,305
4224,2025-01-18 17:17:10.780676,201,195
4225,2025-01-18 17:17:10.780676,201,248
4226,2025-01-18 17:17:10.780676,201,216
4227,2025-01-18 17:17:10.780676,202,625
4228,2025-01-18 17:17:10.780676,202,652
4229,2025-01-18 17:17:10.780676,202,415
4230,2025-01-18 17:17:10.780676,202,572
4231,2025-01-18 17:17:10.780676,202,364
4232,2025-01-18 17:17:10.780676,202,231
4233,2025-01-18 17:17:10.780676,202,639
4234,2025-01-18 17:17:10.780676,202,308
4235,2025-01-18 17:17:10.780676,202,460
4236,2025-01-18 17:17:10.780676,202,494
4237,2025-01-18 17:17:10.780676,202,203
4238,2025-01-18 17:17:10.780676,203,463
4239,2025-01-18 17:17:10.780676,203,205
4240,2025-01-18 17:17:10.785662,203,281
4241,2025-01-18 17:17:10.785662,203,571
4242,2025-01-18 17:17:10.785662,203,509
4243,2025-01-18 17:17:10.785662,203,559
4244,2025-01-18 17:17:10.785662,203,548
4245,2025-01-18 17:17:10.785662,203,362
4246,2025-01-18 17:17:10.785662,203,618
4247,2025-01-18 17:17:10.785662,203,214
4248,2025-01-18 17:17:10.785662,203,547
4249,2025-01-18 17:17:10.785662,203,499
4250,2025-01-18 17:17:10.785662,203,530
4251,2025-01-18 17:17:10.785662,203,366
4252,2025-01-18 17:17:10.785662,203,225
4253,2025-01-18 17:17:10.785662,203,249
4254,2025-01-18 17:17:10.785662,203,581
4255,2025-01-18 17:17:10.785662,203,202
4256,2025-01-18 17:17:10.785662,204,275
4257,2025-01-18 17:17:10.785662,204,324
4258,2025-01-18 17:17:10.785662,204,277
4259,2025-01-18 17:17:10.785662,204,365
4260,2025-01-18 17:17:10.785662,204,268
4261,2025-01-18 17:17:10.785662,204,603
4262,2025-01-18 17:17:10.785662,204,234
4263,2025-01-18 17:17:10.785662,204,311
4264,2025-01-18 17:17:10.785662,204,211
4265,2025-01-18 17:17:10.785662,204,415
4266,2025-01-18 17:17:10.785662,204,236
4267,2025-01-18 17:17:10.785662,204,601
4268,2025-01-18 17:17:10.785662,204,412
4269,2025-01-18 17:17:10.785662,204,431
4270,2025-01-18 17:17:10.785662,204,418
4271,2025-01-18 17:17:10.785662,204,382
4272,2025-01-18 17:17:10.785662,204,432
4273,2025-01-18 17:17:10.785662,204,456
4274,2025-01-18 17:17:10.785662,204,401
4275,2025-01-18 17:17:10.785662,204,448
4276,2025-01-18 17:17:10.785662,205,230
4277,2025-01-18 17:17:10.785662,205,451
4278,2025-01-18 17:17:10.785662,205,617
4279,2025-01-18 17:17:10.785662,205,488
4280,2025-01-18 17:17:10.785662,205,468
4281,2025-01-18 17:17:10.785662,205,473
4282,2025-01-18 17:17:10.785662,205,662
4283,2025-01-18 17:17:10.785662,205,313
4284,2025-01-18 17:17:10.785662,205,526
4285,2025-01-18 17:17:10.785662,205,239
4286,2025-01-18 17:17:10.785662,205,323
4287,2025-01-18 17:17:10.785662,205,542
4288,2025-01-18 17:17:10.785662,205,587
4289,2025-01-18 17:17:10.785662,205,634
4290,2025-01-18 17:17:10.785662,206,225
4291,2025-01-18 17:17:10.785662,206,560
4292,2025-01-18 17:17:10.785662,206,426
4293,2025-01-18 17:17:10.785662,206,256
4294,2025-01-18 17:17:10.785662,206,511
4295,2025-01-18 17:17:10.785662,206,452
4296,2025-01-18 17:17:10.785662,206,423
4297,2025-01-18 17:17:10.785662,206,416
4298,2025-01-18 17:17:10.785662,206,459
4299,2025-01-18 17:17:10.785662,206,379
4300,2025-01-18 17:17:10.785662,206,442
4301,2025-01-18 17:17:10.785662,206,465
4302,2025-01-18 17:17:10.785662,206,352
4303,2025-01-18 17:17:10.785662,206,422
4304,2025-01-18 17:17:10.785662,206,635
4305,2025-01-18 17:17:10.785662,206,212
4306,2025-01-18 17:17:10.785662,206,390
4307,2025-01-18 17:17:10.785662,206,356
4308,2025-01-18 17:17:10.785662,206,309
4309,2025-01-18 17:17:10.785662,207,439
4310,2025-01-18 17:17:10.785662,207,367
4311,2025-01-18 17:17:10.785662,207,386
4312,2025-01-18 17:17:10.785662,207,611
4313,2025-01-18 17:17:10.785662,207,496
4314,2025-01-18 17:17:10.785662,207,393
4315,2025-01-18 17:17:10.785662,207,300
4316,2025-01-18 17:17:10.785662,207,304
4317,2025-01-18 17:17:10.785662,207,341
4318,2025-01-18 17:17:10.785662,207,370
4319,2025-01-18 17:17:10.785662,207,467
4320,2025-01-18 17:17:10.785662,207,398
4321,2025-01-18 17:17:10.785662,207,197
4322,2025-01-18 17:17:10.786660,207,409
4323,2025-01-18 17:17:10.786660,207,365
4324,2025-01-18 17:17:10.786660,207,488
4325,2025-01-18 17:17:10.786660,207,234
4326,2025-01-18 17:17:10.786660,207,581
4327,2025-01-18 17:17:10.786660,207,667
4328,2025-01-18 17:17:10.786660,207,337
4329,2025-01-18 17:17:10.786660,208,302
4330,2025-01-18 17:17:10.786660,208,530
4331,2025-01-18 17:17:10.786660,208,248
4332,2025-01-18 17:17:10.786660,208,355
4333,2025-01-18 17:17:10.786660,208,262
4334,2025-01-18 17:17:10.786660,208,595
4335,2025-01-18 17:17:10.786660,208,207
4336,2025-01-18 17:17:10.786660,208,500
4337,2025-01-18 17:17:10.786660,208,395
4338,2025-01-18 17:17:10.786660,208,438
4339,2025-01-18 17:17:10.786660,208,273
4340,2025-01-18 17:17:10.786660,209,535
4341,2025-01-18 17:17:10.786660,209,567
4342,2025-01-18 17:17:10.786660,209,315
4343,2025-01-18 17:17:10.786660,209,377
4344,2025-01-18 17:17:10.786660,209,465
4345,2025-01-18 17:17:10.786660,209,270
4346,2025-01-18 17:17:10.786660,209,248
4347,2025-01-18 17:17:10.786660,209,230
4348,2025-01-18 17:17:10.786660,209,625
4349,2025-01-18 17:17:10.786660,209,425
4350,2025-01-18 17:17:10.786660,209,433
4351,2025-01-18 17:17:10.786660,209,460
4352,2025-01-18 17:17:10.786660,209,457
4353,2025-01-18 17:17:10.786660,209,661
4354,2025-01-18 17:17:10.786660,209,203
4355,2025-01-18 17:17:10.786660,209,201
4356,2025-01-18 17:17:10.786660,209,577
4357,2025-01-18 17:17:10.786660,209,629
4358,2025-01-18 17:17:10.786660,209,330
4359,2025-01-18 17:17:10.786660,209,471
4360,2025-01-18 17:17:10.786660,210,307
4361,2025-01-18 17:17:10.786660,210,636
4362,2025-01-18 17:17:10.786660,210,584
4363,2025-01-18 17:17:10.786660,210,621
4364,2025-01-18 17:17:10.786660,210,647
4365,2025-01-18 17:17:10.786660,210,585
4366,2025-01-18 17:17:10.786660,210,254
4367,2025-01-18 17:17:10.786660,210,320
4368,2025-01-18 17:17:10.786660,210,441
4369,2025-01-18 17:17:10.786660,210,597
4370,2025-01-18 17:17:10.786660,210,653
4371,2025-01-18 17:17:10.786660,210,583
4372,2025-01-18 17:17:10.786660,210,419
4373,2025-01-18 17:17:10.786660,210,644
4374,2025-01-18 17:17:10.786660,210,391
4375,2025-01-18 17:17:10.786660,210,509
4376,2025-01-18 17:17:10.786660,211,572
4377,2025-01-18 17:17:10.786660,211,335
4378,2025-01-18 17:17:10.786660,211,407
4379,2025-01-18 17:17:10.786660,211,522
4380,2025-01-18 17:17:10.786660,211,614
4381,2025-01-18 17:17:10.786660,211,196
4382,2025-01-18 17:17:10.786660,211,347
4383,2025-01-18 17:17:10.786660,211,447
4384,2025-01-18 17:17:10.786660,211,510
4385,2025-01-18 17:17:10.786660,211,270
4386,2025-01-18 17:17:10.786660,211,246
4387,2025-01-18 17:17:10.786660,211,449
4388,2025-01-18 17:17:10.786660,211,342
4389,2025-01-18 17:17:10.786660,211,450
4390,2025-01-18 17:17:10.786660,211,654
4391,2025-01-18 17:17:10.786660,211,265
4392,2025-01-18 17:17:10.786660,211,251
4393,2025-01-18 17:17:10.786660,211,341
4394,2025-01-18 17:17:10.786660,211,622
4395,2025-01-18 17:17:10.786660,211,354
4396,2025-01-18 17:17:10.786660,212,427
4397,2025-01-18 17:17:10.786660,212,554
4398,2025-01-18 17:17:10.786660,212,202
4399,2025-01-18 17:17:10.786660,212,416
4400,2025-01-18 17:17:10.786660,212,422
4401,2025-01-18 17:17:10.786660,212,223
4402,2025-01-18 17:17:10.786660,212,430
4403,2025-01-18 17:17:10.786660,212,575
4404,2025-01-18 17:17:10.786660,212,510
4405,2025-01-18 17:17:10.786660,212,394
4406,2025-01-18 17:17:10.786660,212,547
4407,2025-01-18 17:17:10.786660,212,312
4408,2025-01-18 17:17:10.786660,213,250
4409,2025-01-18 17:17:10.786660,213,363
4410,2025-01-18 17:17:10.786660,213,518
4411,2025-01-18 17:17:10.786660,213,465
4412,2025-01-18 17:17:10.786660,213,379
4413,2025-01-18 17:17:10.786660,213,450
4414,2025-01-18 17:17:10.786660,213,435
4415,2025-01-18 17:17:10.786660,213,234
4416,2025-01-18 17:17:10.786660,213,214
4417,2025-01-18 17:17:10.786660,213,284
4418,2025-01-18 17:17:10.786660,213,445
4419,2025-01-18 17:17:10.787657,213,278
4420,2025-01-18 17:17:10.787657,213,307
4421,2025-01-18 17:17:10.787657,213,630
4422,2025-01-18 17:17:10.787657,213,492
4423,2025-01-18 17:17:10.787657,213,276
4424,2025-01-18 17:17:10.787657,213,591
4425,2025-01-18 17:17:10.787657,213,398
4426,2025-01-18 17:17:10.787657,213,305
4427,2025-01-18 17:17:10.787657,214,316
4428,2025-01-18 17:17:10.787657,214,620
4429,2025-01-18 17:17:10.787657,214,663
4430,2025-01-18 17:17:10.787657,214,445
4431,2025-01-18 17:17:10.787657,214,414
4432,2025-01-18 17:17:10.787657,214,392
4433,2025-01-18 17:17:10.787657,214,382
4434,2025-01-18 17:17:10.787657,214,443
4435,2025-01-18 17:17:10.787657,214,503
4436,2025-01-18 17:17:10.787657,214,277
4437,2025-01-18 17:17:10.787657,214,377
4438,2025-01-18 17:17:10.787657,214,282
4439,2025-01-18 17:17:10.787657,214,218
4440,2025-01-18 17:17:10.787657,214,639
4441,2025-01-18 17:17:10.787657,214,517
4442,2025-01-18 17:17:10.787657,214,561
4443,2025-01-18 17:17:10.787657,215,373
4444,2025-01-18 17:17:10.787657,215,294
4445,2025-01-18 17:17:10.787657,215,524
4446,2025-01-18 17:17:10.787657,215,503
4447,2025-01-18 17:17:10.787657,215,508
4448,2025-01-18 17:17:10.787657,215,321
4449,2025-01-18 17:17:10.787657,215,268
4450,2025-01-18 17:17:10.787657,215,445
4451,2025-01-18 17:17:10.787657,215,205
4452,2025-01-18 17:17:10.787657,215,399
4453,2025-01-18 17:17:10.787657,215,276
4454,2025-01-18 17:17:10.787657,215,299
4455,2025-01-18 17:17:10.787657,215,550
4456,2025-01-18 17:17:10.787657,215,375
4457,2025-01-18 17:17:10.787657,215,609
4458,2025-01-18 17:17:10.787657,215,319
4459,2025-01-18 17:17:10.787657,215,379
4460,2025-01-18 17:17:10.787657,215,251
4461,2025-01-18 17:17:10.787657,216,306
4462,2025-01-18 17:17:10.787657,216,319
4463,2025-01-18 17:17:10.787657,216,605
4464,2025-01-18 17:17:10.787657,216,373
4465,2025-01-18 17:17:10.787657,216,414
4466,2025-01-18 17:17:10.787657,216,360
4467,2025-01-18 17:17:10.787657,216,551
4468,2025-01-18 17:17:10.787657,216,394
4469,2025-01-18 17:17:10.787657,216,538
4470,2025-01-18 17:17:10.787657,216,452
4471,2025-01-18 17:17:10.787657,216,666
4472,2025-01-18 17:17:10.787657,216,496
4473,2025-01-18 17:17:10.787657,216,342
4474,2025-01-18 17:17:10.787657,216,336
4475,2025-01-18 17:17:10.787657,216,404
4476,2025-01-18 17:17:10.787657,216,514
4477,2025-01-18 17:17:10.787657,216,379
4478,2025-01-18 17:17:10.787657,216,606
4479,2025-01-18 17:17:10.788656,216,371
4480,2025-01-18 17:17:10.788656,216,589
4481,2025-01-18 17:17:10.788656,217,264
4482,2025-01-18 17:17:10.788656,217,549
4483,2025-01-18 17:17:10.788656,217,453
4484,2025-01-18 17:17:10.788656,217,611
4485,2025-01-18 17:17:10.788656,217,525
4486,2025-01-18 17:17:10.788656,217,550
4487,2025-01-18 17:17:10.788656,217,491
4488,2025-01-18 17:17:10.788656,217,249
4489,2025-01-18 17:17:10.788656,217,507
4490,2025-01-18 17:17:10.788656,217,562
4491,2025-01-18 17:17:10.788656,217,222
4492,2025-01-18 17:17:10.788656,217,437
4493,2025-01-18 17:17:10.788656,217,395
4494,2025-01-18 17:17:10.788656,218,581
4495,2025-01-18 17:17:10.788656,218,665
4496,2025-01-18 17:17:10.788656,218,607
4497,2025-01-18 17:17:10.788656,218,310
4498,2025-01-18 17:17:10.788656,218,316
4499,2025-01-18 17:17:10.788656,218,487
4500,2025-01-18 17:17:10.788656,218,494
4501,2025-01-18 17:17:10.788656,218,618
4502,2025-01-18 17:17:10.788656,218,263
4503,2025-01-18 17:17:10.788656,218,653
4504,2025-01-18 17:17:10.788656,218,570
4505,2025-01-18 17:17:10.788656,218,654
4506,2025-01-18 17:17:10.788656,218,252
4507,2025-01-18 17:17:10.788656,218,527
4508,2025-01-18 17:17:10.788656,218,620
4509,2025-01-18 17:17:10.788656,219,562
4510,2025-01-18 17:17:10.788656,219,264
4511,2025-01-18 17:17:10.788656,219,301
4512,2025-01-18 17:17:10.788656,219,315
4513,2025-01-18 17:17:10.788656,219,207
4514,2025-01-18 17:17:10.788656,219,262
4515,2025-01-18 17:17:10.788656,219,492
4516,2025-01-18 17:17:10.788656,219,394
4517,2025-01-18 17:17:10.788656,219,406
4518,2025-01-18 17:17:10.788656,219,630
4519,2025-01-18 17:17:10.788656,220,490
4520,2025-01-18 17:17:10.788656,220,369
4521,2025-01-18 17:17:10.788656,220,481
4522,2025-01-18 17:17:10.788656,220,371
4523,2025-01-18 17:17:10.788656,220,373
4524,2025-01-18 17:17:10.788656,220,277
4525,2025-01-18 17:17:10.788656,220,448
4526,2025-01-18 17:17:10.788656,220,399
4527,2025-01-18 17:17:10.788656,220,347
4528,2025-01-18 17:17:10.788656,220,251
4529,2025-01-18 17:17:10.788656,220,577
4530,2025-01-18 17:17:10.788656,220,214
4531,2025-01-18 17:17:10.788656,220,297
4532,2025-01-18 17:17:10.788656,220,625
4533,2025-01-18 17:17:10.788656,220,299
4534,2025-01-18 17:17:10.788656,220,641
4535,2025-01-18 17:17:10.788656,220,257
4536,2025-01-18 17:17:10.788656,221,459
4537,2025-01-18 17:17:10.788656,221,430
4538,2025-01-18 17:17:10.788656,221,271
4539,2025-01-18 17:17:10.788656,221,422
4540,2025-01-18 17:17:10.788656,221,228
4541,2025-01-18 17:17:10.788656,221,344
4542,2025-01-18 17:17:10.788656,221,661
4543,2025-01-18 17:17:10.788656,221,621
4544,2025-01-18 17:17:10.788656,221,570
4545,2025-01-18 17:17:10.788656,221,608
4546,2025-01-18 17:17:10.788656,221,511
4547,2025-01-18 17:17:10.788656,221,362
4548,2025-01-18 17:17:10.788656,221,330
4549,2025-01-18 17:17:10.788656,221,272
4550,2025-01-18 17:17:10.788656,221,560
4551,2025-01-18 17:17:10.788656,222,366
4552,2025-01-18 17:17:10.788656,222,322
4553,2025-01-18 17:17:10.789653,222,225
4554,2025-01-18 17:17:10.789653,222,525
4555,2025-01-18 17:17:10.789653,222,277
4556,2025-01-18 17:17:10.789653,222,512
4557,2025-01-18 17:17:10.789653,222,456
4558,2025-01-18 17:17:10.789653,222,572
4559,2025-01-18 17:17:10.789653,222,458
4560,2025-01-18 17:17:10.789653,222,216
4561,2025-01-18 17:17:10.789653,222,459
4562,2025-01-18 17:17:10.789653,222,198
4563,2025-01-18 17:17:10.789653,222,200
4564,2025-01-18 17:17:10.789653,222,497
4565,2025-01-18 17:17:10.789653,222,320
4566,2025-01-18 17:17:10.789653,222,379
4567,2025-01-18 17:17:10.789653,222,360
4568,2025-01-18 17:17:10.789653,222,380
4569,2025-01-18 17:17:10.789653,222,454
4570,2025-01-18 17:17:10.789653,223,351
4571,2025-01-18 17:17:10.789653,223,412
4572,2025-01-18 17:17:10.789653,223,349
4573,2025-01-18 17:17:10.793642,223,571
4574,2025-01-18 17:17:10.794640,223,330
4575,2025-01-18 17:17:10.794640,223,418
4576,2025-01-18 17:17:10.794640,223,468
4577,2025-01-18 17:17:10.794640,223,263
4578,2025-01-18 17:17:10.794640,223,538
4579,2025-01-18 17:17:10.794640,223,612
4580,2025-01-18 17:17:10.794640,223,339
4581,2025-01-18 17:17:10.794640,223,546
4582,2025-01-18 17:17:10.794640,223,216
4583,2025-01-18 17:17:10.794640,223,336
4584,2025-01-18 17:17:10.794640,224,577
4585,2025-01-18 17:17:10.794640,224,655
4586,2025-01-18 17:17:10.794640,224,230
4587,2025-01-18 17:17:10.794640,224,276
4588,2025-01-18 17:17:10.794640,224,477
4589,2025-01-18 17:17:10.794640,224,431
4590,2025-01-18 17:17:10.794640,224,248
4591,2025-01-18 17:17:10.794640,224,341
4592,2025-01-18 17:17:10.794640,224,437
4593,2025-01-18 17:17:10.794640,224,388
4594,2025-01-18 17:17:10.794640,224,583
4595,2025-01-18 17:17:10.794640,224,281
4596,2025-01-18 17:17:10.794640,224,349
4597,2025-01-18 17:17:10.794640,224,519
4598,2025-01-18 17:17:10.794640,224,216
4599,2025-01-18 17:17:10.794640,224,547
4600,2025-01-18 17:17:10.794640,224,422
4601,2025-01-18 17:17:10.794640,224,476
4602,2025-01-18 17:17:10.794640,224,275
4603,2025-01-18 17:17:10.794640,224,574
4604,2025-01-18 17:17:10.794640,225,292
4605,2025-01-18 17:17:10.794640,225,333
4606,2025-01-18 17:17:10.794640,225,241
4607,2025-01-18 17:17:10.794640,225,194
4608,2025-01-18 17:17:10.794640,225,329
4609,2025-01-18 17:17:10.794640,225,421
4610,2025-01-18 17:17:10.794640,225,649
4611,2025-01-18 17:17:10.794640,225,328
4612,2025-01-18 17:17:10.794640,225,666
4613,2025-01-18 17:17:10.794640,225,220
4614,2025-01-18 17:17:10.794640,225,635
4615,2025-01-18 17:17:10.794640,226,643
4616,2025-01-18 17:17:10.794640,226,239
4617,2025-01-18 17:17:10.794640,226,266
4618,2025-01-18 17:17:10.794640,226,555
4619,2025-01-18 17:17:10.794640,226,254
4620,2025-01-18 17:17:10.794640,226,597
4621,2025-01-18 17:17:10.794640,226,450
4622,2025-01-18 17:17:10.794640,226,287
4623,2025-01-18 17:17:10.794640,226,421
4624,2025-01-18 17:17:10.794640,226,468
4625,2025-01-18 17:17:10.794640,227,544
4626,2025-01-18 17:17:10.794640,227,442
4627,2025-01-18 17:17:10.794640,227,633
4628,2025-01-18 17:17:10.794640,227,267
4629,2025-01-18 17:17:10.794640,227,325
4630,2025-01-18 17:17:10.794640,227,289
4631,2025-01-18 17:17:10.794640,227,300
4632,2025-01-18 17:17:10.794640,227,567
4633,2025-01-18 17:17:10.794640,227,337
4634,2025-01-18 17:17:10.794640,227,319
4635,2025-01-18 17:17:10.794640,227,269
4636,2025-01-18 17:17:10.794640,227,401
4637,2025-01-18 17:17:10.794640,227,419
4638,2025-01-18 17:17:10.794640,227,200
4639,2025-01-18 17:17:10.794640,227,601
4640,2025-01-18 17:17:10.794640,227,638
4641,2025-01-18 17:17:10.794640,227,522
4642,2025-01-18 17:17:10.794640,227,448
4643,2025-01-18 17:17:10.794640,227,517
4644,2025-01-18 17:17:10.794640,227,652
4645,2025-01-18 17:17:10.794640,228,368
4646,2025-01-18 17:17:10.794640,228,538
4647,2025-01-18 17:17:10.794640,228,230
4648,2025-01-18 17:17:10.794640,228,446
4649,2025-01-18 17:17:10.794640,228,497
4650,2025-01-18 17:17:10.794640,228,464
4651,2025-01-18 17:17:10.794640,228,562
4652,2025-01-18 17:17:10.794640,228,449
4653,2025-01-18 17:17:10.794640,228,484
4654,2025-01-18 17:17:10.794640,228,379
4655,2025-01-18 17:17:10.794640,228,608
4656,2025-01-18 17:17:10.794640,228,285
4657,2025-01-18 17:17:10.794640,228,613
4658,2025-01-18 17:17:10.794640,228,457
4659,2025-01-18 17:17:10.794640,228,370
4660,2025-01-18 17:17:10.794640,228,244
4661,2025-01-18 17:17:10.794640,228,415
4662,2025-01-18 17:17:10.794640,229,356
4663,2025-01-18 17:17:10.794640,229,654
4664,2025-01-18 17:17:10.794640,229,642
4665,2025-01-18 17:17:10.794640,229,301
4666,2025-01-18 17:17:10.794640,229,628
4667,2025-01-18 17:17:10.794640,229,409
4668,2025-01-18 17:17:10.794640,229,390
4669,2025-01-18 17:17:10.794640,229,438
4670,2025-01-18 17:17:10.794640,229,593
4671,2025-01-18 17:17:10.795636,229,352
4672,2025-01-18 17:17:10.795636,230,591
4673,2025-01-18 17:17:10.795636,230,649
4674,2025-01-18 17:17:10.795636,230,400
4675,2025-01-18 17:17:10.795636,230,337
4676,2025-01-18 17:17:10.795636,230,206
4677,2025-01-18 17:17:10.795636,230,473
4678,2025-01-18 17:17:10.795636,230,387
4679,2025-01-18 17:17:10.795636,230,581
4680,2025-01-18 17:17:10.795636,230,597
4681,2025-01-18 17:17:10.795636,230,648
4682,2025-01-18 17:17:10.795636,230,570
4683,2025-01-18 17:17:10.795636,230,423
4684,2025-01-18 17:17:10.795636,230,554
4685,2025-01-18 17:17:10.795636,230,209
4686,2025-01-18 17:17:10.795636,230,210
4687,2025-01-18 17:17:10.795636,230,637
4688,2025-01-18 17:17:10.795636,231,482
4689,2025-01-18 17:17:10.795636,231,380
4690,2025-01-18 17:17:10.795636,231,247
4691,2025-01-18 17:17:10.795636,231,290
4692,2025-01-18 17:17:10.795636,231,376
4693,2025-01-18 17:17:10.795636,231,384
4694,2025-01-18 17:17:10.795636,231,624
4695,2025-01-18 17:17:10.795636,231,321
4696,2025-01-18 17:17:10.795636,231,531
4697,2025-01-18 17:17:10.795636,231,651
4698,2025-01-18 17:17:10.795636,231,470
4699,2025-01-18 17:17:10.795636,231,662
4700,2025-01-18 17:17:10.795636,231,661
4701,2025-01-18 17:17:10.795636,231,477
4702,2025-01-18 17:17:10.795636,231,588
4703,2025-01-18 17:17:10.795636,231,490
4704,2025-01-18 17:17:10.795636,231,485
4705,2025-01-18 17:17:10.795636,231,538
4706,2025-01-18 17:17:10.795636,231,373
4707,2025-01-18 17:17:10.795636,232,406
4708,2025-01-18 17:17:10.795636,232,556
4709,2025-01-18 17:17:10.795636,232,512
4710,2025-01-18 17:17:10.795636,232,232
4711,2025-01-18 17:17:10.795636,232,535
4712,2025-01-18 17:17:10.795636,232,474
4713,2025-01-18 17:17:10.795636,232,558
4714,2025-01-18 17:17:10.795636,232,637
4715,2025-01-18 17:17:10.795636,232,589
4716,2025-01-18 17:17:10.795636,232,438
4717,2025-01-18 17:17:10.795636,232,222
4718,2025-01-18 17:17:10.795636,232,445
4719,2025-01-18 17:17:10.795636,233,654
4720,2025-01-18 17:17:10.795636,233,276
4721,2025-01-18 17:17:10.795636,233,542
4722,2025-01-18 17:17:10.795636,233,314
4723,2025-01-18 17:17:10.795636,233,580
4724,2025-01-18 17:17:10.795636,233,310
4725,2025-01-18 17:17:10.795636,233,519
4726,2025-01-18 17:17:10.795636,233,322
4727,2025-01-18 17:17:10.795636,233,511
4728,2025-01-18 17:17:10.795636,233,445
4729,2025-01-18 17:17:10.795636,233,468
4730,2025-01-18 17:17:10.795636,233,300
4731,2025-01-18 17:17:10.795636,233,610
4732,2025-01-18 17:17:10.795636,233,527
4733,2025-01-18 17:17:10.795636,234,535
4734,2025-01-18 17:17:10.795636,234,655
4735,2025-01-18 17:17:10.795636,234,445
4736,2025-01-18 17:17:10.795636,234,212
4737,2025-01-18 17:17:10.795636,234,317
4738,2025-01-18 17:17:10.795636,234,382
4739,2025-01-18 17:17:10.795636,234,436
4740,2025-01-18 17:17:10.795636,234,601
4741,2025-01-18 17:17:10.795636,234,219
4742,2025-01-18 17:17:10.795636,234,273
4743,2025-01-18 17:17:10.795636,234,287
4744,2025-01-18 17:17:10.795636,234,477
4745,2025-01-18 17:17:10.795636,234,358
4746,2025-01-18 17:17:10.795636,234,419
4747,2025-01-18 17:17:10.795636,234,337
4748,2025-01-18 17:17:10.795636,234,568
4749,2025-01-18 17:17:10.795636,235,539
4750,2025-01-18 17:17:10.795636,235,661
4751,2025-01-18 17:17:10.795636,235,202
4752,2025-01-18 17:17:10.795636,235,332
4753,2025-01-18 17:17:10.795636,235,200
4754,2025-01-18 17:17:10.795636,235,595
4755,2025-01-18 17:17:10.795636,235,276
4756,2025-01-18 17:17:10.795636,235,442
4757,2025-01-18 17:17:10.795636,235,324
4758,2025-01-18 17:17:10.795636,235,373
4759,2025-01-18 17:17:10.795636,235,290
4760,2025-01-18 17:17:10.795636,235,535
4761,2025-01-18 17:17:10.795636,235,575
4762,2025-01-18 17:17:10.795636,235,313
4763,2025-01-18 17:17:10.795636,235,648
4764,2025-01-18 17:17:10.795636,235,365
4765,2025-01-18 17:17:10.795636,236,264
4766,2025-01-18 17:17:10.795636,236,367
4767,2025-01-18 17:17:10.795636,236,207
4768,2025-01-18 17:17:10.795636,236,489
4769,2025-01-18 17:17:10.796633,236,281
4770,2025-01-18 17:17:10.796633,236,524
4771,2025-01-18 17:17:10.796633,236,568
4772,2025-01-18 17:17:10.796633,236,606
4773,2025-01-18 17:17:10.796633,236,664
4774,2025-01-18 17:17:10.796633,236,404
4775,2025-01-18 17:17:10.796633,236,541
4776,2025-01-18 17:17:10.796633,236,485
4777,2025-01-18 17:17:10.796633,236,577
4778,2025-01-18 17:17:10.796633,236,306
4779,2025-01-18 17:17:10.796633,236,256
4780,2025-01-18 17:17:10.796633,236,609
4781,2025-01-18 17:17:10.796633,237,326
4782,2025-01-18 17:17:10.796633,237,484
4783,2025-01-18 17:17:10.796633,237,607
4784,2025-01-18 17:17:10.796633,237,289
4785,2025-01-18 17:17:10.796633,237,411
4786,2025-01-18 17:17:10.796633,237,560
4787,2025-01-18 17:17:10.796633,237,277
4788,2025-01-18 17:17:10.796633,237,449
4789,2025-01-18 17:17:10.796633,237,652
4790,2025-01-18 17:17:10.796633,237,304
4791,2025-01-18 17:17:10.796633,237,430
4792,2025-01-18 17:17:10.796633,237,257
4793,2025-01-18 17:17:10.796633,237,521
4794,2025-01-18 17:17:10.796633,237,400
4795,2025-01-18 17:17:10.796633,238,241
4796,2025-01-18 17:17:10.796633,238,501
4797,2025-01-18 17:17:10.796633,238,623
4798,2025-01-18 17:17:10.796633,238,610
4799,2025-01-18 17:17:10.796633,238,399
4800,2025-01-18 17:17:10.796633,238,406
4801,2025-01-18 17:17:10.796633,238,318
4802,2025-01-18 17:17:10.796633,238,329
4803,2025-01-18 17:17:10.796633,238,224
4804,2025-01-18 17:17:10.796633,238,445
4805,2025-01-18 17:17:10.796633,238,234
4806,2025-01-18 17:17:10.796633,238,463
4807,2025-01-18 17:17:10.796633,238,203
4808,2025-01-18 17:17:10.796633,238,643
4809,2025-01-18 17:17:10.796633,238,236
4810,2025-01-18 17:17:10.796633,238,632
4811,2025-01-18 17:17:10.796633,238,571
4812,2025-01-18 17:17:10.796633,238,512
4813,2025-01-18 17:17:10.796633,238,454
4814,2025-01-18 17:17:10.796633,239,557
4815,2025-01-18 17:17:10.796633,239,361
4816,2025-01-18 17:17:10.796633,239,612
4817,2025-01-18 17:17:10.796633,239,634
4818,2025-01-18 17:17:10.796633,239,256
4819,2025-01-18 17:17:10.796633,239,560
4820,2025-01-18 17:17:10.796633,239,649
4821,2025-01-18 17:17:10.796633,239,606
4822,2025-01-18 17:17:10.796633,239,237
4823,2025-01-18 17:17:10.796633,239,587
4824,2025-01-18 17:17:10.796633,239,594
4825,2025-01-18 17:17:10.796633,239,349
4826,2025-01-18 17:17:10.796633,239,363
4827,2025-01-18 17:17:10.796633,239,200
4828,2025-01-18 17:17:10.796633,239,227
4829,2025-01-18 17:17:10.796633,239,545
4830,2025-01-18 17:17:10.796633,240,455
4831,2025-01-18 17:17:10.796633,240,545
4832,2025-01-18 17:17:10.796633,240,358
4833,2025-01-18 17:17:10.796633,240,375
4834,2025-01-18 17:17:10.796633,240,460
4835,2025-01-18 17:17:10.796633,240,321
4836,2025-01-18 17:17:10.796633,240,534
4837,2025-01-18 17:17:10.796633,240,201
4838,2025-01-18 17:17:10.796633,240,225
4839,2025-01-18 17:17:10.796633,240,462
4840,2025-01-18 17:17:10.796633,240,489
4841,2025-01-18 17:17:10.796633,240,301
4842,2025-01-18 17:17:10.796633,240,362
4843,2025-01-18 17:17:10.796633,240,599
4844,2025-01-18 17:17:10.796633,240,657
4845,2025-01-18 17:17:10.796633,240,242
4846,2025-01-18 17:17:10.796633,241,589
4847,2025-01-18 17:17:10.796633,241,351
4848,2025-01-18 17:17:10.796633,241,371
4849,2025-01-18 17:17:10.796633,241,256
4850,2025-01-18 17:17:10.796633,241,515
4851,2025-01-18 17:17:10.796633,241,334
4852,2025-01-18 17:17:10.796633,241,658
4853,2025-01-18 17:17:10.796633,241,352
4854,2025-01-18 17:17:10.796633,241,242
4855,2025-01-18 17:17:10.796633,241,639
4856,2025-01-18 17:17:10.796633,241,550
4857,2025-01-18 17:17:10.796633,241,617
4858,2025-01-18 17:17:10.796633,241,490
4859,2025-01-18 17:17:10.796633,241,329
4860,2025-01-18 17:17:10.796633,241,433
4861,2025-01-18 17:17:10.796633,241,514
4862,2025-01-18 17:17:10.796633,242,511
4863,2025-01-18 17:17:10.796633,242,256
4864,2025-01-18 17:17:10.796633,242,554
4865,2025-01-18 17:17:10.796633,242,279
4866,2025-01-18 17:17:10.797630,242,374
4867,2025-01-18 17:17:10.797630,242,473
4868,2025-01-18 17:17:10.797630,242,324
4869,2025-01-18 17:17:10.797630,242,617
4870,2025-01-18 17:17:10.797630,242,207
4871,2025-01-18 17:17:10.797630,242,282
4872,2025-01-18 17:17:10.797630,242,474
4873,2025-01-18 17:17:10.797630,242,357
4874,2025-01-18 17:17:10.797630,242,227
4875,2025-01-18 17:17:10.797630,242,211
4876,2025-01-18 17:17:10.797630,242,219
4877,2025-01-18 17:17:10.797630,242,501
4878,2025-01-18 17:17:10.797630,242,478
4879,2025-01-18 17:17:10.797630,242,265
4880,2025-01-18 17:17:10.797630,242,572
4881,2025-01-18 17:17:10.797630,243,367
4882,2025-01-18 17:17:10.797630,243,441
4883,2025-01-18 17:17:10.797630,243,398
4884,2025-01-18 17:17:10.797630,243,451
4885,2025-01-18 17:17:10.797630,243,284
4886,2025-01-18 17:17:10.797630,243,479
4887,2025-01-18 17:17:10.797630,243,594
4888,2025-01-18 17:17:10.797630,243,480
4889,2025-01-18 17:17:10.797630,243,394
4890,2025-01-18 17:17:10.797630,243,655
4891,2025-01-18 17:17:10.797630,243,408
4892,2025-01-18 17:17:10.797630,243,285
4893,2025-01-18 17:17:10.797630,243,664
4894,2025-01-18 17:17:10.797630,243,263
4895,2025-01-18 17:17:10.797630,243,351
4896,2025-01-18 17:17:10.797630,243,535
4897,2025-01-18 17:17:10.797630,243,354
4898,2025-01-18 17:17:10.797630,243,251
4899,2025-01-18 17:17:10.797630,243,642
4900,2025-01-18 17:17:10.797630,244,525
4901,2025-01-18 17:17:10.797630,244,300
4902,2025-01-18 17:17:10.797630,244,578
4903,2025-01-18 17:17:10.797630,244,359
4904,2025-01-18 17:17:10.797630,244,536
4905,2025-01-18 17:17:10.797630,244,508
4906,2025-01-18 17:17:10.801620,244,467
4907,2025-01-18 17:17:10.801620,244,380
4908,2025-01-18 17:17:10.801620,244,388
4909,2025-01-18 17:17:10.801620,244,411
4910,2025-01-18 17:17:10.801620,244,241
4911,2025-01-18 17:17:10.801620,244,628
4912,2025-01-18 17:17:10.801620,244,617
4913,2025-01-18 17:17:10.801620,245,644
4914,2025-01-18 17:17:10.801620,245,590
4915,2025-01-18 17:17:10.801620,245,617
4916,2025-01-18 17:17:10.801620,245,592
4917,2025-01-18 17:17:10.801620,245,625
4918,2025-01-18 17:17:10.801620,245,491
4919,2025-01-18 17:17:10.801620,245,357
4920,2025-01-18 17:17:10.801620,245,647
4921,2025-01-18 17:17:10.801620,245,405
4922,2025-01-18 17:17:10.801620,245,396
4923,2025-01-18 17:17:10.801620,245,287
4924,2025-01-18 17:17:10.801620,245,604
4925,2025-01-18 17:17:10.801620,245,573
4926,2025-01-18 17:17:10.801620,245,461
4927,2025-01-18 17:17:10.801620,245,335
4928,2025-01-18 17:17:10.801620,245,560
4929,2025-01-18 17:17:10.801620,246,562
4930,2025-01-18 17:17:10.801620,246,535
4931,2025-01-18 17:17:10.801620,246,438
4932,2025-01-18 17:17:10.801620,246,229
4933,2025-01-18 17:17:10.801620,246,498
4934,2025-01-18 17:17:10.801620,246,663
4935,2025-01-18 17:17:10.801620,246,490
4936,2025-01-18 17:17:10.801620,246,646
4937,2025-01-18 17:17:10.801620,246,613
4938,2025-01-18 17:17:10.801620,246,470
4939,2025-01-18 17:17:10.801620,246,410
4940,2025-01-18 17:17:10.801620,246,421
4941,2025-01-18 17:17:10.801620,246,330
4942,2025-01-18 17:17:10.801620,246,243
4943,2025-01-18 17:17:10.801620,246,461
4944,2025-01-18 17:17:10.801620,246,406
4945,2025-01-18 17:17:10.801620,246,525
4946,2025-01-18 17:17:10.801620,246,659
4947,2025-01-18 17:17:10.801620,246,549
4948,2025-01-18 17:17:10.801620,247,533
4949,2025-01-18 17:17:10.801620,247,355
4950,2025-01-18 17:17:10.802618,247,331
4951,2025-01-18 17:17:10.802618,247,471
4952,2025-01-18 17:17:10.802618,247,235
4953,2025-01-18 17:17:10.802618,247,396
4954,2025-01-18 17:17:10.802618,247,656
4955,2025-01-18 17:17:10.802618,247,238
4956,2025-01-18 17:17:10.802618,247,465
4957,2025-01-18 17:17:10.802618,247,452
4958,2025-01-18 17:17:10.802618,247,262
4959,2025-01-18 17:17:10.802618,247,539
4960,2025-01-18 17:17:10.802618,247,359
4961,2025-01-18 17:17:10.802618,247,454
4962,2025-01-18 17:17:10.802618,247,212
4963,2025-01-18 17:17:10.802618,247,567
4964,2025-01-18 17:17:10.802618,247,575
4965,2025-01-18 17:17:10.802618,247,520
4966,2025-01-18 17:17:10.802618,248,617
4967,2025-01-18 17:17:10.802618,248,249
4968,2025-01-18 17:17:10.802618,248,256
4969,2025-01-18 17:17:10.802618,248,414
4970,2025-01-18 17:17:10.802618,248,389
4971,2025-01-18 17:17:10.802618,248,202
4972,2025-01-18 17:17:10.802618,248,597
4973,2025-01-18 17:17:10.802618,248,199
4974,2025-01-18 17:17:10.802618,248,646
4975,2025-01-18 17:17:10.802618,248,441
4976,2025-01-18 17:17:10.802618,248,538
4977,2025-01-18 17:17:10.802618,248,322
4978,2025-01-18 17:17:10.802618,249,347
4979,2025-01-18 17:17:10.802618,249,461
4980,2025-01-18 17:17:10.802618,249,259
4981,2025-01-18 17:17:10.802618,249,285
4982,2025-01-18 17:17:10.802618,249,541
4983,2025-01-18 17:17:10.802618,249,615
4984,2025-01-18 17:17:10.802618,249,460
4985,2025-01-18 17:17:10.802618,249,483
4986,2025-01-18 17:17:10.802618,249,534
4987,2025-01-18 17:17:10.802618,249,660
4988,2025-01-18 17:17:10.802618,249,531
4989,2025-01-18 17:17:10.802618,249,653
4990,2025-01-18 17:17:10.802618,249,559
4991,2025-01-18 17:17:10.802618,249,636
4992,2025-01-18 17:17:10.802618,249,261
4993,2025-01-18 17:17:10.802618,249,611
4994,2025-01-18 17:17:10.802618,249,412
4995,2025-01-18 17:17:10.802618,249,489
4996,2025-01-18 17:17:10.802618,250,395
4997,2025-01-18 17:17:10.802618,250,436
4998,2025-01-18 17:17:10.802618,250,289
4999,2025-01-18 17:17:10.802618,250,362
5000,2025-01-18 17:17:10.802618,250,199
5001,2025-01-18 17:17:10.802618,250,314
5002,2025-01-18 17:17:10.802618,250,210
5003,2025-01-18 17:17:10.802618,250,375
5004,2025-01-18 17:17:10.802618,250,480
5005,2025-01-18 17:17:10.802618,250,286
5006,2025-01-18 17:17:10.802618,251,197
5007,2025-01-18 17:17:10.802618,251,570
5008,2025-01-18 17:17:10.802618,251,285
5009,2025-01-18 17:17:10.802618,251,393
5010,2025-01-18 17:17:10.802618,251,222
5011,2025-01-18 17:17:10.802618,251,472
5012,2025-01-18 17:17:10.802618,251,398
5013,2025-01-18 17:17:10.802618,251,244
5014,2025-01-18 17:17:10.802618,251,422
5015,2025-01-18 17:17:10.802618,251,225
5016,2025-01-18 17:17:10.802618,251,320
5017,2025-01-18 17:17:10.802618,251,318
5018,2025-01-18 17:17:10.802618,251,546
5019,2025-01-18 17:17:10.802618,252,602
5020,2025-01-18 17:17:10.802618,252,629
5021,2025-01-18 17:17:10.802618,252,331
5022,2025-01-18 17:17:10.802618,252,641
5023,2025-01-18 17:17:10.802618,252,349
5024,2025-01-18 17:17:10.802618,252,213
5025,2025-01-18 17:17:10.802618,252,471
5026,2025-01-18 17:17:10.802618,252,237
5027,2025-01-18 17:17:10.802618,252,339
5028,2025-01-18 17:17:10.802618,252,635
5029,2025-01-18 17:17:10.802618,253,587
5030,2025-01-18 17:17:10.802618,253,534
5031,2025-01-18 17:17:10.802618,253,386
5032,2025-01-18 17:17:10.802618,253,521
5033,2025-01-18 17:17:10.802618,253,654
5034,2025-01-18 17:17:10.802618,253,579
5035,2025-01-18 17:17:10.802618,253,443
5036,2025-01-18 17:17:10.802618,253,404
5037,2025-01-18 17:17:10.802618,253,260
5038,2025-01-18 17:17:10.802618,253,556
5039,2025-01-18 17:17:10.802618,253,383
5040,2025-01-18 17:17:10.802618,253,624
5041,2025-01-18 17:17:10.802618,253,616
5042,2025-01-18 17:17:10.802618,253,452
5043,2025-01-18 17:17:10.802618,253,594
5044,2025-01-18 17:17:10.802618,253,263
5045,2025-01-18 17:17:10.802618,253,411
5046,2025-01-18 17:17:10.802618,253,252
5047,2025-01-18 17:17:10.802618,253,466
5048,2025-01-18 17:17:10.803615,254,341
5049,2025-01-18 17:17:10.803615,254,331
5050,2025-01-18 17:17:10.803615,254,234
5051,2025-01-18 17:17:10.803615,254,311
5052,2025-01-18 17:17:10.803615,254,641
5053,2025-01-18 17:17:10.803615,254,636
5054,2025-01-18 17:17:10.803615,254,393
5055,2025-01-18 17:17:10.803615,254,226
5056,2025-01-18 17:17:10.803615,254,595
5057,2025-01-18 17:17:10.803615,254,292
5058,2025-01-18 17:17:10.803615,255,473
5059,2025-01-18 17:17:10.803615,255,527
5060,2025-01-18 17:17:10.803615,255,203
5061,2025-01-18 17:17:10.803615,255,623
5062,2025-01-18 17:17:10.803615,255,247
5063,2025-01-18 17:17:10.803615,255,305
5064,2025-01-18 17:17:10.803615,255,476
5065,2025-01-18 17:17:10.803615,255,632
5066,2025-01-18 17:17:10.803615,255,287
5067,2025-01-18 17:17:10.803615,255,300
5068,2025-01-18 17:17:10.803615,255,342
5069,2025-01-18 17:17:10.803615,255,505
5070,2025-01-18 17:17:10.803615,256,414
5071,2025-01-18 17:17:10.803615,256,636
5072,2025-01-18 17:17:10.803615,256,431
5073,2025-01-18 17:17:10.803615,256,401
5074,2025-01-18 17:17:10.803615,256,420
5075,2025-01-18 17:17:10.803615,256,335
5076,2025-01-18 17:17:10.803615,256,251
5077,2025-01-18 17:17:10.803615,256,667
5078,2025-01-18 17:17:10.803615,256,381
5079,2025-01-18 17:17:10.803615,256,375
5080,2025-01-18 17:17:10.803615,256,471
5081,2025-01-18 17:17:10.803615,256,311
5082,2025-01-18 17:17:10.803615,256,600
5083,2025-01-18 17:17:10.803615,256,272
5084,2025-01-18 17:17:10.803615,256,396
5085,2025-01-18 17:17:10.803615,256,666
5086,2025-01-18 17:17:10.803615,256,269
5087,2025-01-18 17:17:10.803615,256,255
5088,2025-01-18 17:17:10.803615,256,640
5089,2025-01-18 17:17:10.803615,257,581
5090,2025-01-18 17:17:10.803615,257,375
5091,2025-01-18 17:17:10.803615,257,629
5092,2025-01-18 17:17:10.803615,257,640
5093,2025-01-18 17:17:10.803615,257,568
5094,2025-01-18 17:17:10.803615,257,194
5095,2025-01-18 17:17:10.803615,257,286
5096,2025-01-18 17:17:10.803615,257,535
5097,2025-01-18 17:17:10.803615,257,441
5098,2025-01-18 17:17:10.803615,257,325
5099,2025-01-18 17:17:10.803615,257,457
5100,2025-01-18 17:17:10.803615,257,280
5101,2025-01-18 17:17:10.803615,258,259
5102,2025-01-18 17:17:10.803615,258,528
5103,2025-01-18 17:17:10.803615,258,662
5104,2025-01-18 17:17:10.803615,258,512
5105,2025-01-18 17:17:10.803615,258,516
5106,2025-01-18 17:17:10.803615,258,435
5107,2025-01-18 17:17:10.803615,258,560
5108,2025-01-18 17:17:10.803615,258,374
5109,2025-01-18 17:17:10.803615,258,505
5110,2025-01-18 17:17:10.803615,258,373
5111,2025-01-18 17:17:10.803615,258,455
5112,2025-01-18 17:17:10.803615,258,240
5113,2025-01-18 17:17:10.803615,258,443
5114,2025-01-18 17:17:10.803615,258,336
5115,2025-01-18 17:17:10.803615,259,408
5116,2025-01-18 17:17:10.803615,259,641
5117,2025-01-18 17:17:10.803615,259,257
5118,2025-01-18 17:17:10.803615,259,407
5119,2025-01-18 17:17:10.803615,259,280
5120,2025-01-18 17:17:10.804613,259,606
5121,2025-01-18 17:17:10.804613,259,354
5122,2025-01-18 17:17:10.804613,259,216
5123,2025-01-18 17:17:10.804613,259,428
5124,2025-01-18 17:17:10.804613,259,289
5125,2025-01-18 17:17:10.804613,259,479
5126,2025-01-18 17:17:10.804613,259,632
5127,2025-01-18 17:17:10.804613,259,393
5128,2025-01-18 17:17:10.804613,259,589
5129,2025-01-18 17:17:10.804613,259,360
5130,2025-01-18 17:17:10.804613,259,587
5131,2025-01-18 17:17:10.804613,260,396
5132,2025-01-18 17:17:10.804613,260,379
5133,2025-01-18 17:17:10.804613,260,490
5134,2025-01-18 17:17:10.804613,260,323
5135,2025-01-18 17:17:10.804613,260,268
5136,2025-01-18 17:17:10.804613,260,402
5137,2025-01-18 17:17:10.804613,260,435
5138,2025-01-18 17:17:10.804613,260,320
5139,2025-01-18 17:17:10.804613,260,313
5140,2025-01-18 17:17:10.804613,260,422
5141,2025-01-18 17:17:10.804613,260,538
5142,2025-01-18 17:17:10.804613,260,590
5143,2025-01-18 17:17:10.804613,261,641
5144,2025-01-18 17:17:10.804613,261,216
5145,2025-01-18 17:17:10.804613,261,301
5146,2025-01-18 17:17:10.804613,261,269
5147,2025-01-18 17:17:10.804613,261,604
5148,2025-01-18 17:17:10.804613,261,346
5149,2025-01-18 17:17:10.804613,261,576
5150,2025-01-18 17:17:10.804613,261,237
5151,2025-01-18 17:17:10.804613,261,338
5152,2025-01-18 17:17:10.804613,261,613
5153,2025-01-18 17:17:10.804613,261,527
5154,2025-01-18 17:17:10.804613,261,236
5155,2025-01-18 17:17:10.804613,261,349
5156,2025-01-18 17:17:10.804613,261,274
5157,2025-01-18 17:17:10.804613,261,387
5158,2025-01-18 17:17:10.804613,261,227
5159,2025-01-18 17:17:10.804613,261,347
5160,2025-01-18 17:17:10.804613,261,393
5161,2025-01-18 17:17:10.804613,261,382
5162,2025-01-18 17:17:10.804613,261,647
5163,2025-01-18 17:17:10.804613,262,276
5164,2025-01-18 17:17:10.804613,262,260
5165,2025-01-18 17:17:10.804613,262,361
5166,2025-01-18 17:17:10.804613,262,231
5167,2025-01-18 17:17:10.804613,262,233
5168,2025-01-18 17:17:10.804613,262,237
5169,2025-01-18 17:17:10.804613,262,558
5170,2025-01-18 17:17:10.804613,262,320
5171,2025-01-18 17:17:10.804613,262,443
5172,2025-01-18 17:17:10.804613,262,626
5173,2025-01-18 17:17:10.804613,262,387
5174,2025-01-18 17:17:10.804613,262,510
5175,2025-01-18 17:17:10.804613,262,556
5176,2025-01-18 17:17:10.804613,262,245
5177,2025-01-18 17:17:10.804613,262,476
5178,2025-01-18 17:17:10.804613,262,654
5179,2025-01-18 17:17:10.804613,263,277
5180,2025-01-18 17:17:10.804613,263,654
5181,2025-01-18 17:17:10.804613,263,597
5182,2025-01-18 17:17:10.804613,263,380
5183,2025-01-18 17:17:10.804613,263,633
5184,2025-01-18 17:17:10.804613,263,621
5185,2025-01-18 17:17:10.804613,263,569
5186,2025-01-18 17:17:10.804613,263,560
5187,2025-01-18 17:17:10.804613,263,460
5188,2025-01-18 17:17:10.804613,263,586
5189,2025-01-18 17:17:10.804613,263,263
5190,2025-01-18 17:17:10.804613,263,416
5191,2025-01-18 17:17:10.804613,263,356
5192,2025-01-18 17:17:10.804613,263,410
5193,2025-01-18 17:17:10.804613,263,604
5194,2025-01-18 17:17:10.804613,263,328
5195,2025-01-18 17:17:10.804613,263,522
5196,2025-01-18 17:17:10.804613,264,507
5197,2025-01-18 17:17:10.804613,264,485
5198,2025-01-18 17:17:10.805610,264,422
5199,2025-01-18 17:17:10.805610,264,650
5200,2025-01-18 17:17:10.805610,264,489
5201,2025-01-18 17:17:10.805610,264,385
5202,2025-01-18 17:17:10.805610,264,665
5203,2025-01-18 17:17:10.805610,264,240
5204,2025-01-18 17:17:10.805610,264,231
5205,2025-01-18 17:17:10.805610,264,509
5206,2025-01-18 17:17:10.805610,264,481
5207,2025-01-18 17:17:10.805610,264,641
5208,2025-01-18 17:17:10.805610,265,215
5209,2025-01-18 17:17:10.805610,265,398
5210,2025-01-18 17:17:10.805610,265,468
5211,2025-01-18 17:17:10.805610,265,347
5212,2025-01-18 17:17:10.805610,265,593
5213,2025-01-18 17:17:10.805610,265,374
5214,2025-01-18 17:17:10.805610,265,383
5215,2025-01-18 17:17:10.805610,265,647
5216,2025-01-18 17:17:10.805610,265,275
5217,2025-01-18 17:17:10.805610,265,478
5218,2025-01-18 17:17:10.805610,265,437
5219,2025-01-18 17:17:10.805610,265,320
5220,2025-01-18 17:17:10.805610,265,395
5221,2025-01-18 17:17:10.805610,266,448
5222,2025-01-18 17:17:10.805610,266,413
5223,2025-01-18 17:17:10.805610,266,550
5224,2025-01-18 17:17:10.805610,266,551
5225,2025-01-18 17:17:10.805610,266,195
5226,2025-01-18 17:17:10.805610,266,490
5227,2025-01-18 17:17:10.805610,266,659
5228,2025-01-18 17:17:10.805610,266,644
5229,2025-01-18 17:17:10.805610,266,487
5230,2025-01-18 17:17:10.805610,266,642
5231,2025-01-18 17:17:10.805610,266,626
5232,2025-01-18 17:17:10.805610,266,240
5233,2025-01-18 17:17:10.805610,266,583
5234,2025-01-18 17:17:10.805610,266,324
5235,2025-01-18 17:17:10.805610,266,386
5236,2025-01-18 17:17:10.805610,266,652
5237,2025-01-18 17:17:10.805610,266,648
5238,2025-01-18 17:17:10.805610,266,399
5239,2025-01-18 17:17:10.810596,267,480
5240,2025-01-18 17:17:10.810596,267,437
5241,2025-01-18 17:17:10.810596,267,332
5242,2025-01-18 17:17:10.810596,267,540
5243,2025-01-18 17:17:10.810596,267,218
5244,2025-01-18 17:17:10.810596,267,499
5245,2025-01-18 17:17:10.810596,267,258
5246,2025-01-18 17:17:10.810596,267,238
5247,2025-01-18 17:17:10.810596,267,635
5248,2025-01-18 17:17:10.810596,267,563
5249,2025-01-18 17:17:10.810596,267,223
5250,2025-01-18 17:17:10.810596,267,351
5251,2025-01-18 17:17:10.810596,267,603
5252,2025-01-18 17:17:10.810596,267,583
5253,2025-01-18 17:17:10.810596,267,274
5254,2025-01-18 17:17:10.810596,268,564
5255,2025-01-18 17:17:10.810596,268,226
5256,2025-01-18 17:17:10.810596,268,298
5257,2025-01-18 17:17:10.810596,268,475
5258,2025-01-18 17:17:10.810596,268,666
5259,2025-01-18 17:17:10.810596,268,432
5260,2025-01-18 17:17:10.810596,268,231
5261,2025-01-18 17:17:10.810596,268,429
5262,2025-01-18 17:17:10.810596,268,566
5263,2025-01-18 17:17:10.810596,268,262
5264,2025-01-18 17:17:10.810596,268,472
5265,2025-01-18 17:17:10.810596,269,278
5266,2025-01-18 17:17:10.810596,269,535
5267,2025-01-18 17:17:10.810596,269,236
5268,2025-01-18 17:17:10.810596,269,302
5269,2025-01-18 17:17:10.810596,269,484
5270,2025-01-18 17:17:10.810596,269,610
5271,2025-01-18 17:17:10.810596,269,400
5272,2025-01-18 17:17:10.810596,269,665
5273,2025-01-18 17:17:10.810596,269,520
5274,2025-01-18 17:17:10.810596,269,347
5275,2025-01-18 17:17:10.810596,269,496
5276,2025-01-18 17:17:10.810596,269,503
5277,2025-01-18 17:17:10.810596,269,196
5278,2025-01-18 17:17:10.810596,270,452
5279,2025-01-18 17:17:10.810596,270,258
5280,2025-01-18 17:17:10.810596,270,292
5281,2025-01-18 17:17:10.810596,270,612
5282,2025-01-18 17:17:10.810596,270,280
5283,2025-01-18 17:17:10.810596,270,230
5284,2025-01-18 17:17:10.810596,270,315
5285,2025-01-18 17:17:10.810596,270,214
5286,2025-01-18 17:17:10.810596,270,467
5287,2025-01-18 17:17:10.810596,270,398
5288,2025-01-18 17:17:10.810596,270,378
5289,2025-01-18 17:17:10.810596,270,373
5290,2025-01-18 17:17:10.810596,270,577
5291,2025-01-18 17:17:10.810596,270,431
5292,2025-01-18 17:17:10.810596,270,479
5293,2025-01-18 17:17:10.810596,270,202
5294,2025-01-18 17:17:10.810596,270,366
5295,2025-01-18 17:17:10.810596,270,351
5296,2025-01-18 17:17:10.810596,270,381
5297,2025-01-18 17:17:10.811594,271,501
5298,2025-01-18 17:17:10.811594,271,618
5299,2025-01-18 17:17:10.811594,271,386
5300,2025-01-18 17:17:10.811594,271,570
5301,2025-01-18 17:17:10.811594,271,469
5302,2025-01-18 17:17:10.811594,271,294
5303,2025-01-18 17:17:10.811594,271,476
5304,2025-01-18 17:17:10.811594,271,542
5305,2025-01-18 17:17:10.811594,271,637
5306,2025-01-18 17:17:10.811594,271,660
5307,2025-01-18 17:17:10.811594,271,663
5308,2025-01-18 17:17:10.811594,271,590
5309,2025-01-18 17:17:10.811594,271,655
5310,2025-01-18 17:17:10.811594,271,603
5311,2025-01-18 17:17:10.811594,271,412
5312,2025-01-18 17:17:10.811594,271,430
5313,2025-01-18 17:17:10.811594,271,338
5314,2025-01-18 17:17:10.811594,272,240
5315,2025-01-18 17:17:10.811594,272,629
5316,2025-01-18 17:17:10.811594,272,644
5317,2025-01-18 17:17:10.811594,272,408
5318,2025-01-18 17:17:10.811594,272,341
5319,2025-01-18 17:17:10.811594,272,445
5320,2025-01-18 17:17:10.811594,272,258
5321,2025-01-18 17:17:10.811594,272,529
5322,2025-01-18 17:17:10.811594,272,510
5323,2025-01-18 17:17:10.811594,272,409
5324,2025-01-18 17:17:10.811594,272,303
5325,2025-01-18 17:17:10.811594,273,645
5326,2025-01-18 17:17:10.811594,273,612
5327,2025-01-18 17:17:10.811594,273,337
5328,2025-01-18 17:17:10.811594,273,648
5329,2025-01-18 17:17:10.811594,273,505
5330,2025-01-18 17:17:10.811594,273,600
5331,2025-01-18 17:17:10.811594,273,493
5332,2025-01-18 17:17:10.811594,273,468
5333,2025-01-18 17:17:10.811594,273,317
5334,2025-01-18 17:17:10.811594,273,249
5335,2025-01-18 17:17:10.811594,273,568
5336,2025-01-18 17:17:10.811594,273,530
5337,2025-01-18 17:17:10.811594,273,350
5338,2025-01-18 17:17:10.811594,273,396
5339,2025-01-18 17:17:10.811594,274,309
5340,2025-01-18 17:17:10.811594,274,354
5341,2025-01-18 17:17:10.811594,274,387
5342,2025-01-18 17:17:10.811594,274,307
5343,2025-01-18 17:17:10.811594,274,615
5344,2025-01-18 17:17:10.811594,274,637
5345,2025-01-18 17:17:10.811594,274,385
5346,2025-01-18 17:17:10.811594,274,382
5347,2025-01-18 17:17:10.811594,274,466
5348,2025-01-18 17:17:10.811594,274,599
5349,2025-01-18 17:17:10.811594,274,502
5350,2025-01-18 17:17:10.811594,274,347
5351,2025-01-18 17:17:10.811594,274,475
5352,2025-01-18 17:17:10.811594,274,588
5353,2025-01-18 17:17:10.811594,274,482
5354,2025-01-18 17:17:10.811594,274,616
5355,2025-01-18 17:17:10.811594,275,296
5356,2025-01-18 17:17:10.811594,275,395
5357,2025-01-18 17:17:10.811594,275,234
5358,2025-01-18 17:17:10.811594,275,522
5359,2025-01-18 17:17:10.811594,275,392
5360,2025-01-18 17:17:10.811594,275,306
5361,2025-01-18 17:17:10.811594,275,317
5362,2025-01-18 17:17:10.811594,275,581
5363,2025-01-18 17:17:10.811594,275,199
5364,2025-01-18 17:17:10.811594,275,432
5365,2025-01-18 17:17:10.811594,275,548
5366,2025-01-18 17:17:10.811594,275,258
5367,2025-01-18 17:17:10.811594,275,379
5368,2025-01-18 17:17:10.811594,275,397
5369,2025-01-18 17:17:10.811594,275,402
5370,2025-01-18 17:17:10.811594,275,642
5371,2025-01-18 17:17:10.811594,275,215
5372,2025-01-18 17:17:10.811594,275,517
5373,2025-01-18 17:17:10.811594,276,503
5374,2025-01-18 17:17:10.811594,276,198
5375,2025-01-18 17:17:10.811594,276,201
5376,2025-01-18 17:17:10.811594,276,229
5377,2025-01-18 17:17:10.811594,276,407
5378,2025-01-18 17:17:10.811594,276,334
5379,2025-01-18 17:17:10.811594,276,238
5380,2025-01-18 17:17:10.811594,276,665
5381,2025-01-18 17:17:10.811594,276,299
5382,2025-01-18 17:17:10.811594,276,344
5383,2025-01-18 17:17:10.811594,276,336
5384,2025-01-18 17:17:10.811594,276,210
5385,2025-01-18 17:17:10.811594,276,226
5386,2025-01-18 17:17:10.811594,276,262
5387,2025-01-18 17:17:10.811594,276,616
5388,2025-01-18 17:17:10.811594,276,610
5389,2025-01-18 17:17:10.811594,276,452
5390,2025-01-18 17:17:10.811594,277,469
5391,2025-01-18 17:17:10.811594,277,554
5392,2025-01-18 17:17:10.811594,277,261
5393,2025-01-18 17:17:10.811594,277,548
5394,2025-01-18 17:17:10.812590,277,338
5395,2025-01-18 17:17:10.812590,277,490
5396,2025-01-18 17:17:10.812590,277,580
5397,2025-01-18 17:17:10.812590,277,232
5398,2025-01-18 17:17:10.812590,277,405
5399,2025-01-18 17:17:10.812590,277,578
5400,2025-01-18 17:17:10.812590,277,310
5401,2025-01-18 17:17:10.812590,277,343
5402,2025-01-18 17:17:10.812590,277,485
5403,2025-01-18 17:17:10.812590,277,224
5404,2025-01-18 17:17:10.812590,277,195
5405,2025-01-18 17:17:10.812590,278,545
5406,2025-01-18 17:17:10.812590,278,579
5407,2025-01-18 17:17:10.812590,278,574
5408,2025-01-18 17:17:10.812590,278,394
5409,2025-01-18 17:17:10.812590,278,312
5410,2025-01-18 17:17:10.812590,278,448
5411,2025-01-18 17:17:10.812590,278,479
5412,2025-01-18 17:17:10.812590,278,205
5413,2025-01-18 17:17:10.812590,278,569
5414,2025-01-18 17:17:10.812590,278,320
5415,2025-01-18 17:17:10.812590,278,515
5416,2025-01-18 17:17:10.812590,278,522
5417,2025-01-18 17:17:10.812590,278,263
5418,2025-01-18 17:17:10.812590,278,285
5419,2025-01-18 17:17:10.812590,278,533
5420,2025-01-18 17:17:10.812590,278,504
5421,2025-01-18 17:17:10.812590,279,458
5422,2025-01-18 17:17:10.812590,279,542
5423,2025-01-18 17:17:10.812590,279,400
5424,2025-01-18 17:17:10.812590,279,326
5425,2025-01-18 17:17:10.812590,279,442
5426,2025-01-18 17:17:10.812590,279,206
5427,2025-01-18 17:17:10.812590,279,221
5428,2025-01-18 17:17:10.812590,279,637
5429,2025-01-18 17:17:10.812590,279,234
5430,2025-01-18 17:17:10.812590,279,593
5431,2025-01-18 17:17:10.812590,280,429
5432,2025-01-18 17:17:10.812590,280,547
5433,2025-01-18 17:17:10.812590,280,556
5434,2025-01-18 17:17:10.812590,280,463
5435,2025-01-18 17:17:10.812590,280,267
5436,2025-01-18 17:17:10.812590,280,238
5437,2025-01-18 17:17:10.812590,280,302
5438,2025-01-18 17:17:10.812590,280,596
5439,2025-01-18 17:17:10.812590,280,290
5440,2025-01-18 17:17:10.812590,280,373
5441,2025-01-18 17:17:10.812590,280,474
5442,2025-01-18 17:17:10.812590,280,498
5443,2025-01-18 17:17:10.812590,280,260
5444,2025-01-18 17:17:10.812590,280,539
5445,2025-01-18 17:17:10.812590,280,467
5446,2025-01-18 17:17:10.812590,280,247
5447,2025-01-18 17:17:10.812590,280,636
5448,2025-01-18 17:17:10.812590,280,377
5449,2025-01-18 17:17:10.812590,281,387
5450,2025-01-18 17:17:10.812590,281,459
5451,2025-01-18 17:17:10.812590,281,268
5452,2025-01-18 17:17:10.812590,281,244
5453,2025-01-18 17:17:10.812590,281,377
5454,2025-01-18 17:17:10.812590,281,339
5455,2025-01-18 17:17:10.812590,281,283
5456,2025-01-18 17:17:10.812590,281,612
5457,2025-01-18 17:17:10.812590,281,498
5458,2025-01-18 17:17:10.812590,281,209
5459,2025-01-18 17:17:10.812590,281,330
5460,2025-01-18 17:17:10.812590,281,553
5461,2025-01-18 17:17:10.812590,281,583
5462,2025-01-18 17:17:10.812590,281,289
5463,2025-01-18 17:17:10.812590,282,393
5464,2025-01-18 17:17:10.812590,282,325
5465,2025-01-18 17:17:10.812590,282,460
5466,2025-01-18 17:17:10.812590,282,414
5467,2025-01-18 17:17:10.812590,282,208
5468,2025-01-18 17:17:10.812590,282,427
5469,2025-01-18 17:17:10.812590,282,304
5470,2025-01-18 17:17:10.812590,282,424
5471,2025-01-18 17:17:10.812590,282,285
5472,2025-01-18 17:17:10.812590,282,290
5473,2025-01-18 17:17:10.812590,282,658
5474,2025-01-18 17:17:10.812590,282,538
5475,2025-01-18 17:17:10.812590,283,213
5476,2025-01-18 17:17:10.812590,283,282
5477,2025-01-18 17:17:10.812590,283,387
5478,2025-01-18 17:17:10.812590,283,294
5479,2025-01-18 17:17:10.812590,283,274
5480,2025-01-18 17:17:10.812590,283,308
5481,2025-01-18 17:17:10.812590,283,585
5482,2025-01-18 17:17:10.812590,283,343
5483,2025-01-18 17:17:10.812590,283,439
5484,2025-01-18 17:17:10.812590,283,268
5485,2025-01-18 17:17:10.812590,283,654
5486,2025-01-18 17:17:10.812590,284,346
5487,2025-01-18 17:17:10.812590,284,463
5488,2025-01-18 17:17:10.812590,284,621
5489,2025-01-18 17:17:10.812590,284,664
5490,2025-01-18 17:17:10.812590,284,293
5491,2025-01-18 17:17:10.812590,284,481
5492,2025-01-18 17:17:10.813588,284,411
5493,2025-01-18 17:17:10.813588,284,501
5494,2025-01-18 17:17:10.813588,284,198
5495,2025-01-18 17:17:10.813588,284,285
5496,2025-01-18 17:17:10.813588,285,526
5497,2025-01-18 17:17:10.813588,285,496
5498,2025-01-18 17:17:10.813588,285,376
5499,2025-01-18 17:17:10.813588,285,267
5500,2025-01-18 17:17:10.813588,285,452
5501,2025-01-18 17:17:10.813588,285,568
5502,2025-01-18 17:17:10.813588,285,659
5503,2025-01-18 17:17:10.813588,285,479
5504,2025-01-18 17:17:10.813588,285,449
5505,2025-01-18 17:17:10.813588,285,501
5506,2025-01-18 17:17:10.813588,285,409
5507,2025-01-18 17:17:10.813588,285,395
5508,2025-01-18 17:17:10.813588,285,545
5509,2025-01-18 17:17:10.813588,285,658
5510,2025-01-18 17:17:10.813588,285,204
5511,2025-01-18 17:17:10.813588,285,575
5512,2025-01-18 17:17:10.813588,285,391
5513,2025-01-18 17:17:10.813588,285,314
5514,2025-01-18 17:17:10.813588,286,582
5515,2025-01-18 17:17:10.813588,286,346
5516,2025-01-18 17:17:10.813588,286,560
5517,2025-01-18 17:17:10.813588,286,299
5518,2025-01-18 17:17:10.813588,286,409
5519,2025-01-18 17:17:10.813588,286,417
5520,2025-01-18 17:17:10.813588,286,634
5521,2025-01-18 17:17:10.813588,286,660
5522,2025-01-18 17:17:10.813588,286,556
5523,2025-01-18 17:17:10.813588,286,272
5524,2025-01-18 17:17:10.813588,286,356
5525,2025-01-18 17:17:10.813588,286,506
5526,2025-01-18 17:17:10.813588,286,632
5527,2025-01-18 17:17:10.813588,286,254
5528,2025-01-18 17:17:10.813588,286,217
5529,2025-01-18 17:17:10.813588,286,473
5530,2025-01-18 17:17:10.813588,287,274
5531,2025-01-18 17:17:10.813588,287,456
5532,2025-01-18 17:17:10.813588,287,590
5533,2025-01-18 17:17:10.813588,287,296
5534,2025-01-18 17:17:10.813588,287,408
5535,2025-01-18 17:17:10.813588,287,623
5536,2025-01-18 17:17:10.813588,287,324
5537,2025-01-18 17:17:10.813588,287,298
5538,2025-01-18 17:17:10.813588,287,549
5539,2025-01-18 17:17:10.813588,287,399
5540,2025-01-18 17:17:10.813588,287,327
5541,2025-01-18 17:17:10.813588,287,488
5542,2025-01-18 17:17:10.813588,287,328
5543,2025-01-18 17:17:10.813588,287,579
5544,2025-01-18 17:17:10.813588,288,290
5545,2025-01-18 17:17:10.813588,288,479
5546,2025-01-18 17:17:10.813588,288,566
5547,2025-01-18 17:17:10.813588,288,292
5548,2025-01-18 17:17:10.813588,288,369
5549,2025-01-18 17:17:10.813588,288,321
5550,2025-01-18 17:17:10.813588,288,552
5551,2025-01-18 17:17:10.813588,288,299
5552,2025-01-18 17:17:10.813588,288,661
5553,2025-01-18 17:17:10.813588,288,576
5554,2025-01-18 17:17:10.813588,288,235
5555,2025-01-18 17:17:10.813588,288,317
5556,2025-01-18 17:17:10.813588,288,211
5557,2025-01-18 17:17:10.813588,289,194
5558,2025-01-18 17:17:10.813588,289,528
5559,2025-01-18 17:17:10.813588,289,518
5560,2025-01-18 17:17:10.813588,289,277
5561,2025-01-18 17:17:10.813588,289,629
5562,2025-01-18 17:17:10.813588,289,540
5563,2025-01-18 17:17:10.813588,289,325
5564,2025-01-18 17:17:10.813588,289,597
5565,2025-01-18 17:17:10.813588,289,310
5566,2025-01-18 17:17:10.813588,289,554
5567,2025-01-18 17:17:10.813588,289,621
5568,2025-01-18 17:17:10.813588,289,548
5569,2025-01-18 17:17:10.813588,289,330
5570,2025-01-18 17:17:10.813588,289,552
5571,2025-01-18 17:17:10.813588,289,253
5572,2025-01-18 17:17:10.817577,289,353
5573,2025-01-18 17:17:10.817577,289,475
5574,2025-01-18 17:17:10.817577,289,413
5575,2025-01-18 17:17:10.817577,289,591
5576,2025-01-18 17:17:10.817577,290,479
5577,2025-01-18 17:17:10.817577,290,199
5578,2025-01-18 17:17:10.817577,290,631
5579,2025-01-18 17:17:10.817577,290,308
5580,2025-01-18 17:17:10.817577,290,557
5581,2025-01-18 17:17:10.817577,290,304
5582,2025-01-18 17:17:10.818575,290,660
5583,2025-01-18 17:17:10.818575,290,617
5584,2025-01-18 17:17:10.818575,290,372
5585,2025-01-18 17:17:10.818575,290,434
5586,2025-01-18 17:17:10.818575,290,417
5587,2025-01-18 17:17:10.818575,290,289
5588,2025-01-18 17:17:10.818575,290,639
5589,2025-01-18 17:17:10.818575,291,383
5590,2025-01-18 17:17:10.818575,291,518
5591,2025-01-18 17:17:10.818575,291,363
5592,2025-01-18 17:17:10.818575,291,611
5593,2025-01-18 17:17:10.818575,291,327
5594,2025-01-18 17:17:10.818575,291,339
5595,2025-01-18 17:17:10.818575,291,298
5596,2025-01-18 17:17:10.818575,291,652
5597,2025-01-18 17:17:10.818575,291,629
5598,2025-01-18 17:17:10.818575,291,600
5599,2025-01-18 17:17:10.818575,291,224
5600,2025-01-18 17:17:10.818575,291,279
5601,2025-01-18 17:17:10.818575,291,360
5602,2025-01-18 17:17:10.818575,291,365
5603,2025-01-18 17:17:10.818575,291,538
5604,2025-01-18 17:17:10.818575,292,578
5605,2025-01-18 17:17:10.818575,292,447
5606,2025-01-18 17:17:10.818575,292,501
5607,2025-01-18 17:17:10.818575,292,366
5608,2025-01-18 17:17:10.818575,292,208
5609,2025-01-18 17:17:10.818575,292,201
5610,2025-01-18 17:17:10.818575,292,288
5611,2025-01-18 17:17:10.818575,292,388
5612,2025-01-18 17:17:10.818575,292,515
5613,2025-01-18 17:17:10.818575,292,522
5614,2025-01-18 17:17:10.818575,292,454
5615,2025-01-18 17:17:10.818575,292,237
5616,2025-01-18 17:17:10.818575,292,458
5617,2025-01-18 17:17:10.818575,293,415
5618,2025-01-18 17:17:10.818575,293,311
5619,2025-01-18 17:17:10.818575,293,576
5620,2025-01-18 17:17:10.818575,293,395
5621,2025-01-18 17:17:10.818575,293,376
5622,2025-01-18 17:17:10.818575,293,504
5623,2025-01-18 17:17:10.818575,293,359
5624,2025-01-18 17:17:10.818575,293,581
5625,2025-01-18 17:17:10.818575,293,387
5626,2025-01-18 17:17:10.818575,293,575
5627,2025-01-18 17:17:10.818575,293,549
5628,2025-01-18 17:17:10.818575,293,218
5629,2025-01-18 17:17:10.818575,293,398
5630,2025-01-18 17:17:10.818575,293,241
5631,2025-01-18 17:17:10.818575,293,205
5632,2025-01-18 17:17:10.818575,293,627
5633,2025-01-18 17:17:10.818575,293,256
5634,2025-01-18 17:17:10.818575,294,330
5635,2025-01-18 17:17:10.818575,294,311
5636,2025-01-18 17:17:10.818575,294,637
5637,2025-01-18 17:17:10.818575,294,499
5638,2025-01-18 17:17:10.818575,294,645
5639,2025-01-18 17:17:10.818575,294,531
5640,2025-01-18 17:17:10.818575,294,597
5641,2025-01-18 17:17:10.818575,294,664
5642,2025-01-18 17:17:10.818575,294,611
5643,2025-01-18 17:17:10.818575,294,396
5644,2025-01-18 17:17:10.818575,294,662
5645,2025-01-18 17:17:10.818575,294,594
5646,2025-01-18 17:17:10.818575,294,368
5647,2025-01-18 17:17:10.818575,294,196
5648,2025-01-18 17:17:10.818575,294,520
5649,2025-01-18 17:17:10.818575,295,633
5650,2025-01-18 17:17:10.818575,295,554
5651,2025-01-18 17:17:10.818575,295,255
5652,2025-01-18 17:17:10.818575,295,578
5653,2025-01-18 17:17:10.818575,295,423
5654,2025-01-18 17:17:10.818575,295,530
5655,2025-01-18 17:17:10.818575,295,200
5656,2025-01-18 17:17:10.818575,295,548
5657,2025-01-18 17:17:10.818575,295,632
5658,2025-01-18 17:17:10.818575,295,630
5659,2025-01-18 17:17:10.818575,295,302
5660,2025-01-18 17:17:10.818575,295,512
5661,2025-01-18 17:17:10.818575,295,334
5662,2025-01-18 17:17:10.818575,295,216
5663,2025-01-18 17:17:10.818575,295,515
5664,2025-01-18 17:17:10.818575,295,447
5665,2025-01-18 17:17:10.818575,295,422
5666,2025-01-18 17:17:10.818575,295,561
5667,2025-01-18 17:17:10.818575,295,648
5668,2025-01-18 17:17:10.818575,295,539
5669,2025-01-18 17:17:10.818575,296,276
5670,2025-01-18 17:17:10.818575,296,304
5671,2025-01-18 17:17:10.818575,296,465
5672,2025-01-18 17:17:10.818575,296,268
5673,2025-01-18 17:17:10.818575,296,334
5674,2025-01-18 17:17:10.818575,296,473
5675,2025-01-18 17:17:10.818575,296,314
5676,2025-01-18 17:17:10.818575,296,390
5677,2025-01-18 17:17:10.818575,296,603
5678,2025-01-18 17:17:10.818575,296,571
5679,2025-01-18 17:17:10.818575,296,503
5680,2025-01-18 17:17:10.819572,297,543
5681,2025-01-18 17:17:10.819572,297,221
5682,2025-01-18 17:17:10.819572,297,340
5683,2025-01-18 17:17:10.819572,297,650
5684,2025-01-18 17:17:10.819572,297,614
5685,2025-01-18 17:17:10.819572,297,492
5686,2025-01-18 17:17:10.819572,297,440
5687,2025-01-18 17:17:10.819572,297,520
5688,2025-01-18 17:17:10.819572,297,286
5689,2025-01-18 17:17:10.819572,297,321
5690,2025-01-18 17:17:10.819572,297,294
5691,2025-01-18 17:17:10.819572,297,661
5692,2025-01-18 17:17:10.819572,298,302
5693,2025-01-18 17:17:10.819572,298,363
5694,2025-01-18 17:17:10.819572,298,218
5695,2025-01-18 17:17:10.819572,298,643
5696,2025-01-18 17:17:10.819572,298,395
5697,2025-01-18 17:17:10.819572,298,507
5698,2025-01-18 17:17:10.819572,298,419
5699,2025-01-18 17:17:10.819572,298,590
5700,2025-01-18 17:17:10.819572,298,437
5701,2025-01-18 17:17:10.819572,298,570
5702,2025-01-18 17:17:10.819572,298,436
5703,2025-01-18 17:17:10.819572,298,638
5704,2025-01-18 17:17:10.819572,298,489
5705,2025-01-18 17:17:10.819572,298,538
5706,2025-01-18 17:17:10.819572,298,247
5707,2025-01-18 17:17:10.819572,299,566
5708,2025-01-18 17:17:10.819572,299,406
5709,2025-01-18 17:17:10.819572,299,529
5710,2025-01-18 17:17:10.819572,299,399
5711,2025-01-18 17:17:10.819572,299,222
5712,2025-01-18 17:17:10.819572,299,576
5713,2025-01-18 17:17:10.819572,299,343
5714,2025-01-18 17:17:10.819572,299,288
5715,2025-01-18 17:17:10.819572,299,267
5716,2025-01-18 17:17:10.819572,299,658
5717,2025-01-18 17:17:10.819572,299,363
5718,2025-01-18 17:17:10.819572,299,572
5719,2025-01-18 17:17:10.819572,300,330
5720,2025-01-18 17:17:10.819572,300,592
5721,2025-01-18 17:17:10.819572,300,326
5722,2025-01-18 17:17:10.819572,300,651
5723,2025-01-18 17:17:10.819572,300,536
5724,2025-01-18 17:17:10.819572,300,540
5725,2025-01-18 17:17:10.819572,300,652
5726,2025-01-18 17:17:10.819572,300,350
5727,2025-01-18 17:17:10.819572,300,600
5728,2025-01-18 17:17:10.819572,300,464
5729,2025-01-18 17:17:10.819572,300,619
5730,2025-01-18 17:17:10.819572,301,636
5731,2025-01-18 17:17:10.819572,301,645
5732,2025-01-18 17:17:10.819572,301,390
5733,2025-01-18 17:17:10.819572,301,252
5734,2025-01-18 17:17:10.819572,301,633
5735,2025-01-18 17:17:10.819572,301,255
5736,2025-01-18 17:17:10.819572,301,322
5737,2025-01-18 17:17:10.820570,301,540
5738,2025-01-18 17:17:10.820570,301,583
5739,2025-01-18 17:17:10.820570,301,630
5740,2025-01-18 17:17:10.820570,301,552
5741,2025-01-18 17:17:10.820570,301,304
5742,2025-01-18 17:17:10.820570,301,375
5743,2025-01-18 17:17:10.820570,301,557
5744,2025-01-18 17:17:10.820570,301,462
5745,2025-01-18 17:17:10.820570,301,424
5746,2025-01-18 17:17:10.820570,301,356
5747,2025-01-18 17:17:10.820570,302,435
5748,2025-01-18 17:17:10.820570,302,350
5749,2025-01-18 17:17:10.820570,302,556
5750,2025-01-18 17:17:10.820570,302,236
5751,2025-01-18 17:17:10.820570,302,329
5752,2025-01-18 17:17:10.820570,302,555
5753,2025-01-18 17:17:10.820570,302,203
5754,2025-01-18 17:17:10.820570,302,376
5755,2025-01-18 17:17:10.820570,302,412
5756,2025-01-18 17:17:10.820570,302,599
5757,2025-01-18 17:17:10.820570,302,383
5758,2025-01-18 17:17:10.820570,302,205
5759,2025-01-18 17:17:10.820570,302,565
5760,2025-01-18 17:17:10.820570,302,528
5761,2025-01-18 17:17:10.820570,302,436
5762,2025-01-18 17:17:10.820570,302,360
5763,2025-01-18 17:17:10.820570,302,525
5764,2025-01-18 17:17:10.820570,302,554
5765,2025-01-18 17:17:10.820570,302,206
5766,2025-01-18 17:17:10.820570,303,479
5767,2025-01-18 17:17:10.820570,303,199
5768,2025-01-18 17:17:10.820570,303,400
5769,2025-01-18 17:17:10.820570,303,606
5770,2025-01-18 17:17:10.820570,303,416
5771,2025-01-18 17:17:10.820570,303,264
5772,2025-01-18 17:17:10.820570,303,599
5773,2025-01-18 17:17:10.820570,303,380
5774,2025-01-18 17:17:10.820570,303,523
5775,2025-01-18 17:17:10.820570,303,583
5776,2025-01-18 17:17:10.820570,303,308
5777,2025-01-18 17:17:10.820570,304,223
5778,2025-01-18 17:17:10.820570,304,458
5779,2025-01-18 17:17:10.820570,304,349
5780,2025-01-18 17:17:10.820570,304,452
5781,2025-01-18 17:17:10.820570,304,211
5782,2025-01-18 17:17:10.820570,304,294
5783,2025-01-18 17:17:10.820570,304,546
5784,2025-01-18 17:17:10.820570,304,325
5785,2025-01-18 17:17:10.820570,304,290
5786,2025-01-18 17:17:10.820570,304,476
5787,2025-01-18 17:17:10.820570,305,292
5788,2025-01-18 17:17:10.820570,305,485
5789,2025-01-18 17:17:10.820570,305,601
5790,2025-01-18 17:17:10.820570,305,366
5791,2025-01-18 17:17:10.820570,305,580
5792,2025-01-18 17:17:10.820570,305,487
5793,2025-01-18 17:17:10.820570,305,470
5794,2025-01-18 17:17:10.820570,305,207
5795,2025-01-18 17:17:10.820570,305,385
5796,2025-01-18 17:17:10.820570,305,549
5797,2025-01-18 17:17:10.820570,305,219
5798,2025-01-18 17:17:10.820570,305,666
5799,2025-01-18 17:17:10.820570,305,432
5800,2025-01-18 17:17:10.820570,305,433
5801,2025-01-18 17:17:10.820570,305,211
5802,2025-01-18 17:17:10.820570,305,223
5803,2025-01-18 17:17:10.820570,305,494
5804,2025-01-18 17:17:10.820570,305,563
5805,2025-01-18 17:17:10.820570,306,463
5806,2025-01-18 17:17:10.820570,306,521
5807,2025-01-18 17:17:10.820570,306,389
5808,2025-01-18 17:17:10.820570,306,212
5809,2025-01-18 17:17:10.820570,306,254
5810,2025-01-18 17:17:10.820570,306,636
5811,2025-01-18 17:17:10.820570,306,233
5812,2025-01-18 17:17:10.820570,306,513
5813,2025-01-18 17:17:10.820570,306,278
5814,2025-01-18 17:17:10.821568,306,265
5815,2025-01-18 17:17:10.821568,307,551
5816,2025-01-18 17:17:10.821568,307,631
5817,2025-01-18 17:17:10.821568,307,375
5818,2025-01-18 17:17:10.821568,307,430
5819,2025-01-18 17:17:10.821568,307,589
5820,2025-01-18 17:17:10.821568,307,470
5821,2025-01-18 17:17:10.821568,307,282
5822,2025-01-18 17:17:10.821568,307,508
5823,2025-01-18 17:17:10.821568,307,258
5824,2025-01-18 17:17:10.821568,307,650
5825,2025-01-18 17:17:10.821568,307,543
5826,2025-01-18 17:17:10.821568,307,407
5827,2025-01-18 17:17:10.821568,308,523
5828,2025-01-18 17:17:10.821568,308,550
5829,2025-01-18 17:17:10.821568,308,389
5830,2025-01-18 17:17:10.821568,308,239
5831,2025-01-18 17:17:10.821568,308,456
5832,2025-01-18 17:17:10.821568,308,483
5833,2025-01-18 17:17:10.821568,308,350
5834,2025-01-18 17:17:10.821568,308,287
5835,2025-01-18 17:17:10.821568,308,497
5836,2025-01-18 17:17:10.821568,308,558
5837,2025-01-18 17:17:10.821568,308,372
5838,2025-01-18 17:17:10.821568,308,401
5839,2025-01-18 17:17:10.821568,308,377
5840,2025-01-18 17:17:10.821568,308,432
5841,2025-01-18 17:17:10.821568,308,446
5842,2025-01-18 17:17:10.821568,308,246
5843,2025-01-18 17:17:10.821568,308,410
5844,2025-01-18 17:17:10.821568,308,586
5845,2025-01-18 17:17:10.821568,309,627
5846,2025-01-18 17:17:10.821568,309,213
5847,2025-01-18 17:17:10.821568,309,542
5848,2025-01-18 17:17:10.821568,309,591
5849,2025-01-18 17:17:10.821568,309,419
5850,2025-01-18 17:17:10.821568,309,355
5851,2025-01-18 17:17:10.821568,309,604
5852,2025-01-18 17:17:10.821568,309,600
5853,2025-01-18 17:17:10.821568,309,405
5854,2025-01-18 17:17:10.821568,309,349
5855,2025-01-18 17:17:10.821568,309,435
5856,2025-01-18 17:17:10.821568,310,470
5857,2025-01-18 17:17:10.821568,310,271
5858,2025-01-18 17:17:10.821568,310,588
5859,2025-01-18 17:17:10.821568,310,248
5860,2025-01-18 17:17:10.821568,310,502
5861,2025-01-18 17:17:10.821568,310,528
5862,2025-01-18 17:17:10.821568,310,265
5863,2025-01-18 17:17:10.821568,310,624
5864,2025-01-18 17:17:10.821568,310,649
5865,2025-01-18 17:17:10.821568,310,364
5866,2025-01-18 17:17:10.821568,310,308
5867,2025-01-18 17:17:10.821568,310,480
5868,2025-01-18 17:17:10.821568,310,352
5869,2025-01-18 17:17:10.821568,310,458
5870,2025-01-18 17:17:10.821568,310,569
5871,2025-01-18 17:17:10.821568,310,536
5872,2025-01-18 17:17:10.821568,310,597
5873,2025-01-18 17:17:10.821568,311,208
5874,2025-01-18 17:17:10.821568,311,431
5875,2025-01-18 17:17:10.821568,311,324
5876,2025-01-18 17:17:10.821568,311,533
5877,2025-01-18 17:17:10.821568,311,337
5878,2025-01-18 17:17:10.821568,311,498
5879,2025-01-18 17:17:10.821568,311,433
5880,2025-01-18 17:17:10.821568,311,547
5881,2025-01-18 17:17:10.821568,311,302
5882,2025-01-18 17:17:10.821568,311,480
5883,2025-01-18 17:17:10.821568,311,304
5884,2025-01-18 17:17:10.821568,311,343
5885,2025-01-18 17:17:10.821568,311,305
5886,2025-01-18 17:17:10.821568,311,346
5887,2025-01-18 17:17:10.821568,311,328
5888,2025-01-18 17:17:10.821568,311,528
5889,2025-01-18 17:17:10.821568,311,477
5890,2025-01-18 17:17:10.821568,311,230
5891,2025-01-18 17:17:10.821568,312,282
5892,2025-01-18 17:17:10.821568,312,240
5893,2025-01-18 17:17:10.821568,312,618
5894,2025-01-18 17:17:10.821568,312,255
5895,2025-01-18 17:17:10.821568,312,544
5896,2025-01-18 17:17:10.821568,312,348
5897,2025-01-18 17:17:10.821568,312,231
5898,2025-01-18 17:17:10.821568,312,396
5899,2025-01-18 17:17:10.821568,312,354
5900,2025-01-18 17:17:10.821568,312,649
5901,2025-01-18 17:17:10.821568,312,214
5902,2025-01-18 17:17:10.821568,312,614
5903,2025-01-18 17:17:10.821568,313,609
5904,2025-01-18 17:17:10.821568,313,578
5905,2025-01-18 17:17:10.826554,313,349
5906,2025-01-18 17:17:10.826554,313,507
5907,2025-01-18 17:17:10.826554,313,300
5908,2025-01-18 17:17:10.826554,313,313
5909,2025-01-18 17:17:10.826554,313,491
5910,2025-01-18 17:17:10.826554,313,272
5911,2025-01-18 17:17:10.826554,313,478
5912,2025-01-18 17:17:10.826554,313,265
5913,2025-01-18 17:17:10.826554,313,634
5914,2025-01-18 17:17:10.826554,313,236
5915,2025-01-18 17:17:10.826554,313,611
5916,2025-01-18 17:17:10.826554,313,329
5917,2025-01-18 17:17:10.826554,313,194
5918,2025-01-18 17:17:10.826554,313,608
5919,2025-01-18 17:17:10.826554,313,254
5920,2025-01-18 17:17:10.826554,313,461
5921,2025-01-18 17:17:10.827551,314,458
5922,2025-01-18 17:17:10.827551,314,548
5923,2025-01-18 17:17:10.827551,314,601
5924,2025-01-18 17:17:10.827551,314,359
5925,2025-01-18 17:17:10.827551,314,341
5926,2025-01-18 17:17:10.827551,314,349
5927,2025-01-18 17:17:10.827551,314,343
5928,2025-01-18 17:17:10.827551,314,197
5929,2025-01-18 17:17:10.827551,314,243
5930,2025-01-18 17:17:10.827551,314,238
5931,2025-01-18 17:17:10.827551,314,379
5932,2025-01-18 17:17:10.827551,314,376
5933,2025-01-18 17:17:10.827551,314,549
5934,2025-01-18 17:17:10.827551,314,455
5935,2025-01-18 17:17:10.827551,314,361
5936,2025-01-18 17:17:10.827551,314,257
5937,2025-01-18 17:17:10.827551,314,263
5938,2025-01-18 17:17:10.827551,314,502
5939,2025-01-18 17:17:10.827551,315,478
5940,2025-01-18 17:17:10.827551,315,664
5941,2025-01-18 17:17:10.827551,315,494
5942,2025-01-18 17:17:10.827551,315,487
5943,2025-01-18 17:17:10.827551,315,442
5944,2025-01-18 17:17:10.827551,315,639
5945,2025-01-18 17:17:10.827551,315,208
5946,2025-01-18 17:17:10.827551,315,541
5947,2025-01-18 17:17:10.827551,315,407
5948,2025-01-18 17:17:10.827551,315,461
5949,2025-01-18 17:17:10.827551,315,214
5950,2025-01-18 17:17:10.827551,315,661
5951,2025-01-18 17:17:10.827551,315,578
5952,2025-01-18 17:17:10.827551,315,444
5953,2025-01-18 17:17:10.827551,315,500
5954,2025-01-18 17:17:10.827551,315,583
5955,2025-01-18 17:17:10.827551,315,481
5956,2025-01-18 17:17:10.827551,315,467
5957,2025-01-18 17:17:10.827551,315,382
5958,2025-01-18 17:17:10.827551,315,562
5959,2025-01-18 17:17:10.827551,316,433
5960,2025-01-18 17:17:10.827551,316,278
5961,2025-01-18 17:17:10.827551,316,502
5962,2025-01-18 17:17:10.827551,316,233
5963,2025-01-18 17:17:10.827551,316,312
5964,2025-01-18 17:17:10.827551,316,360
5965,2025-01-18 17:17:10.827551,316,399
5966,2025-01-18 17:17:10.827551,316,545
5967,2025-01-18 17:17:10.827551,316,504
5968,2025-01-18 17:17:10.827551,316,382
5969,2025-01-18 17:17:10.827551,316,288
5970,2025-01-18 17:17:10.827551,316,647
5971,2025-01-18 17:17:10.827551,316,633
5972,2025-01-18 17:17:10.827551,316,512
5973,2025-01-18 17:17:10.827551,316,588
5974,2025-01-18 17:17:10.827551,316,377
5975,2025-01-18 17:17:10.827551,316,500
5976,2025-01-18 17:17:10.827551,316,629
5977,2025-01-18 17:17:10.827551,317,205
5978,2025-01-18 17:17:10.827551,317,576
5979,2025-01-18 17:17:10.827551,317,363
5980,2025-01-18 17:17:10.827551,317,431
5981,2025-01-18 17:17:10.827551,317,608
5982,2025-01-18 17:17:10.827551,317,252
5983,2025-01-18 17:17:10.827551,317,315
5984,2025-01-18 17:17:10.827551,317,568
5985,2025-01-18 17:17:10.827551,317,506
5986,2025-01-18 17:17:10.827551,317,496
5987,2025-01-18 17:17:10.827551,317,327
5988,2025-01-18 17:17:10.827551,317,313
5989,2025-01-18 17:17:10.827551,317,215
5990,2025-01-18 17:17:10.827551,317,209
5991,2025-01-18 17:17:10.827551,318,599
5992,2025-01-18 17:17:10.827551,318,591
5993,2025-01-18 17:17:10.827551,318,473
5994,2025-01-18 17:17:10.827551,318,463
5995,2025-01-18 17:17:10.827551,318,452
5996,2025-01-18 17:17:10.827551,318,578
5997,2025-01-18 17:17:10.827551,318,519
5998,2025-01-18 17:17:10.827551,318,247
5999,2025-01-18 17:17:10.827551,318,373
6000,2025-01-18 17:17:10.827551,318,606
6001,2025-01-18 17:17:10.827551,318,571
6002,2025-01-18 17:17:10.827551,318,335
6003,2025-01-18 17:17:10.827551,318,430
6004,2025-01-18 17:17:10.827551,318,537
6005,2025-01-18 17:17:10.827551,318,654
6006,2025-01-18 17:17:10.827551,318,343
6007,2025-01-18 17:17:10.827551,318,268
6008,2025-01-18 17:17:10.827551,319,216
6009,2025-01-18 17:17:10.827551,319,485
6010,2025-01-18 17:17:10.827551,319,422
6011,2025-01-18 17:17:10.827551,319,588
6012,2025-01-18 17:17:10.827551,319,558
6013,2025-01-18 17:17:10.827551,319,234
6014,2025-01-18 17:17:10.827551,319,504
6015,2025-01-18 17:17:10.827551,319,252
6016,2025-01-18 17:17:10.827551,319,214
6017,2025-01-18 17:17:10.827551,319,389
6018,2025-01-18 17:17:10.827551,320,452
6019,2025-01-18 17:17:10.827551,320,422
6020,2025-01-18 17:17:10.828548,320,643
6021,2025-01-18 17:17:10.828548,320,634
6022,2025-01-18 17:17:10.828548,320,418
6023,2025-01-18 17:17:10.828548,320,654
6024,2025-01-18 17:17:10.828548,320,253
6025,2025-01-18 17:17:10.828548,320,663
6026,2025-01-18 17:17:10.828548,320,403
6027,2025-01-18 17:17:10.828548,320,641
6028,2025-01-18 17:17:10.828548,320,365
6029,2025-01-18 17:17:10.828548,320,333
6030,2025-01-18 17:17:10.828548,320,354
6031,2025-01-18 17:17:10.828548,320,197
6032,2025-01-18 17:17:10.828548,320,270
6033,2025-01-18 17:17:10.828548,321,507
6034,2025-01-18 17:17:10.828548,321,480
6035,2025-01-18 17:17:10.828548,321,446
6036,2025-01-18 17:17:10.828548,321,516
6037,2025-01-18 17:17:10.828548,321,194
6038,2025-01-18 17:17:10.828548,321,580
6039,2025-01-18 17:17:10.828548,321,592
6040,2025-01-18 17:17:10.828548,321,437
6041,2025-01-18 17:17:10.828548,321,654
6042,2025-01-18 17:17:10.828548,321,657
6043,2025-01-18 17:17:10.828548,322,664
6044,2025-01-18 17:17:10.828548,322,446
6045,2025-01-18 17:17:10.828548,322,638
6046,2025-01-18 17:17:10.828548,322,203
6047,2025-01-18 17:17:10.828548,322,508
6048,2025-01-18 17:17:10.828548,322,296
6049,2025-01-18 17:17:10.828548,322,250
6050,2025-01-18 17:17:10.828548,322,433
6051,2025-01-18 17:17:10.828548,322,335
6052,2025-01-18 17:17:10.828548,322,499
6053,2025-01-18 17:17:10.828548,322,413
6054,2025-01-18 17:17:10.828548,323,523
6055,2025-01-18 17:17:10.828548,323,522
6056,2025-01-18 17:17:10.828548,323,442
6057,2025-01-18 17:17:10.828548,323,228
6058,2025-01-18 17:17:10.828548,323,393
6059,2025-01-18 17:17:10.828548,323,334
6060,2025-01-18 17:17:10.828548,323,276
6061,2025-01-18 17:17:10.828548,323,497
6062,2025-01-18 17:17:10.828548,323,534
6063,2025-01-18 17:17:10.828548,323,428
6064,2025-01-18 17:17:10.828548,323,474
6065,2025-01-18 17:17:10.828548,323,348
6066,2025-01-18 17:17:10.828548,323,645
6067,2025-01-18 17:17:10.828548,323,509
6068,2025-01-18 17:17:10.828548,323,457
6069,2025-01-18 17:17:10.828548,324,425
6070,2025-01-18 17:17:10.828548,324,569
6071,2025-01-18 17:17:10.828548,324,366
6072,2025-01-18 17:17:10.828548,324,513
6073,2025-01-18 17:17:10.828548,324,205
6074,2025-01-18 17:17:10.828548,324,316
6075,2025-01-18 17:17:10.828548,324,479
6076,2025-01-18 17:17:10.828548,324,212
6077,2025-01-18 17:17:10.828548,324,546
6078,2025-01-18 17:17:10.828548,324,462
6079,2025-01-18 17:17:10.828548,325,545
6080,2025-01-18 17:17:10.828548,325,407
6081,2025-01-18 17:17:10.828548,325,261
6082,2025-01-18 17:17:10.828548,325,576
6083,2025-01-18 17:17:10.828548,325,271
6084,2025-01-18 17:17:10.828548,325,447
6085,2025-01-18 17:17:10.828548,325,214
6086,2025-01-18 17:17:10.828548,325,532
6087,2025-01-18 17:17:10.828548,325,240
6088,2025-01-18 17:17:10.828548,325,342
6089,2025-01-18 17:17:10.828548,325,547
6090,2025-01-18 17:17:10.828548,326,404
6091,2025-01-18 17:17:10.828548,326,521
6092,2025-01-18 17:17:10.828548,326,451
6093,2025-01-18 17:17:10.828548,326,356
6094,2025-01-18 17:17:10.828548,326,370
6095,2025-01-18 17:17:10.828548,326,516
6096,2025-01-18 17:17:10.828548,326,221
6097,2025-01-18 17:17:10.828548,326,458
6098,2025-01-18 17:17:10.828548,326,553
6099,2025-01-18 17:17:10.828548,326,416
6100,2025-01-18 17:17:10.828548,326,317
6101,2025-01-18 17:17:10.828548,326,287
6102,2025-01-18 17:17:10.828548,326,487
6103,2025-01-18 17:17:10.828548,326,664
6104,2025-01-18 17:17:10.828548,326,568
6105,2025-01-18 17:17:10.828548,326,442
6106,2025-01-18 17:17:10.828548,326,494
6107,2025-01-18 17:17:10.828548,326,429
6108,2025-01-18 17:17:10.828548,326,228
6109,2025-01-18 17:17:10.828548,327,458
6110,2025-01-18 17:17:10.828548,327,459
6111,2025-01-18 17:17:10.828548,327,284
6112,2025-01-18 17:17:10.828548,327,639
6113,2025-01-18 17:17:10.828548,327,650
6114,2025-01-18 17:17:10.828548,327,224
6115,2025-01-18 17:17:10.828548,327,252
6116,2025-01-18 17:17:10.828548,327,356
6117,2025-01-18 17:17:10.828548,327,493
6118,2025-01-18 17:17:10.828548,327,531
6119,2025-01-18 17:17:10.828548,327,599
6120,2025-01-18 17:17:10.829545,327,591
6121,2025-01-18 17:17:10.829545,327,647
6122,2025-01-18 17:17:10.829545,327,486
6123,2025-01-18 17:17:10.829545,327,477
6124,2025-01-18 17:17:10.829545,327,434
6125,2025-01-18 17:17:10.829545,327,340
6126,2025-01-18 17:17:10.829545,328,491
6127,2025-01-18 17:17:10.829545,328,414
6128,2025-01-18 17:17:10.829545,328,429
6129,2025-01-18 17:17:10.829545,328,598
6130,2025-01-18 17:17:10.829545,328,337
6131,2025-01-18 17:17:10.829545,328,610
6132,2025-01-18 17:17:10.829545,328,267
6133,2025-01-18 17:17:10.829545,328,618
6134,2025-01-18 17:17:10.829545,328,309
6135,2025-01-18 17:17:10.829545,328,438
6136,2025-01-18 17:17:10.829545,328,507
6137,2025-01-18 17:17:10.829545,328,492
6138,2025-01-18 17:17:10.829545,328,232
6139,2025-01-18 17:17:10.829545,328,453
6140,2025-01-18 17:17:10.829545,328,580
6141,2025-01-18 17:17:10.829545,328,553
6142,2025-01-18 17:17:10.829545,328,347
6143,2025-01-18 17:17:10.829545,329,621
6144,2025-01-18 17:17:10.829545,329,629
6145,2025-01-18 17:17:10.829545,329,392
6146,2025-01-18 17:17:10.829545,329,652
6147,2025-01-18 17:17:10.829545,329,297
6148,2025-01-18 17:17:10.829545,329,247
6149,2025-01-18 17:17:10.829545,329,616
6150,2025-01-18 17:17:10.829545,329,437
6151,2025-01-18 17:17:10.829545,329,300
6152,2025-01-18 17:17:10.829545,329,544
6153,2025-01-18 17:17:10.829545,329,258
6154,2025-01-18 17:17:10.829545,329,528
6155,2025-01-18 17:17:10.829545,329,309
6156,2025-01-18 17:17:10.829545,329,355
6157,2025-01-18 17:17:10.829545,329,595
6158,2025-01-18 17:17:10.829545,329,279
6159,2025-01-18 17:17:10.829545,329,199
6160,2025-01-18 17:17:10.829545,329,289
6161,2025-01-18 17:17:10.829545,329,463
6162,2025-01-18 17:17:10.829545,330,341
6163,2025-01-18 17:17:10.829545,330,230
6164,2025-01-18 17:17:10.829545,330,594
6165,2025-01-18 17:17:10.829545,330,264
6166,2025-01-18 17:17:10.829545,330,274
6167,2025-01-18 17:17:10.829545,330,285
6168,2025-01-18 17:17:10.829545,330,354
6169,2025-01-18 17:17:10.829545,330,380
6170,2025-01-18 17:17:10.829545,330,406
6171,2025-01-18 17:17:10.829545,330,309
6172,2025-01-18 17:17:10.829545,330,619
6173,2025-01-18 17:17:10.829545,330,592
6174,2025-01-18 17:17:10.829545,330,314
6175,2025-01-18 17:17:10.829545,330,358
6176,2025-01-18 17:17:10.829545,331,624
6177,2025-01-18 17:17:10.829545,331,226
6178,2025-01-18 17:17:10.829545,331,474
6179,2025-01-18 17:17:10.829545,331,533
6180,2025-01-18 17:17:10.829545,331,403
6181,2025-01-18 17:17:10.829545,331,558
6182,2025-01-18 17:17:10.829545,331,268
6183,2025-01-18 17:17:10.829545,331,514
6184,2025-01-18 17:17:10.829545,331,402
6185,2025-01-18 17:17:10.829545,331,532
6186,2025-01-18 17:17:10.829545,331,586
6187,2025-01-18 17:17:10.829545,331,310
6188,2025-01-18 17:17:10.829545,331,370
6189,2025-01-18 17:17:10.829545,331,516
6190,2025-01-18 17:17:10.829545,331,661
6191,2025-01-18 17:17:10.829545,331,397
6192,2025-01-18 17:17:10.829545,331,559
6193,2025-01-18 17:17:10.829545,331,199
6194,2025-01-18 17:17:10.829545,331,602
6195,2025-01-18 17:17:10.829545,332,294
6196,2025-01-18 17:17:10.829545,332,619
6197,2025-01-18 17:17:10.829545,332,629
6198,2025-01-18 17:17:10.829545,332,196
6199,2025-01-18 17:17:10.829545,332,610
6200,2025-01-18 17:17:10.829545,332,520
6201,2025-01-18 17:17:10.829545,332,304
6202,2025-01-18 17:17:10.829545,332,628
6203,2025-01-18 17:17:10.829545,332,663
6204,2025-01-18 17:17:10.829545,332,287
6205,2025-01-18 17:17:10.829545,332,630
6206,2025-01-18 17:17:10.829545,333,355
6207,2025-01-18 17:17:10.829545,333,425
6208,2025-01-18 17:17:10.829545,333,226
6209,2025-01-18 17:17:10.829545,333,439
6210,2025-01-18 17:17:10.829545,333,422
6211,2025-01-18 17:17:10.829545,333,593
6212,2025-01-18 17:17:10.829545,333,287
6213,2025-01-18 17:17:10.829545,333,230
6214,2025-01-18 17:17:10.829545,333,541
6215,2025-01-18 17:17:10.829545,333,659
6216,2025-01-18 17:17:10.829545,333,364
6217,2025-01-18 17:17:10.829545,333,551
6218,2025-01-18 17:17:10.830543,333,558
6219,2025-01-18 17:17:10.830543,333,349
6220,2025-01-18 17:17:10.830543,333,285
6221,2025-01-18 17:17:10.830543,333,247
6222,2025-01-18 17:17:10.830543,333,616
6223,2025-01-18 17:17:10.830543,333,358
6224,2025-01-18 17:17:10.830543,333,450
6225,2025-01-18 17:17:10.830543,333,447
6226,2025-01-18 17:17:10.830543,334,304
6227,2025-01-18 17:17:10.830543,334,478
6228,2025-01-18 17:17:10.830543,334,562
6229,2025-01-18 17:17:10.830543,334,234
6230,2025-01-18 17:17:10.830543,334,509
6231,2025-01-18 17:17:10.830543,334,462
6232,2025-01-18 17:17:10.830543,334,473
6233,2025-01-18 17:17:10.830543,334,326
6234,2025-01-18 17:17:10.830543,334,464
6235,2025-01-18 17:17:10.830543,334,649
6236,2025-01-18 17:17:10.830543,334,469
6237,2025-01-18 17:17:10.830543,334,479
6238,2025-01-18 17:17:10.834532,334,300
6239,2025-01-18 17:17:10.834532,334,362
6240,2025-01-18 17:17:10.834532,334,316
6241,2025-01-18 17:17:10.834532,334,384
6242,2025-01-18 17:17:10.834532,334,195
6243,2025-01-18 17:17:10.834532,334,439
6244,2025-01-18 17:17:10.834532,334,518
6245,2025-01-18 17:17:10.834532,334,363
6246,2025-01-18 17:17:10.834532,335,598
6247,2025-01-18 17:17:10.834532,335,422
6248,2025-01-18 17:17:10.834532,335,604
6249,2025-01-18 17:17:10.834532,335,546
6250,2025-01-18 17:17:10.834532,335,237
6251,2025-01-18 17:17:10.834532,335,609
6252,2025-01-18 17:17:10.834532,335,372
6253,2025-01-18 17:17:10.834532,335,510
6254,2025-01-18 17:17:10.834532,335,218
6255,2025-01-18 17:17:10.834532,335,461
6256,2025-01-18 17:17:10.834532,336,315
6257,2025-01-18 17:17:10.834532,336,529
6258,2025-01-18 17:17:10.834532,336,617
6259,2025-01-18 17:17:10.834532,336,269
6260,2025-01-18 17:17:10.834532,336,618
6261,2025-01-18 17:17:10.834532,336,507
6262,2025-01-18 17:17:10.834532,336,215
6263,2025-01-18 17:17:10.834532,336,392
6264,2025-01-18 17:17:10.834532,336,441
6265,2025-01-18 17:17:10.834532,336,591
6266,2025-01-18 17:17:10.834532,336,506
6267,2025-01-18 17:17:10.834532,336,551
6268,2025-01-18 17:17:10.834532,336,350
6269,2025-01-18 17:17:10.834532,336,349
6270,2025-01-18 17:17:10.834532,336,254
6271,2025-01-18 17:17:10.834532,336,636
6272,2025-01-18 17:17:10.834532,336,205
6273,2025-01-18 17:17:10.834532,337,513
6274,2025-01-18 17:17:10.834532,337,551
6275,2025-01-18 17:17:10.834532,337,279
6276,2025-01-18 17:17:10.834532,337,419
6277,2025-01-18 17:17:10.834532,337,567
6278,2025-01-18 17:17:10.834532,337,656
6279,2025-01-18 17:17:10.834532,337,596
6280,2025-01-18 17:17:10.834532,337,559
6281,2025-01-18 17:17:10.834532,337,270
6282,2025-01-18 17:17:10.834532,337,196
6283,2025-01-18 17:17:10.834532,337,601
6284,2025-01-18 17:17:10.834532,337,524
6285,2025-01-18 17:17:10.834532,337,442
6286,2025-01-18 17:17:10.834532,338,325
6287,2025-01-18 17:17:10.834532,338,599
6288,2025-01-18 17:17:10.834532,338,301
6289,2025-01-18 17:17:10.834532,338,342
6290,2025-01-18 17:17:10.834532,338,267
6291,2025-01-18 17:17:10.834532,338,492
6292,2025-01-18 17:17:10.834532,338,343
6293,2025-01-18 17:17:10.834532,338,469
6294,2025-01-18 17:17:10.835530,338,401
6295,2025-01-18 17:17:10.835530,338,360
6296,2025-01-18 17:17:10.835530,338,593
6297,2025-01-18 17:17:10.835530,338,323
6298,2025-01-18 17:17:10.835530,338,535
6299,2025-01-18 17:17:10.835530,338,567
6300,2025-01-18 17:17:10.835530,338,263
6301,2025-01-18 17:17:10.835530,339,555
6302,2025-01-18 17:17:10.835530,339,426
6303,2025-01-18 17:17:10.835530,339,223
6304,2025-01-18 17:17:10.835530,339,563
6305,2025-01-18 17:17:10.835530,339,196
6306,2025-01-18 17:17:10.835530,339,621
6307,2025-01-18 17:17:10.835530,339,378
6308,2025-01-18 17:17:10.835530,339,242
6309,2025-01-18 17:17:10.835530,339,399
6310,2025-01-18 17:17:10.835530,339,198
6311,2025-01-18 17:17:10.835530,339,423
6312,2025-01-18 17:17:10.835530,339,427
6313,2025-01-18 17:17:10.835530,339,455
6314,2025-01-18 17:17:10.835530,339,229
6315,2025-01-18 17:17:10.835530,339,554
6316,2025-01-18 17:17:10.835530,339,528
6317,2025-01-18 17:17:10.835530,339,614
6318,2025-01-18 17:17:10.835530,339,487
6319,2025-01-18 17:17:10.835530,339,558
6320,2025-01-18 17:17:10.835530,340,491
6321,2025-01-18 17:17:10.835530,340,526
6322,2025-01-18 17:17:10.835530,340,237
6323,2025-01-18 17:17:10.835530,340,324
6324,2025-01-18 17:17:10.835530,340,594
6325,2025-01-18 17:17:10.835530,340,343
6326,2025-01-18 17:17:10.835530,340,605
6327,2025-01-18 17:17:10.835530,340,578
6328,2025-01-18 17:17:10.835530,340,497
6329,2025-01-18 17:17:10.835530,340,649
6330,2025-01-18 17:17:10.835530,340,542
6331,2025-01-18 17:17:10.835530,340,359
6332,2025-01-18 17:17:10.835530,340,299
6333,2025-01-18 17:17:10.835530,340,224
6334,2025-01-18 17:17:10.835530,340,568
6335,2025-01-18 17:17:10.835530,340,562
6336,2025-01-18 17:17:10.835530,340,601
6337,2025-01-18 17:17:10.835530,341,415
6338,2025-01-18 17:17:10.835530,341,344
6339,2025-01-18 17:17:10.835530,341,488
6340,2025-01-18 17:17:10.835530,341,327
6341,2025-01-18 17:17:10.835530,341,472
6342,2025-01-18 17:17:10.835530,341,259
6343,2025-01-18 17:17:10.835530,341,366
6344,2025-01-18 17:17:10.835530,341,563
6345,2025-01-18 17:17:10.835530,341,628
6346,2025-01-18 17:17:10.835530,341,249
6347,2025-01-18 17:17:10.835530,342,591
6348,2025-01-18 17:17:10.835530,342,227
6349,2025-01-18 17:17:10.835530,342,393
6350,2025-01-18 17:17:10.835530,342,557
6351,2025-01-18 17:17:10.835530,342,650
6352,2025-01-18 17:17:10.835530,342,368
6353,2025-01-18 17:17:10.835530,342,341
6354,2025-01-18 17:17:10.835530,342,229
6355,2025-01-18 17:17:10.835530,342,503
6356,2025-01-18 17:17:10.835530,342,386
6357,2025-01-18 17:17:10.835530,342,613
6358,2025-01-18 17:17:10.835530,342,483
6359,2025-01-18 17:17:10.835530,343,216
6360,2025-01-18 17:17:10.835530,343,430
6361,2025-01-18 17:17:10.835530,343,477
6362,2025-01-18 17:17:10.835530,343,651
6363,2025-01-18 17:17:10.836527,343,604
6364,2025-01-18 17:17:10.836527,343,253
6365,2025-01-18 17:17:10.836527,343,440
6366,2025-01-18 17:17:10.836527,343,401
6367,2025-01-18 17:17:10.836527,343,647
6368,2025-01-18 17:17:10.836527,343,511
6369,2025-01-18 17:17:10.836527,343,566
6370,2025-01-18 17:17:10.836527,343,236
6371,2025-01-18 17:17:10.836527,343,350
6372,2025-01-18 17:17:10.836527,343,622
6373,2025-01-18 17:17:10.836527,343,247
6374,2025-01-18 17:17:10.836527,343,573
6375,2025-01-18 17:17:10.836527,343,374
6376,2025-01-18 17:17:10.836527,343,238
6377,2025-01-18 17:17:10.836527,344,567
6378,2025-01-18 17:17:10.836527,344,469
6379,2025-01-18 17:17:10.836527,344,562
6380,2025-01-18 17:17:10.836527,344,586
6381,2025-01-18 17:17:10.836527,344,318
6382,2025-01-18 17:17:10.836527,344,274
6383,2025-01-18 17:17:10.836527,344,591
6384,2025-01-18 17:17:10.836527,344,438
6385,2025-01-18 17:17:10.836527,344,320
6386,2025-01-18 17:17:10.836527,344,445
6387,2025-01-18 17:17:10.836527,344,624
6388,2025-01-18 17:17:10.836527,344,507
6389,2025-01-18 17:17:10.836527,344,434
6390,2025-01-18 17:17:10.836527,344,283
6391,2025-01-18 17:17:10.836527,344,448
6392,2025-01-18 17:17:10.836527,345,383
6393,2025-01-18 17:17:10.836527,345,229
6394,2025-01-18 17:17:10.836527,345,440
6395,2025-01-18 17:17:10.836527,345,479
6396,2025-01-18 17:17:10.836527,345,219
6397,2025-01-18 17:17:10.836527,345,239
6398,2025-01-18 17:17:10.836527,345,228
6399,2025-01-18 17:17:10.836527,345,441
6400,2025-01-18 17:17:10.836527,345,439
6401,2025-01-18 17:17:10.836527,345,291
6402,2025-01-18 17:17:10.836527,345,500
6403,2025-01-18 17:17:10.836527,346,380
6404,2025-01-18 17:17:10.836527,346,225
6405,2025-01-18 17:17:10.836527,346,604
6406,2025-01-18 17:17:10.836527,346,583
6407,2025-01-18 17:17:10.836527,346,336
6408,2025-01-18 17:17:10.836527,346,294
6409,2025-01-18 17:17:10.836527,346,619
6410,2025-01-18 17:17:10.836527,346,404
6411,2025-01-18 17:17:10.836527,346,569
6412,2025-01-18 17:17:10.836527,346,439
6413,2025-01-18 17:17:10.836527,346,409
6414,2025-01-18 17:17:10.836527,346,395
6415,2025-01-18 17:17:10.836527,346,465
6416,2025-01-18 17:17:10.836527,346,416
6417,2025-01-18 17:17:10.836527,346,206
6418,2025-01-18 17:17:10.836527,347,242
6419,2025-01-18 17:17:10.836527,347,486
6420,2025-01-18 17:17:10.836527,347,415
6421,2025-01-18 17:17:10.836527,347,276
6422,2025-01-18 17:17:10.836527,347,550
6423,2025-01-18 17:17:10.836527,347,359
6424,2025-01-18 17:17:10.836527,347,391
6425,2025-01-18 17:17:10.836527,347,512
6426,2025-01-18 17:17:10.836527,347,658
6427,2025-01-18 17:17:10.836527,347,592
6428,2025-01-18 17:17:10.836527,347,280
6429,2025-01-18 17:17:10.836527,348,570
6430,2025-01-18 17:17:10.836527,348,469
6431,2025-01-18 17:17:10.836527,348,205
6432,2025-01-18 17:17:10.836527,348,585
6433,2025-01-18 17:17:10.836527,348,385
6434,2025-01-18 17:17:10.836527,348,638
6435,2025-01-18 17:17:10.836527,348,195
6436,2025-01-18 17:17:10.836527,348,600
6437,2025-01-18 17:17:10.836527,348,620
6438,2025-01-18 17:17:10.836527,348,271
6439,2025-01-18 17:17:10.837524,348,662
6440,2025-01-18 17:17:10.837524,348,415
6441,2025-01-18 17:17:10.837524,348,329
6442,2025-01-18 17:17:10.837524,348,281
6443,2025-01-18 17:17:10.837524,349,360
6444,2025-01-18 17:17:10.837524,349,289
6445,2025-01-18 17:17:10.837524,349,597
6446,2025-01-18 17:17:10.837524,349,296
6447,2025-01-18 17:17:10.837524,349,258
6448,2025-01-18 17:17:10.837524,349,655
6449,2025-01-18 17:17:10.837524,349,637
6450,2025-01-18 17:17:10.837524,349,230
6451,2025-01-18 17:17:10.837524,349,611
6452,2025-01-18 17:17:10.837524,349,553
6453,2025-01-18 17:17:10.837524,349,431
6454,2025-01-18 17:17:10.837524,349,602
6455,2025-01-18 17:17:10.837524,349,498
6456,2025-01-18 17:17:10.837524,349,419
6457,2025-01-18 17:17:10.837524,349,217
6458,2025-01-18 17:17:10.837524,349,489
6459,2025-01-18 17:17:10.837524,349,645
6460,2025-01-18 17:17:10.837524,349,210
6461,2025-01-18 17:17:10.837524,349,443
6462,2025-01-18 17:17:10.837524,349,610
6463,2025-01-18 17:17:10.837524,350,265
6464,2025-01-18 17:17:10.837524,350,649
6465,2025-01-18 17:17:10.837524,350,448
6466,2025-01-18 17:17:10.837524,350,652
6467,2025-01-18 17:17:10.837524,350,507
6468,2025-01-18 17:17:10.837524,350,654
6469,2025-01-18 17:17:10.837524,350,226
6470,2025-01-18 17:17:10.837524,350,292
6471,2025-01-18 17:17:10.837524,350,626
6472,2025-01-18 17:17:10.837524,350,273
6473,2025-01-18 17:17:10.837524,351,564
6474,2025-01-18 17:17:10.837524,351,247
6475,2025-01-18 17:17:10.837524,351,346
6476,2025-01-18 17:17:10.837524,351,423
6477,2025-01-18 17:17:10.837524,351,263
6478,2025-01-18 17:17:10.837524,351,602
6479,2025-01-18 17:17:10.837524,351,399
6480,2025-01-18 17:17:10.837524,351,504
6481,2025-01-18 17:17:10.837524,351,614
6482,2025-01-18 17:17:10.837524,351,367
6483,2025-01-18 17:17:10.837524,351,532
6484,2025-01-18 17:17:10.837524,351,353
6485,2025-01-18 17:17:10.837524,351,651
6486,2025-01-18 17:17:10.837524,351,468
6487,2025-01-18 17:17:10.837524,351,256
6488,2025-01-18 17:17:10.837524,352,312
6489,2025-01-18 17:17:10.837524,352,436
6490,2025-01-18 17:17:10.837524,352,441
6491,2025-01-18 17:17:10.837524,352,306
6492,2025-01-18 17:17:10.837524,352,568
6493,2025-01-18 17:17:10.837524,352,542
6494,2025-01-18 17:17:10.837524,352,648
6495,2025-01-18 17:17:10.837524,352,390
6496,2025-01-18 17:17:10.837524,352,635
6497,2025-01-18 17:17:10.837524,352,661
6498,2025-01-18 17:17:10.837524,352,639
6499,2025-01-18 17:17:10.837524,352,321
6500,2025-01-18 17:17:10.837524,352,351
6501,2025-01-18 17:17:10.837524,352,596
6502,2025-01-18 17:17:10.837524,352,507
6503,2025-01-18 17:17:10.837524,353,520
6504,2025-01-18 17:17:10.837524,353,396
6505,2025-01-18 17:17:10.837524,353,480
6506,2025-01-18 17:17:10.837524,353,259
6507,2025-01-18 17:17:10.837524,353,367
6508,2025-01-18 17:17:10.837524,353,578
6509,2025-01-18 17:17:10.837524,353,325
6510,2025-01-18 17:17:10.837524,353,493
6511,2025-01-18 17:17:10.837524,353,377
6512,2025-01-18 17:17:10.837524,353,395
6513,2025-01-18 17:17:10.837524,353,502
6514,2025-01-18 17:17:10.837524,353,486
6515,2025-01-18 17:17:10.837524,354,498
6516,2025-01-18 17:17:10.837524,354,328
6517,2025-01-18 17:17:10.837524,354,228
6518,2025-01-18 17:17:10.837524,354,623
6519,2025-01-18 17:17:10.837524,354,295
6520,2025-01-18 17:17:10.837524,354,405
6521,2025-01-18 17:17:10.837524,354,201
6522,2025-01-18 17:17:10.837524,354,443
6523,2025-01-18 17:17:10.837524,354,628
6524,2025-01-18 17:17:10.837524,354,230
6525,2025-01-18 17:17:10.837524,354,489
6526,2025-01-18 17:17:10.837524,355,237
6527,2025-01-18 17:17:10.837524,355,406
6528,2025-01-18 17:17:10.837524,355,320
6529,2025-01-18 17:17:10.837524,355,588
6530,2025-01-18 17:17:10.837524,355,514
6531,2025-01-18 17:17:10.837524,355,460
6532,2025-01-18 17:17:10.837524,355,288
6533,2025-01-18 17:17:10.837524,355,326
6534,2025-01-18 17:17:10.838522,355,301
6535,2025-01-18 17:17:10.838522,355,325
6536,2025-01-18 17:17:10.838522,355,566
6537,2025-01-18 17:17:10.838522,355,290
6538,2025-01-18 17:17:10.838522,356,344
6539,2025-01-18 17:17:10.838522,356,413
6540,2025-01-18 17:17:10.838522,356,508
6541,2025-01-18 17:17:10.838522,356,566
6542,2025-01-18 17:17:10.838522,356,366
6543,2025-01-18 17:17:10.838522,356,340
6544,2025-01-18 17:17:10.838522,356,485
6545,2025-01-18 17:17:10.838522,356,665
6546,2025-01-18 17:17:10.838522,356,552
6547,2025-01-18 17:17:10.838522,356,233
6548,2025-01-18 17:17:10.838522,356,598
6549,2025-01-18 17:17:10.838522,356,359
6550,2025-01-18 17:17:10.838522,356,246
6551,2025-01-18 17:17:10.838522,356,298
6552,2025-01-18 17:17:10.838522,356,427
6553,2025-01-18 17:17:10.838522,356,538
6554,2025-01-18 17:17:10.838522,356,282
6555,2025-01-18 17:17:10.838522,357,414
6556,2025-01-18 17:17:10.838522,357,580
6557,2025-01-18 17:17:10.838522,357,640
6558,2025-01-18 17:17:10.838522,357,283
6559,2025-01-18 17:17:10.838522,357,377
6560,2025-01-18 17:17:10.838522,357,604
6561,2025-01-18 17:17:10.838522,357,598
6562,2025-01-18 17:17:10.838522,357,357
6563,2025-01-18 17:17:10.838522,357,584
6564,2025-01-18 17:17:10.838522,357,588
6565,2025-01-18 17:17:10.838522,357,324
6566,2025-01-18 17:17:10.838522,357,352
6567,2025-01-18 17:17:10.838522,358,197
6568,2025-01-18 17:17:10.838522,358,305
6569,2025-01-18 17:17:10.838522,358,217
6570,2025-01-18 17:17:10.838522,358,640
6571,2025-01-18 17:17:10.842512,358,598
6572,2025-01-18 17:17:10.842512,358,477
6573,2025-01-18 17:17:10.843509,358,335
6574,2025-01-18 17:17:10.843509,358,435
6575,2025-01-18 17:17:10.843509,358,622
6576,2025-01-18 17:17:10.843509,358,211
6577,2025-01-18 17:17:10.843509,358,605
6578,2025-01-18 17:17:10.843509,358,326
6579,2025-01-18 17:17:10.843509,358,481
6580,2025-01-18 17:17:10.843509,358,537
6581,2025-01-18 17:17:10.843509,358,344
6582,2025-01-18 17:17:10.843509,358,394
6583,2025-01-18 17:17:10.843509,359,359
6584,2025-01-18 17:17:10.843509,359,513
6585,2025-01-18 17:17:10.843509,359,647
6586,2025-01-18 17:17:10.843509,359,474
6587,2025-01-18 17:17:10.843509,359,241
6588,2025-01-18 17:17:10.843509,359,197
6589,2025-01-18 17:17:10.843509,359,494
6590,2025-01-18 17:17:10.843509,359,411
6591,2025-01-18 17:17:10.843509,359,469
6592,2025-01-18 17:17:10.843509,359,425
6593,2025-01-18 17:17:10.843509,359,405
6594,2025-01-18 17:17:10.843509,359,347
6595,2025-01-18 17:17:10.843509,359,640
6596,2025-01-18 17:17:10.843509,359,539
6597,2025-01-18 17:17:10.843509,360,354
6598,2025-01-18 17:17:10.843509,360,273
6599,2025-01-18 17:17:10.843509,360,299
6600,2025-01-18 17:17:10.843509,360,346
6601,2025-01-18 17:17:10.843509,360,359
6602,2025-01-18 17:17:10.843509,360,430
6603,2025-01-18 17:17:10.843509,360,568
6604,2025-01-18 17:17:10.843509,360,290
6605,2025-01-18 17:17:10.843509,360,625
6606,2025-01-18 17:17:10.843509,360,196
6607,2025-01-18 17:17:10.843509,360,442
6608,2025-01-18 17:17:10.843509,360,597
6609,2025-01-18 17:17:10.843509,360,451
6610,2025-01-18 17:17:10.843509,360,553
6611,2025-01-18 17:17:10.843509,360,651
6612,2025-01-18 17:17:10.843509,360,463
6613,2025-01-18 17:17:10.843509,360,385
6614,2025-01-18 17:17:10.843509,360,308
6615,2025-01-18 17:17:10.843509,360,482
6616,2025-01-18 17:17:10.843509,361,603
6617,2025-01-18 17:17:10.843509,361,469
6618,2025-01-18 17:17:10.843509,361,650
6619,2025-01-18 17:17:10.843509,361,539
6620,2025-01-18 17:17:10.843509,361,515
6621,2025-01-18 17:17:10.843509,361,496
6622,2025-01-18 17:17:10.843509,361,382
6623,2025-01-18 17:17:10.843509,361,613
6624,2025-01-18 17:17:10.843509,361,216
6625,2025-01-18 17:17:10.843509,361,347
6626,2025-01-18 17:17:10.843509,361,419
6627,2025-01-18 17:17:10.843509,362,648
6628,2025-01-18 17:17:10.843509,362,522
6629,2025-01-18 17:17:10.843509,362,418
6630,2025-01-18 17:17:10.843509,362,347
6631,2025-01-18 17:17:10.843509,362,322
6632,2025-01-18 17:17:10.843509,362,417
6633,2025-01-18 17:17:10.843509,362,340
6634,2025-01-18 17:17:10.843509,362,454
6635,2025-01-18 17:17:10.843509,362,255
6636,2025-01-18 17:17:10.843509,362,515
6637,2025-01-18 17:17:10.843509,363,665
6638,2025-01-18 17:17:10.843509,363,232
6639,2025-01-18 17:17:10.843509,363,276
6640,2025-01-18 17:17:10.843509,363,377
6641,2025-01-18 17:17:10.843509,363,545
6642,2025-01-18 17:17:10.843509,363,518
6643,2025-01-18 17:17:10.843509,363,376
6644,2025-01-18 17:17:10.843509,363,385
6645,2025-01-18 17:17:10.843509,363,408
6646,2025-01-18 17:17:10.843509,363,410
6647,2025-01-18 17:17:10.843509,363,498
6648,2025-01-18 17:17:10.843509,363,612
6649,2025-01-18 17:17:10.843509,363,398
6650,2025-01-18 17:17:10.843509,363,317
6651,2025-01-18 17:17:10.843509,363,490
6652,2025-01-18 17:17:10.843509,363,333
6653,2025-01-18 17:17:10.843509,363,289
6654,2025-01-18 17:17:10.843509,363,206
6655,2025-01-18 17:17:10.843509,363,366
6656,2025-01-18 17:17:10.843509,364,259
6657,2025-01-18 17:17:10.843509,364,482
6658,2025-01-18 17:17:10.843509,364,277
6659,2025-01-18 17:17:10.843509,364,252
6660,2025-01-18 17:17:10.843509,364,638
6661,2025-01-18 17:17:10.843509,364,227
6662,2025-01-18 17:17:10.843509,364,488
6663,2025-01-18 17:17:10.843509,364,515
6664,2025-01-18 17:17:10.843509,364,563
6665,2025-01-18 17:17:10.843509,364,455
6666,2025-01-18 17:17:10.843509,364,462
6667,2025-01-18 17:17:10.843509,364,648
6668,2025-01-18 17:17:10.843509,364,267
6669,2025-01-18 17:17:10.844505,364,570
6670,2025-01-18 17:17:10.844505,364,552
6671,2025-01-18 17:17:10.844505,364,386
6672,2025-01-18 17:17:10.844505,365,522
6673,2025-01-18 17:17:10.844505,365,510
6674,2025-01-18 17:17:10.844505,365,355
6675,2025-01-18 17:17:10.844505,365,441
6676,2025-01-18 17:17:10.844505,365,236
6677,2025-01-18 17:17:10.844505,365,508
6678,2025-01-18 17:17:10.844505,365,647
6679,2025-01-18 17:17:10.844505,365,633
6680,2025-01-18 17:17:10.844505,365,442
6681,2025-01-18 17:17:10.844505,365,431
6682,2025-01-18 17:17:10.844505,365,412
6683,2025-01-18 17:17:10.844505,365,314
6684,2025-01-18 17:17:10.844505,365,375
6685,2025-01-18 17:17:10.844505,366,430
6686,2025-01-18 17:17:10.844505,366,407
6687,2025-01-18 17:17:10.844505,366,409
6688,2025-01-18 17:17:10.844505,366,513
6689,2025-01-18 17:17:10.844505,366,554
6690,2025-01-18 17:17:10.844505,366,549
6691,2025-01-18 17:17:10.844505,366,662
6692,2025-01-18 17:17:10.844505,366,370
6693,2025-01-18 17:17:10.844505,366,620
6694,2025-01-18 17:17:10.844505,366,471
6695,2025-01-18 17:17:10.844505,366,502
6696,2025-01-18 17:17:10.844505,367,215
6697,2025-01-18 17:17:10.844505,367,609
6698,2025-01-18 17:17:10.844505,367,470
6699,2025-01-18 17:17:10.844505,367,476
6700,2025-01-18 17:17:10.844505,367,209
6701,2025-01-18 17:17:10.844505,367,202
6702,2025-01-18 17:17:10.844505,367,451
6703,2025-01-18 17:17:10.844505,367,360
6704,2025-01-18 17:17:10.844505,367,614
6705,2025-01-18 17:17:10.844505,367,219
6706,2025-01-18 17:17:10.844505,367,251
6707,2025-01-18 17:17:10.844505,368,552
6708,2025-01-18 17:17:10.844505,368,323
6709,2025-01-18 17:17:10.844505,368,301
6710,2025-01-18 17:17:10.844505,368,559
6711,2025-01-18 17:17:10.844505,368,465
6712,2025-01-18 17:17:10.844505,368,409
6713,2025-01-18 17:17:10.844505,368,389
6714,2025-01-18 17:17:10.844505,368,643
6715,2025-01-18 17:17:10.844505,368,381
6716,2025-01-18 17:17:10.844505,368,442
6717,2025-01-18 17:17:10.844505,368,202
6718,2025-01-18 17:17:10.844505,368,390
6719,2025-01-18 17:17:10.844505,369,429
6720,2025-01-18 17:17:10.844505,369,225
6721,2025-01-18 17:17:10.844505,369,576
6722,2025-01-18 17:17:10.844505,369,409
6723,2025-01-18 17:17:10.844505,369,605
6724,2025-01-18 17:17:10.844505,369,527
6725,2025-01-18 17:17:10.844505,369,277
6726,2025-01-18 17:17:10.844505,369,268
6727,2025-01-18 17:17:10.844505,369,202
6728,2025-01-18 17:17:10.844505,369,410
6729,2025-01-18 17:17:10.844505,369,544
6730,2025-01-18 17:17:10.844505,369,390
6731,2025-01-18 17:17:10.844505,369,639
6732,2025-01-18 17:17:10.844505,369,401
6733,2025-01-18 17:17:10.844505,370,260
6734,2025-01-18 17:17:10.844505,370,229
6735,2025-01-18 17:17:10.844505,370,564
6736,2025-01-18 17:17:10.844505,370,637
6737,2025-01-18 17:17:10.844505,370,597
6738,2025-01-18 17:17:10.844505,370,423
6739,2025-01-18 17:17:10.844505,370,210
6740,2025-01-18 17:17:10.844505,370,303
6741,2025-01-18 17:17:10.844505,370,607
6742,2025-01-18 17:17:10.844505,370,475
6743,2025-01-18 17:17:10.844505,370,268
6744,2025-01-18 17:17:10.844505,370,513
6745,2025-01-18 17:17:10.844505,370,619
6746,2025-01-18 17:17:10.844505,371,452
6747,2025-01-18 17:17:10.844505,371,614
6748,2025-01-18 17:17:10.844505,371,600
6749,2025-01-18 17:17:10.844505,371,251
6750,2025-01-18 17:17:10.844505,371,582
6751,2025-01-18 17:17:10.844505,371,490
6752,2025-01-18 17:17:10.844505,371,377
6753,2025-01-18 17:17:10.844505,371,361
6754,2025-01-18 17:17:10.844505,371,449
6755,2025-01-18 17:17:10.844505,371,249
6756,2025-01-18 17:17:10.844505,371,534
6757,2025-01-18 17:17:10.844505,371,228
6758,2025-01-18 17:17:10.844505,371,650
6759,2025-01-18 17:17:10.844505,371,274
6760,2025-01-18 17:17:10.844505,371,225
6761,2025-01-18 17:17:10.844505,371,602
6762,2025-01-18 17:17:10.844505,371,463
6763,2025-01-18 17:17:10.844505,371,384
6764,2025-01-18 17:17:10.844505,371,329
6765,2025-01-18 17:17:10.844505,372,402
6766,2025-01-18 17:17:10.845502,372,409
6767,2025-01-18 17:17:10.845502,372,278
6768,2025-01-18 17:17:10.845502,372,554
6769,2025-01-18 17:17:10.845502,372,512
6770,2025-01-18 17:17:10.845502,372,666
6771,2025-01-18 17:17:10.845502,372,523
6772,2025-01-18 17:17:10.845502,372,487
6773,2025-01-18 17:17:10.845502,372,455
6774,2025-01-18 17:17:10.845502,372,420
6775,2025-01-18 17:17:10.845502,373,478
6776,2025-01-18 17:17:10.845502,373,418
6777,2025-01-18 17:17:10.845502,373,256
6778,2025-01-18 17:17:10.845502,373,580
6779,2025-01-18 17:17:10.845502,373,462
6780,2025-01-18 17:17:10.845502,373,245
6781,2025-01-18 17:17:10.845502,373,416
6782,2025-01-18 17:17:10.845502,373,520
6783,2025-01-18 17:17:10.845502,373,294
6784,2025-01-18 17:17:10.845502,373,456
6785,2025-01-18 17:17:10.845502,373,331
6786,2025-01-18 17:17:10.845502,373,467
6787,2025-01-18 17:17:10.845502,373,304
6788,2025-01-18 17:17:10.845502,374,435
6789,2025-01-18 17:17:10.845502,374,448
6790,2025-01-18 17:17:10.845502,374,559
6791,2025-01-18 17:17:10.845502,374,600
6792,2025-01-18 17:17:10.845502,374,625
6793,2025-01-18 17:17:10.845502,374,526
6794,2025-01-18 17:17:10.845502,374,479
6795,2025-01-18 17:17:10.845502,374,281
6796,2025-01-18 17:17:10.845502,374,312
6797,2025-01-18 17:17:10.845502,374,662
6798,2025-01-18 17:17:10.845502,374,545
6799,2025-01-18 17:17:10.845502,375,560
6800,2025-01-18 17:17:10.845502,375,373
6801,2025-01-18 17:17:10.845502,375,419
6802,2025-01-18 17:17:10.845502,375,443
6803,2025-01-18 17:17:10.845502,375,324
6804,2025-01-18 17:17:10.845502,375,597
6805,2025-01-18 17:17:10.845502,375,433
6806,2025-01-18 17:17:10.845502,375,408
6807,2025-01-18 17:17:10.845502,375,501
6808,2025-01-18 17:17:10.845502,375,215
6809,2025-01-18 17:17:10.845502,375,586
6810,2025-01-18 17:17:10.845502,375,485
6811,2025-01-18 17:17:10.845502,375,516
6812,2025-01-18 17:17:10.845502,375,360
6813,2025-01-18 17:17:10.845502,375,503
6814,2025-01-18 17:17:10.845502,375,483
6815,2025-01-18 17:17:10.845502,376,288
6816,2025-01-18 17:17:10.845502,376,299
6817,2025-01-18 17:17:10.845502,376,413
6818,2025-01-18 17:17:10.845502,376,426
6819,2025-01-18 17:17:10.845502,376,424
6820,2025-01-18 17:17:10.845502,376,208
6821,2025-01-18 17:17:10.845502,376,309
6822,2025-01-18 17:17:10.845502,376,301
6823,2025-01-18 17:17:10.845502,376,537
6824,2025-01-18 17:17:10.845502,376,638
6825,2025-01-18 17:17:10.845502,376,665
6826,2025-01-18 17:17:10.845502,376,197
6827,2025-01-18 17:17:10.845502,377,359
6828,2025-01-18 17:17:10.845502,377,473
6829,2025-01-18 17:17:10.845502,377,516
6830,2025-01-18 17:17:10.845502,377,270
6831,2025-01-18 17:17:10.845502,377,559
6832,2025-01-18 17:17:10.845502,377,311
6833,2025-01-18 17:17:10.845502,377,496
6834,2025-01-18 17:17:10.845502,377,573
6835,2025-01-18 17:17:10.845502,377,399
6836,2025-01-18 17:17:10.845502,377,382
6837,2025-01-18 17:17:10.845502,377,441
6838,2025-01-18 17:17:10.845502,378,262
6839,2025-01-18 17:17:10.845502,378,523
6840,2025-01-18 17:17:10.845502,378,432
6841,2025-01-18 17:17:10.845502,378,250
6842,2025-01-18 17:17:10.845502,378,647
6843,2025-01-18 17:17:10.845502,378,575
6844,2025-01-18 17:17:10.845502,378,299
6845,2025-01-18 17:17:10.845502,378,615
6846,2025-01-18 17:17:10.845502,378,399
6847,2025-01-18 17:17:10.845502,378,490
6848,2025-01-18 17:17:10.845502,378,385
6849,2025-01-18 17:17:10.845502,378,329
6850,2025-01-18 17:17:10.845502,378,216
6851,2025-01-18 17:17:10.845502,379,513
6852,2025-01-18 17:17:10.845502,379,629
6853,2025-01-18 17:17:10.845502,379,251
6854,2025-01-18 17:17:10.845502,379,280
6855,2025-01-18 17:17:10.845502,379,320
6856,2025-01-18 17:17:10.845502,379,359
6857,2025-01-18 17:17:10.845502,379,632
6858,2025-01-18 17:17:10.845502,379,250
6859,2025-01-18 17:17:10.845502,379,540
6860,2025-01-18 17:17:10.845502,379,436
6861,2025-01-18 17:17:10.845502,379,263
6862,2025-01-18 17:17:10.845502,379,385
6863,2025-01-18 17:17:10.845502,379,521
6864,2025-01-18 17:17:10.845502,379,655
6865,2025-01-18 17:17:10.846500,379,492
6866,2025-01-18 17:17:10.846500,380,214
6867,2025-01-18 17:17:10.846500,380,209
6868,2025-01-18 17:17:10.846500,380,387
6869,2025-01-18 17:17:10.846500,380,647
6870,2025-01-18 17:17:10.846500,380,618
6871,2025-01-18 17:17:10.846500,380,597
6872,2025-01-18 17:17:10.846500,380,558
6873,2025-01-18 17:17:10.846500,380,538
6874,2025-01-18 17:17:10.846500,380,625
6875,2025-01-18 17:17:10.846500,380,486
6876,2025-01-18 17:17:10.846500,380,585
6877,2025-01-18 17:17:10.846500,381,457
6878,2025-01-18 17:17:10.846500,381,490
6879,2025-01-18 17:17:10.846500,381,230
6880,2025-01-18 17:17:10.846500,381,429
6881,2025-01-18 17:17:10.846500,381,441
6882,2025-01-18 17:17:10.846500,381,652
6883,2025-01-18 17:17:10.846500,381,422
6884,2025-01-18 17:17:10.846500,381,453
6885,2025-01-18 17:17:10.846500,381,443
6886,2025-01-18 17:17:10.846500,381,239
6887,2025-01-18 17:17:10.846500,381,375
6888,2025-01-18 17:17:10.846500,382,302
6889,2025-01-18 17:17:10.846500,382,307
6890,2025-01-18 17:17:10.846500,382,494
6891,2025-01-18 17:17:10.846500,382,434
6892,2025-01-18 17:17:10.846500,382,411
6893,2025-01-18 17:17:10.846500,382,502
6894,2025-01-18 17:17:10.846500,382,309
6895,2025-01-18 17:17:10.846500,382,395
6896,2025-01-18 17:17:10.846500,382,196
6897,2025-01-18 17:17:10.846500,382,664
6898,2025-01-18 17:17:10.846500,382,588
6899,2025-01-18 17:17:10.846500,382,498
6900,2025-01-18 17:17:10.846500,383,224
6901,2025-01-18 17:17:10.846500,383,640
6902,2025-01-18 17:17:10.846500,383,406
6903,2025-01-18 17:17:10.846500,383,405
6904,2025-01-18 17:17:10.850489,383,446
6905,2025-01-18 17:17:10.850489,383,278
6906,2025-01-18 17:17:10.850489,383,347
6907,2025-01-18 17:17:10.850489,383,530
6908,2025-01-18 17:17:10.850489,383,552
6909,2025-01-18 17:17:10.850489,383,427
6910,2025-01-18 17:17:10.850489,383,320
6911,2025-01-18 17:17:10.850489,383,226
6912,2025-01-18 17:17:10.850489,384,641
6913,2025-01-18 17:17:10.850489,384,566
6914,2025-01-18 17:17:10.850489,384,398
6915,2025-01-18 17:17:10.850489,384,539
6916,2025-01-18 17:17:10.850489,384,384
6917,2025-01-18 17:17:10.850489,384,569
6918,2025-01-18 17:17:10.850489,384,338
6919,2025-01-18 17:17:10.850489,384,235
6920,2025-01-18 17:17:10.850489,384,473
6921,2025-01-18 17:17:10.850489,384,424
6922,2025-01-18 17:17:10.850489,384,256
6923,2025-01-18 17:17:10.851487,384,528
6924,2025-01-18 17:17:10.851487,384,372
6925,2025-01-18 17:17:10.851487,384,515
6926,2025-01-18 17:17:10.851487,384,365
6927,2025-01-18 17:17:10.851487,385,305
6928,2025-01-18 17:17:10.851487,385,521
6929,2025-01-18 17:17:10.851487,385,204
6930,2025-01-18 17:17:10.851487,385,320
6931,2025-01-18 17:17:10.851487,385,624
6932,2025-01-18 17:17:10.851487,385,593
6933,2025-01-18 17:17:10.851487,385,420
6934,2025-01-18 17:17:10.851487,385,291
6935,2025-01-18 17:17:10.851487,385,544
6936,2025-01-18 17:17:10.851487,385,405
6937,2025-01-18 17:17:10.851487,385,346
6938,2025-01-18 17:17:10.851487,385,266
6939,2025-01-18 17:17:10.851487,385,467
6940,2025-01-18 17:17:10.851487,385,411
6941,2025-01-18 17:17:10.851487,385,349
6942,2025-01-18 17:17:10.851487,386,229
6943,2025-01-18 17:17:10.851487,386,211
6944,2025-01-18 17:17:10.851487,386,246
6945,2025-01-18 17:17:10.851487,386,344
6946,2025-01-18 17:17:10.851487,386,365
6947,2025-01-18 17:17:10.851487,386,298
6948,2025-01-18 17:17:10.851487,386,235
6949,2025-01-18 17:17:10.851487,386,558
6950,2025-01-18 17:17:10.851487,386,345
6951,2025-01-18 17:17:10.851487,386,595
6952,2025-01-18 17:17:10.851487,386,512
6953,2025-01-18 17:17:10.851487,386,484
6954,2025-01-18 17:17:10.851487,386,335
6955,2025-01-18 17:17:10.851487,387,224
6956,2025-01-18 17:17:10.851487,387,234
6957,2025-01-18 17:17:10.851487,387,603
6958,2025-01-18 17:17:10.851487,387,408
6959,2025-01-18 17:17:10.851487,387,262
6960,2025-01-18 17:17:10.851487,387,199
6961,2025-01-18 17:17:10.851487,387,344
6962,2025-01-18 17:17:10.851487,387,578
6963,2025-01-18 17:17:10.851487,387,296
6964,2025-01-18 17:17:10.851487,387,335
6965,2025-01-18 17:17:10.851487,387,375
6966,2025-01-18 17:17:10.851487,387,494
6967,2025-01-18 17:17:10.851487,387,196
6968,2025-01-18 17:17:10.851487,387,648
6969,2025-01-18 17:17:10.851487,388,482
6970,2025-01-18 17:17:10.851487,388,528
6971,2025-01-18 17:17:10.851487,388,432
6972,2025-01-18 17:17:10.851487,388,278
6973,2025-01-18 17:17:10.851487,388,436
6974,2025-01-18 17:17:10.851487,388,514
6975,2025-01-18 17:17:10.851487,388,423
6976,2025-01-18 17:17:10.851487,388,434
6977,2025-01-18 17:17:10.851487,388,615
6978,2025-01-18 17:17:10.851487,388,522
6979,2025-01-18 17:17:10.851487,389,490
6980,2025-01-18 17:17:10.851487,389,586
6981,2025-01-18 17:17:10.851487,389,491
6982,2025-01-18 17:17:10.851487,389,536
6983,2025-01-18 17:17:10.851487,389,302
6984,2025-01-18 17:17:10.851487,389,301
6985,2025-01-18 17:17:10.851487,389,339
6986,2025-01-18 17:17:10.851487,389,242
6987,2025-01-18 17:17:10.851487,389,525
6988,2025-01-18 17:17:10.851487,389,227
6989,2025-01-18 17:17:10.851487,390,626
6990,2025-01-18 17:17:10.851487,390,480
6991,2025-01-18 17:17:10.851487,390,528
6992,2025-01-18 17:17:10.851487,390,353
6993,2025-01-18 17:17:10.852488,390,585
6994,2025-01-18 17:17:10.852488,390,489
6995,2025-01-18 17:17:10.852488,390,511
6996,2025-01-18 17:17:10.852488,390,392
6997,2025-01-18 17:17:10.852488,390,582
6998,2025-01-18 17:17:10.852488,390,523
6999,2025-01-18 17:17:10.852488,390,320
7000,2025-01-18 17:17:10.852488,390,624
7001,2025-01-18 17:17:10.852488,390,467
7002,2025-01-18 17:17:10.852488,391,268
7003,2025-01-18 17:17:10.852488,391,332
7004,2025-01-18 17:17:10.852488,391,230
7005,2025-01-18 17:17:10.852488,391,298
7006,2025-01-18 17:17:10.852488,391,343
7007,2025-01-18 17:17:10.852488,391,647
7008,2025-01-18 17:17:10.852488,391,506
7009,2025-01-18 17:17:10.852488,391,213
7010,2025-01-18 17:17:10.852488,391,280
7011,2025-01-18 17:17:10.852488,391,665
7012,2025-01-18 17:17:10.852488,391,493
7013,2025-01-18 17:17:10.852488,391,245
7014,2025-01-18 17:17:10.852488,391,420
7015,2025-01-18 17:17:10.852488,391,257
7016,2025-01-18 17:17:10.852488,391,199
7017,2025-01-18 17:17:10.852488,392,421
7018,2025-01-18 17:17:10.852488,392,665
7019,2025-01-18 17:17:10.852488,392,262
7020,2025-01-18 17:17:10.852488,392,379
7021,2025-01-18 17:17:10.852488,392,249
7022,2025-01-18 17:17:10.852488,392,282
7023,2025-01-18 17:17:10.852488,392,359
7024,2025-01-18 17:17:10.852488,392,374
7025,2025-01-18 17:17:10.852488,392,215
7026,2025-01-18 17:17:10.852488,392,612
7027,2025-01-18 17:17:10.852488,392,548
7028,2025-01-18 17:17:10.852488,393,229
7029,2025-01-18 17:17:10.852488,393,654
7030,2025-01-18 17:17:10.852488,393,465
7031,2025-01-18 17:17:10.852488,393,374
7032,2025-01-18 17:17:10.852488,393,232
7033,2025-01-18 17:17:10.852488,393,259
7034,2025-01-18 17:17:10.852488,393,194
7035,2025-01-18 17:17:10.852488,393,340
7036,2025-01-18 17:17:10.852488,393,666
7037,2025-01-18 17:17:10.852488,393,427
7038,2025-01-18 17:17:10.852488,393,595
7039,2025-01-18 17:17:10.852488,393,549
7040,2025-01-18 17:17:10.852488,393,222
7041,2025-01-18 17:17:10.852488,393,335
7042,2025-01-18 17:17:10.852488,393,285
7043,2025-01-18 17:17:10.852488,393,424
7044,2025-01-18 17:17:10.852488,393,577
7045,2025-01-18 17:17:10.852488,394,278
7046,2025-01-18 17:17:10.852488,394,424
7047,2025-01-18 17:17:10.852488,394,393
7048,2025-01-18 17:17:10.852488,394,344
7049,2025-01-18 17:17:10.852488,394,246
7050,2025-01-18 17:17:10.852488,394,219
7051,2025-01-18 17:17:10.852488,394,409
7052,2025-01-18 17:17:10.852488,394,412
7053,2025-01-18 17:17:10.852488,394,236
7054,2025-01-18 17:17:10.852488,394,396
7055,2025-01-18 17:17:10.852488,394,623
7056,2025-01-18 17:17:10.852488,394,343
7057,2025-01-18 17:17:10.852488,395,370
7058,2025-01-18 17:17:10.852488,395,204
7059,2025-01-18 17:17:10.852488,395,650
7060,2025-01-18 17:17:10.852488,395,580
7061,2025-01-18 17:17:10.852488,395,655
7062,2025-01-18 17:17:10.852488,395,564
7063,2025-01-18 17:17:10.852488,395,496
7064,2025-01-18 17:17:10.852488,395,419
7065,2025-01-18 17:17:10.852488,395,565
7066,2025-01-18 17:17:10.852488,395,263
7067,2025-01-18 17:17:10.852488,395,577
7068,2025-01-18 17:17:10.853481,395,247
7069,2025-01-18 17:17:10.853481,395,347
7070,2025-01-18 17:17:10.853481,395,489
7071,2025-01-18 17:17:10.853481,395,265
7072,2025-01-18 17:17:10.853481,395,601
7073,2025-01-18 17:17:10.853481,395,245
7074,2025-01-18 17:17:10.853481,395,206
7075,2025-01-18 17:17:10.853481,396,465
7076,2025-01-18 17:17:10.853481,396,522
7077,2025-01-18 17:17:10.853481,396,556
7078,2025-01-18 17:17:10.853481,396,640
7079,2025-01-18 17:17:10.853481,396,389
7080,2025-01-18 17:17:10.853481,396,539
7081,2025-01-18 17:17:10.853481,396,221
7082,2025-01-18 17:17:10.853481,396,251
7083,2025-01-18 17:17:10.853481,396,644
7084,2025-01-18 17:17:10.853481,396,207
7085,2025-01-18 17:17:10.853481,396,608
7086,2025-01-18 17:17:10.853481,396,203
7087,2025-01-18 17:17:10.853481,396,387
7088,2025-01-18 17:17:10.853481,396,575
7089,2025-01-18 17:17:10.853481,397,458
7090,2025-01-18 17:17:10.853481,397,358
7091,2025-01-18 17:17:10.853481,397,482
7092,2025-01-18 17:17:10.853481,397,437
7093,2025-01-18 17:17:10.853481,397,264
7094,2025-01-18 17:17:10.853481,397,414
7095,2025-01-18 17:17:10.853481,397,500
7096,2025-01-18 17:17:10.853481,397,286
7097,2025-01-18 17:17:10.853481,397,340
7098,2025-01-18 17:17:10.853481,397,259
7099,2025-01-18 17:17:10.853481,397,390
7100,2025-01-18 17:17:10.853481,397,454
7101,2025-01-18 17:17:10.853481,397,241
7102,2025-01-18 17:17:10.853481,397,471
7103,2025-01-18 17:17:10.853481,397,620
7104,2025-01-18 17:17:10.853481,398,572
7105,2025-01-18 17:17:10.853481,398,556
7106,2025-01-18 17:17:10.853481,398,559
7107,2025-01-18 17:17:10.853481,398,478
7108,2025-01-18 17:17:10.853481,398,504
7109,2025-01-18 17:17:10.853481,398,627
7110,2025-01-18 17:17:10.853481,398,283
7111,2025-01-18 17:17:10.853481,398,237
7112,2025-01-18 17:17:10.853481,398,348
7113,2025-01-18 17:17:10.853481,398,304
7114,2025-01-18 17:17:10.853481,398,233
7115,2025-01-18 17:17:10.853481,398,562
7116,2025-01-18 17:17:10.853481,398,321
7117,2025-01-18 17:17:10.853481,399,509
7118,2025-01-18 17:17:10.853481,399,631
7119,2025-01-18 17:17:10.853481,399,206
7120,2025-01-18 17:17:10.853481,399,531
7121,2025-01-18 17:17:10.853481,399,649
7122,2025-01-18 17:17:10.853481,399,480
7123,2025-01-18 17:17:10.853481,399,277
7124,2025-01-18 17:17:10.853481,399,322
7125,2025-01-18 17:17:10.853481,399,629
7126,2025-01-18 17:17:10.853481,399,403
7127,2025-01-18 17:17:10.853481,400,446
7128,2025-01-18 17:17:10.853481,400,215
7129,2025-01-18 17:17:10.853481,400,263
7130,2025-01-18 17:17:10.853481,400,238
7131,2025-01-18 17:17:10.853481,400,594
7132,2025-01-18 17:17:10.853481,400,388
7133,2025-01-18 17:17:10.853481,400,307
7134,2025-01-18 17:17:10.853481,400,237
7135,2025-01-18 17:17:10.853481,400,365
7136,2025-01-18 17:17:10.853481,400,390
7137,2025-01-18 17:17:10.853481,400,205
7138,2025-01-18 17:17:10.853481,400,437
7139,2025-01-18 17:17:10.853481,400,499
7140,2025-01-18 17:17:10.853481,400,351
7141,2025-01-18 17:17:10.853481,400,598
7142,2025-01-18 17:17:10.853481,400,529
7143,2025-01-18 17:17:10.853481,401,259
7144,2025-01-18 17:17:10.853481,401,210
7145,2025-01-18 17:17:10.853481,401,433
7146,2025-01-18 17:17:10.853481,401,312
7147,2025-01-18 17:17:10.853481,401,301
7148,2025-01-18 17:17:10.853481,401,587
7149,2025-01-18 17:17:10.853481,401,423
7150,2025-01-18 17:17:10.853481,401,264
7151,2025-01-18 17:17:10.853481,401,328
7152,2025-01-18 17:17:10.853481,401,399
7153,2025-01-18 17:17:10.853481,401,252
7154,2025-01-18 17:17:10.853481,401,292
7155,2025-01-18 17:17:10.853481,401,253
7156,2025-01-18 17:17:10.853481,401,331
7157,2025-01-18 17:17:10.853481,401,224
7158,2025-01-18 17:17:10.853481,401,505
7159,2025-01-18 17:17:10.853481,402,353
7160,2025-01-18 17:17:10.853481,402,475
7161,2025-01-18 17:17:10.853481,402,358
7162,2025-01-18 17:17:10.853481,402,540
7163,2025-01-18 17:17:10.854479,402,412
7164,2025-01-18 17:17:10.854479,402,367
7165,2025-01-18 17:17:10.854479,402,640
7166,2025-01-18 17:17:10.854479,402,637
7167,2025-01-18 17:17:10.854479,402,517
7168,2025-01-18 17:17:10.854479,402,474
7169,2025-01-18 17:17:10.854479,402,534
7170,2025-01-18 17:17:10.854479,402,645
7171,2025-01-18 17:17:10.854479,402,339
7172,2025-01-18 17:17:10.854479,403,375
7173,2025-01-18 17:17:10.854479,403,436
7174,2025-01-18 17:17:10.854479,403,570
7175,2025-01-18 17:17:10.854479,403,356
7176,2025-01-18 17:17:10.854479,403,384
7177,2025-01-18 17:17:10.854479,403,353
7178,2025-01-18 17:17:10.854479,403,373
7179,2025-01-18 17:17:10.854479,403,196
7180,2025-01-18 17:17:10.854479,403,431
7181,2025-01-18 17:17:10.854479,403,658
7182,2025-01-18 17:17:10.854479,403,536
7183,2025-01-18 17:17:10.854479,403,639
7184,2025-01-18 17:17:10.854479,403,207
7185,2025-01-18 17:17:10.854479,403,562
7186,2025-01-18 17:17:10.854479,403,515
7187,2025-01-18 17:17:10.854479,403,458
7188,2025-01-18 17:17:10.854479,403,316
7189,2025-01-18 17:17:10.854479,403,472
7190,2025-01-18 17:17:10.854479,403,483
7191,2025-01-18 17:17:10.854479,404,204
7192,2025-01-18 17:17:10.854479,404,513
7193,2025-01-18 17:17:10.854479,404,304
7194,2025-01-18 17:17:10.854479,404,650
7195,2025-01-18 17:17:10.854479,404,565
7196,2025-01-18 17:17:10.854479,404,479
7197,2025-01-18 17:17:10.854479,404,350
7198,2025-01-18 17:17:10.854479,404,253
7199,2025-01-18 17:17:10.854479,404,217
7200,2025-01-18 17:17:10.854479,404,430
7201,2025-01-18 17:17:10.854479,404,469
7202,2025-01-18 17:17:10.854479,405,457
7203,2025-01-18 17:17:10.854479,405,416
7204,2025-01-18 17:17:10.854479,405,513
7205,2025-01-18 17:17:10.854479,405,403
7206,2025-01-18 17:17:10.854479,405,349
7207,2025-01-18 17:17:10.854479,405,517
7208,2025-01-18 17:17:10.854479,405,521
7209,2025-01-18 17:17:10.854479,405,256
7210,2025-01-18 17:17:10.854479,405,484
7211,2025-01-18 17:17:10.854479,405,531
7212,2025-01-18 17:17:10.854479,405,309
7213,2025-01-18 17:17:10.854479,405,626
7214,2025-01-18 17:17:10.854479,405,467
7215,2025-01-18 17:17:10.854479,405,264
7216,2025-01-18 17:17:10.854479,405,271
7217,2025-01-18 17:17:10.854479,405,470
7218,2025-01-18 17:17:10.854479,405,201
7219,2025-01-18 17:17:10.854479,405,475
7220,2025-01-18 17:17:10.854479,405,401
7221,2025-01-18 17:17:10.854479,405,530
7222,2025-01-18 17:17:10.854479,406,369
7223,2025-01-18 17:17:10.854479,406,536
7224,2025-01-18 17:17:10.854479,406,452
7225,2025-01-18 17:17:10.854479,406,260
7226,2025-01-18 17:17:10.854479,406,624
7227,2025-01-18 17:17:10.854479,406,583
7228,2025-01-18 17:17:10.854479,406,281
7229,2025-01-18 17:17:10.854479,406,375
7230,2025-01-18 17:17:10.854479,406,374
7231,2025-01-18 17:17:10.854479,406,577
7232,2025-01-18 17:17:10.854479,406,371
7233,2025-01-18 17:17:10.854479,406,419
7234,2025-01-18 17:17:10.854479,406,221
7235,2025-01-18 17:17:10.854479,407,393
7236,2025-01-18 17:17:10.854479,407,565
7237,2025-01-18 17:17:10.859466,407,344
7238,2025-01-18 17:17:10.859466,407,467
7239,2025-01-18 17:17:10.859466,407,563
7240,2025-01-18 17:17:10.859466,407,608
7241,2025-01-18 17:17:10.859466,407,426
7242,2025-01-18 17:17:10.859466,407,359
7243,2025-01-18 17:17:10.859466,407,423
7244,2025-01-18 17:17:10.859466,407,539
7245,2025-01-18 17:17:10.859466,407,410
7246,2025-01-18 17:17:10.859466,407,272
7247,2025-01-18 17:17:10.859466,407,416
7248,2025-01-18 17:17:10.859466,407,282
7249,2025-01-18 17:17:10.859466,407,546
7250,2025-01-18 17:17:10.859466,408,466
7251,2025-01-18 17:17:10.859466,408,498
7252,2025-01-18 17:17:10.859466,408,196
7253,2025-01-18 17:17:10.859466,408,405
7254,2025-01-18 17:17:10.859466,408,648
7255,2025-01-18 17:17:10.859466,408,320
7256,2025-01-18 17:17:10.859466,408,251
7257,2025-01-18 17:17:10.859466,408,339
7258,2025-01-18 17:17:10.859466,408,508
7259,2025-01-18 17:17:10.859466,408,658
7260,2025-01-18 17:17:10.859466,408,390
7261,2025-01-18 17:17:10.859466,408,437
7262,2025-01-18 17:17:10.859466,408,202
7263,2025-01-18 17:17:10.859466,408,229
7264,2025-01-18 17:17:10.859466,408,506
7265,2025-01-18 17:17:10.859466,408,549
7266,2025-01-18 17:17:10.859466,409,376
7267,2025-01-18 17:17:10.859466,409,255
7268,2025-01-18 17:17:10.859466,409,359
7269,2025-01-18 17:17:10.859466,409,230
7270,2025-01-18 17:17:10.859466,409,274
7271,2025-01-18 17:17:10.859466,409,270
7272,2025-01-18 17:17:10.859466,409,232
7273,2025-01-18 17:17:10.859466,409,614
7274,2025-01-18 17:17:10.859466,409,276
7275,2025-01-18 17:17:10.859466,409,361
7276,2025-01-18 17:17:10.859466,409,323
7277,2025-01-18 17:17:10.859466,409,294
7278,2025-01-18 17:17:10.859466,409,383
7279,2025-01-18 17:17:10.859466,409,523
7280,2025-01-18 17:17:10.859466,409,534
7281,2025-01-18 17:17:10.859466,409,533
7282,2025-01-18 17:17:10.859466,409,246
7283,2025-01-18 17:17:10.859466,409,254
7284,2025-01-18 17:17:10.859466,410,642
7285,2025-01-18 17:17:10.859466,410,287
7286,2025-01-18 17:17:10.859466,410,636
7287,2025-01-18 17:17:10.859466,410,227
7288,2025-01-18 17:17:10.859466,410,367
7289,2025-01-18 17:17:10.859466,410,269
7290,2025-01-18 17:17:10.860463,410,504
7291,2025-01-18 17:17:10.860463,410,651
7292,2025-01-18 17:17:10.860463,410,370
7293,2025-01-18 17:17:10.860463,410,437
7294,2025-01-18 17:17:10.860463,410,221
7295,2025-01-18 17:17:10.860463,410,555
7296,2025-01-18 17:17:10.860463,410,242
7297,2025-01-18 17:17:10.860463,410,549
7298,2025-01-18 17:17:10.860463,410,552
7299,2025-01-18 17:17:10.860463,410,204
7300,2025-01-18 17:17:10.860463,410,382
7301,2025-01-18 17:17:10.860463,410,469
7302,2025-01-18 17:17:10.860463,411,244
7303,2025-01-18 17:17:10.860463,411,555
7304,2025-01-18 17:17:10.860463,411,412
7305,2025-01-18 17:17:10.860463,411,207
7306,2025-01-18 17:17:10.860463,411,480
7307,2025-01-18 17:17:10.860463,411,373
7308,2025-01-18 17:17:10.860463,411,437
7309,2025-01-18 17:17:10.860463,411,604
7310,2025-01-18 17:17:10.860463,411,243
7311,2025-01-18 17:17:10.860463,411,216
7312,2025-01-18 17:17:10.860463,411,566
7313,2025-01-18 17:17:10.860463,411,569
7314,2025-01-18 17:17:10.860463,411,374
7315,2025-01-18 17:17:10.860463,411,394
7316,2025-01-18 17:17:10.860463,411,484
7317,2025-01-18 17:17:10.860463,411,599
7318,2025-01-18 17:17:10.860463,411,489
7319,2025-01-18 17:17:10.860463,411,388
7320,2025-01-18 17:17:10.860463,412,664
7321,2025-01-18 17:17:10.860463,412,505
7322,2025-01-18 17:17:10.860463,412,523
7323,2025-01-18 17:17:10.860463,412,595
7324,2025-01-18 17:17:10.860463,412,310
7325,2025-01-18 17:17:10.860463,412,349
7326,2025-01-18 17:17:10.860463,412,212
7327,2025-01-18 17:17:10.860463,412,469
7328,2025-01-18 17:17:10.860463,412,631
7329,2025-01-18 17:17:10.860463,412,315
7330,2025-01-18 17:17:10.860463,412,242
7331,2025-01-18 17:17:10.860463,412,363
7332,2025-01-18 17:17:10.860463,412,374
7333,2025-01-18 17:17:10.860463,413,359
7334,2025-01-18 17:17:10.860463,413,580
7335,2025-01-18 17:17:10.860463,413,336
7336,2025-01-18 17:17:10.860463,413,603
7337,2025-01-18 17:17:10.860463,413,427
7338,2025-01-18 17:17:10.860463,413,610
7339,2025-01-18 17:17:10.860463,413,215
7340,2025-01-18 17:17:10.860463,413,505
7341,2025-01-18 17:17:10.860463,413,618
7342,2025-01-18 17:17:10.860463,413,534
7343,2025-01-18 17:17:10.860463,414,319
7344,2025-01-18 17:17:10.860463,414,276
7345,2025-01-18 17:17:10.860463,414,361
7346,2025-01-18 17:17:10.860463,414,540
7347,2025-01-18 17:17:10.860463,414,628
7348,2025-01-18 17:17:10.860463,414,401
7349,2025-01-18 17:17:10.860463,414,422
7350,2025-01-18 17:17:10.860463,414,374
7351,2025-01-18 17:17:10.860463,414,595
7352,2025-01-18 17:17:10.860463,414,571
7353,2025-01-18 17:17:10.860463,414,575
7354,2025-01-18 17:17:10.860463,414,392
7355,2025-01-18 17:17:10.860463,414,389
7356,2025-01-18 17:17:10.860463,415,502
7357,2025-01-18 17:17:10.860463,415,605
7358,2025-01-18 17:17:10.860463,415,580
7359,2025-01-18 17:17:10.860463,415,484
7360,2025-01-18 17:17:10.860463,415,355
7361,2025-01-18 17:17:10.860463,415,379
7362,2025-01-18 17:17:10.860463,415,357
7363,2025-01-18 17:17:10.860463,415,493
7364,2025-01-18 17:17:10.860463,415,608
7365,2025-01-18 17:17:10.860463,415,283
7366,2025-01-18 17:17:10.860463,415,203
7367,2025-01-18 17:17:10.860463,415,359
7368,2025-01-18 17:17:10.860463,415,375
7369,2025-01-18 17:17:10.860463,415,341
7370,2025-01-18 17:17:10.860463,415,426
7371,2025-01-18 17:17:10.860463,416,443
7372,2025-01-18 17:17:10.860463,416,565
7373,2025-01-18 17:17:10.860463,416,599
7374,2025-01-18 17:17:10.860463,416,654
7375,2025-01-18 17:17:10.860463,416,381
7376,2025-01-18 17:17:10.860463,416,540
7377,2025-01-18 17:17:10.860463,416,666
7378,2025-01-18 17:17:10.860463,416,478
7379,2025-01-18 17:17:10.860463,416,350
7380,2025-01-18 17:17:10.860463,416,645
7381,2025-01-18 17:17:10.860463,416,525
7382,2025-01-18 17:17:10.860463,416,504
7383,2025-01-18 17:17:10.860463,417,440
7384,2025-01-18 17:17:10.860463,417,234
7385,2025-01-18 17:17:10.860463,417,292
7386,2025-01-18 17:17:10.860463,417,663
7387,2025-01-18 17:17:10.860463,417,298
7388,2025-01-18 17:17:10.861460,417,610
7389,2025-01-18 17:17:10.861460,417,514
7390,2025-01-18 17:17:10.861460,417,644
7391,2025-01-18 17:17:10.861460,417,238
7392,2025-01-18 17:17:10.861460,417,335
7393,2025-01-18 17:17:10.861460,417,461
7394,2025-01-18 17:17:10.861460,417,297
7395,2025-01-18 17:17:10.861460,417,665
7396,2025-01-18 17:17:10.861460,417,207
7397,2025-01-18 17:17:10.861460,417,237
7398,2025-01-18 17:17:10.861460,417,339
7399,2025-01-18 17:17:10.861460,418,656
7400,2025-01-18 17:17:10.861460,418,530
7401,2025-01-18 17:17:10.861460,418,562
7402,2025-01-18 17:17:10.861460,418,413
7403,2025-01-18 17:17:10.861460,418,512
7404,2025-01-18 17:17:10.861460,418,391
7405,2025-01-18 17:17:10.861460,418,310
7406,2025-01-18 17:17:10.861460,418,383
7407,2025-01-18 17:17:10.861460,418,315
7408,2025-01-18 17:17:10.861460,418,358
7409,2025-01-18 17:17:10.861460,418,423
7410,2025-01-18 17:17:10.861460,418,623
7411,2025-01-18 17:17:10.861460,419,450
7412,2025-01-18 17:17:10.861460,419,260
7413,2025-01-18 17:17:10.861460,419,350
7414,2025-01-18 17:17:10.861460,419,405
7415,2025-01-18 17:17:10.861460,419,321
7416,2025-01-18 17:17:10.861460,419,287
7417,2025-01-18 17:17:10.861460,419,472
7418,2025-01-18 17:17:10.861460,419,327
7419,2025-01-18 17:17:10.861460,419,424
7420,2025-01-18 17:17:10.861460,419,556
7421,2025-01-18 17:17:10.861460,419,218
7422,2025-01-18 17:17:10.861460,419,329
7423,2025-01-18 17:17:10.861460,420,208
7424,2025-01-18 17:17:10.861460,420,401
7425,2025-01-18 17:17:10.861460,420,397
7426,2025-01-18 17:17:10.861460,420,658
7427,2025-01-18 17:17:10.861460,420,298
7428,2025-01-18 17:17:10.861460,420,215
7429,2025-01-18 17:17:10.861460,420,436
7430,2025-01-18 17:17:10.861460,420,263
7431,2025-01-18 17:17:10.861460,420,237
7432,2025-01-18 17:17:10.861460,420,339
7433,2025-01-18 17:17:10.861460,420,513
7434,2025-01-18 17:17:10.861460,420,454
7435,2025-01-18 17:17:10.861460,420,524
7436,2025-01-18 17:17:10.861460,420,598
7437,2025-01-18 17:17:10.861460,420,475
7438,2025-01-18 17:17:10.861460,421,418
7439,2025-01-18 17:17:10.861460,421,395
7440,2025-01-18 17:17:10.861460,421,397
7441,2025-01-18 17:17:10.861460,421,400
7442,2025-01-18 17:17:10.861460,421,303
7443,2025-01-18 17:17:10.861460,421,573
7444,2025-01-18 17:17:10.861460,421,252
7445,2025-01-18 17:17:10.861460,421,552
7446,2025-01-18 17:17:10.861460,421,357
7447,2025-01-18 17:17:10.861460,421,570
7448,2025-01-18 17:17:10.861460,421,380
7449,2025-01-18 17:17:10.861460,421,242
7450,2025-01-18 17:17:10.861460,421,352
7451,2025-01-18 17:17:10.861460,421,325
7452,2025-01-18 17:17:10.861460,421,274
7453,2025-01-18 17:17:10.861460,421,205
7454,2025-01-18 17:17:10.861460,421,300
7455,2025-01-18 17:17:10.861460,421,313
7456,2025-01-18 17:17:10.861460,421,285
7457,2025-01-18 17:17:10.861460,421,240
7458,2025-01-18 17:17:10.861460,422,237
7459,2025-01-18 17:17:10.861460,422,275
7460,2025-01-18 17:17:10.861460,422,269
7461,2025-01-18 17:17:10.861460,422,251
7462,2025-01-18 17:17:10.861460,422,479
7463,2025-01-18 17:17:10.861460,422,544
7464,2025-01-18 17:17:10.861460,422,571
7465,2025-01-18 17:17:10.861460,422,629
7466,2025-01-18 17:17:10.861460,422,206
7467,2025-01-18 17:17:10.861460,422,527
7468,2025-01-18 17:17:10.861460,422,635
7469,2025-01-18 17:17:10.861460,422,429
7470,2025-01-18 17:17:10.861460,422,367
7471,2025-01-18 17:17:10.861460,422,619
7472,2025-01-18 17:17:10.861460,422,588
7473,2025-01-18 17:17:10.861460,422,532
7474,2025-01-18 17:17:10.861460,423,216
7475,2025-01-18 17:17:10.861460,423,551
7476,2025-01-18 17:17:10.861460,423,297
7477,2025-01-18 17:17:10.861460,423,342
7478,2025-01-18 17:17:10.861460,423,422
7479,2025-01-18 17:17:10.861460,423,303
7480,2025-01-18 17:17:10.861460,423,548
7481,2025-01-18 17:17:10.861460,423,320
7482,2025-01-18 17:17:10.861460,423,264
7483,2025-01-18 17:17:10.861460,423,324
7484,2025-01-18 17:17:10.861460,423,582
7485,2025-01-18 17:17:10.861460,424,628
7486,2025-01-18 17:17:10.862457,424,619
7487,2025-01-18 17:17:10.862457,424,381
7488,2025-01-18 17:17:10.862457,424,468
7489,2025-01-18 17:17:10.862457,424,579
7490,2025-01-18 17:17:10.862457,424,421
7491,2025-01-18 17:17:10.862457,424,219
7492,2025-01-18 17:17:10.862457,424,519
7493,2025-01-18 17:17:10.862457,424,572
7494,2025-01-18 17:17:10.862457,424,663
7495,2025-01-18 17:17:10.862457,424,350
7496,2025-01-18 17:17:10.862457,424,484
7497,2025-01-18 17:17:10.862457,424,353
7498,2025-01-18 17:17:10.862457,424,525
7499,2025-01-18 17:17:10.862457,424,256
7500,2025-01-18 17:17:10.862457,424,645
7501,2025-01-18 17:17:10.862457,424,435
7502,2025-01-18 17:17:10.862457,425,246
7503,2025-01-18 17:17:10.862457,425,368
7504,2025-01-18 17:17:10.862457,425,343
7505,2025-01-18 17:17:10.862457,425,588
7506,2025-01-18 17:17:10.862457,425,401
7507,2025-01-18 17:17:10.862457,425,646
7508,2025-01-18 17:17:10.862457,425,316
7509,2025-01-18 17:17:10.862457,425,523
7510,2025-01-18 17:17:10.862457,425,616
7511,2025-01-18 17:17:10.862457,425,620
7512,2025-01-18 17:17:10.862457,425,614
7513,2025-01-18 17:17:10.862457,425,265
7514,2025-01-18 17:17:10.862457,425,358
7515,2025-01-18 17:17:10.862457,425,538
7516,2025-01-18 17:17:10.862457,426,237
7517,2025-01-18 17:17:10.862457,426,503
7518,2025-01-18 17:17:10.862457,426,416
7519,2025-01-18 17:17:10.862457,426,515
7520,2025-01-18 17:17:10.862457,426,550
7521,2025-01-18 17:17:10.862457,426,305
7522,2025-01-18 17:17:10.862457,426,449
7523,2025-01-18 17:17:10.862457,426,352
7524,2025-01-18 17:17:10.862457,426,328
7525,2025-01-18 17:17:10.862457,426,344
7526,2025-01-18 17:17:10.862457,426,576
7527,2025-01-18 17:17:10.862457,426,603
7528,2025-01-18 17:17:10.862457,426,538
7529,2025-01-18 17:17:10.862457,426,492
7530,2025-01-18 17:17:10.862457,426,533
7531,2025-01-18 17:17:10.862457,426,240
7532,2025-01-18 17:17:10.862457,426,227
7533,2025-01-18 17:17:10.862457,426,600
7534,2025-01-18 17:17:10.862457,427,345
7535,2025-01-18 17:17:10.862457,427,583
7536,2025-01-18 17:17:10.862457,427,482
7537,2025-01-18 17:17:10.862457,427,338
7538,2025-01-18 17:17:10.862457,427,277
7539,2025-01-18 17:17:10.862457,427,333
7540,2025-01-18 17:17:10.862457,427,433
7541,2025-01-18 17:17:10.862457,427,223
7542,2025-01-18 17:17:10.862457,427,665
7543,2025-01-18 17:17:10.862457,427,414
7544,2025-01-18 17:17:10.862457,427,418
7545,2025-01-18 17:17:10.862457,427,242
7546,2025-01-18 17:17:10.862457,427,578
7547,2025-01-18 17:17:10.862457,427,638
7548,2025-01-18 17:17:10.862457,427,303
7549,2025-01-18 17:17:10.862457,427,525
7550,2025-01-18 17:17:10.862457,427,328
7551,2025-01-18 17:17:10.862457,427,502
7552,2025-01-18 17:17:10.862457,427,221
7553,2025-01-18 17:17:10.862457,428,394
7554,2025-01-18 17:17:10.862457,428,458
7555,2025-01-18 17:17:10.862457,428,378
7556,2025-01-18 17:17:10.862457,428,444
7557,2025-01-18 17:17:10.862457,428,619
7558,2025-01-18 17:17:10.862457,428,421
7559,2025-01-18 17:17:10.862457,428,601
7560,2025-01-18 17:17:10.862457,428,510
7561,2025-01-18 17:17:10.862457,428,580
7562,2025-01-18 17:17:10.862457,428,351
7563,2025-01-18 17:17:10.862457,428,502
7564,2025-01-18 17:17:10.862457,428,227
7565,2025-01-18 17:17:10.862457,428,556
7566,2025-01-18 17:17:10.862457,428,320
7567,2025-01-18 17:17:10.862457,428,561
7568,2025-01-18 17:17:10.862457,428,457
7569,2025-01-18 17:17:10.862457,429,557
7570,2025-01-18 17:17:10.867444,429,295
7571,2025-01-18 17:17:10.867444,429,658
7572,2025-01-18 17:17:10.867444,429,411
7573,2025-01-18 17:17:10.867444,429,342
7574,2025-01-18 17:17:10.867444,429,593
7575,2025-01-18 17:17:10.867444,429,500
7576,2025-01-18 17:17:10.867444,429,305
7577,2025-01-18 17:17:10.867444,429,241
7578,2025-01-18 17:17:10.867444,429,516
7579,2025-01-18 17:17:10.867444,429,561
7580,2025-01-18 17:17:10.867444,429,635
7581,2025-01-18 17:17:10.867444,429,433
7582,2025-01-18 17:17:10.867444,429,554
7583,2025-01-18 17:17:10.867444,429,206
7584,2025-01-18 17:17:10.867444,429,637
7585,2025-01-18 17:17:10.867444,429,211
7586,2025-01-18 17:17:10.867444,429,410
7587,2025-01-18 17:17:10.867444,429,414
7588,2025-01-18 17:17:10.867444,430,608
7589,2025-01-18 17:17:10.867444,430,458
7590,2025-01-18 17:17:10.867444,430,406
7591,2025-01-18 17:17:10.867444,430,590
7592,2025-01-18 17:17:10.867444,430,505
7593,2025-01-18 17:17:10.867444,430,305
7594,2025-01-18 17:17:10.867444,430,255
7595,2025-01-18 17:17:10.867444,430,585
7596,2025-01-18 17:17:10.867444,430,390
7597,2025-01-18 17:17:10.867444,430,442
7598,2025-01-18 17:17:10.867444,430,566
7599,2025-01-18 17:17:10.867444,430,251
7600,2025-01-18 17:17:10.867444,430,636
7601,2025-01-18 17:17:10.867444,430,604
7602,2025-01-18 17:17:10.867444,430,439
7603,2025-01-18 17:17:10.867444,431,320
7604,2025-01-18 17:17:10.867444,431,373
7605,2025-01-18 17:17:10.867444,431,263
7606,2025-01-18 17:17:10.867444,431,358
7607,2025-01-18 17:17:10.867444,431,404
7608,2025-01-18 17:17:10.867444,431,405
7609,2025-01-18 17:17:10.867444,431,243
7610,2025-01-18 17:17:10.867444,431,329
7611,2025-01-18 17:17:10.867444,431,390
7612,2025-01-18 17:17:10.867444,431,395
7613,2025-01-18 17:17:10.867444,432,608
7614,2025-01-18 17:17:10.867444,432,464
7615,2025-01-18 17:17:10.867444,432,353
7616,2025-01-18 17:17:10.867444,432,560
7617,2025-01-18 17:17:10.867444,432,336
7618,2025-01-18 17:17:10.867444,432,212
7619,2025-01-18 17:17:10.867444,432,613
7620,2025-01-18 17:17:10.867444,432,291
7621,2025-01-18 17:17:10.867444,432,574
7622,2025-01-18 17:17:10.867444,432,528
7623,2025-01-18 17:17:10.867444,432,465
7624,2025-01-18 17:17:10.867444,432,249
7625,2025-01-18 17:17:10.867444,432,404
7626,2025-01-18 17:17:10.867444,432,372
7627,2025-01-18 17:17:10.867444,432,219
7628,2025-01-18 17:17:10.867444,432,630
7629,2025-01-18 17:17:10.867444,432,354
7630,2025-01-18 17:17:10.867444,432,252
7631,2025-01-18 17:17:10.867444,432,589
7632,2025-01-18 17:17:10.867444,432,433
7633,2025-01-18 17:17:10.867444,433,385
7634,2025-01-18 17:17:10.867444,433,229
7635,2025-01-18 17:17:10.867444,433,346
7636,2025-01-18 17:17:10.867444,433,367
7637,2025-01-18 17:17:10.867444,433,435
7638,2025-01-18 17:17:10.867444,433,228
7639,2025-01-18 17:17:10.867444,433,218
7640,2025-01-18 17:17:10.868441,433,456
7641,2025-01-18 17:17:10.868441,433,327
7642,2025-01-18 17:17:10.868441,433,454
7643,2025-01-18 17:17:10.868441,433,539
7644,2025-01-18 17:17:10.868441,433,589
7645,2025-01-18 17:17:10.868441,433,468
7646,2025-01-18 17:17:10.868441,433,507
7647,2025-01-18 17:17:10.868441,433,642
7648,2025-01-18 17:17:10.868441,433,553
7649,2025-01-18 17:17:10.868441,433,574
7650,2025-01-18 17:17:10.868441,433,386
7651,2025-01-18 17:17:10.868441,433,406
7652,2025-01-18 17:17:10.868441,434,418
7653,2025-01-18 17:17:10.868441,434,586
7654,2025-01-18 17:17:10.868441,434,497
7655,2025-01-18 17:17:10.868441,434,290
7656,2025-01-18 17:17:10.868441,434,389
7657,2025-01-18 17:17:10.868441,434,372
7658,2025-01-18 17:17:10.868441,434,521
7659,2025-01-18 17:17:10.868441,434,462
7660,2025-01-18 17:17:10.868441,434,245
7661,2025-01-18 17:17:10.868441,434,515
7662,2025-01-18 17:17:10.868441,434,388
7663,2025-01-18 17:17:10.868441,434,382
7664,2025-01-18 17:17:10.868441,434,636
7665,2025-01-18 17:17:10.868441,434,236
7666,2025-01-18 17:17:10.868441,434,417
7667,2025-01-18 17:17:10.868441,434,242
7668,2025-01-18 17:17:10.868441,435,532
7669,2025-01-18 17:17:10.868441,435,541
7670,2025-01-18 17:17:10.868441,435,654
7671,2025-01-18 17:17:10.868441,435,517
7672,2025-01-18 17:17:10.868441,435,310
7673,2025-01-18 17:17:10.868441,435,626
7674,2025-01-18 17:17:10.868441,435,363
7675,2025-01-18 17:17:10.868441,435,506
7676,2025-01-18 17:17:10.868441,435,611
7677,2025-01-18 17:17:10.868441,435,552
7678,2025-01-18 17:17:10.868441,435,566
7679,2025-01-18 17:17:10.868441,435,467
7680,2025-01-18 17:17:10.868441,435,419
7681,2025-01-18 17:17:10.868441,435,462
7682,2025-01-18 17:17:10.868441,436,654
7683,2025-01-18 17:17:10.868441,436,410
7684,2025-01-18 17:17:10.868441,436,488
7685,2025-01-18 17:17:10.868441,436,293
7686,2025-01-18 17:17:10.868441,436,428
7687,2025-01-18 17:17:10.868441,436,304
7688,2025-01-18 17:17:10.868441,436,329
7689,2025-01-18 17:17:10.868441,436,546
7690,2025-01-18 17:17:10.868441,436,548
7691,2025-01-18 17:17:10.868441,436,281
7692,2025-01-18 17:17:10.868441,436,369
7693,2025-01-18 17:17:10.868441,436,538
7694,2025-01-18 17:17:10.868441,436,343
7695,2025-01-18 17:17:10.868441,437,312
7696,2025-01-18 17:17:10.868441,437,516
7697,2025-01-18 17:17:10.868441,437,456
7698,2025-01-18 17:17:10.868441,437,270
7699,2025-01-18 17:17:10.868441,437,568
7700,2025-01-18 17:17:10.868441,437,388
7701,2025-01-18 17:17:10.868441,437,332
7702,2025-01-18 17:17:10.868441,437,500
7703,2025-01-18 17:17:10.868441,437,201
7704,2025-01-18 17:17:10.868441,437,460
7705,2025-01-18 17:17:10.868441,437,546
7706,2025-01-18 17:17:10.868441,437,598
7707,2025-01-18 17:17:10.868441,437,253
7708,2025-01-18 17:17:10.868441,438,667
7709,2025-01-18 17:17:10.868441,438,388
7710,2025-01-18 17:17:10.868441,438,262
7711,2025-01-18 17:17:10.868441,438,418
7712,2025-01-18 17:17:10.868441,438,417
7713,2025-01-18 17:17:10.868441,438,396
7714,2025-01-18 17:17:10.868441,438,574
7715,2025-01-18 17:17:10.868441,438,413
7716,2025-01-18 17:17:10.868441,438,411
7717,2025-01-18 17:17:10.868441,438,443
7718,2025-01-18 17:17:10.868441,438,521
7719,2025-01-18 17:17:10.868441,439,439
7720,2025-01-18 17:17:10.869439,439,282
7721,2025-01-18 17:17:10.869439,439,316
7722,2025-01-18 17:17:10.869439,439,360
7723,2025-01-18 17:17:10.869439,439,520
7724,2025-01-18 17:17:10.869439,439,583
7725,2025-01-18 17:17:10.869439,439,630
7726,2025-01-18 17:17:10.869439,439,429
7727,2025-01-18 17:17:10.869439,439,256
7728,2025-01-18 17:17:10.869439,439,646
7729,2025-01-18 17:17:10.869439,439,569
7730,2025-01-18 17:17:10.869439,439,245
7731,2025-01-18 17:17:10.869439,439,420
7732,2025-01-18 17:17:10.869439,439,540
7733,2025-01-18 17:17:10.869439,439,614
7734,2025-01-18 17:17:10.869439,439,541
7735,2025-01-18 17:17:10.869439,439,278
7736,2025-01-18 17:17:10.869439,439,659
7737,2025-01-18 17:17:10.869439,439,428
7738,2025-01-18 17:17:10.869439,440,553
7739,2025-01-18 17:17:10.869439,440,252
7740,2025-01-18 17:17:10.869439,440,567
7741,2025-01-18 17:17:10.869439,440,619
7742,2025-01-18 17:17:10.869439,440,305
7743,2025-01-18 17:17:10.869439,440,340
7744,2025-01-18 17:17:10.869439,440,586
7745,2025-01-18 17:17:10.869439,440,643
7746,2025-01-18 17:17:10.869439,440,657
7747,2025-01-18 17:17:10.869439,440,408
7748,2025-01-18 17:17:10.869439,440,509
7749,2025-01-18 17:17:10.869439,440,409
7750,2025-01-18 17:17:10.869439,440,637
7751,2025-01-18 17:17:10.869439,440,452
7752,2025-01-18 17:17:10.869439,440,204
7753,2025-01-18 17:17:10.869439,440,292
7754,2025-01-18 17:17:10.869439,440,328
7755,2025-01-18 17:17:10.869439,441,357
7756,2025-01-18 17:17:10.869439,441,545
7757,2025-01-18 17:17:10.869439,441,521
7758,2025-01-18 17:17:10.869439,441,525
7759,2025-01-18 17:17:10.869439,441,224
7760,2025-01-18 17:17:10.869439,441,651
7761,2025-01-18 17:17:10.869439,441,548
7762,2025-01-18 17:17:10.869439,441,611
7763,2025-01-18 17:17:10.869439,441,663
7764,2025-01-18 17:17:10.869439,441,470
7765,2025-01-18 17:17:10.869439,441,622
7766,2025-01-18 17:17:10.869439,442,556
7767,2025-01-18 17:17:10.869439,442,634
7768,2025-01-18 17:17:10.869439,442,558
7769,2025-01-18 17:17:10.869439,442,598
7770,2025-01-18 17:17:10.869439,442,361
7771,2025-01-18 17:17:10.869439,442,239
7772,2025-01-18 17:17:10.869439,442,494
7773,2025-01-18 17:17:10.869439,442,273
7774,2025-01-18 17:17:10.869439,442,300
7775,2025-01-18 17:17:10.869439,442,630
7776,2025-01-18 17:17:10.869439,442,509
7777,2025-01-18 17:17:10.869439,442,293
7778,2025-01-18 17:17:10.869439,442,586
7779,2025-01-18 17:17:10.869439,442,452
7780,2025-01-18 17:17:10.869439,442,362
7781,2025-01-18 17:17:10.869439,442,195
7782,2025-01-18 17:17:10.869439,442,367
7783,2025-01-18 17:17:10.869439,442,432
7784,2025-01-18 17:17:10.869439,443,472
7785,2025-01-18 17:17:10.869439,443,645
7786,2025-01-18 17:17:10.869439,443,579
7787,2025-01-18 17:17:10.869439,443,651
7788,2025-01-18 17:17:10.869439,443,495
7789,2025-01-18 17:17:10.869439,443,229
7790,2025-01-18 17:17:10.869439,443,617
7791,2025-01-18 17:17:10.869439,443,459
7792,2025-01-18 17:17:10.869439,443,619
7793,2025-01-18 17:17:10.869439,443,498
7794,2025-01-18 17:17:10.869439,443,436
7795,2025-01-18 17:17:10.869439,443,653
7796,2025-01-18 17:17:10.869439,443,398
7797,2025-01-18 17:17:10.869439,443,259
7798,2025-01-18 17:17:10.869439,444,496
7799,2025-01-18 17:17:10.869439,444,471
7800,2025-01-18 17:17:10.869439,444,329
7801,2025-01-18 17:17:10.869439,444,421
7802,2025-01-18 17:17:10.869439,444,200
7803,2025-01-18 17:17:10.869439,444,541
7804,2025-01-18 17:17:10.869439,444,291
7805,2025-01-18 17:17:10.869439,444,523
7806,2025-01-18 17:17:10.869439,444,597
7807,2025-01-18 17:17:10.869439,444,538
7808,2025-01-18 17:17:10.869439,444,341
7809,2025-01-18 17:17:10.869439,444,513
7810,2025-01-18 17:17:10.869439,444,606
7811,2025-01-18 17:17:10.869439,444,405
7812,2025-01-18 17:17:10.869439,444,577
7813,2025-01-18 17:17:10.869439,445,244
7814,2025-01-18 17:17:10.870436,445,311
7815,2025-01-18 17:17:10.870436,445,433
7816,2025-01-18 17:17:10.870436,445,641
7817,2025-01-18 17:17:10.870436,445,321
7818,2025-01-18 17:17:10.870436,445,619
7819,2025-01-18 17:17:10.870436,445,368
7820,2025-01-18 17:17:10.870436,445,239
7821,2025-01-18 17:17:10.870436,445,411
7822,2025-01-18 17:17:10.870436,445,400
7823,2025-01-18 17:17:10.870436,445,396
7824,2025-01-18 17:17:10.870436,445,457
7825,2025-01-18 17:17:10.870436,445,361
7826,2025-01-18 17:17:10.870436,445,653
7827,2025-01-18 17:17:10.870436,445,599
7828,2025-01-18 17:17:10.870436,445,380
7829,2025-01-18 17:17:10.870436,445,319
7830,2025-01-18 17:17:10.870436,445,252
7831,2025-01-18 17:17:10.870436,445,327
7832,2025-01-18 17:17:10.870436,446,319
7833,2025-01-18 17:17:10.870436,446,377
7834,2025-01-18 17:17:10.870436,446,325
7835,2025-01-18 17:17:10.870436,446,395
7836,2025-01-18 17:17:10.870436,446,426
7837,2025-01-18 17:17:10.870436,446,240
7838,2025-01-18 17:17:10.870436,446,602
7839,2025-01-18 17:17:10.870436,446,554
7840,2025-01-18 17:17:10.870436,446,485
7841,2025-01-18 17:17:10.870436,446,254
7842,2025-01-18 17:17:10.870436,446,653
7843,2025-01-18 17:17:10.870436,447,441
7844,2025-01-18 17:17:10.870436,447,500
7845,2025-01-18 17:17:10.870436,447,611
7846,2025-01-18 17:17:10.870436,447,506
7847,2025-01-18 17:17:10.870436,447,564
7848,2025-01-18 17:17:10.870436,447,498
7849,2025-01-18 17:17:10.870436,447,606
7850,2025-01-18 17:17:10.870436,447,484
7851,2025-01-18 17:17:10.870436,447,518
7852,2025-01-18 17:17:10.870436,447,443
7853,2025-01-18 17:17:10.870436,447,406
7854,2025-01-18 17:17:10.870436,447,588
7855,2025-01-18 17:17:10.870436,447,293
7856,2025-01-18 17:17:10.870436,447,232
7857,2025-01-18 17:17:10.870436,447,597
7858,2025-01-18 17:17:10.870436,447,299
7859,2025-01-18 17:17:10.870436,447,540
7860,2025-01-18 17:17:10.870436,447,666
7861,2025-01-18 17:17:10.870436,447,435
7862,2025-01-18 17:17:10.870436,448,433
7863,2025-01-18 17:17:10.870436,448,364
7864,2025-01-18 17:17:10.870436,448,573
7865,2025-01-18 17:17:10.870436,448,347
7866,2025-01-18 17:17:10.870436,448,298
7867,2025-01-18 17:17:10.870436,448,304
7868,2025-01-18 17:17:10.870436,448,305
7869,2025-01-18 17:17:10.870436,448,459
7870,2025-01-18 17:17:10.870436,448,414
7871,2025-01-18 17:17:10.870436,448,544
7872,2025-01-18 17:17:10.870436,448,270
7873,2025-01-18 17:17:10.870436,449,293
7874,2025-01-18 17:17:10.870436,449,243
7875,2025-01-18 17:17:10.870436,449,605
7876,2025-01-18 17:17:10.870436,449,274
7877,2025-01-18 17:17:10.870436,449,425
7878,2025-01-18 17:17:10.870436,449,216
7879,2025-01-18 17:17:10.870436,449,549
7880,2025-01-18 17:17:10.870436,449,625
7881,2025-01-18 17:17:10.870436,449,292
7882,2025-01-18 17:17:10.870436,449,398
7883,2025-01-18 17:17:10.870436,449,470
7884,2025-01-18 17:17:10.870436,449,313
7885,2025-01-18 17:17:10.870436,449,402
7886,2025-01-18 17:17:10.870436,450,406
7887,2025-01-18 17:17:10.870436,450,616
7888,2025-01-18 17:17:10.870436,450,289
7889,2025-01-18 17:17:10.870436,450,569
7890,2025-01-18 17:17:10.870436,450,213
7891,2025-01-18 17:17:10.870436,450,347
7892,2025-01-18 17:17:10.870436,450,324
7893,2025-01-18 17:17:10.870436,450,535
7894,2025-01-18 17:17:10.870436,450,651
7895,2025-01-18 17:17:10.870436,450,513
7896,2025-01-18 17:17:10.870436,450,252
7897,2025-01-18 17:17:10.870436,450,285
7898,2025-01-18 17:17:10.870436,450,473
7899,2025-01-18 17:17:10.870436,450,359
7900,2025-01-18 17:17:10.870436,450,534
7901,2025-01-18 17:17:10.870436,451,636
7902,2025-01-18 17:17:10.870436,451,516
7903,2025-01-18 17:17:10.875423,451,473
7904,2025-01-18 17:17:10.876421,451,458
7905,2025-01-18 17:17:10.876421,451,615
7906,2025-01-18 17:17:10.876421,451,371
7907,2025-01-18 17:17:10.876421,451,353
7908,2025-01-18 17:17:10.876421,451,425
7909,2025-01-18 17:17:10.876421,451,519
7910,2025-01-18 17:17:10.876421,451,283
7911,2025-01-18 17:17:10.876421,451,523
7912,2025-01-18 17:17:10.876421,451,219
7913,2025-01-18 17:17:10.876421,451,608
7914,2025-01-18 17:17:10.876421,452,517
7915,2025-01-18 17:17:10.876421,452,382
7916,2025-01-18 17:17:10.876421,452,378
7917,2025-01-18 17:17:10.876421,452,387
7918,2025-01-18 17:17:10.876421,452,589
7919,2025-01-18 17:17:10.876421,452,241
7920,2025-01-18 17:17:10.876421,452,524
7921,2025-01-18 17:17:10.876421,452,475
7922,2025-01-18 17:17:10.876421,452,530
7923,2025-01-18 17:17:10.876421,452,225
7924,2025-01-18 17:17:10.876421,452,535
7925,2025-01-18 17:17:10.876421,452,605
7926,2025-01-18 17:17:10.876421,452,479
7927,2025-01-18 17:17:10.876421,452,501
7928,2025-01-18 17:17:10.876421,453,635
7929,2025-01-18 17:17:10.876421,453,342
7930,2025-01-18 17:17:10.876421,453,657
7931,2025-01-18 17:17:10.876421,453,283
7932,2025-01-18 17:17:10.876421,453,581
7933,2025-01-18 17:17:10.876421,453,268
7934,2025-01-18 17:17:10.876421,453,249
7935,2025-01-18 17:17:10.876421,453,503
7936,2025-01-18 17:17:10.876421,453,494
7937,2025-01-18 17:17:10.876421,453,626
7938,2025-01-18 17:17:10.876421,454,227
7939,2025-01-18 17:17:10.876421,454,244
7940,2025-01-18 17:17:10.876421,454,567
7941,2025-01-18 17:17:10.876421,454,515
7942,2025-01-18 17:17:10.876421,454,447
7943,2025-01-18 17:17:10.876421,454,404
7944,2025-01-18 17:17:10.876421,454,591
7945,2025-01-18 17:17:10.876421,454,291
7946,2025-01-18 17:17:10.876421,454,555
7947,2025-01-18 17:17:10.876421,454,547
7948,2025-01-18 17:17:10.876421,455,217
7949,2025-01-18 17:17:10.876421,455,483
7950,2025-01-18 17:17:10.876421,455,660
7951,2025-01-18 17:17:10.876421,455,500
7952,2025-01-18 17:17:10.876421,455,488
7953,2025-01-18 17:17:10.876421,455,456
7954,2025-01-18 17:17:10.876421,455,356
7955,2025-01-18 17:17:10.876421,455,344
7956,2025-01-18 17:17:10.876421,455,610
7957,2025-01-18 17:17:10.876421,455,614
7958,2025-01-18 17:17:10.876421,455,613
7959,2025-01-18 17:17:10.876421,455,262
7960,2025-01-18 17:17:10.876421,456,243
7961,2025-01-18 17:17:10.876421,456,198
7962,2025-01-18 17:17:10.876421,456,419
7963,2025-01-18 17:17:10.876421,456,415
7964,2025-01-18 17:17:10.876421,456,258
7965,2025-01-18 17:17:10.876421,456,568
7966,2025-01-18 17:17:10.876421,456,304
7967,2025-01-18 17:17:10.876421,456,319
7968,2025-01-18 17:17:10.876421,456,225
7969,2025-01-18 17:17:10.876421,456,255
7970,2025-01-18 17:17:10.876421,456,496
7971,2025-01-18 17:17:10.876421,456,448
7972,2025-01-18 17:17:10.876421,456,532
7973,2025-01-18 17:17:10.876421,456,487
7974,2025-01-18 17:17:10.876421,456,570
7975,2025-01-18 17:17:10.876421,456,241
7976,2025-01-18 17:17:10.876421,456,424
7977,2025-01-18 17:17:10.876421,456,396
7978,2025-01-18 17:17:10.876421,456,207
7979,2025-01-18 17:17:10.876421,456,386
7980,2025-01-18 17:17:10.876421,457,630
7981,2025-01-18 17:17:10.876421,457,427
7982,2025-01-18 17:17:10.876421,457,631
7983,2025-01-18 17:17:10.876421,457,540
7984,2025-01-18 17:17:10.876421,457,333
7985,2025-01-18 17:17:10.876421,457,472
7986,2025-01-18 17:17:10.876421,457,325
7987,2025-01-18 17:17:10.876421,457,646
7988,2025-01-18 17:17:10.876421,457,575
7989,2025-01-18 17:17:10.876421,457,421
7990,2025-01-18 17:17:10.876421,457,397
7991,2025-01-18 17:17:10.876421,457,389
7992,2025-01-18 17:17:10.876421,457,504
7993,2025-01-18 17:17:10.876421,457,645
7994,2025-01-18 17:17:10.876421,458,368
7995,2025-01-18 17:17:10.876421,458,489
7996,2025-01-18 17:17:10.876421,458,326
7997,2025-01-18 17:17:10.876421,458,496
7998,2025-01-18 17:17:10.876421,458,623
7999,2025-01-18 17:17:10.876421,458,546
8000,2025-01-18 17:17:10.877417,458,355
8001,2025-01-18 17:17:10.877417,458,598
8002,2025-01-18 17:17:10.877417,458,436
8003,2025-01-18 17:17:10.877417,458,313
8004,2025-01-18 17:17:10.877417,458,439
8005,2025-01-18 17:17:10.877417,458,659
8006,2025-01-18 17:17:10.877417,458,237
8007,2025-01-18 17:17:10.877417,458,378
8008,2025-01-18 17:17:10.877417,458,412
8009,2025-01-18 17:17:10.877417,458,323
8010,2025-01-18 17:17:10.877417,458,539
8011,2025-01-18 17:17:10.877417,458,619
8012,2025-01-18 17:17:10.877417,458,444
8013,2025-01-18 17:17:10.877417,459,315
8014,2025-01-18 17:17:10.877417,459,503
8015,2025-01-18 17:17:10.877417,459,621
8016,2025-01-18 17:17:10.877417,459,613
8017,2025-01-18 17:17:10.877417,459,650
8018,2025-01-18 17:17:10.877417,459,580
8019,2025-01-18 17:17:10.877417,459,655
8020,2025-01-18 17:17:10.877417,459,440
8021,2025-01-18 17:17:10.877417,459,341
8022,2025-01-18 17:17:10.877417,459,339
8023,2025-01-18 17:17:10.877417,459,290
8024,2025-01-18 17:17:10.877417,459,645
8025,2025-01-18 17:17:10.877417,459,298
8026,2025-01-18 17:17:10.877417,460,492
8027,2025-01-18 17:17:10.877417,460,311
8028,2025-01-18 17:17:10.877417,460,255
8029,2025-01-18 17:17:10.877417,460,267
8030,2025-01-18 17:17:10.877417,460,230
8031,2025-01-18 17:17:10.877417,460,217
8032,2025-01-18 17:17:10.877417,460,416
8033,2025-01-18 17:17:10.877417,460,634
8034,2025-01-18 17:17:10.877417,460,527
8035,2025-01-18 17:17:10.877417,460,659
8036,2025-01-18 17:17:10.877417,460,594
8037,2025-01-18 17:17:10.877417,460,326
8038,2025-01-18 17:17:10.877417,460,233
8039,2025-01-18 17:17:10.877417,460,266
8040,2025-01-18 17:17:10.877417,460,655
8041,2025-01-18 17:17:10.877417,460,596
8042,2025-01-18 17:17:10.877417,460,583
8043,2025-01-18 17:17:10.877417,460,304
8044,2025-01-18 17:17:10.877417,461,371
8045,2025-01-18 17:17:10.877417,461,214
8046,2025-01-18 17:17:10.877417,461,400
8047,2025-01-18 17:17:10.877417,461,426
8048,2025-01-18 17:17:10.877417,461,540
8049,2025-01-18 17:17:10.877417,461,270
8050,2025-01-18 17:17:10.877417,461,499
8051,2025-01-18 17:17:10.877417,461,387
8052,2025-01-18 17:17:10.877417,461,350
8053,2025-01-18 17:17:10.877417,461,568
8054,2025-01-18 17:17:10.877417,461,534
8055,2025-01-18 17:17:10.877417,461,567
8056,2025-01-18 17:17:10.877417,461,280
8057,2025-01-18 17:17:10.877417,461,519
8058,2025-01-18 17:17:10.877417,461,226
8059,2025-01-18 17:17:10.877417,461,319
8060,2025-01-18 17:17:10.877417,461,435
8061,2025-01-18 17:17:10.877417,461,517
8062,2025-01-18 17:17:10.877417,461,548
8063,2025-01-18 17:17:10.877417,461,297
8064,2025-01-18 17:17:10.877417,462,342
8065,2025-01-18 17:17:10.877417,462,410
8066,2025-01-18 17:17:10.877417,462,285
8067,2025-01-18 17:17:10.877417,462,412
8068,2025-01-18 17:17:10.877417,462,616
8069,2025-01-18 17:17:10.877417,462,519
8070,2025-01-18 17:17:10.877417,462,269
8071,2025-01-18 17:17:10.877417,462,450
8072,2025-01-18 17:17:10.877417,462,580
8073,2025-01-18 17:17:10.877417,462,378
8074,2025-01-18 17:17:10.877417,462,606
8075,2025-01-18 17:17:10.877417,462,482
8076,2025-01-18 17:17:10.877417,462,327
8077,2025-01-18 17:17:10.877417,462,334
8078,2025-01-18 17:17:10.877417,462,228
8079,2025-01-18 17:17:10.877417,463,648
8080,2025-01-18 17:17:10.877417,463,600
8081,2025-01-18 17:17:10.877417,463,660
8082,2025-01-18 17:17:10.877417,463,611
8083,2025-01-18 17:17:10.877417,463,219
8084,2025-01-18 17:17:10.877417,463,224
8085,2025-01-18 17:17:10.877417,463,633
8086,2025-01-18 17:17:10.877417,463,588
8087,2025-01-18 17:17:10.877417,463,546
8088,2025-01-18 17:17:10.877417,463,290
8089,2025-01-18 17:17:10.877417,463,398
8090,2025-01-18 17:17:10.877417,463,519
8091,2025-01-18 17:17:10.877417,463,258
8092,2025-01-18 17:17:10.877417,463,263
8093,2025-01-18 17:17:10.877417,463,220
8094,2025-01-18 17:17:10.877417,463,522
8095,2025-01-18 17:17:10.877417,463,481
8096,2025-01-18 17:17:10.877417,463,636
8097,2025-01-18 17:17:10.877417,464,314
8098,2025-01-18 17:17:10.877417,464,629
8099,2025-01-18 17:17:10.878414,464,655
8100,2025-01-18 17:17:10.878414,464,413
8101,2025-01-18 17:17:10.878414,464,459
8102,2025-01-18 17:17:10.878414,464,402
8103,2025-01-18 17:17:10.878414,464,518
8104,2025-01-18 17:17:10.878414,464,422
8105,2025-01-18 17:17:10.878414,464,368
8106,2025-01-18 17:17:10.878414,464,239
8107,2025-01-18 17:17:10.878414,465,558
8108,2025-01-18 17:17:10.878414,465,414
8109,2025-01-18 17:17:10.878414,465,217
8110,2025-01-18 17:17:10.878414,465,292
8111,2025-01-18 17:17:10.878414,465,622
8112,2025-01-18 17:17:10.878414,465,512
8113,2025-01-18 17:17:10.878414,465,517
8114,2025-01-18 17:17:10.878414,465,432
8115,2025-01-18 17:17:10.878414,465,550
8116,2025-01-18 17:17:10.878414,465,638
8117,2025-01-18 17:17:10.878414,465,490
8118,2025-01-18 17:17:10.878414,466,477
8119,2025-01-18 17:17:10.878414,466,238
8120,2025-01-18 17:17:10.878414,466,458
8121,2025-01-18 17:17:10.878414,466,403
8122,2025-01-18 17:17:10.878414,466,342
8123,2025-01-18 17:17:10.878414,466,511
8124,2025-01-18 17:17:10.878414,466,634
8125,2025-01-18 17:17:10.878414,466,456
8126,2025-01-18 17:17:10.878414,466,369
8127,2025-01-18 17:17:10.878414,466,534
8128,2025-01-18 17:17:10.878414,466,239
8129,2025-01-18 17:17:10.878414,466,317
8130,2025-01-18 17:17:10.878414,466,396
8131,2025-01-18 17:17:10.878414,466,469
8132,2025-01-18 17:17:10.878414,467,406
8133,2025-01-18 17:17:10.878414,467,457
8134,2025-01-18 17:17:10.878414,467,277
8135,2025-01-18 17:17:10.878414,467,265
8136,2025-01-18 17:17:10.878414,467,234
8137,2025-01-18 17:17:10.878414,467,616
8138,2025-01-18 17:17:10.878414,467,300
8139,2025-01-18 17:17:10.878414,467,196
8140,2025-01-18 17:17:10.878414,467,518
8141,2025-01-18 17:17:10.878414,467,274
8142,2025-01-18 17:17:10.878414,467,401
8143,2025-01-18 17:17:10.878414,467,590
8144,2025-01-18 17:17:10.878414,467,373
8145,2025-01-18 17:17:10.878414,467,597
8146,2025-01-18 17:17:10.878414,467,480
8147,2025-01-18 17:17:10.878414,467,510
8148,2025-01-18 17:17:10.878414,468,533
8149,2025-01-18 17:17:10.878414,468,593
8150,2025-01-18 17:17:10.878414,468,494
8151,2025-01-18 17:17:10.878414,468,379
8152,2025-01-18 17:17:10.878414,468,425
8153,2025-01-18 17:17:10.878414,468,373
8154,2025-01-18 17:17:10.878414,468,534
8155,2025-01-18 17:17:10.878414,468,667
8156,2025-01-18 17:17:10.878414,468,268
8157,2025-01-18 17:17:10.878414,468,245
8158,2025-01-18 17:17:10.878414,468,557
8159,2025-01-18 17:17:10.878414,468,357
8160,2025-01-18 17:17:10.878414,468,427
8161,2025-01-18 17:17:10.878414,468,445
8162,2025-01-18 17:17:10.878414,468,304
8163,2025-01-18 17:17:10.878414,468,486
8164,2025-01-18 17:17:10.878414,468,254
8165,2025-01-18 17:17:10.878414,469,355
8166,2025-01-18 17:17:10.878414,469,563
8167,2025-01-18 17:17:10.878414,469,334
8168,2025-01-18 17:17:10.878414,469,370
8169,2025-01-18 17:17:10.878414,469,431
8170,2025-01-18 17:17:10.878414,469,229
8171,2025-01-18 17:17:10.878414,469,253
8172,2025-01-18 17:17:10.878414,469,391
8173,2025-01-18 17:17:10.878414,469,330
8174,2025-01-18 17:17:10.878414,469,609
8175,2025-01-18 17:17:10.878414,469,275
8176,2025-01-18 17:17:10.878414,469,635
8177,2025-01-18 17:17:10.878414,469,501
8178,2025-01-18 17:17:10.878414,469,505
8179,2025-01-18 17:17:10.878414,470,348
8180,2025-01-18 17:17:10.878414,470,613
8181,2025-01-18 17:17:10.878414,470,325
8182,2025-01-18 17:17:10.878414,470,425
8183,2025-01-18 17:17:10.878414,470,391
8184,2025-01-18 17:17:10.878414,470,449
8185,2025-01-18 17:17:10.878414,470,309
8186,2025-01-18 17:17:10.878414,470,289
8187,2025-01-18 17:17:10.878414,470,238
8188,2025-01-18 17:17:10.878414,470,413
8189,2025-01-18 17:17:10.878414,470,600
8190,2025-01-18 17:17:10.878414,470,607
8191,2025-01-18 17:17:10.878414,470,649
8192,2025-01-18 17:17:10.878414,470,349
8193,2025-01-18 17:17:10.878414,471,580
8194,2025-01-18 17:17:10.878414,471,629
8195,2025-01-18 17:17:10.878414,471,605
8196,2025-01-18 17:17:10.879412,471,415
8197,2025-01-18 17:17:10.879412,471,506
8198,2025-01-18 17:17:10.879412,471,525
8199,2025-01-18 17:17:10.879412,471,266
8200,2025-01-18 17:17:10.879412,471,445
8201,2025-01-18 17:17:10.879412,471,474
8202,2025-01-18 17:17:10.879412,471,408
8203,2025-01-18 17:17:10.879412,471,218
8204,2025-01-18 17:17:10.879412,472,250
8205,2025-01-18 17:17:10.879412,472,488
8206,2025-01-18 17:17:10.879412,472,367
8207,2025-01-18 17:17:10.879412,472,527
8208,2025-01-18 17:17:10.879412,472,300
8209,2025-01-18 17:17:10.879412,472,637
8210,2025-01-18 17:17:10.879412,472,443
8211,2025-01-18 17:17:10.879412,472,299
8212,2025-01-18 17:17:10.879412,472,254
8213,2025-01-18 17:17:10.879412,472,194
8214,2025-01-18 17:17:10.879412,472,320
8215,2025-01-18 17:17:10.879412,472,660
8216,2025-01-18 17:17:10.879412,472,623
8217,2025-01-18 17:17:10.879412,472,456
8218,2025-01-18 17:17:10.879412,472,439
8219,2025-01-18 17:17:10.879412,472,574
8220,2025-01-18 17:17:10.879412,473,362
8221,2025-01-18 17:17:10.879412,473,259
8222,2025-01-18 17:17:10.879412,473,249
8223,2025-01-18 17:17:10.879412,473,295
8224,2025-01-18 17:17:10.879412,473,284
8225,2025-01-18 17:17:10.879412,473,657
8226,2025-01-18 17:17:10.879412,473,306
8227,2025-01-18 17:17:10.879412,473,476
8228,2025-01-18 17:17:10.879412,473,652
8229,2025-01-18 17:17:10.879412,473,653
8230,2025-01-18 17:17:10.879412,473,340
8231,2025-01-18 17:17:10.879412,474,195
8232,2025-01-18 17:17:10.879412,474,208
8233,2025-01-18 17:17:10.879412,474,521
8234,2025-01-18 17:17:10.879412,474,314
8235,2025-01-18 17:17:10.879412,474,587
8236,2025-01-18 17:17:10.884399,474,515
8237,2025-01-18 17:17:10.884399,474,546
8238,2025-01-18 17:17:10.884399,474,320
8239,2025-01-18 17:17:10.884399,474,384
8240,2025-01-18 17:17:10.884399,474,429
8241,2025-01-18 17:17:10.884399,474,596
8242,2025-01-18 17:17:10.884399,474,621
8243,2025-01-18 17:17:10.884399,474,489
8244,2025-01-18 17:17:10.884399,474,559
8245,2025-01-18 17:17:10.884399,474,368
8246,2025-01-18 17:17:10.884399,475,457
8247,2025-01-18 17:17:10.884399,475,391
8248,2025-01-18 17:17:10.884399,475,264
8249,2025-01-18 17:17:10.884399,475,274
8250,2025-01-18 17:17:10.884399,475,209
8251,2025-01-18 17:17:10.884399,475,243
8252,2025-01-18 17:17:10.884399,475,614
8253,2025-01-18 17:17:10.884399,475,226
8254,2025-01-18 17:17:10.884399,475,199
8255,2025-01-18 17:17:10.884399,475,495
8256,2025-01-18 17:17:10.884399,475,382
8257,2025-01-18 17:17:10.884399,475,667
8258,2025-01-18 17:17:10.884399,476,555
8259,2025-01-18 17:17:10.884399,476,265
8260,2025-01-18 17:17:10.884399,476,601
8261,2025-01-18 17:17:10.884399,476,324
8262,2025-01-18 17:17:10.884399,476,354
8263,2025-01-18 17:17:10.884399,476,397
8264,2025-01-18 17:17:10.884399,476,599
8265,2025-01-18 17:17:10.884399,476,666
8266,2025-01-18 17:17:10.884399,476,539
8267,2025-01-18 17:17:10.884399,476,431
8268,2025-01-18 17:17:10.884399,476,568
8269,2025-01-18 17:17:10.884399,476,237
8270,2025-01-18 17:17:10.884399,476,558
8271,2025-01-18 17:17:10.884399,476,204
8272,2025-01-18 17:17:10.884399,476,433
8273,2025-01-18 17:17:10.884399,477,455
8274,2025-01-18 17:17:10.884399,477,395
8275,2025-01-18 17:17:10.884399,477,305
8276,2025-01-18 17:17:10.884399,477,485
8277,2025-01-18 17:17:10.884399,477,214
8278,2025-01-18 17:17:10.884399,477,492
8279,2025-01-18 17:17:10.884399,477,382
8280,2025-01-18 17:17:10.884399,477,463
8281,2025-01-18 17:17:10.884399,477,383
8282,2025-01-18 17:17:10.884399,477,625
8283,2025-01-18 17:17:10.884399,477,277
8284,2025-01-18 17:17:10.885396,478,341
8285,2025-01-18 17:17:10.885396,478,400
8286,2025-01-18 17:17:10.885396,478,548
8287,2025-01-18 17:17:10.885396,478,303
8288,2025-01-18 17:17:10.885396,478,310
8289,2025-01-18 17:17:10.885396,478,615
8290,2025-01-18 17:17:10.885396,478,658
8291,2025-01-18 17:17:10.885396,478,437
8292,2025-01-18 17:17:10.885396,478,559
8293,2025-01-18 17:17:10.885396,478,206
8294,2025-01-18 17:17:10.885396,478,436
8295,2025-01-18 17:17:10.885396,478,595
8296,2025-01-18 17:17:10.885396,478,650
8297,2025-01-18 17:17:10.885396,478,625
8298,2025-01-18 17:17:10.885396,479,306
8299,2025-01-18 17:17:10.885396,479,538
8300,2025-01-18 17:17:10.885396,479,195
8301,2025-01-18 17:17:10.885396,479,571
8302,2025-01-18 17:17:10.885396,479,632
8303,2025-01-18 17:17:10.885396,479,490
8304,2025-01-18 17:17:10.885396,479,226
8305,2025-01-18 17:17:10.885396,479,385
8306,2025-01-18 17:17:10.885396,479,205
8307,2025-01-18 17:17:10.885396,479,291
8308,2025-01-18 17:17:10.885396,479,341
8309,2025-01-18 17:17:10.885396,480,373
8310,2025-01-18 17:17:10.885396,480,242
8311,2025-01-18 17:17:10.885396,480,259
8312,2025-01-18 17:17:10.885396,480,270
8313,2025-01-18 17:17:10.885396,480,378
8314,2025-01-18 17:17:10.885396,480,357
8315,2025-01-18 17:17:10.885396,480,443
8316,2025-01-18 17:17:10.885396,480,428
8317,2025-01-18 17:17:10.885396,480,359
8318,2025-01-18 17:17:10.885396,480,283
8319,2025-01-18 17:17:10.885396,480,555
8320,2025-01-18 17:17:10.885396,480,367
8321,2025-01-18 17:17:10.885396,480,468
8322,2025-01-18 17:17:10.885396,480,663
8323,2025-01-18 17:17:10.885396,480,358
8324,2025-01-18 17:17:10.885396,480,212
8325,2025-01-18 17:17:10.885396,480,228
8326,2025-01-18 17:17:10.885396,480,491
8327,2025-01-18 17:17:10.885396,480,394
8328,2025-01-18 17:17:10.885396,480,421
8329,2025-01-18 17:17:10.885396,481,596
8330,2025-01-18 17:17:10.885396,481,233
8331,2025-01-18 17:17:10.885396,481,271
8332,2025-01-18 17:17:10.885396,481,461
8333,2025-01-18 17:17:10.885396,481,468
8334,2025-01-18 17:17:10.885396,481,408
8335,2025-01-18 17:17:10.885396,481,580
8336,2025-01-18 17:17:10.885396,481,322
8337,2025-01-18 17:17:10.885396,481,555
8338,2025-01-18 17:17:10.885396,481,544
8339,2025-01-18 17:17:10.885396,481,257
8340,2025-01-18 17:17:10.885396,481,620
8341,2025-01-18 17:17:10.885396,482,230
8342,2025-01-18 17:17:10.885396,482,502
8343,2025-01-18 17:17:10.885396,482,365
8344,2025-01-18 17:17:10.885396,482,491
8345,2025-01-18 17:17:10.885396,482,603
8346,2025-01-18 17:17:10.885396,482,610
8347,2025-01-18 17:17:10.885396,482,440
8348,2025-01-18 17:17:10.885396,482,385
8349,2025-01-18 17:17:10.885396,482,247
8350,2025-01-18 17:17:10.885396,482,332
8351,2025-01-18 17:17:10.885396,482,237
8352,2025-01-18 17:17:10.885396,482,459
8353,2025-01-18 17:17:10.885396,482,510
8354,2025-01-18 17:17:10.885396,482,412
8355,2025-01-18 17:17:10.885396,482,507
8356,2025-01-18 17:17:10.885396,482,357
8357,2025-01-18 17:17:10.885396,483,446
8358,2025-01-18 17:17:10.885396,483,358
8359,2025-01-18 17:17:10.885396,483,277
8360,2025-01-18 17:17:10.885396,483,245
8361,2025-01-18 17:17:10.885396,483,598
8362,2025-01-18 17:17:10.885396,483,454
8363,2025-01-18 17:17:10.885396,483,351
8364,2025-01-18 17:17:10.885396,483,528
8365,2025-01-18 17:17:10.885396,483,639
8366,2025-01-18 17:17:10.885396,483,352
8367,2025-01-18 17:17:10.885396,483,652
8368,2025-01-18 17:17:10.885396,483,626
8369,2025-01-18 17:17:10.885396,483,578
8370,2025-01-18 17:17:10.885396,483,290
8371,2025-01-18 17:17:10.885396,483,589
8372,2025-01-18 17:17:10.885396,483,527
8373,2025-01-18 17:17:10.885396,483,229
8374,2025-01-18 17:17:10.885396,484,359
8375,2025-01-18 17:17:10.885396,484,597
8376,2025-01-18 17:17:10.885396,484,446
8377,2025-01-18 17:17:10.886393,484,428
8378,2025-01-18 17:17:10.886393,484,620
8379,2025-01-18 17:17:10.886393,484,319
8380,2025-01-18 17:17:10.886393,484,542
8381,2025-01-18 17:17:10.886393,484,280
8382,2025-01-18 17:17:10.886393,484,535
8383,2025-01-18 17:17:10.886393,484,638
8384,2025-01-18 17:17:10.886393,484,398
8385,2025-01-18 17:17:10.886393,484,272
8386,2025-01-18 17:17:10.886393,484,454
8387,2025-01-18 17:17:10.886393,484,271
8388,2025-01-18 17:17:10.886393,485,432
8389,2025-01-18 17:17:10.886393,485,306
8390,2025-01-18 17:17:10.886393,485,383
8391,2025-01-18 17:17:10.886393,485,514
8392,2025-01-18 17:17:10.886393,485,513
8393,2025-01-18 17:17:10.886393,485,568
8394,2025-01-18 17:17:10.886393,485,518
8395,2025-01-18 17:17:10.886393,485,362
8396,2025-01-18 17:17:10.886393,485,243
8397,2025-01-18 17:17:10.886393,485,440
8398,2025-01-18 17:17:10.886393,485,194
8399,2025-01-18 17:17:10.886393,485,500
8400,2025-01-18 17:17:10.886393,485,351
8401,2025-01-18 17:17:10.886393,485,418
8402,2025-01-18 17:17:10.886393,485,482
8403,2025-01-18 17:17:10.886393,485,316
8404,2025-01-18 17:17:10.886393,486,572
8405,2025-01-18 17:17:10.886393,486,647
8406,2025-01-18 17:17:10.886393,486,596
8407,2025-01-18 17:17:10.886393,486,651
8408,2025-01-18 17:17:10.886393,486,655
8409,2025-01-18 17:17:10.886393,486,351
8410,2025-01-18 17:17:10.886393,486,438
8411,2025-01-18 17:17:10.886393,486,389
8412,2025-01-18 17:17:10.886393,486,222
8413,2025-01-18 17:17:10.886393,486,475
8414,2025-01-18 17:17:10.886393,486,365
8415,2025-01-18 17:17:10.886393,486,633
8416,2025-01-18 17:17:10.886393,486,418
8417,2025-01-18 17:17:10.886393,486,364
8418,2025-01-18 17:17:10.886393,486,637
8419,2025-01-18 17:17:10.886393,486,282
8420,2025-01-18 17:17:10.886393,486,648
8421,2025-01-18 17:17:10.886393,486,489
8422,2025-01-18 17:17:10.886393,486,523
8423,2025-01-18 17:17:10.886393,487,663
8424,2025-01-18 17:17:10.886393,487,648
8425,2025-01-18 17:17:10.886393,487,407
8426,2025-01-18 17:17:10.886393,487,634
8427,2025-01-18 17:17:10.886393,487,255
8428,2025-01-18 17:17:10.886393,487,631
8429,2025-01-18 17:17:10.886393,487,252
8430,2025-01-18 17:17:10.886393,487,378
8431,2025-01-18 17:17:10.886393,487,355
8432,2025-01-18 17:17:10.886393,487,628
8433,2025-01-18 17:17:10.886393,488,665
8434,2025-01-18 17:17:10.886393,488,644
8435,2025-01-18 17:17:10.886393,488,269
8436,2025-01-18 17:17:10.886393,488,472
8437,2025-01-18 17:17:10.886393,488,227
8438,2025-01-18 17:17:10.886393,488,244
8439,2025-01-18 17:17:10.886393,488,340
8440,2025-01-18 17:17:10.886393,488,310
8441,2025-01-18 17:17:10.886393,488,263
8442,2025-01-18 17:17:10.886393,488,498
8443,2025-01-18 17:17:10.886393,488,426
8444,2025-01-18 17:17:10.886393,488,505
8445,2025-01-18 17:17:10.886393,489,417
8446,2025-01-18 17:17:10.886393,489,229
8447,2025-01-18 17:17:10.886393,489,378
8448,2025-01-18 17:17:10.886393,489,369
8449,2025-01-18 17:17:10.886393,489,444
8450,2025-01-18 17:17:10.886393,489,341
8451,2025-01-18 17:17:10.886393,489,235
8452,2025-01-18 17:17:10.886393,489,313
8453,2025-01-18 17:17:10.886393,489,535
8454,2025-01-18 17:17:10.886393,489,360
8455,2025-01-18 17:17:10.886393,489,271
8456,2025-01-18 17:17:10.886393,489,260
8457,2025-01-18 17:17:10.886393,490,416
8458,2025-01-18 17:17:10.886393,490,241
8459,2025-01-18 17:17:10.886393,490,253
8460,2025-01-18 17:17:10.886393,490,264
8461,2025-01-18 17:17:10.886393,490,665
8462,2025-01-18 17:17:10.886393,490,326
8463,2025-01-18 17:17:10.886393,490,428
8464,2025-01-18 17:17:10.886393,490,554
8465,2025-01-18 17:17:10.886393,490,477
8466,2025-01-18 17:17:10.886393,490,213
8467,2025-01-18 17:17:10.886393,490,551
8468,2025-01-18 17:17:10.886393,490,272
8469,2025-01-18 17:17:10.886393,490,535
8470,2025-01-18 17:17:10.886393,490,457
8471,2025-01-18 17:17:10.886393,490,403
8472,2025-01-18 17:17:10.887391,490,311
8473,2025-01-18 17:17:10.887391,490,200
8474,2025-01-18 17:17:10.887391,491,422
8475,2025-01-18 17:17:10.887391,491,414
8476,2025-01-18 17:17:10.887391,491,603
8477,2025-01-18 17:17:10.887391,491,541
8478,2025-01-18 17:17:10.887391,491,490
8479,2025-01-18 17:17:10.887391,491,488
8480,2025-01-18 17:17:10.887391,491,423
8481,2025-01-18 17:17:10.887391,491,627
8482,2025-01-18 17:17:10.887391,491,561
8483,2025-01-18 17:17:10.887391,491,460
8484,2025-01-18 17:17:10.887391,491,617
8485,2025-01-18 17:17:10.887391,491,338
8486,2025-01-18 17:17:10.887391,491,475
8487,2025-01-18 17:17:10.887391,491,361
8488,2025-01-18 17:17:10.887391,491,368
8489,2025-01-18 17:17:10.887391,491,589
8490,2025-01-18 17:17:10.887391,491,467
8491,2025-01-18 17:17:10.887391,491,358
8492,2025-01-18 17:17:10.887391,492,315
8493,2025-01-18 17:17:10.887391,492,557
8494,2025-01-18 17:17:10.887391,492,445
8495,2025-01-18 17:17:10.887391,492,577
8496,2025-01-18 17:17:10.887391,492,661
8497,2025-01-18 17:17:10.887391,492,552
8498,2025-01-18 17:17:10.887391,492,452
8499,2025-01-18 17:17:10.887391,492,647
8500,2025-01-18 17:17:10.887391,492,550
8501,2025-01-18 17:17:10.887391,492,596
8502,2025-01-18 17:17:10.887391,492,355
8503,2025-01-18 17:17:10.887391,492,261
8504,2025-01-18 17:17:10.887391,492,390
8505,2025-01-18 17:17:10.887391,492,431
8506,2025-01-18 17:17:10.887391,492,528
8507,2025-01-18 17:17:10.887391,492,495
8508,2025-01-18 17:17:10.887391,492,544
8509,2025-01-18 17:17:10.887391,492,454
8510,2025-01-18 17:17:10.887391,492,300
8511,2025-01-18 17:17:10.887391,493,583
8512,2025-01-18 17:17:10.887391,493,270
8513,2025-01-18 17:17:10.887391,493,441
8514,2025-01-18 17:17:10.887391,493,318
8515,2025-01-18 17:17:10.887391,493,645
8516,2025-01-18 17:17:10.887391,493,248
8517,2025-01-18 17:17:10.887391,493,596
8518,2025-01-18 17:17:10.887391,493,283
8519,2025-01-18 17:17:10.887391,493,502
8520,2025-01-18 17:17:10.887391,493,397
8521,2025-01-18 17:17:10.887391,493,399
8522,2025-01-18 17:17:10.887391,493,661
8523,2025-01-18 17:17:10.887391,493,501
8524,2025-01-18 17:17:10.887391,493,412
8525,2025-01-18 17:17:10.887391,493,325
8526,2025-01-18 17:17:10.887391,494,529
8527,2025-01-18 17:17:10.887391,494,330
8528,2025-01-18 17:17:10.887391,494,437
8529,2025-01-18 17:17:10.887391,494,460
8530,2025-01-18 17:17:10.887391,494,399
8531,2025-01-18 17:17:10.887391,494,346
8532,2025-01-18 17:17:10.887391,494,441
8533,2025-01-18 17:17:10.887391,494,219
8534,2025-01-18 17:17:10.887391,494,333
8535,2025-01-18 17:17:10.887391,494,563
8536,2025-01-18 17:17:10.887391,494,403
8537,2025-01-18 17:17:10.887391,495,489
8538,2025-01-18 17:17:10.887391,495,297
8539,2025-01-18 17:17:10.887391,495,593
8540,2025-01-18 17:17:10.887391,495,654
8541,2025-01-18 17:17:10.887391,495,559
8542,2025-01-18 17:17:10.887391,495,623
8543,2025-01-18 17:17:10.887391,495,558
8544,2025-01-18 17:17:10.887391,495,277
8545,2025-01-18 17:17:10.887391,495,355
8546,2025-01-18 17:17:10.887391,495,391
8547,2025-01-18 17:17:10.887391,495,330
8548,2025-01-18 17:17:10.887391,495,211
8549,2025-01-18 17:17:10.887391,495,650
8550,2025-01-18 17:17:10.887391,495,373
8551,2025-01-18 17:17:10.887391,495,220
8552,2025-01-18 17:17:10.887391,495,202
8553,2025-01-18 17:17:10.887391,496,335
8554,2025-01-18 17:17:10.887391,496,202
8555,2025-01-18 17:17:10.887391,496,569
8556,2025-01-18 17:17:10.887391,496,255
8557,2025-01-18 17:17:10.887391,496,400
8558,2025-01-18 17:17:10.887391,496,477
8559,2025-01-18 17:17:10.887391,496,303
8560,2025-01-18 17:17:10.887391,496,572
8561,2025-01-18 17:17:10.887391,496,549
8562,2025-01-18 17:17:10.887391,496,460
8563,2025-01-18 17:17:10.887391,496,307
8564,2025-01-18 17:17:10.887391,496,288
8565,2025-01-18 17:17:10.887391,496,620
8566,2025-01-18 17:17:10.887391,496,414
8567,2025-01-18 17:17:10.887391,497,619
8568,2025-01-18 17:17:10.887391,497,249
8569,2025-01-18 17:17:10.892378,497,404
8570,2025-01-18 17:17:10.892378,497,556
8571,2025-01-18 17:17:10.892378,497,386
8572,2025-01-18 17:17:10.892378,497,327
8573,2025-01-18 17:17:10.892378,497,215
8574,2025-01-18 17:17:10.892378,497,213
8575,2025-01-18 17:17:10.892378,497,526
8576,2025-01-18 17:17:10.892378,497,466
8577,2025-01-18 17:17:10.892378,497,645
8578,2025-01-18 17:17:10.892378,497,499
8579,2025-01-18 17:17:10.892378,497,261
8580,2025-01-18 17:17:10.892378,497,219
8581,2025-01-18 17:17:10.892378,497,401
8582,2025-01-18 17:17:10.892378,497,547
8583,2025-01-18 17:17:10.892378,497,255
8584,2025-01-18 17:17:10.892378,497,206
8585,2025-01-18 17:17:10.892378,497,259
8586,2025-01-18 17:17:10.892378,497,292
8587,2025-01-18 17:17:10.892378,498,307
8588,2025-01-18 17:17:10.892378,498,658
8589,2025-01-18 17:17:10.892378,498,599
8590,2025-01-18 17:17:10.892378,498,528
8591,2025-01-18 17:17:10.892378,498,227
8592,2025-01-18 17:17:10.892378,498,329
8593,2025-01-18 17:17:10.892378,498,442
8594,2025-01-18 17:17:10.892378,498,628
8595,2025-01-18 17:17:10.892378,498,521
8596,2025-01-18 17:17:10.892378,498,213
8597,2025-01-18 17:17:10.892378,498,320
8598,2025-01-18 17:17:10.892378,498,444
8599,2025-01-18 17:17:10.892378,498,194
8600,2025-01-18 17:17:10.892378,499,209
8601,2025-01-18 17:17:10.892378,499,211
8602,2025-01-18 17:17:10.893375,499,229
8603,2025-01-18 17:17:10.893375,499,537
8604,2025-01-18 17:17:10.893375,499,295
8605,2025-01-18 17:17:10.893375,499,484
8606,2025-01-18 17:17:10.893375,499,638
8607,2025-01-18 17:17:10.893375,499,498
8608,2025-01-18 17:17:10.893375,499,535
8609,2025-01-18 17:17:10.893375,499,244
8610,2025-01-18 17:17:10.893375,499,221
8611,2025-01-18 17:17:10.893375,499,605
8612,2025-01-18 17:17:10.893375,499,645
8613,2025-01-18 17:17:10.893375,499,528
8614,2025-01-18 17:17:10.893375,499,203
8615,2025-01-18 17:17:10.893375,500,624
8616,2025-01-18 17:17:10.893375,500,426
8617,2025-01-18 17:17:10.893375,500,535
8618,2025-01-18 17:17:10.893375,500,530
8619,2025-01-18 17:17:10.893375,500,473
8620,2025-01-18 17:17:10.893375,500,623
8621,2025-01-18 17:17:10.893375,500,253
8622,2025-01-18 17:17:10.893375,500,251
8623,2025-01-18 17:17:10.893375,500,578
8624,2025-01-18 17:17:10.893375,500,421
8625,2025-01-18 17:17:10.893375,500,468
8626,2025-01-18 17:17:10.893375,501,547
8627,2025-01-18 17:17:10.893375,501,386
8628,2025-01-18 17:17:10.893375,501,407
8629,2025-01-18 17:17:10.893375,501,461
8630,2025-01-18 17:17:10.893375,501,481
8631,2025-01-18 17:17:10.893375,501,472
8632,2025-01-18 17:17:10.893375,501,656
8633,2025-01-18 17:17:10.893375,501,370
8634,2025-01-18 17:17:10.893375,501,499
8635,2025-01-18 17:17:10.893375,501,496
8636,2025-01-18 17:17:10.893375,501,525
8637,2025-01-18 17:17:10.893375,501,664
8638,2025-01-18 17:17:10.893375,501,550
8639,2025-01-18 17:17:10.893375,501,584
8640,2025-01-18 17:17:10.893375,501,424
8641,2025-01-18 17:17:10.893375,501,421
8642,2025-01-18 17:17:10.893375,501,376
8643,2025-01-18 17:17:10.893375,501,453
8644,2025-01-18 17:17:10.893375,501,260
8645,2025-01-18 17:17:10.893375,501,456
8646,2025-01-18 17:17:10.893375,502,301
8647,2025-01-18 17:17:10.893375,502,570
8648,2025-01-18 17:17:10.893375,502,485
8649,2025-01-18 17:17:10.893375,502,422
8650,2025-01-18 17:17:10.893375,502,415
8651,2025-01-18 17:17:10.893375,502,244
8652,2025-01-18 17:17:10.893375,502,378
8653,2025-01-18 17:17:10.893375,502,637
8654,2025-01-18 17:17:10.893375,502,297
8655,2025-01-18 17:17:10.893375,502,531
8656,2025-01-18 17:17:10.893375,502,326
8657,2025-01-18 17:17:10.893375,502,491
8658,2025-01-18 17:17:10.893375,502,460
8659,2025-01-18 17:17:10.893375,502,346
8660,2025-01-18 17:17:10.893375,502,198
8661,2025-01-18 17:17:10.893375,502,223
8662,2025-01-18 17:17:10.893375,502,229
8663,2025-01-18 17:17:10.893375,502,524
8664,2025-01-18 17:17:10.893375,502,530
8665,2025-01-18 17:17:10.893375,503,565
8666,2025-01-18 17:17:10.893375,503,408
8667,2025-01-18 17:17:10.893375,503,289
8668,2025-01-18 17:17:10.893375,503,551
8669,2025-01-18 17:17:10.893375,503,378
8670,2025-01-18 17:17:10.893375,503,330
8671,2025-01-18 17:17:10.893375,503,210
8672,2025-01-18 17:17:10.893375,503,618
8673,2025-01-18 17:17:10.893375,503,257
8674,2025-01-18 17:17:10.893375,503,483
8675,2025-01-18 17:17:10.893375,503,404
8676,2025-01-18 17:17:10.893375,503,414
8677,2025-01-18 17:17:10.893375,503,443
8678,2025-01-18 17:17:10.893375,503,665
8679,2025-01-18 17:17:10.893375,503,519
8680,2025-01-18 17:17:10.893375,503,667
8681,2025-01-18 17:17:10.893375,503,437
8682,2025-01-18 17:17:10.893375,504,379
8683,2025-01-18 17:17:10.893375,504,611
8684,2025-01-18 17:17:10.893375,504,566
8685,2025-01-18 17:17:10.893375,504,588
8686,2025-01-18 17:17:10.893375,504,224
8687,2025-01-18 17:17:10.893375,504,254
8688,2025-01-18 17:17:10.893375,504,550
8689,2025-01-18 17:17:10.893375,504,585
8690,2025-01-18 17:17:10.893375,504,596
8691,2025-01-18 17:17:10.893375,504,376
8692,2025-01-18 17:17:10.893375,504,251
8693,2025-01-18 17:17:10.893375,504,419
8694,2025-01-18 17:17:10.893375,504,560
8695,2025-01-18 17:17:10.893375,504,440
8696,2025-01-18 17:17:10.893375,504,631
8697,2025-01-18 17:17:10.893375,504,397
8698,2025-01-18 17:17:10.894372,504,529
8699,2025-01-18 17:17:10.894372,504,619
8700,2025-01-18 17:17:10.894372,504,349
8701,2025-01-18 17:17:10.894372,505,579
8702,2025-01-18 17:17:10.894372,505,641
8703,2025-01-18 17:17:10.894372,505,347
8704,2025-01-18 17:17:10.894372,505,407
8705,2025-01-18 17:17:10.894372,505,454
8706,2025-01-18 17:17:10.894372,505,623
8707,2025-01-18 17:17:10.894372,505,353
8708,2025-01-18 17:17:10.894372,505,494
8709,2025-01-18 17:17:10.894372,505,441
8710,2025-01-18 17:17:10.894372,505,258
8711,2025-01-18 17:17:10.894372,505,339
8712,2025-01-18 17:17:10.894372,505,613
8713,2025-01-18 17:17:10.894372,505,264
8714,2025-01-18 17:17:10.894372,505,219
8715,2025-01-18 17:17:10.894372,505,565
8716,2025-01-18 17:17:10.894372,505,597
8717,2025-01-18 17:17:10.894372,505,519
8718,2025-01-18 17:17:10.894372,505,210
8719,2025-01-18 17:17:10.894372,505,541
8720,2025-01-18 17:17:10.894372,505,350
8721,2025-01-18 17:17:10.894372,506,594
8722,2025-01-18 17:17:10.894372,506,602
8723,2025-01-18 17:17:10.894372,506,346
8724,2025-01-18 17:17:10.894372,506,548
8725,2025-01-18 17:17:10.894372,506,223
8726,2025-01-18 17:17:10.894372,506,511
8727,2025-01-18 17:17:10.894372,506,235
8728,2025-01-18 17:17:10.894372,506,579
8729,2025-01-18 17:17:10.894372,506,387
8730,2025-01-18 17:17:10.894372,506,617
8731,2025-01-18 17:17:10.894372,506,240
8732,2025-01-18 17:17:10.894372,506,237
8733,2025-01-18 17:17:10.894372,507,617
8734,2025-01-18 17:17:10.894372,507,512
8735,2025-01-18 17:17:10.894372,507,543
8736,2025-01-18 17:17:10.894372,507,553
8737,2025-01-18 17:17:10.894372,507,327
8738,2025-01-18 17:17:10.894372,507,627
8739,2025-01-18 17:17:10.894372,507,472
8740,2025-01-18 17:17:10.894372,507,544
8741,2025-01-18 17:17:10.894372,507,596
8742,2025-01-18 17:17:10.894372,507,641
8743,2025-01-18 17:17:10.894372,507,242
8744,2025-01-18 17:17:10.894372,507,237
8745,2025-01-18 17:17:10.894372,508,522
8746,2025-01-18 17:17:10.894372,508,335
8747,2025-01-18 17:17:10.894372,508,499
8748,2025-01-18 17:17:10.894372,508,580
8749,2025-01-18 17:17:10.894372,508,304
8750,2025-01-18 17:17:10.894372,508,468
8751,2025-01-18 17:17:10.894372,508,588
8752,2025-01-18 17:17:10.894372,508,386
8753,2025-01-18 17:17:10.894372,508,518
8754,2025-01-18 17:17:10.894372,508,358
8755,2025-01-18 17:17:10.894372,508,397
8756,2025-01-18 17:17:10.894372,508,211
8757,2025-01-18 17:17:10.894372,508,238
8758,2025-01-18 17:17:10.894372,508,322
8759,2025-01-18 17:17:10.894372,508,282
8760,2025-01-18 17:17:10.894372,508,646
8761,2025-01-18 17:17:10.894372,509,268
8762,2025-01-18 17:17:10.894372,509,605
8763,2025-01-18 17:17:10.894372,509,304
8764,2025-01-18 17:17:10.894372,509,241
8765,2025-01-18 17:17:10.894372,509,420
8766,2025-01-18 17:17:10.894372,509,655
8767,2025-01-18 17:17:10.894372,509,615
8768,2025-01-18 17:17:10.894372,509,644
8769,2025-01-18 17:17:10.894372,509,390
8770,2025-01-18 17:17:10.894372,509,590
8771,2025-01-18 17:17:10.894372,509,404
8772,2025-01-18 17:17:10.894372,509,627
8773,2025-01-18 17:17:10.894372,509,365
8774,2025-01-18 17:17:10.894372,509,394
8775,2025-01-18 17:17:10.894372,509,521
8776,2025-01-18 17:17:10.894372,510,275
8777,2025-01-18 17:17:10.894372,510,248
8778,2025-01-18 17:17:10.894372,510,482
8779,2025-01-18 17:17:10.894372,510,345
8780,2025-01-18 17:17:10.894372,510,658
8781,2025-01-18 17:17:10.894372,510,640
8782,2025-01-18 17:17:10.894372,510,216
8783,2025-01-18 17:17:10.894372,510,235
8784,2025-01-18 17:17:10.894372,510,221
8785,2025-01-18 17:17:10.894372,510,464
8786,2025-01-18 17:17:10.894372,510,551
8787,2025-01-18 17:17:10.894372,510,659
8788,2025-01-18 17:17:10.894372,511,244
8789,2025-01-18 17:17:10.894372,511,558
8790,2025-01-18 17:17:10.894372,511,508
8791,2025-01-18 17:17:10.894372,511,637
8792,2025-01-18 17:17:10.894372,511,326
8793,2025-01-18 17:17:10.894372,511,274
8794,2025-01-18 17:17:10.894372,511,262
8795,2025-01-18 17:17:10.894372,511,311
8796,2025-01-18 17:17:10.895369,511,546
8797,2025-01-18 17:17:10.895369,511,517
8798,2025-01-18 17:17:10.895369,511,426
8799,2025-01-18 17:17:10.895369,511,241
8800,2025-01-18 17:17:10.895369,512,584
8801,2025-01-18 17:17:10.895369,512,548
8802,2025-01-18 17:17:10.895369,512,445
8803,2025-01-18 17:17:10.895369,512,555
8804,2025-01-18 17:17:10.895369,512,539
8805,2025-01-18 17:17:10.895369,512,336
8806,2025-01-18 17:17:10.895369,512,622
8807,2025-01-18 17:17:10.895369,512,216
8808,2025-01-18 17:17:10.895369,512,262
8809,2025-01-18 17:17:10.895369,512,280
8810,2025-01-18 17:17:10.895369,512,439
8811,2025-01-18 17:17:10.895369,513,379
8812,2025-01-18 17:17:10.895369,513,641
8813,2025-01-18 17:17:10.895369,513,213
8814,2025-01-18 17:17:10.895369,513,487
8815,2025-01-18 17:17:10.895369,513,409
8816,2025-01-18 17:17:10.895369,513,583
8817,2025-01-18 17:17:10.895369,513,620
8818,2025-01-18 17:17:10.895369,513,478
8819,2025-01-18 17:17:10.895369,513,519
8820,2025-01-18 17:17:10.895369,513,489
8821,2025-01-18 17:17:10.895369,513,506
8822,2025-01-18 17:17:10.895369,513,211
8823,2025-01-18 17:17:10.895369,513,286
8824,2025-01-18 17:17:10.895369,514,319
8825,2025-01-18 17:17:10.895369,514,508
8826,2025-01-18 17:17:10.895369,514,597
8827,2025-01-18 17:17:10.895369,514,618
8828,2025-01-18 17:17:10.895369,514,236
8829,2025-01-18 17:17:10.895369,514,315
8830,2025-01-18 17:17:10.895369,514,583
8831,2025-01-18 17:17:10.895369,514,538
8832,2025-01-18 17:17:10.895369,514,294
8833,2025-01-18 17:17:10.895369,514,346
8834,2025-01-18 17:17:10.895369,514,517
8835,2025-01-18 17:17:10.895369,514,256
8836,2025-01-18 17:17:10.895369,514,481
8837,2025-01-18 17:17:10.895369,514,384
8838,2025-01-18 17:17:10.895369,514,267
8839,2025-01-18 17:17:10.895369,515,391
8840,2025-01-18 17:17:10.895369,515,252
8841,2025-01-18 17:17:10.895369,515,387
8842,2025-01-18 17:17:10.895369,515,578
8843,2025-01-18 17:17:10.895369,515,594
8844,2025-01-18 17:17:10.895369,515,550
8845,2025-01-18 17:17:10.895369,515,482
8846,2025-01-18 17:17:10.895369,515,518
8847,2025-01-18 17:17:10.895369,515,624
8848,2025-01-18 17:17:10.895369,515,639
8849,2025-01-18 17:17:10.895369,515,478
8850,2025-01-18 17:17:10.895369,515,265
8851,2025-01-18 17:17:10.895369,515,588
8852,2025-01-18 17:17:10.895369,515,484
8853,2025-01-18 17:17:10.895369,515,375
8854,2025-01-18 17:17:10.895369,515,542
8855,2025-01-18 17:17:10.895369,515,404
8856,2025-01-18 17:17:10.895369,515,480
8857,2025-01-18 17:17:10.895369,515,554
8858,2025-01-18 17:17:10.895369,515,516
8859,2025-01-18 17:17:10.895369,516,385
8860,2025-01-18 17:17:10.895369,516,268
8861,2025-01-18 17:17:10.895369,516,256
8862,2025-01-18 17:17:10.895369,516,350
8863,2025-01-18 17:17:10.895369,516,568
8864,2025-01-18 17:17:10.895369,516,208
8865,2025-01-18 17:17:10.895369,516,374
8866,2025-01-18 17:17:10.895369,516,478
8867,2025-01-18 17:17:10.895369,516,527
8868,2025-01-18 17:17:10.895369,516,626
8869,2025-01-18 17:17:10.895369,516,405
8870,2025-01-18 17:17:10.895369,516,557
8871,2025-01-18 17:17:10.895369,516,531
8872,2025-01-18 17:17:10.895369,516,598
8873,2025-01-18 17:17:10.895369,516,616
8874,2025-01-18 17:17:10.895369,516,463
8875,2025-01-18 17:17:10.895369,516,664
8876,2025-01-18 17:17:10.895369,516,270
8877,2025-01-18 17:17:10.895369,516,216
8878,2025-01-18 17:17:10.895369,517,285
8879,2025-01-18 17:17:10.895369,517,538
8880,2025-01-18 17:17:10.895369,517,630
8881,2025-01-18 17:17:10.895369,517,473
8882,2025-01-18 17:17:10.895369,517,334
8883,2025-01-18 17:17:10.895369,517,558
8884,2025-01-18 17:17:10.895369,517,359
8885,2025-01-18 17:17:10.895369,517,316
8886,2025-01-18 17:17:10.895369,517,476
8887,2025-01-18 17:17:10.895369,517,376
8888,2025-01-18 17:17:10.895369,518,614
8889,2025-01-18 17:17:10.895369,518,325
8890,2025-01-18 17:17:10.895369,518,370
8891,2025-01-18 17:17:10.895369,518,483
8892,2025-01-18 17:17:10.895369,518,290
8893,2025-01-18 17:17:10.895369,518,656
8894,2025-01-18 17:17:10.896367,518,350
8895,2025-01-18 17:17:10.896367,518,556
8896,2025-01-18 17:17:10.896367,518,654
8897,2025-01-18 17:17:10.896367,518,486
8898,2025-01-18 17:17:10.896367,518,393
8899,2025-01-18 17:17:10.896367,518,640
8900,2025-01-18 17:17:10.896367,519,627
8901,2025-01-18 17:17:10.896367,519,478
8902,2025-01-18 17:17:10.903348,519,654
8903,2025-01-18 17:17:10.903348,519,254
8904,2025-01-18 17:17:10.903348,519,352
8905,2025-01-18 17:17:10.903348,519,548
8906,2025-01-18 17:17:10.903348,519,583
8907,2025-01-18 17:17:10.903348,519,298
8908,2025-01-18 17:17:10.903348,519,615
8909,2025-01-18 17:17:10.903348,519,228
8910,2025-01-18 17:17:10.903348,519,261
8911,2025-01-18 17:17:10.903348,519,646
8912,2025-01-18 17:17:10.903348,519,632
8913,2025-01-18 17:17:10.903348,519,400
8914,2025-01-18 17:17:10.903348,520,522
8915,2025-01-18 17:17:10.903348,520,353
8916,2025-01-18 17:17:10.903348,520,611
8917,2025-01-18 17:17:10.903348,520,462
8918,2025-01-18 17:17:10.903348,520,595
8919,2025-01-18 17:17:10.903348,520,520
8920,2025-01-18 17:17:10.903348,520,481
8921,2025-01-18 17:17:10.903348,520,295
8922,2025-01-18 17:17:10.903348,520,300
8923,2025-01-18 17:17:10.903348,520,351
8924,2025-01-18 17:17:10.903348,520,246
8925,2025-01-18 17:17:10.904346,520,336
8926,2025-01-18 17:17:10.904346,520,655
8927,2025-01-18 17:17:10.904346,520,534
8928,2025-01-18 17:17:10.904346,520,304
8929,2025-01-18 17:17:10.904346,520,334
8930,2025-01-18 17:17:10.904346,520,359
8931,2025-01-18 17:17:10.904346,520,217
8932,2025-01-18 17:17:10.904346,521,273
8933,2025-01-18 17:17:10.904346,521,562
8934,2025-01-18 17:17:10.904346,521,363
8935,2025-01-18 17:17:10.904346,521,646
8936,2025-01-18 17:17:10.904346,521,512
8937,2025-01-18 17:17:10.904346,521,331
8938,2025-01-18 17:17:10.904346,521,464
8939,2025-01-18 17:17:10.904346,521,643
8940,2025-01-18 17:17:10.904346,521,616
8941,2025-01-18 17:17:10.904346,521,640
8942,2025-01-18 17:17:10.904346,521,600
8943,2025-01-18 17:17:10.904346,521,410
8944,2025-01-18 17:17:10.904346,521,564
8945,2025-01-18 17:17:10.904346,521,372
8946,2025-01-18 17:17:10.904346,521,450
8947,2025-01-18 17:17:10.904346,521,608
8948,2025-01-18 17:17:10.904346,521,585
8949,2025-01-18 17:17:10.904346,521,471
8950,2025-01-18 17:17:10.904346,522,660
8951,2025-01-18 17:17:10.904346,522,272
8952,2025-01-18 17:17:10.904346,522,579
8953,2025-01-18 17:17:10.904346,522,334
8954,2025-01-18 17:17:10.904346,522,306
8955,2025-01-18 17:17:10.904346,522,512
8956,2025-01-18 17:17:10.904346,522,298
8957,2025-01-18 17:17:10.905343,522,464
8958,2025-01-18 17:17:10.905343,522,642
8959,2025-01-18 17:17:10.905343,522,516
8960,2025-01-18 17:17:10.905343,523,371
8961,2025-01-18 17:17:10.905343,523,646
8962,2025-01-18 17:17:10.905343,523,360
8963,2025-01-18 17:17:10.905343,523,388
8964,2025-01-18 17:17:10.905343,523,530
8965,2025-01-18 17:17:10.905343,523,521
8966,2025-01-18 17:17:10.905343,523,544
8967,2025-01-18 17:17:10.905343,523,662
8968,2025-01-18 17:17:10.905343,523,457
8969,2025-01-18 17:17:10.905343,523,318
8970,2025-01-18 17:17:10.905343,523,658
8971,2025-01-18 17:17:10.905343,523,394
8972,2025-01-18 17:17:10.905343,523,306
8973,2025-01-18 17:17:10.905343,523,297
8974,2025-01-18 17:17:10.905343,524,417
8975,2025-01-18 17:17:10.905343,524,196
8976,2025-01-18 17:17:10.905343,524,410
8977,2025-01-18 17:17:10.905343,524,642
8978,2025-01-18 17:17:10.905343,524,558
8979,2025-01-18 17:17:10.905343,524,198
8980,2025-01-18 17:17:10.905343,524,420
8981,2025-01-18 17:17:10.905343,524,576
8982,2025-01-18 17:17:10.905343,524,393
8983,2025-01-18 17:17:10.905343,524,560
8984,2025-01-18 17:17:10.905343,524,561
8985,2025-01-18 17:17:10.905343,524,276
8986,2025-01-18 17:17:10.905343,524,626
8987,2025-01-18 17:17:10.905343,524,458
8988,2025-01-18 17:17:10.905343,524,378
8989,2025-01-18 17:17:10.905343,524,507
8990,2025-01-18 17:17:10.905343,524,338
8991,2025-01-18 17:17:10.905343,524,367
8992,2025-01-18 17:17:10.905343,524,578
8993,2025-01-18 17:17:10.905343,525,546
8994,2025-01-18 17:17:10.905343,525,466
8995,2025-01-18 17:17:10.906340,525,246
8996,2025-01-18 17:17:10.906340,525,320
8997,2025-01-18 17:17:10.906340,525,444
8998,2025-01-18 17:17:10.906340,525,355
8999,2025-01-18 17:17:10.906340,525,452
9000,2025-01-18 17:17:10.906340,525,664
9001,2025-01-18 17:17:10.906340,525,530
9002,2025-01-18 17:17:10.906340,525,314
9003,2025-01-18 17:17:10.906340,525,522
9004,2025-01-18 17:17:10.906340,526,540
9005,2025-01-18 17:17:10.906340,526,628
9006,2025-01-18 17:17:10.906340,526,389
9007,2025-01-18 17:17:10.906340,526,324
9008,2025-01-18 17:17:10.906340,526,583
9009,2025-01-18 17:17:10.906340,526,410
9010,2025-01-18 17:17:10.906340,526,639
9011,2025-01-18 17:17:10.906340,526,655
9012,2025-01-18 17:17:10.906340,526,617
9013,2025-01-18 17:17:10.906340,526,440
9014,2025-01-18 17:17:10.906340,526,599
9015,2025-01-18 17:17:10.906340,526,399
9016,2025-01-18 17:17:10.906340,527,497
9017,2025-01-18 17:17:10.906340,527,267
9018,2025-01-18 17:17:10.906340,527,369
9019,2025-01-18 17:17:10.906340,527,233
9020,2025-01-18 17:17:10.906340,527,617
9021,2025-01-18 17:17:10.906340,527,521
9022,2025-01-18 17:17:10.906340,527,530
9023,2025-01-18 17:17:10.906340,527,656
9024,2025-01-18 17:17:10.906340,527,455
9025,2025-01-18 17:17:10.906340,527,524
9026,2025-01-18 17:17:10.906340,528,320
9027,2025-01-18 17:17:10.906340,528,463
9028,2025-01-18 17:17:10.906340,528,469
9029,2025-01-18 17:17:10.906340,528,524
9030,2025-01-18 17:17:10.906340,528,609
9031,2025-01-18 17:17:10.906340,528,213
9032,2025-01-18 17:17:10.906340,528,250
9033,2025-01-18 17:17:10.906340,528,237
9034,2025-01-18 17:17:10.906340,528,532
9035,2025-01-18 17:17:10.906340,528,341
9036,2025-01-18 17:17:10.906340,528,437
9037,2025-01-18 17:17:10.906340,528,350
9038,2025-01-18 17:17:10.906340,528,537
9039,2025-01-18 17:17:10.906340,528,561
9040,2025-01-18 17:17:10.906340,529,622
9041,2025-01-18 17:17:10.906340,529,328
9042,2025-01-18 17:17:10.906340,529,213
9043,2025-01-18 17:17:10.906340,529,263
9044,2025-01-18 17:17:10.906340,529,236
9045,2025-01-18 17:17:10.906340,529,558
9046,2025-01-18 17:17:10.906340,529,598
9047,2025-01-18 17:17:10.906340,529,629
9048,2025-01-18 17:17:10.906340,529,312
9049,2025-01-18 17:17:10.906340,529,197
9050,2025-01-18 17:17:10.906340,529,402
9051,2025-01-18 17:17:10.906340,529,656
9052,2025-01-18 17:17:10.906340,529,497
9053,2025-01-18 17:17:10.906340,529,341
9054,2025-01-18 17:17:10.906340,529,207
9055,2025-01-18 17:17:10.906340,529,417
9056,2025-01-18 17:17:10.906340,530,626
9057,2025-01-18 17:17:10.906340,530,425
9058,2025-01-18 17:17:10.906340,530,624
9059,2025-01-18 17:17:10.906340,530,253
9060,2025-01-18 17:17:10.906340,530,229
9061,2025-01-18 17:17:10.906340,530,410
9062,2025-01-18 17:17:10.906340,530,274
9063,2025-01-18 17:17:10.906340,530,272
9064,2025-01-18 17:17:10.906340,530,603
9065,2025-01-18 17:17:10.906340,530,643
9066,2025-01-18 17:17:10.906340,531,294
9067,2025-01-18 17:17:10.906340,531,357
9068,2025-01-18 17:17:10.906340,531,335
9069,2025-01-18 17:17:10.906340,531,517
9070,2025-01-18 17:17:10.906340,531,403
9071,2025-01-18 17:17:10.906340,531,651
9072,2025-01-18 17:17:10.906340,531,469
9073,2025-01-18 17:17:10.906340,531,239
9074,2025-01-18 17:17:10.906340,531,569
9075,2025-01-18 17:17:10.906340,531,396
9076,2025-01-18 17:17:10.906340,531,394
9077,2025-01-18 17:17:10.906340,531,666
9078,2025-01-18 17:17:10.906340,531,329
9079,2025-01-18 17:17:10.906340,531,283
9080,2025-01-18 17:17:10.906340,531,595
9081,2025-01-18 17:17:10.906340,531,564
9082,2025-01-18 17:17:10.906340,531,618
9083,2025-01-18 17:17:10.906340,531,201
9084,2025-01-18 17:17:10.906340,532,598
9085,2025-01-18 17:17:10.906340,532,400
9086,2025-01-18 17:17:10.906340,532,463
9087,2025-01-18 17:17:10.906340,532,518
9088,2025-01-18 17:17:10.906340,532,340
9089,2025-01-18 17:17:10.906340,532,441
9090,2025-01-18 17:17:10.907337,532,493
9091,2025-01-18 17:17:10.907337,532,386
9092,2025-01-18 17:17:10.907337,532,495
9093,2025-01-18 17:17:10.907337,532,362
9094,2025-01-18 17:17:10.907337,532,335
9095,2025-01-18 17:17:10.907337,532,330
9096,2025-01-18 17:17:10.907337,532,245
9097,2025-01-18 17:17:10.907337,532,341
9098,2025-01-18 17:17:10.907337,532,642
9099,2025-01-18 17:17:10.907337,532,499
9100,2025-01-18 17:17:10.907337,532,543
9101,2025-01-18 17:17:10.907337,532,429
9102,2025-01-18 17:17:10.907337,532,487
9103,2025-01-18 17:17:10.907337,532,481
9104,2025-01-18 17:17:10.907337,533,595
9105,2025-01-18 17:17:10.907337,533,356
9106,2025-01-18 17:17:10.907337,533,327
9107,2025-01-18 17:17:10.907337,533,613
9108,2025-01-18 17:17:10.907337,533,360
9109,2025-01-18 17:17:10.907337,533,440
9110,2025-01-18 17:17:10.907337,533,579
9111,2025-01-18 17:17:10.907337,533,313
9112,2025-01-18 17:17:10.907337,533,369
9113,2025-01-18 17:17:10.907337,533,365
9114,2025-01-18 17:17:10.907337,533,397
9115,2025-01-18 17:17:10.907337,533,542
9116,2025-01-18 17:17:10.907337,533,559
9117,2025-01-18 17:17:10.907337,533,626
9118,2025-01-18 17:17:10.907337,533,606
9119,2025-01-18 17:17:10.907337,533,286
9120,2025-01-18 17:17:10.907337,533,384
9121,2025-01-18 17:17:10.907337,534,556
9122,2025-01-18 17:17:10.907337,534,406
9123,2025-01-18 17:17:10.907337,534,648
9124,2025-01-18 17:17:10.907337,534,312
9125,2025-01-18 17:17:10.907337,534,647
9126,2025-01-18 17:17:10.907337,534,580
9127,2025-01-18 17:17:10.907337,534,253
9128,2025-01-18 17:17:10.907337,534,592
9129,2025-01-18 17:17:10.907337,534,452
9130,2025-01-18 17:17:10.907337,534,477
9131,2025-01-18 17:17:10.907337,534,624
9132,2025-01-18 17:17:10.907337,534,492
9133,2025-01-18 17:17:10.907337,534,361
9134,2025-01-18 17:17:10.907337,534,596
9135,2025-01-18 17:17:10.907337,534,532
9136,2025-01-18 17:17:10.907337,534,426
9137,2025-01-18 17:17:10.907337,534,299
9138,2025-01-18 17:17:10.907337,534,626
9139,2025-01-18 17:17:10.907337,535,209
9140,2025-01-18 17:17:10.907337,535,396
9141,2025-01-18 17:17:10.907337,535,557
9142,2025-01-18 17:17:10.907337,535,421
9143,2025-01-18 17:17:10.907337,535,497
9144,2025-01-18 17:17:10.907337,535,518
9145,2025-01-18 17:17:10.907337,535,287
9146,2025-01-18 17:17:10.907337,535,603
9147,2025-01-18 17:17:10.907337,535,597
9148,2025-01-18 17:17:10.907337,535,232
9149,2025-01-18 17:17:10.907337,535,537
9150,2025-01-18 17:17:10.907337,535,587
9151,2025-01-18 17:17:10.907337,535,627
9152,2025-01-18 17:17:10.907337,535,626
9153,2025-01-18 17:17:10.907337,535,367
9154,2025-01-18 17:17:10.907337,536,334
9155,2025-01-18 17:17:10.907337,536,483
9156,2025-01-18 17:17:10.907337,536,341
9157,2025-01-18 17:17:10.907337,536,540
9158,2025-01-18 17:17:10.907337,536,615
9159,2025-01-18 17:17:10.907337,536,446
9160,2025-01-18 17:17:10.907337,536,283
9161,2025-01-18 17:17:10.907337,536,653
9162,2025-01-18 17:17:10.907337,536,576
9163,2025-01-18 17:17:10.907337,536,290
9164,2025-01-18 17:17:10.907337,536,667
9165,2025-01-18 17:17:10.907337,536,533
9166,2025-01-18 17:17:10.907337,536,383
9167,2025-01-18 17:17:10.907337,536,595
9168,2025-01-18 17:17:10.907337,536,395
9169,2025-01-18 17:17:10.907337,536,452
9170,2025-01-18 17:17:10.907337,536,629
9171,2025-01-18 17:17:10.907337,536,657
9172,2025-01-18 17:17:10.907337,537,615
9173,2025-01-18 17:17:10.907337,537,292
9174,2025-01-18 17:17:10.907337,537,382
9175,2025-01-18 17:17:10.907337,537,214
9176,2025-01-18 17:17:10.907337,537,211
9177,2025-01-18 17:17:10.907337,537,474
9178,2025-01-18 17:17:10.907337,537,241
9179,2025-01-18 17:17:10.907337,537,465
9180,2025-01-18 17:17:10.907337,537,526
9181,2025-01-18 17:17:10.907337,537,325
9182,2025-01-18 17:17:10.907337,538,667
9183,2025-01-18 17:17:10.907337,538,418
9184,2025-01-18 17:17:10.907337,538,413
9185,2025-01-18 17:17:10.907337,538,248
9186,2025-01-18 17:17:10.907337,538,659
9187,2025-01-18 17:17:10.908335,538,360
9188,2025-01-18 17:17:10.908335,538,216
9189,2025-01-18 17:17:10.908335,538,335
9190,2025-01-18 17:17:10.908335,538,456
9191,2025-01-18 17:17:10.908335,538,377
9192,2025-01-18 17:17:10.908335,538,293
9193,2025-01-18 17:17:10.908335,539,231
9194,2025-01-18 17:17:10.908335,539,218
9195,2025-01-18 17:17:10.908335,539,375
9196,2025-01-18 17:17:10.908335,539,581
9197,2025-01-18 17:17:10.908335,539,333
9198,2025-01-18 17:17:10.908335,539,249
9199,2025-01-18 17:17:10.908335,539,247
9200,2025-01-18 17:17:10.908335,539,348
9201,2025-01-18 17:17:10.908335,539,431
9202,2025-01-18 17:17:10.908335,539,210
9203,2025-01-18 17:17:10.908335,539,460
9204,2025-01-18 17:17:10.908335,539,377
9205,2025-01-18 17:17:10.908335,539,340
9206,2025-01-18 17:17:10.908335,539,512
9207,2025-01-18 17:17:10.908335,539,420
9208,2025-01-18 17:17:10.908335,540,260
9209,2025-01-18 17:17:10.908335,540,475
9210,2025-01-18 17:17:10.908335,540,468
9211,2025-01-18 17:17:10.908335,540,450
9212,2025-01-18 17:17:10.908335,540,386
9213,2025-01-18 17:17:10.908335,540,516
9214,2025-01-18 17:17:10.908335,540,299
9215,2025-01-18 17:17:10.908335,540,305
9216,2025-01-18 17:17:10.908335,540,543
9217,2025-01-18 17:17:10.908335,540,652
9218,2025-01-18 17:17:10.908335,540,517
9219,2025-01-18 17:17:10.908335,540,509
9220,2025-01-18 17:17:10.908335,540,645
9221,2025-01-18 17:17:10.908335,540,608
9222,2025-01-18 17:17:10.908335,540,256
9223,2025-01-18 17:17:10.908335,540,248
9224,2025-01-18 17:17:10.908335,540,236
9225,2025-01-18 17:17:10.908335,540,606
9226,2025-01-18 17:17:10.908335,540,661
9227,2025-01-18 17:17:10.908335,540,457
9228,2025-01-18 17:17:10.908335,541,515
9229,2025-01-18 17:17:10.908335,541,320
9230,2025-01-18 17:17:10.908335,541,343
9231,2025-01-18 17:17:10.908335,541,218
9232,2025-01-18 17:17:10.908335,541,394
9233,2025-01-18 17:17:10.908335,541,369
9234,2025-01-18 17:17:10.908335,541,522
9235,2025-01-18 17:17:10.913321,541,556
9236,2025-01-18 17:17:10.913321,541,659
9237,2025-01-18 17:17:10.913321,541,481
9238,2025-01-18 17:17:10.913321,542,415
9239,2025-01-18 17:17:10.913321,542,387
9240,2025-01-18 17:17:10.913321,542,263
9241,2025-01-18 17:17:10.913321,542,460
9242,2025-01-18 17:17:10.913321,542,632
9243,2025-01-18 17:17:10.913321,542,611
9244,2025-01-18 17:17:10.913321,542,655
9245,2025-01-18 17:17:10.913321,542,282
9246,2025-01-18 17:17:10.913321,542,465
9247,2025-01-18 17:17:10.913321,542,540
9248,2025-01-18 17:17:10.913321,542,292
9249,2025-01-18 17:17:10.913321,542,288
9250,2025-01-18 17:17:10.913321,542,553
9251,2025-01-18 17:17:10.913321,542,587
9252,2025-01-18 17:17:10.913321,542,267
9253,2025-01-18 17:17:10.913321,542,454
9254,2025-01-18 17:17:10.913321,542,316
9255,2025-01-18 17:17:10.913321,542,322
9256,2025-01-18 17:17:10.913321,543,304
9257,2025-01-18 17:17:10.913321,543,356
9258,2025-01-18 17:17:10.913321,543,609
9259,2025-01-18 17:17:10.913321,543,250
9260,2025-01-18 17:17:10.913321,543,535
9261,2025-01-18 17:17:10.913321,543,268
9262,2025-01-18 17:17:10.913321,543,251
9263,2025-01-18 17:17:10.913321,543,640
9264,2025-01-18 17:17:10.913321,543,585
9265,2025-01-18 17:17:10.913321,543,277
9266,2025-01-18 17:17:10.913321,543,627
9267,2025-01-18 17:17:10.913321,543,638
9268,2025-01-18 17:17:10.913321,543,417
9269,2025-01-18 17:17:10.913321,543,545
9270,2025-01-18 17:17:10.913321,543,462
9271,2025-01-18 17:17:10.913321,544,542
9272,2025-01-18 17:17:10.913321,544,262
9273,2025-01-18 17:17:10.913321,544,353
9274,2025-01-18 17:17:10.913321,544,658
9275,2025-01-18 17:17:10.913321,544,425
9276,2025-01-18 17:17:10.913321,544,576
9277,2025-01-18 17:17:10.913321,544,394
9278,2025-01-18 17:17:10.913321,544,572
9279,2025-01-18 17:17:10.913321,544,375
9280,2025-01-18 17:17:10.913321,544,445
9281,2025-01-18 17:17:10.913321,544,440
9282,2025-01-18 17:17:10.913321,544,661
9283,2025-01-18 17:17:10.913321,544,484
9284,2025-01-18 17:17:10.913321,545,508
9285,2025-01-18 17:17:10.913321,545,320
9286,2025-01-18 17:17:10.913321,545,642
9287,2025-01-18 17:17:10.913321,545,262
9288,2025-01-18 17:17:10.913321,545,462
9289,2025-01-18 17:17:10.913321,545,592
9290,2025-01-18 17:17:10.913321,545,265
9291,2025-01-18 17:17:10.913321,545,663
9292,2025-01-18 17:17:10.913321,545,306
9293,2025-01-18 17:17:10.913321,545,488
9294,2025-01-18 17:17:10.913321,545,569
9295,2025-01-18 17:17:10.913321,545,557
9296,2025-01-18 17:17:10.913321,545,586
9297,2025-01-18 17:17:10.913321,545,591
9298,2025-01-18 17:17:10.913321,545,400
9299,2025-01-18 17:17:10.914319,545,324
9300,2025-01-18 17:17:10.914319,546,628
9301,2025-01-18 17:17:10.914319,546,642
9302,2025-01-18 17:17:10.914319,546,621
9303,2025-01-18 17:17:10.914319,546,224
9304,2025-01-18 17:17:10.914319,546,268
9305,2025-01-18 17:17:10.914319,546,575
9306,2025-01-18 17:17:10.914319,546,659
9307,2025-01-18 17:17:10.914319,546,433
9308,2025-01-18 17:17:10.914319,546,208
9309,2025-01-18 17:17:10.914319,546,534
9310,2025-01-18 17:17:10.914319,547,413
9311,2025-01-18 17:17:10.914319,547,608
9312,2025-01-18 17:17:10.914319,547,604
9313,2025-01-18 17:17:10.914319,547,571
9314,2025-01-18 17:17:10.914319,547,631
9315,2025-01-18 17:17:10.914319,547,546
9316,2025-01-18 17:17:10.914319,547,337
9317,2025-01-18 17:17:10.914319,547,617
9318,2025-01-18 17:17:10.914319,547,458
9319,2025-01-18 17:17:10.914319,547,363
9320,2025-01-18 17:17:10.914319,548,502
9321,2025-01-18 17:17:10.914319,548,461
9322,2025-01-18 17:17:10.914319,548,468
9323,2025-01-18 17:17:10.914319,548,620
9324,2025-01-18 17:17:10.914319,548,269
9325,2025-01-18 17:17:10.914319,548,634
9326,2025-01-18 17:17:10.914319,548,565
9327,2025-01-18 17:17:10.914319,548,667
9328,2025-01-18 17:17:10.914319,548,592
9329,2025-01-18 17:17:10.914319,548,344
9330,2025-01-18 17:17:10.914319,548,282
9331,2025-01-18 17:17:10.914319,548,488
9332,2025-01-18 17:17:10.914319,548,487
9333,2025-01-18 17:17:10.914319,548,343
9334,2025-01-18 17:17:10.914319,548,373
9335,2025-01-18 17:17:10.914319,548,424
9336,2025-01-18 17:17:10.914319,549,437
9337,2025-01-18 17:17:10.914319,549,301
9338,2025-01-18 17:17:10.914319,549,319
9339,2025-01-18 17:17:10.914319,549,356
9340,2025-01-18 17:17:10.914319,549,481
9341,2025-01-18 17:17:10.914319,549,424
9342,2025-01-18 17:17:10.914319,549,536
9343,2025-01-18 17:17:10.914319,549,571
9344,2025-01-18 17:17:10.914319,549,647
9345,2025-01-18 17:17:10.914319,549,263
9346,2025-01-18 17:17:10.914319,549,228
9347,2025-01-18 17:17:10.914319,550,399
9348,2025-01-18 17:17:10.914319,550,658
9349,2025-01-18 17:17:10.914319,550,448
9350,2025-01-18 17:17:10.914319,550,615
9351,2025-01-18 17:17:10.914319,550,590
9352,2025-01-18 17:17:10.914319,550,462
9353,2025-01-18 17:17:10.914319,550,436
9354,2025-01-18 17:17:10.914319,550,456
9355,2025-01-18 17:17:10.914319,550,599
9356,2025-01-18 17:17:10.914319,550,313
9357,2025-01-18 17:17:10.914319,550,198
9358,2025-01-18 17:17:10.914319,550,575
9359,2025-01-18 17:17:10.914319,550,302
9360,2025-01-18 17:17:10.914319,550,356
9361,2025-01-18 17:17:10.914319,550,626
9362,2025-01-18 17:17:10.914319,550,530
9363,2025-01-18 17:17:10.914319,550,621
9364,2025-01-18 17:17:10.914319,550,260
9365,2025-01-18 17:17:10.914319,550,281
9366,2025-01-18 17:17:10.914319,551,208
9367,2025-01-18 17:17:10.914319,551,304
9368,2025-01-18 17:17:10.914319,551,393
9369,2025-01-18 17:17:10.914319,551,567
9370,2025-01-18 17:17:10.914319,551,291
9371,2025-01-18 17:17:10.914319,551,334
9372,2025-01-18 17:17:10.914319,551,547
9373,2025-01-18 17:17:10.914319,551,232
9374,2025-01-18 17:17:10.914319,551,561
9375,2025-01-18 17:17:10.914319,551,237
9376,2025-01-18 17:17:10.914319,551,581
9377,2025-01-18 17:17:10.914319,551,268
9378,2025-01-18 17:17:10.914319,551,274
9379,2025-01-18 17:17:10.914319,552,226
9380,2025-01-18 17:17:10.914319,552,568
9381,2025-01-18 17:17:10.914319,552,357
9382,2025-01-18 17:17:10.914319,552,537
9383,2025-01-18 17:17:10.914319,552,486
9384,2025-01-18 17:17:10.914319,552,276
9385,2025-01-18 17:17:10.914319,552,209
9386,2025-01-18 17:17:10.914319,552,311
9387,2025-01-18 17:17:10.914319,552,406
9388,2025-01-18 17:17:10.914319,552,401
9389,2025-01-18 17:17:10.914319,553,310
9390,2025-01-18 17:17:10.914319,553,202
9391,2025-01-18 17:17:10.914319,553,530
9392,2025-01-18 17:17:10.914319,553,595
9393,2025-01-18 17:17:10.914319,553,579
9394,2025-01-18 17:17:10.914319,553,529
9395,2025-01-18 17:17:10.914319,553,612
9396,2025-01-18 17:17:10.914319,553,552
9397,2025-01-18 17:17:10.915316,553,420
9398,2025-01-18 17:17:10.915316,553,459
9399,2025-01-18 17:17:10.915316,553,340
9400,2025-01-18 17:17:10.915316,553,372
9401,2025-01-18 17:17:10.915316,553,526
9402,2025-01-18 17:17:10.915316,553,207
9403,2025-01-18 17:17:10.915316,554,237
9404,2025-01-18 17:17:10.915316,554,461
9405,2025-01-18 17:17:10.915316,554,565
9406,2025-01-18 17:17:10.915316,554,452
9407,2025-01-18 17:17:10.915316,554,356
9408,2025-01-18 17:17:10.915316,554,489
9409,2025-01-18 17:17:10.915316,554,499
9410,2025-01-18 17:17:10.915316,554,413
9411,2025-01-18 17:17:10.915316,554,664
9412,2025-01-18 17:17:10.915316,554,556
9413,2025-01-18 17:17:10.915316,554,354
9414,2025-01-18 17:17:10.915316,554,625
9415,2025-01-18 17:17:10.915316,554,376
9416,2025-01-18 17:17:10.915316,554,377
9417,2025-01-18 17:17:10.915316,554,331
9418,2025-01-18 17:17:10.915316,555,533
9419,2025-01-18 17:17:10.915316,555,242
9420,2025-01-18 17:17:10.915316,555,442
9421,2025-01-18 17:17:10.915316,555,368
9422,2025-01-18 17:17:10.915316,555,306
9423,2025-01-18 17:17:10.915316,555,241
9424,2025-01-18 17:17:10.915316,555,568
9425,2025-01-18 17:17:10.915316,555,567
9426,2025-01-18 17:17:10.915316,555,562
9427,2025-01-18 17:17:10.915316,555,662
9428,2025-01-18 17:17:10.915316,555,509
9429,2025-01-18 17:17:10.915316,555,345
9430,2025-01-18 17:17:10.915316,555,635
9431,2025-01-18 17:17:10.915316,555,641
9432,2025-01-18 17:17:10.915316,556,201
9433,2025-01-18 17:17:10.915316,556,234
9434,2025-01-18 17:17:10.915316,556,663
9435,2025-01-18 17:17:10.915316,556,343
9436,2025-01-18 17:17:10.915316,556,599
9437,2025-01-18 17:17:10.915316,556,228
9438,2025-01-18 17:17:10.915316,556,666
9439,2025-01-18 17:17:10.915316,556,246
9440,2025-01-18 17:17:10.915316,556,466
9441,2025-01-18 17:17:10.915316,556,612
9442,2025-01-18 17:17:10.915316,556,588
9443,2025-01-18 17:17:10.915316,556,381
9444,2025-01-18 17:17:10.915316,556,391
9445,2025-01-18 17:17:10.915316,556,522
9446,2025-01-18 17:17:10.915316,556,605
9447,2025-01-18 17:17:10.915316,556,327
9448,2025-01-18 17:17:10.915316,557,457
9449,2025-01-18 17:17:10.915316,557,666
9450,2025-01-18 17:17:10.915316,557,403
9451,2025-01-18 17:17:10.915316,557,309
9452,2025-01-18 17:17:10.915316,557,662
9453,2025-01-18 17:17:10.915316,557,342
9454,2025-01-18 17:17:10.915316,557,222
9455,2025-01-18 17:17:10.915316,557,236
9456,2025-01-18 17:17:10.915316,557,257
9457,2025-01-18 17:17:10.915316,557,214
9458,2025-01-18 17:17:10.915316,557,447
9459,2025-01-18 17:17:10.915316,557,417
9460,2025-01-18 17:17:10.915316,557,327
9461,2025-01-18 17:17:10.915316,557,444
9462,2025-01-18 17:17:10.915316,557,424
9463,2025-01-18 17:17:10.915316,557,208
9464,2025-01-18 17:17:10.915316,557,610
9465,2025-01-18 17:17:10.915316,557,291
9466,2025-01-18 17:17:10.915316,557,619
9467,2025-01-18 17:17:10.915316,558,631
9468,2025-01-18 17:17:10.915316,558,663
9469,2025-01-18 17:17:10.915316,558,207
9470,2025-01-18 17:17:10.915316,558,571
9471,2025-01-18 17:17:10.915316,558,321
9472,2025-01-18 17:17:10.915316,558,443
9473,2025-01-18 17:17:10.915316,558,524
9474,2025-01-18 17:17:10.916313,558,546
9475,2025-01-18 17:17:10.916313,558,441
9476,2025-01-18 17:17:10.916313,558,359
9477,2025-01-18 17:17:10.916313,558,228
9478,2025-01-18 17:17:10.916313,558,209
9479,2025-01-18 17:17:10.916313,559,434
9480,2025-01-18 17:17:10.916313,559,627
9481,2025-01-18 17:17:10.916313,559,325
9482,2025-01-18 17:17:10.916313,559,520
9483,2025-01-18 17:17:10.916313,559,530
9484,2025-01-18 17:17:10.916313,559,483
9485,2025-01-18 17:17:10.916313,559,620
9486,2025-01-18 17:17:10.916313,559,498
9487,2025-01-18 17:17:10.916313,559,336
9488,2025-01-18 17:17:10.916313,559,435
9489,2025-01-18 17:17:10.916313,559,508
9490,2025-01-18 17:17:10.916313,559,623
9491,2025-01-18 17:17:10.916313,559,417
9492,2025-01-18 17:17:10.916313,559,262
9493,2025-01-18 17:17:10.916313,559,591
9494,2025-01-18 17:17:10.916313,560,374
9495,2025-01-18 17:17:10.916313,560,414
9496,2025-01-18 17:17:10.916313,560,403
9497,2025-01-18 17:17:10.916313,560,258
9498,2025-01-18 17:17:10.916313,560,228
9499,2025-01-18 17:17:10.916313,560,270
9500,2025-01-18 17:17:10.916313,560,400
9501,2025-01-18 17:17:10.916313,560,308
9502,2025-01-18 17:17:10.916313,560,550
9503,2025-01-18 17:17:10.916313,560,461
9504,2025-01-18 17:17:10.916313,560,369
9505,2025-01-18 17:17:10.916313,561,318
9506,2025-01-18 17:17:10.916313,561,438
9507,2025-01-18 17:17:10.916313,561,384
9508,2025-01-18 17:17:10.916313,561,481
9509,2025-01-18 17:17:10.916313,561,636
9510,2025-01-18 17:17:10.916313,561,330
9511,2025-01-18 17:17:10.916313,561,222
9512,2025-01-18 17:17:10.916313,561,413
9513,2025-01-18 17:17:10.916313,561,512
9514,2025-01-18 17:17:10.916313,561,255
9515,2025-01-18 17:17:10.916313,561,449
9516,2025-01-18 17:17:10.916313,561,471
9517,2025-01-18 17:17:10.916313,561,280
9518,2025-01-18 17:17:10.916313,561,277
9519,2025-01-18 17:17:10.916313,562,466
9520,2025-01-18 17:17:10.916313,562,449
9521,2025-01-18 17:17:10.916313,562,569
9522,2025-01-18 17:17:10.916313,562,667
9523,2025-01-18 17:17:10.916313,562,658
9524,2025-01-18 17:17:10.916313,562,509
9525,2025-01-18 17:17:10.916313,562,442
9526,2025-01-18 17:17:10.916313,562,634
9527,2025-01-18 17:17:10.916313,562,517
9528,2025-01-18 17:17:10.916313,562,403
9529,2025-01-18 17:17:10.916313,563,665
9530,2025-01-18 17:17:10.916313,563,478
9531,2025-01-18 17:17:10.916313,563,384
9532,2025-01-18 17:17:10.916313,563,264
9533,2025-01-18 17:17:10.916313,563,203
9534,2025-01-18 17:17:10.916313,563,521
9535,2025-01-18 17:17:10.916313,563,238
9536,2025-01-18 17:17:10.916313,563,532
9537,2025-01-18 17:17:10.916313,563,309
9538,2025-01-18 17:17:10.916313,563,255
9539,2025-01-18 17:17:10.916313,564,489
9540,2025-01-18 17:17:10.916313,564,287
9541,2025-01-18 17:17:10.916313,564,583
9542,2025-01-18 17:17:10.916313,564,294
9543,2025-01-18 17:17:10.916313,564,595
9544,2025-01-18 17:17:10.916313,564,389
9545,2025-01-18 17:17:10.916313,564,654
9546,2025-01-18 17:17:10.916313,564,523
9547,2025-01-18 17:17:10.916313,564,663
9548,2025-01-18 17:17:10.917311,564,471
9549,2025-01-18 17:17:10.917311,564,467
9550,2025-01-18 17:17:10.917311,565,408
9551,2025-01-18 17:17:10.917311,565,240
9552,2025-01-18 17:17:10.917311,565,249
9553,2025-01-18 17:17:10.917311,565,485
9554,2025-01-18 17:17:10.917311,565,652
9555,2025-01-18 17:17:10.917311,565,567
9556,2025-01-18 17:17:10.917311,565,274
9557,2025-01-18 17:17:10.917311,565,340
9558,2025-01-18 17:17:10.917311,565,445
9559,2025-01-18 17:17:10.917311,565,219
9560,2025-01-18 17:17:10.917311,565,500
9561,2025-01-18 17:17:10.917311,565,570
9562,2025-01-18 17:17:10.917311,565,463
9563,2025-01-18 17:17:10.917311,565,547
9564,2025-01-18 17:17:10.917311,565,395
9565,2025-01-18 17:17:10.917311,565,451
9566,2025-01-18 17:17:10.917311,566,595
9567,2025-01-18 17:17:10.917311,566,469
9568,2025-01-18 17:17:10.921301,566,515
9569,2025-01-18 17:17:10.921301,566,648
9570,2025-01-18 17:17:10.921301,566,518
9571,2025-01-18 17:17:10.921301,566,508
9572,2025-01-18 17:17:10.921301,566,478
9573,2025-01-18 17:17:10.921301,566,643
9574,2025-01-18 17:17:10.921301,566,242
9575,2025-01-18 17:17:10.921301,566,355
9576,2025-01-18 17:17:10.921301,566,454
9577,2025-01-18 17:17:10.921301,566,434
9578,2025-01-18 17:17:10.921301,566,342
9579,2025-01-18 17:17:10.921301,566,544
9580,2025-01-18 17:17:10.921301,566,569
9581,2025-01-18 17:17:10.922298,566,215
9582,2025-01-18 17:17:10.922298,567,620
9583,2025-01-18 17:17:10.922298,567,353
9584,2025-01-18 17:17:10.922298,567,426
9585,2025-01-18 17:17:10.922298,567,459
9586,2025-01-18 17:17:10.922298,567,663
9587,2025-01-18 17:17:10.922298,567,634
9588,2025-01-18 17:17:10.922298,567,315
9589,2025-01-18 17:17:10.922298,567,198
9590,2025-01-18 17:17:10.922298,567,244
9591,2025-01-18 17:17:10.922298,567,514
9592,2025-01-18 17:17:10.922298,567,242
9593,2025-01-18 17:17:10.922298,568,310
9594,2025-01-18 17:17:10.922298,568,402
9595,2025-01-18 17:17:10.922298,568,366
9596,2025-01-18 17:17:10.922298,568,638
9597,2025-01-18 17:17:10.922298,568,566
9598,2025-01-18 17:17:10.922298,568,212
9599,2025-01-18 17:17:10.922298,568,228
9600,2025-01-18 17:17:10.922298,568,546
9601,2025-01-18 17:17:10.922298,568,252
9602,2025-01-18 17:17:10.922298,568,573
9603,2025-01-18 17:17:10.922298,568,596
9604,2025-01-18 17:17:10.922298,568,530
9605,2025-01-18 17:17:10.922298,569,498
9606,2025-01-18 17:17:10.922298,569,502
9607,2025-01-18 17:17:10.922298,569,466
9608,2025-01-18 17:17:10.922298,569,650
9609,2025-01-18 17:17:10.922298,569,588
9610,2025-01-18 17:17:10.922298,569,628
9611,2025-01-18 17:17:10.922298,569,636
9612,2025-01-18 17:17:10.922298,569,381
9613,2025-01-18 17:17:10.922298,569,292
9614,2025-01-18 17:17:10.922298,569,554
9615,2025-01-18 17:17:10.922298,569,337
9616,2025-01-18 17:17:10.922298,569,412
9617,2025-01-18 17:17:10.922298,569,311
9618,2025-01-18 17:17:10.922298,569,260
9619,2025-01-18 17:17:10.922298,569,434
9620,2025-01-18 17:17:10.922298,569,407
9621,2025-01-18 17:17:10.922298,569,480
9622,2025-01-18 17:17:10.922298,569,594
9623,2025-01-18 17:17:10.922298,569,580
9624,2025-01-18 17:17:10.922298,570,425
9625,2025-01-18 17:17:10.922298,570,237
9626,2025-01-18 17:17:10.922298,570,353
9627,2025-01-18 17:17:10.922298,570,459
9628,2025-01-18 17:17:10.922298,570,610
9629,2025-01-18 17:17:10.922298,570,242
9630,2025-01-18 17:17:10.922298,570,637
9631,2025-01-18 17:17:10.922298,570,378
9632,2025-01-18 17:17:10.922298,570,426
9633,2025-01-18 17:17:10.922298,570,267
9634,2025-01-18 17:17:10.922298,570,514
9635,2025-01-18 17:17:10.922298,570,197
9636,2025-01-18 17:17:10.922298,570,517
9637,2025-01-18 17:17:10.922298,570,567
9638,2025-01-18 17:17:10.922298,570,506
9639,2025-01-18 17:17:10.922298,570,645
9640,2025-01-18 17:17:10.922298,571,238
9641,2025-01-18 17:17:10.922298,571,245
9642,2025-01-18 17:17:10.922298,571,574
9643,2025-01-18 17:17:10.922298,571,585
9644,2025-01-18 17:17:10.922298,571,603
9645,2025-01-18 17:17:10.922298,571,454
9646,2025-01-18 17:17:10.922298,571,274
9647,2025-01-18 17:17:10.922298,571,643
9648,2025-01-18 17:17:10.922298,571,586
9649,2025-01-18 17:17:10.922298,571,385
9650,2025-01-18 17:17:10.922298,571,628
9651,2025-01-18 17:17:10.922298,571,581
9652,2025-01-18 17:17:10.922298,571,214
9653,2025-01-18 17:17:10.922298,572,323
9654,2025-01-18 17:17:10.922298,572,209
9655,2025-01-18 17:17:10.922298,572,411
9656,2025-01-18 17:17:10.922298,572,544
9657,2025-01-18 17:17:10.922298,572,488
9658,2025-01-18 17:17:10.922298,572,340
9659,2025-01-18 17:17:10.922298,572,423
9660,2025-01-18 17:17:10.922298,572,502
9661,2025-01-18 17:17:10.922298,572,626
9662,2025-01-18 17:17:10.922298,572,305
9663,2025-01-18 17:17:10.922298,572,513
9664,2025-01-18 17:17:10.922298,572,609
9665,2025-01-18 17:17:10.922298,572,413
9666,2025-01-18 17:17:10.922298,572,524
9667,2025-01-18 17:17:10.922298,572,593
9668,2025-01-18 17:17:10.922298,572,515
9669,2025-01-18 17:17:10.922298,573,236
9670,2025-01-18 17:17:10.922298,573,212
9671,2025-01-18 17:17:10.922298,573,214
9672,2025-01-18 17:17:10.922298,573,483
9673,2025-01-18 17:17:10.922298,573,334
9674,2025-01-18 17:17:10.922298,573,256
9675,2025-01-18 17:17:10.922298,573,655
9676,2025-01-18 17:17:10.922298,573,201
9677,2025-01-18 17:17:10.922298,573,628
9678,2025-01-18 17:17:10.922298,573,543
9679,2025-01-18 17:17:10.922298,573,652
9680,2025-01-18 17:17:10.923295,573,526
9681,2025-01-18 17:17:10.923295,573,533
9682,2025-01-18 17:17:10.923295,573,243
9683,2025-01-18 17:17:10.923295,573,620
9684,2025-01-18 17:17:10.923295,573,648
9685,2025-01-18 17:17:10.923295,574,636
9686,2025-01-18 17:17:10.923295,574,385
9687,2025-01-18 17:17:10.923295,574,476
9688,2025-01-18 17:17:10.923295,574,297
9689,2025-01-18 17:17:10.923295,574,558
9690,2025-01-18 17:17:10.923295,574,408
9691,2025-01-18 17:17:10.923295,574,665
9692,2025-01-18 17:17:10.923295,574,654
9693,2025-01-18 17:17:10.923295,574,252
9694,2025-01-18 17:17:10.923295,574,576
9695,2025-01-18 17:17:10.923295,574,292
9696,2025-01-18 17:17:10.923295,574,645
9697,2025-01-18 17:17:10.923295,575,523
9698,2025-01-18 17:17:10.923295,575,520
9699,2025-01-18 17:17:10.923295,575,447
9700,2025-01-18 17:17:10.923295,575,299
9701,2025-01-18 17:17:10.923295,575,372
9702,2025-01-18 17:17:10.923295,575,296
9703,2025-01-18 17:17:10.923295,575,243
9704,2025-01-18 17:17:10.923295,575,424
9705,2025-01-18 17:17:10.923295,575,556
9706,2025-01-18 17:17:10.923295,575,239
9707,2025-01-18 17:17:10.923295,575,260
9708,2025-01-18 17:17:10.923295,575,194
9709,2025-01-18 17:17:10.923295,575,374
9710,2025-01-18 17:17:10.923295,575,337
9711,2025-01-18 17:17:10.923295,575,245
9712,2025-01-18 17:17:10.923295,575,499
9713,2025-01-18 17:17:10.923295,575,538
9714,2025-01-18 17:17:10.923295,576,378
9715,2025-01-18 17:17:10.923295,576,368
9716,2025-01-18 17:17:10.923295,576,580
9717,2025-01-18 17:17:10.923295,576,501
9718,2025-01-18 17:17:10.923295,576,349
9719,2025-01-18 17:17:10.923295,576,509
9720,2025-01-18 17:17:10.923295,576,437
9721,2025-01-18 17:17:10.923295,576,276
9722,2025-01-18 17:17:10.923295,576,231
9723,2025-01-18 17:17:10.923295,576,546
9724,2025-01-18 17:17:10.923295,576,344
9725,2025-01-18 17:17:10.923295,576,235
9726,2025-01-18 17:17:10.923295,576,232
9727,2025-01-18 17:17:10.923295,576,438
9728,2025-01-18 17:17:10.923295,576,262
9729,2025-01-18 17:17:10.923295,577,358
9730,2025-01-18 17:17:10.923295,577,597
9731,2025-01-18 17:17:10.923295,577,528
9732,2025-01-18 17:17:10.923295,577,354
9733,2025-01-18 17:17:10.923295,577,475
9734,2025-01-18 17:17:10.923295,577,213
9735,2025-01-18 17:17:10.923295,577,369
9736,2025-01-18 17:17:10.923295,577,491
9737,2025-01-18 17:17:10.923295,577,338
9738,2025-01-18 17:17:10.923295,577,629
9739,2025-01-18 17:17:10.923295,577,484
9740,2025-01-18 17:17:10.923295,577,437
9741,2025-01-18 17:17:10.923295,577,571
9742,2025-01-18 17:17:10.923295,577,429
9743,2025-01-18 17:17:10.923295,577,355
9744,2025-01-18 17:17:10.923295,577,452
9745,2025-01-18 17:17:10.923295,577,220
9746,2025-01-18 17:17:10.923295,578,606
9747,2025-01-18 17:17:10.923295,578,631
9748,2025-01-18 17:17:10.923295,578,352
9749,2025-01-18 17:17:10.923295,578,558
9750,2025-01-18 17:17:10.923295,578,665
9751,2025-01-18 17:17:10.923295,578,455
9752,2025-01-18 17:17:10.923295,578,445
9753,2025-01-18 17:17:10.923295,578,388
9754,2025-01-18 17:17:10.923295,578,281
9755,2025-01-18 17:17:10.923295,578,536
9756,2025-01-18 17:17:10.923295,578,222
9757,2025-01-18 17:17:10.923295,578,385
9758,2025-01-18 17:17:10.923295,578,315
9759,2025-01-18 17:17:10.923295,579,578
9760,2025-01-18 17:17:10.923295,579,389
9761,2025-01-18 17:17:10.923295,579,259
9762,2025-01-18 17:17:10.923295,579,461
9763,2025-01-18 17:17:10.923295,579,366
9764,2025-01-18 17:17:10.923295,579,432
9765,2025-01-18 17:17:10.923295,579,438
9766,2025-01-18 17:17:10.923295,579,269
9767,2025-01-18 17:17:10.923295,579,390
9768,2025-01-18 17:17:10.923295,579,313
9769,2025-01-18 17:17:10.923295,579,309
9770,2025-01-18 17:17:10.923295,579,372
9771,2025-01-18 17:17:10.923295,579,283
9772,2025-01-18 17:17:10.923295,579,351
9773,2025-01-18 17:17:10.923295,579,660
9774,2025-01-18 17:17:10.923295,579,413
9775,2025-01-18 17:17:10.923295,579,402
9776,2025-01-18 17:17:10.923295,580,614
9777,2025-01-18 17:17:10.923295,580,249
9778,2025-01-18 17:17:10.924292,580,546
9779,2025-01-18 17:17:10.924292,580,603
9780,2025-01-18 17:17:10.924292,580,372
9781,2025-01-18 17:17:10.924292,580,626
9782,2025-01-18 17:17:10.924292,580,319
9783,2025-01-18 17:17:10.924292,580,635
9784,2025-01-18 17:17:10.924292,580,514
9785,2025-01-18 17:17:10.924292,580,485
9786,2025-01-18 17:17:10.924292,580,499
9787,2025-01-18 17:17:10.924292,580,584
9788,2025-01-18 17:17:10.924292,580,542
9789,2025-01-18 17:17:10.924292,580,294
9790,2025-01-18 17:17:10.924292,580,505
9791,2025-01-18 17:17:10.924292,581,515
9792,2025-01-18 17:17:10.924292,581,271
9793,2025-01-18 17:17:10.924292,581,585
9794,2025-01-18 17:17:10.924292,581,569
9795,2025-01-18 17:17:10.924292,581,573
9796,2025-01-18 17:17:10.924292,581,257
9797,2025-01-18 17:17:10.924292,581,623
9798,2025-01-18 17:17:10.924292,581,279
9799,2025-01-18 17:17:10.924292,581,555
9800,2025-01-18 17:17:10.924292,581,336
9801,2025-01-18 17:17:10.924292,581,351
9802,2025-01-18 17:17:10.924292,581,654
9803,2025-01-18 17:17:10.924292,581,310
9804,2025-01-18 17:17:10.924292,581,375
9805,2025-01-18 17:17:10.924292,582,491
9806,2025-01-18 17:17:10.924292,582,278
9807,2025-01-18 17:17:10.924292,582,620
9808,2025-01-18 17:17:10.924292,582,576
9809,2025-01-18 17:17:10.924292,582,523
9810,2025-01-18 17:17:10.924292,582,613
9811,2025-01-18 17:17:10.924292,582,457
9812,2025-01-18 17:17:10.924292,582,283
9813,2025-01-18 17:17:10.924292,582,660
9814,2025-01-18 17:17:10.924292,582,333
9815,2025-01-18 17:17:10.924292,582,498
9816,2025-01-18 17:17:10.924292,582,202
9817,2025-01-18 17:17:10.924292,583,336
9818,2025-01-18 17:17:10.924292,583,651
9819,2025-01-18 17:17:10.924292,583,263
9820,2025-01-18 17:17:10.924292,583,624
9821,2025-01-18 17:17:10.924292,583,644
9822,2025-01-18 17:17:10.924292,583,463
9823,2025-01-18 17:17:10.924292,583,611
9824,2025-01-18 17:17:10.924292,583,377
9825,2025-01-18 17:17:10.924292,583,325
9826,2025-01-18 17:17:10.924292,583,474
9827,2025-01-18 17:17:10.924292,584,433
9828,2025-01-18 17:17:10.924292,584,365
9829,2025-01-18 17:17:10.924292,584,475
9830,2025-01-18 17:17:10.924292,584,435
9831,2025-01-18 17:17:10.924292,584,569
9832,2025-01-18 17:17:10.924292,584,374
9833,2025-01-18 17:17:10.924292,584,309
9834,2025-01-18 17:17:10.924292,584,391
9835,2025-01-18 17:17:10.924292,584,539
9836,2025-01-18 17:17:10.924292,584,234
9837,2025-01-18 17:17:10.924292,584,333
9838,2025-01-18 17:17:10.924292,584,368
9839,2025-01-18 17:17:10.924292,584,640
9840,2025-01-18 17:17:10.924292,584,667
9841,2025-01-18 17:17:10.924292,584,666
9842,2025-01-18 17:17:10.924292,585,660
9843,2025-01-18 17:17:10.924292,585,451
9844,2025-01-18 17:17:10.924292,585,259
9845,2025-01-18 17:17:10.924292,585,392
9846,2025-01-18 17:17:10.924292,585,449
9847,2025-01-18 17:17:10.924292,585,573
9848,2025-01-18 17:17:10.924292,585,490
9849,2025-01-18 17:17:10.924292,585,543
9850,2025-01-18 17:17:10.924292,585,369
9851,2025-01-18 17:17:10.924292,585,532
9852,2025-01-18 17:17:10.924292,585,499
9853,2025-01-18 17:17:10.924292,585,238
9854,2025-01-18 17:17:10.924292,585,534
9855,2025-01-18 17:17:10.924292,585,297
9856,2025-01-18 17:17:10.924292,585,628
9857,2025-01-18 17:17:10.924292,585,544
9858,2025-01-18 17:17:10.924292,585,434
9859,2025-01-18 17:17:10.924292,586,488
9860,2025-01-18 17:17:10.924292,586,661
9861,2025-01-18 17:17:10.924292,586,548
9862,2025-01-18 17:17:10.924292,586,628
9863,2025-01-18 17:17:10.924292,586,293
9864,2025-01-18 17:17:10.924292,586,206
9865,2025-01-18 17:17:10.924292,586,322
9866,2025-01-18 17:17:10.924292,586,578
9867,2025-01-18 17:17:10.924292,586,337
9868,2025-01-18 17:17:10.924292,586,497
9869,2025-01-18 17:17:10.924292,586,639
9870,2025-01-18 17:17:10.924292,586,613
9871,2025-01-18 17:17:10.924292,586,506
9872,2025-01-18 17:17:10.925290,587,305
9873,2025-01-18 17:17:10.925290,587,527
9874,2025-01-18 17:17:10.925290,587,366
9875,2025-01-18 17:17:10.925290,587,598
9876,2025-01-18 17:17:10.925290,587,467
9877,2025-01-18 17:17:10.925290,587,653
9878,2025-01-18 17:17:10.925290,587,349
9879,2025-01-18 17:17:10.925290,587,221
9880,2025-01-18 17:17:10.925290,587,375
9881,2025-01-18 17:17:10.925290,587,385
9882,2025-01-18 17:17:10.925290,587,413
9883,2025-01-18 17:17:10.925290,587,368
9884,2025-01-18 17:17:10.925290,587,282
9885,2025-01-18 17:17:10.925290,587,622
9886,2025-01-18 17:17:10.925290,587,196
9887,2025-01-18 17:17:10.925290,587,214
9888,2025-01-18 17:17:10.925290,587,335
9889,2025-01-18 17:17:10.925290,587,628
9890,2025-01-18 17:17:10.925290,587,417
9891,2025-01-18 17:17:10.925290,588,339
9892,2025-01-18 17:17:10.925290,588,508
9893,2025-01-18 17:17:10.925290,588,661
9894,2025-01-18 17:17:10.925290,588,387
9895,2025-01-18 17:17:10.925290,588,560
9896,2025-01-18 17:17:10.925290,588,454
9897,2025-01-18 17:17:10.925290,588,199
9898,2025-01-18 17:17:10.925290,588,270
9899,2025-01-18 17:17:10.925290,588,367
9900,2025-01-18 17:17:10.925290,588,374
9901,2025-01-18 17:17:10.930276,588,450
9902,2025-01-18 17:17:10.930276,588,408
9903,2025-01-18 17:17:10.930276,588,605
9904,2025-01-18 17:17:10.930276,588,223
9905,2025-01-18 17:17:10.930276,588,266
9906,2025-01-18 17:17:10.930276,588,647
9907,2025-01-18 17:17:10.930276,589,531
9908,2025-01-18 17:17:10.930276,589,516
9909,2025-01-18 17:17:10.930276,589,374
9910,2025-01-18 17:17:10.930276,589,404
9911,2025-01-18 17:17:10.930276,589,397
9912,2025-01-18 17:17:10.930276,589,276
9913,2025-01-18 17:17:10.930276,589,599
9914,2025-01-18 17:17:10.930276,589,325
9915,2025-01-18 17:17:10.930276,589,277
9916,2025-01-18 17:17:10.930276,589,454
9917,2025-01-18 17:17:10.930276,589,609
9918,2025-01-18 17:17:10.930276,589,210
9919,2025-01-18 17:17:10.930276,589,461
9920,2025-01-18 17:17:10.930276,589,546
9921,2025-01-18 17:17:10.930276,589,475
9922,2025-01-18 17:17:10.930276,589,243
9923,2025-01-18 17:17:10.930276,589,591
9924,2025-01-18 17:17:10.930276,589,366
9925,2025-01-18 17:17:10.930276,590,615
9926,2025-01-18 17:17:10.930276,590,617
9927,2025-01-18 17:17:10.930276,590,618
9928,2025-01-18 17:17:10.930276,590,515
9929,2025-01-18 17:17:10.930276,590,377
9930,2025-01-18 17:17:10.930276,590,421
9931,2025-01-18 17:17:10.930276,590,553
9932,2025-01-18 17:17:10.930276,590,453
9933,2025-01-18 17:17:10.930276,590,646
9934,2025-01-18 17:17:10.930276,590,339
9935,2025-01-18 17:17:10.930276,590,640
9936,2025-01-18 17:17:10.930276,590,492
9937,2025-01-18 17:17:10.930276,590,341
9938,2025-01-18 17:17:10.930276,590,253
9939,2025-01-18 17:17:10.930276,590,412
9940,2025-01-18 17:17:10.930276,590,394
9941,2025-01-18 17:17:10.930276,590,624
9942,2025-01-18 17:17:10.930276,590,454
9943,2025-01-18 17:17:10.930276,590,418
9944,2025-01-18 17:17:10.930276,590,328
9945,2025-01-18 17:17:10.930276,591,471
9946,2025-01-18 17:17:10.930276,591,219
9947,2025-01-18 17:17:10.930276,591,395
9948,2025-01-18 17:17:10.930276,591,439
9949,2025-01-18 17:17:10.930276,591,307
9950,2025-01-18 17:17:10.930276,591,203
9951,2025-01-18 17:17:10.930276,591,237
9952,2025-01-18 17:17:10.930276,591,333
9953,2025-01-18 17:17:10.930276,591,554
9954,2025-01-18 17:17:10.930276,591,317
9955,2025-01-18 17:17:10.930276,591,354
9956,2025-01-18 17:17:10.930276,591,194
9957,2025-01-18 17:17:10.930276,591,423
9958,2025-01-18 17:17:10.930276,591,230
9959,2025-01-18 17:17:10.930276,591,269
9960,2025-01-18 17:17:10.930276,591,252
9961,2025-01-18 17:17:10.930276,591,530
9962,2025-01-18 17:17:10.930276,591,321
9963,2025-01-18 17:17:10.930276,591,206
9964,2025-01-18 17:17:10.930276,591,488
9965,2025-01-18 17:17:10.930276,592,650
9966,2025-01-18 17:17:10.930276,592,470
9967,2025-01-18 17:17:10.930276,592,449
9968,2025-01-18 17:17:10.930276,592,489
9969,2025-01-18 17:17:10.930276,592,401
9970,2025-01-18 17:17:10.930276,592,382
9971,2025-01-18 17:17:10.930276,592,397
9972,2025-01-18 17:17:10.930276,592,628
9973,2025-01-18 17:17:10.930276,592,538
9974,2025-01-18 17:17:10.930276,592,588
9975,2025-01-18 17:17:10.930276,592,531
9976,2025-01-18 17:17:10.930276,592,370
9977,2025-01-18 17:17:10.930276,592,603
9978,2025-01-18 17:17:10.930276,592,294
9979,2025-01-18 17:17:10.930276,592,639
9980,2025-01-18 17:17:10.930276,592,391
9981,2025-01-18 17:17:10.930276,593,469
9982,2025-01-18 17:17:10.930276,593,277
9983,2025-01-18 17:17:10.930276,593,381
9984,2025-01-18 17:17:10.930276,593,459
9985,2025-01-18 17:17:10.930276,593,213
9986,2025-01-18 17:17:10.930276,593,643
9987,2025-01-18 17:17:10.930276,593,260
9988,2025-01-18 17:17:10.930276,593,502
9989,2025-01-18 17:17:10.930276,593,344
9990,2025-01-18 17:17:10.931273,593,481
9991,2025-01-18 17:17:10.931273,594,655
9992,2025-01-18 17:17:10.931273,594,378
9993,2025-01-18 17:17:10.931273,594,639
9994,2025-01-18 17:17:10.931273,594,435
9995,2025-01-18 17:17:10.931273,594,217
9996,2025-01-18 17:17:10.931273,594,282
9997,2025-01-18 17:17:10.931273,594,566
9998,2025-01-18 17:17:10.931273,594,239
9999,2025-01-18 17:17:10.931273,594,318
10000,2025-01-18 17:17:10.931273,594,336
10001,2025-01-18 17:17:10.931273,594,403
10002,2025-01-18 17:17:10.931273,594,504
10003,2025-01-18 17:17:10.931273,594,271
10004,2025-01-18 17:17:10.931273,594,287
10005,2025-01-18 17:17:10.931273,594,399
10006,2025-01-18 17:17:10.931273,594,288
10007,2025-01-18 17:17:10.931273,594,643
10008,2025-01-18 17:17:10.931273,594,572
10009,2025-01-18 17:17:10.931273,595,265
10010,2025-01-18 17:17:10.931273,595,465
10011,2025-01-18 17:17:10.931273,595,600
10012,2025-01-18 17:17:10.931273,595,242
10013,2025-01-18 17:17:10.931273,595,374
10014,2025-01-18 17:17:10.931273,595,361
10015,2025-01-18 17:17:10.931273,595,642
10016,2025-01-18 17:17:10.931273,595,221
10017,2025-01-18 17:17:10.931273,595,214
10018,2025-01-18 17:17:10.931273,595,655
10019,2025-01-18 17:17:10.931273,595,624
10020,2025-01-18 17:17:10.931273,595,532
10021,2025-01-18 17:17:10.931273,595,341
10022,2025-01-18 17:17:10.931273,596,258
10023,2025-01-18 17:17:10.931273,596,327
10024,2025-01-18 17:17:10.931273,596,662
10025,2025-01-18 17:17:10.931273,596,267
10026,2025-01-18 17:17:10.931273,596,381
10027,2025-01-18 17:17:10.931273,596,620
10028,2025-01-18 17:17:10.931273,596,453
10029,2025-01-18 17:17:10.931273,596,288
10030,2025-01-18 17:17:10.931273,596,600
10031,2025-01-18 17:17:10.931273,596,434
10032,2025-01-18 17:17:10.931273,596,218
10033,2025-01-18 17:17:10.931273,597,424
10034,2025-01-18 17:17:10.931273,597,287
10035,2025-01-18 17:17:10.931273,597,366
10036,2025-01-18 17:17:10.931273,597,443
10037,2025-01-18 17:17:10.931273,597,554
10038,2025-01-18 17:17:10.931273,597,321
10039,2025-01-18 17:17:10.931273,597,270
10040,2025-01-18 17:17:10.931273,597,479
10041,2025-01-18 17:17:10.931273,597,277
10042,2025-01-18 17:17:10.931273,597,363
10043,2025-01-18 17:17:10.931273,597,543
10044,2025-01-18 17:17:10.931273,597,511
10045,2025-01-18 17:17:10.931273,597,265
10046,2025-01-18 17:17:10.931273,597,279
10047,2025-01-18 17:17:10.931273,598,456
10048,2025-01-18 17:17:10.931273,598,620
10049,2025-01-18 17:17:10.931273,598,275
10050,2025-01-18 17:17:10.931273,598,608
10051,2025-01-18 17:17:10.931273,598,306
10052,2025-01-18 17:17:10.931273,598,656
10053,2025-01-18 17:17:10.931273,598,389
10054,2025-01-18 17:17:10.931273,598,458
10055,2025-01-18 17:17:10.932271,598,604
10056,2025-01-18 17:17:10.932271,598,390
10057,2025-01-18 17:17:10.932271,598,491
10058,2025-01-18 17:17:10.932271,598,555
10059,2025-01-18 17:17:10.932271,599,643
10060,2025-01-18 17:17:10.932271,599,214
10061,2025-01-18 17:17:10.932271,599,446
10062,2025-01-18 17:17:10.932271,599,625
10063,2025-01-18 17:17:10.932271,599,604
10064,2025-01-18 17:17:10.932271,599,468
10065,2025-01-18 17:17:10.932271,599,336
10066,2025-01-18 17:17:10.932271,599,551
10067,2025-01-18 17:17:10.932271,599,494
10068,2025-01-18 17:17:10.932271,599,556
10069,2025-01-18 17:17:10.932271,599,640
10070,2025-01-18 17:17:10.932271,599,196
10071,2025-01-18 17:17:10.932271,599,310
10072,2025-01-18 17:17:10.932271,599,492
10073,2025-01-18 17:17:10.932271,600,409
10074,2025-01-18 17:17:10.932271,600,656
10075,2025-01-18 17:17:10.932271,600,512
10076,2025-01-18 17:17:10.932271,600,431
10077,2025-01-18 17:17:10.932271,600,537
10078,2025-01-18 17:17:10.932271,600,422
10079,2025-01-18 17:17:10.932271,600,366
10080,2025-01-18 17:17:10.932271,600,289
10081,2025-01-18 17:17:10.932271,600,395
10082,2025-01-18 17:17:10.932271,600,295
10083,2025-01-18 17:17:10.932271,600,468
10084,2025-01-18 17:17:10.932271,601,373
10085,2025-01-18 17:17:10.932271,601,433
10086,2025-01-18 17:17:10.932271,601,613
10087,2025-01-18 17:17:10.932271,601,473
10088,2025-01-18 17:17:10.932271,601,311
10089,2025-01-18 17:17:10.932271,601,494
10090,2025-01-18 17:17:10.932271,601,325
10091,2025-01-18 17:17:10.932271,601,506
10092,2025-01-18 17:17:10.932271,601,536
10093,2025-01-18 17:17:10.932271,601,464
10094,2025-01-18 17:17:10.932271,601,230
10095,2025-01-18 17:17:10.932271,601,432
10096,2025-01-18 17:17:10.932271,601,370
10097,2025-01-18 17:17:10.932271,601,608
10098,2025-01-18 17:17:10.932271,601,475
10099,2025-01-18 17:17:10.932271,602,568
10100,2025-01-18 17:17:10.932271,602,665
10101,2025-01-18 17:17:10.932271,602,195
10102,2025-01-18 17:17:10.932271,602,534
10103,2025-01-18 17:17:10.932271,602,368
10104,2025-01-18 17:17:10.932271,602,599
10105,2025-01-18 17:17:10.932271,602,245
10106,2025-01-18 17:17:10.932271,602,417
10107,2025-01-18 17:17:10.932271,602,332
10108,2025-01-18 17:17:10.932271,602,638
10109,2025-01-18 17:17:10.932271,602,355
10110,2025-01-18 17:17:10.932271,603,492
10111,2025-01-18 17:17:10.932271,603,236
10112,2025-01-18 17:17:10.932271,603,240
10113,2025-01-18 17:17:10.932271,603,485
10114,2025-01-18 17:17:10.932271,603,415
10115,2025-01-18 17:17:10.932271,603,288
10116,2025-01-18 17:17:10.932271,603,454
10117,2025-01-18 17:17:10.932271,603,201
10118,2025-01-18 17:17:10.932271,603,300
10119,2025-01-18 17:17:10.932271,603,260
10120,2025-01-18 17:17:10.932271,603,626
10121,2025-01-18 17:17:10.932271,603,459
10122,2025-01-18 17:17:10.932271,603,405
10123,2025-01-18 17:17:10.932271,603,290
10124,2025-01-18 17:17:10.932271,603,497
10125,2025-01-18 17:17:10.932271,603,520
10126,2025-01-18 17:17:10.932271,603,358
10127,2025-01-18 17:17:10.932271,603,427
10128,2025-01-18 17:17:10.932271,603,643
10129,2025-01-18 17:17:10.932271,604,227
10130,2025-01-18 17:17:10.932271,604,290
10131,2025-01-18 17:17:10.933268,604,244
10132,2025-01-18 17:17:10.933268,604,477
10133,2025-01-18 17:17:10.933268,604,541
10134,2025-01-18 17:17:10.933268,604,449
10135,2025-01-18 17:17:10.933268,604,397
10136,2025-01-18 17:17:10.933268,604,524
10137,2025-01-18 17:17:10.933268,604,540
10138,2025-01-18 17:17:10.933268,604,496
10139,2025-01-18 17:17:10.933268,604,208
10140,2025-01-18 17:17:10.933268,605,297
10141,2025-01-18 17:17:10.933268,605,432
10142,2025-01-18 17:17:10.933268,605,475
10143,2025-01-18 17:17:10.933268,605,396
10144,2025-01-18 17:17:10.933268,605,612
10145,2025-01-18 17:17:10.933268,605,462
10146,2025-01-18 17:17:10.933268,605,488
10147,2025-01-18 17:17:10.933268,605,438
10148,2025-01-18 17:17:10.933268,605,535
10149,2025-01-18 17:17:10.933268,605,549
10150,2025-01-18 17:17:10.933268,605,237
10151,2025-01-18 17:17:10.933268,605,299
10152,2025-01-18 17:17:10.933268,605,440
10153,2025-01-18 17:17:10.933268,605,293
10154,2025-01-18 17:17:10.933268,605,422
10155,2025-01-18 17:17:10.933268,606,486
10156,2025-01-18 17:17:10.933268,606,562
10157,2025-01-18 17:17:10.933268,606,252
10158,2025-01-18 17:17:10.933268,606,228
10159,2025-01-18 17:17:10.933268,606,215
10160,2025-01-18 17:17:10.933268,606,397
10161,2025-01-18 17:17:10.933268,606,211
10162,2025-01-18 17:17:10.933268,606,399
10163,2025-01-18 17:17:10.933268,606,435
10164,2025-01-18 17:17:10.933268,606,658
10165,2025-01-18 17:17:10.933268,606,496
10166,2025-01-18 17:17:10.933268,606,570
10167,2025-01-18 17:17:10.933268,606,303
10168,2025-01-18 17:17:10.933268,607,377
10169,2025-01-18 17:17:10.933268,607,622
10170,2025-01-18 17:17:10.933268,607,369
10171,2025-01-18 17:17:10.933268,607,438
10172,2025-01-18 17:17:10.933268,607,397
10173,2025-01-18 17:17:10.933268,607,357
10174,2025-01-18 17:17:10.933268,607,512
10175,2025-01-18 17:17:10.933268,607,353
10176,2025-01-18 17:17:10.933268,607,526
10177,2025-01-18 17:17:10.933268,607,306
10178,2025-01-18 17:17:10.933268,608,263
10179,2025-01-18 17:17:10.933268,608,432
10180,2025-01-18 17:17:10.933268,608,629
10181,2025-01-18 17:17:10.933268,608,273
10182,2025-01-18 17:17:10.933268,608,205
10183,2025-01-18 17:17:10.933268,608,230
10184,2025-01-18 17:17:10.933268,608,262
10185,2025-01-18 17:17:10.933268,608,449
10186,2025-01-18 17:17:10.933268,608,576
10187,2025-01-18 17:17:10.933268,608,431
10188,2025-01-18 17:17:10.933268,608,557
10189,2025-01-18 17:17:10.933268,608,297
10190,2025-01-18 17:17:10.933268,608,591
10191,2025-01-18 17:17:10.933268,608,611
10192,2025-01-18 17:17:10.933268,608,620
10193,2025-01-18 17:17:10.933268,608,418
10194,2025-01-18 17:17:10.933268,608,613
10195,2025-01-18 17:17:10.933268,608,250
10196,2025-01-18 17:17:10.933268,608,584
10197,2025-01-18 17:17:10.933268,609,611
10198,2025-01-18 17:17:10.933268,609,524
10199,2025-01-18 17:17:10.933268,609,256
10200,2025-01-18 17:17:10.933268,609,207
10201,2025-01-18 17:17:10.933268,609,246
10202,2025-01-18 17:17:10.933268,609,393
10203,2025-01-18 17:17:10.933268,609,508
10204,2025-01-18 17:17:10.933268,609,288
10205,2025-01-18 17:17:10.933268,609,221
10206,2025-01-18 17:17:10.933268,609,459
10207,2025-01-18 17:17:10.933268,609,560
10208,2025-01-18 17:17:10.933268,609,515
10209,2025-01-18 17:17:10.933268,609,493
10210,2025-01-18 17:17:10.933268,610,259
10211,2025-01-18 17:17:10.933268,610,214
10212,2025-01-18 17:17:10.933268,610,358
10213,2025-01-18 17:17:10.933268,610,462
10214,2025-01-18 17:17:10.933268,610,481
10215,2025-01-18 17:17:10.933268,610,275
10216,2025-01-18 17:17:10.933268,610,477
10217,2025-01-18 17:17:10.933268,610,270
10218,2025-01-18 17:17:10.933268,610,395
10219,2025-01-18 17:17:10.933268,610,235
10220,2025-01-18 17:17:10.933268,610,404
10221,2025-01-18 17:17:10.933268,610,505
10222,2025-01-18 17:17:10.933268,610,238
10223,2025-01-18 17:17:10.933268,610,516
10224,2025-01-18 17:17:10.933268,610,600
10225,2025-01-18 17:17:10.934265,610,452
10226,2025-01-18 17:17:10.934265,611,644
10227,2025-01-18 17:17:10.934265,611,495
10228,2025-01-18 17:17:10.934265,611,650
10229,2025-01-18 17:17:10.934265,611,398
10230,2025-01-18 17:17:10.934265,611,580
10231,2025-01-18 17:17:10.934265,611,548
10232,2025-01-18 17:17:10.934265,611,565
10233,2025-01-18 17:17:10.934265,611,591
10234,2025-01-18 17:17:10.938255,611,343
10235,2025-01-18 17:17:10.938255,611,459
10236,2025-01-18 17:17:10.938255,611,239
10237,2025-01-18 17:17:10.938255,611,238
10238,2025-01-18 17:17:10.938255,611,429
10239,2025-01-18 17:17:10.938255,611,501
10240,2025-01-18 17:17:10.938255,611,294
10241,2025-01-18 17:17:10.938255,611,530
10242,2025-01-18 17:17:10.938255,611,534
10243,2025-01-18 17:17:10.938255,611,379
10244,2025-01-18 17:17:10.938255,611,549
10245,2025-01-18 17:17:10.938255,612,576
10246,2025-01-18 17:17:10.938255,612,445
10247,2025-01-18 17:17:10.938255,612,278
10248,2025-01-18 17:17:10.938255,612,439
10249,2025-01-18 17:17:10.938255,612,219
10250,2025-01-18 17:17:10.938255,612,352
10251,2025-01-18 17:17:10.938255,612,590
10252,2025-01-18 17:17:10.938255,612,294
10253,2025-01-18 17:17:10.938255,612,655
10254,2025-01-18 17:17:10.938255,612,281
10255,2025-01-18 17:17:10.938255,613,285
10256,2025-01-18 17:17:10.938255,613,626
10257,2025-01-18 17:17:10.938255,613,516
10258,2025-01-18 17:17:10.938255,613,374
10259,2025-01-18 17:17:10.938255,613,521
10260,2025-01-18 17:17:10.938255,613,457
10261,2025-01-18 17:17:10.938255,613,301
10262,2025-01-18 17:17:10.938255,613,422
10263,2025-01-18 17:17:10.939252,613,513
10264,2025-01-18 17:17:10.939252,613,437
10265,2025-01-18 17:17:10.939252,613,261
10266,2025-01-18 17:17:10.939252,613,426
10267,2025-01-18 17:17:10.939252,614,228
10268,2025-01-18 17:17:10.939252,614,645
10269,2025-01-18 17:17:10.939252,614,272
10270,2025-01-18 17:17:10.939252,614,502
10271,2025-01-18 17:17:10.939252,614,316
10272,2025-01-18 17:17:10.939252,614,390
10273,2025-01-18 17:17:10.939252,614,640
10274,2025-01-18 17:17:10.939252,614,551
10275,2025-01-18 17:17:10.939252,614,298
10276,2025-01-18 17:17:10.939252,614,369
10277,2025-01-18 17:17:10.939252,614,573
10278,2025-01-18 17:17:10.939252,614,487
10279,2025-01-18 17:17:10.939252,614,492
10280,2025-01-18 17:17:10.939252,614,403
10281,2025-01-18 17:17:10.939252,614,508
10282,2025-01-18 17:17:10.939252,614,593
10283,2025-01-18 17:17:10.939252,614,294
10284,2025-01-18 17:17:10.939252,615,284
10285,2025-01-18 17:17:10.939252,615,592
10286,2025-01-18 17:17:10.939252,615,533
10287,2025-01-18 17:17:10.939252,615,596
10288,2025-01-18 17:17:10.939252,615,269
10289,2025-01-18 17:17:10.939252,615,366
10290,2025-01-18 17:17:10.939252,615,314
10291,2025-01-18 17:17:10.939252,615,635
10292,2025-01-18 17:17:10.939252,615,515
10293,2025-01-18 17:17:10.939252,615,370
10294,2025-01-18 17:17:10.939252,615,600
10295,2025-01-18 17:17:10.939252,615,481
10296,2025-01-18 17:17:10.939252,615,319
10297,2025-01-18 17:17:10.939252,615,646
10298,2025-01-18 17:17:10.939252,615,204
10299,2025-01-18 17:17:10.939252,615,667
10300,2025-01-18 17:17:10.939252,615,387
10301,2025-01-18 17:17:10.939252,615,351
10302,2025-01-18 17:17:10.939252,615,531
10303,2025-01-18 17:17:10.939252,615,334
10304,2025-01-18 17:17:10.939252,616,226
10305,2025-01-18 17:17:10.939252,616,350
10306,2025-01-18 17:17:10.939252,616,317
10307,2025-01-18 17:17:10.939252,616,371
10308,2025-01-18 17:17:10.939252,616,564
10309,2025-01-18 17:17:10.939252,616,487
10310,2025-01-18 17:17:10.939252,616,281
10311,2025-01-18 17:17:10.939252,616,519
10312,2025-01-18 17:17:10.939252,616,262
10313,2025-01-18 17:17:10.939252,616,377
10314,2025-01-18 17:17:10.939252,616,591
10315,2025-01-18 17:17:10.939252,617,656
10316,2025-01-18 17:17:10.939252,617,398
10317,2025-01-18 17:17:10.939252,617,360
10318,2025-01-18 17:17:10.939252,617,535
10319,2025-01-18 17:17:10.939252,617,559
10320,2025-01-18 17:17:10.939252,617,346
10321,2025-01-18 17:17:10.939252,617,531
10322,2025-01-18 17:17:10.939252,617,240
10323,2025-01-18 17:17:10.939252,617,583
10324,2025-01-18 17:17:10.939252,617,354
10325,2025-01-18 17:17:10.939252,617,640
10326,2025-01-18 17:17:10.939252,617,453
10327,2025-01-18 17:17:10.939252,617,199
10328,2025-01-18 17:17:10.939252,617,505
10329,2025-01-18 17:17:10.939252,617,451
10330,2025-01-18 17:17:10.939252,617,367
10331,2025-01-18 17:17:10.939252,618,442
10332,2025-01-18 17:17:10.939252,618,353
10333,2025-01-18 17:17:10.939252,618,257
10334,2025-01-18 17:17:10.939252,618,652
10335,2025-01-18 17:17:10.939252,618,552
10336,2025-01-18 17:17:10.939252,618,323
10337,2025-01-18 17:17:10.939252,618,457
10338,2025-01-18 17:17:10.939252,618,219
10339,2025-01-18 17:17:10.939252,618,527
10340,2025-01-18 17:17:10.939252,618,409
10341,2025-01-18 17:17:10.939252,618,431
10342,2025-01-18 17:17:10.939252,618,444
10343,2025-01-18 17:17:10.939252,618,526
10344,2025-01-18 17:17:10.939252,618,592
10345,2025-01-18 17:17:10.939252,618,613
10346,2025-01-18 17:17:10.939252,618,357
10347,2025-01-18 17:17:10.939252,618,547
10348,2025-01-18 17:17:10.939252,618,375
10349,2025-01-18 17:17:10.939252,619,495
10350,2025-01-18 17:17:10.939252,619,208
10351,2025-01-18 17:17:10.939252,619,293
10352,2025-01-18 17:17:10.939252,619,535
10353,2025-01-18 17:17:10.939252,619,652
10354,2025-01-18 17:17:10.939252,619,538
10355,2025-01-18 17:17:10.939252,619,311
10356,2025-01-18 17:17:10.939252,619,419
10357,2025-01-18 17:17:10.939252,619,585
10358,2025-01-18 17:17:10.940249,619,200
10359,2025-01-18 17:17:10.940249,619,650
10360,2025-01-18 17:17:10.940249,619,394
10361,2025-01-18 17:17:10.940249,620,510
10362,2025-01-18 17:17:10.940249,620,381
10363,2025-01-18 17:17:10.940249,620,204
10364,2025-01-18 17:17:10.940249,620,653
10365,2025-01-18 17:17:10.940249,620,330
10366,2025-01-18 17:17:10.940249,620,578
10367,2025-01-18 17:17:10.940249,620,354
10368,2025-01-18 17:17:10.940249,620,206
10369,2025-01-18 17:17:10.940249,620,592
10370,2025-01-18 17:17:10.940249,620,275
10371,2025-01-18 17:17:10.940249,620,550
10372,2025-01-18 17:17:10.940249,620,264
10373,2025-01-18 17:17:10.940249,620,503
10374,2025-01-18 17:17:10.940249,621,533
10375,2025-01-18 17:17:10.940249,621,300
10376,2025-01-18 17:17:10.940249,621,435
10377,2025-01-18 17:17:10.940249,621,501
10378,2025-01-18 17:17:10.940249,621,222
10379,2025-01-18 17:17:10.940249,621,339
10380,2025-01-18 17:17:10.940249,621,319
10381,2025-01-18 17:17:10.940249,621,320
10382,2025-01-18 17:17:10.940249,621,519
10383,2025-01-18 17:17:10.940249,621,351
10384,2025-01-18 17:17:10.940249,621,588
10385,2025-01-18 17:17:10.940249,621,522
10386,2025-01-18 17:17:10.940249,621,257
10387,2025-01-18 17:17:10.940249,622,396
10388,2025-01-18 17:17:10.940249,622,219
10389,2025-01-18 17:17:10.940249,622,245
10390,2025-01-18 17:17:10.940249,622,315
10391,2025-01-18 17:17:10.940249,622,386
10392,2025-01-18 17:17:10.940249,622,341
10393,2025-01-18 17:17:10.940249,622,363
10394,2025-01-18 17:17:10.940249,622,286
10395,2025-01-18 17:17:10.940249,622,651
10396,2025-01-18 17:17:10.940249,622,435
10397,2025-01-18 17:17:10.940249,622,277
10398,2025-01-18 17:17:10.940249,622,216
10399,2025-01-18 17:17:10.940249,622,528
10400,2025-01-18 17:17:10.940249,623,195
10401,2025-01-18 17:17:10.940249,623,226
10402,2025-01-18 17:17:10.940249,623,242
10403,2025-01-18 17:17:10.940249,623,269
10404,2025-01-18 17:17:10.940249,623,199
10405,2025-01-18 17:17:10.940249,623,454
10406,2025-01-18 17:17:10.940249,623,223
10407,2025-01-18 17:17:10.940249,623,522
10408,2025-01-18 17:17:10.940249,623,502
10409,2025-01-18 17:17:10.940249,623,316
10410,2025-01-18 17:17:10.940249,623,396
10411,2025-01-18 17:17:10.940249,623,429
10412,2025-01-18 17:17:10.940249,624,358
10413,2025-01-18 17:17:10.940249,624,625
10414,2025-01-18 17:17:10.940249,624,233
10415,2025-01-18 17:17:10.940249,624,236
10416,2025-01-18 17:17:10.940249,624,435
10417,2025-01-18 17:17:10.940249,624,586
10418,2025-01-18 17:17:10.940249,624,228
10419,2025-01-18 17:17:10.940249,624,575
10420,2025-01-18 17:17:10.940249,624,519
10421,2025-01-18 17:17:10.940249,624,336
10422,2025-01-18 17:17:10.940249,624,432
10423,2025-01-18 17:17:10.940249,624,443
10424,2025-01-18 17:17:10.940249,624,465
10425,2025-01-18 17:17:10.940249,624,230
10426,2025-01-18 17:17:10.940249,624,592
10427,2025-01-18 17:17:10.940249,624,632
10428,2025-01-18 17:17:10.940249,624,480
10429,2025-01-18 17:17:10.940249,624,298
10430,2025-01-18 17:17:10.940249,624,238
10431,2025-01-18 17:17:10.940249,625,329
10432,2025-01-18 17:17:10.940249,625,280
10433,2025-01-18 17:17:10.940249,625,318
10434,2025-01-18 17:17:10.940249,625,378
10435,2025-01-18 17:17:10.940249,625,610
10436,2025-01-18 17:17:10.940249,625,203
10437,2025-01-18 17:17:10.940249,625,274
10438,2025-01-18 17:17:10.940249,625,309
10439,2025-01-18 17:17:10.940249,625,563
10440,2025-01-18 17:17:10.940249,625,370
10441,2025-01-18 17:17:10.940249,625,627
10442,2025-01-18 17:17:10.940249,625,298
10443,2025-01-18 17:17:10.940249,625,320
10444,2025-01-18 17:17:10.940249,625,606
10445,2025-01-18 17:17:10.940249,625,444
10446,2025-01-18 17:17:10.940249,625,535
10447,2025-01-18 17:17:10.940249,626,513
10448,2025-01-18 17:17:10.940249,626,626
10449,2025-01-18 17:17:10.940249,626,253
10450,2025-01-18 17:17:10.940249,626,298
10451,2025-01-18 17:17:10.940249,626,552
10452,2025-01-18 17:17:10.940249,626,235
10453,2025-01-18 17:17:10.940249,626,431
10454,2025-01-18 17:17:10.940249,626,558
10455,2025-01-18 17:17:10.940249,626,454
10456,2025-01-18 17:17:10.940249,626,349
10457,2025-01-18 17:17:10.940249,626,365
10458,2025-01-18 17:17:10.941247,626,247
10459,2025-01-18 17:17:10.941247,626,591
10460,2025-01-18 17:17:10.941247,627,496
10461,2025-01-18 17:17:10.941247,627,323
10462,2025-01-18 17:17:10.941247,627,311
10463,2025-01-18 17:17:10.941247,627,341
10464,2025-01-18 17:17:10.941247,627,212
10465,2025-01-18 17:17:10.941247,627,483
10466,2025-01-18 17:17:10.941247,627,597
10467,2025-01-18 17:17:10.941247,627,563
10468,2025-01-18 17:17:10.941247,627,282
10469,2025-01-18 17:17:10.941247,627,552
10470,2025-01-18 17:17:10.941247,627,401
10471,2025-01-18 17:17:10.941247,628,617
10472,2025-01-18 17:17:10.941247,628,490
10473,2025-01-18 17:17:10.941247,628,425
10474,2025-01-18 17:17:10.941247,628,291
10475,2025-01-18 17:17:10.941247,628,633
10476,2025-01-18 17:17:10.941247,628,255
10477,2025-01-18 17:17:10.941247,628,519
10478,2025-01-18 17:17:10.941247,628,393
10479,2025-01-18 17:17:10.941247,628,297
10480,2025-01-18 17:17:10.941247,628,568
10481,2025-01-18 17:17:10.941247,628,390
10482,2025-01-18 17:17:10.941247,628,234
10483,2025-01-18 17:17:10.941247,628,457
10484,2025-01-18 17:17:10.941247,629,581
10485,2025-01-18 17:17:10.941247,629,465
10486,2025-01-18 17:17:10.941247,629,496
10487,2025-01-18 17:17:10.941247,629,371
10488,2025-01-18 17:17:10.941247,629,504
10489,2025-01-18 17:17:10.941247,629,471
10490,2025-01-18 17:17:10.941247,629,603
10491,2025-01-18 17:17:10.941247,629,522
10492,2025-01-18 17:17:10.941247,629,243
10493,2025-01-18 17:17:10.941247,629,304
10494,2025-01-18 17:17:10.941247,629,219
10495,2025-01-18 17:17:10.941247,629,420
10496,2025-01-18 17:17:10.941247,629,251
10497,2025-01-18 17:17:10.941247,629,662
10498,2025-01-18 17:17:10.941247,629,394
10499,2025-01-18 17:17:10.941247,629,666
10500,2025-01-18 17:17:10.941247,630,419
10501,2025-01-18 17:17:10.941247,630,409
10502,2025-01-18 17:17:10.941247,630,486
10503,2025-01-18 17:17:10.941247,630,405
10504,2025-01-18 17:17:10.941247,630,599
10505,2025-01-18 17:17:10.941247,630,421
10506,2025-01-18 17:17:10.941247,630,205
10507,2025-01-18 17:17:10.941247,630,657
10508,2025-01-18 17:17:10.941247,630,565
10509,2025-01-18 17:17:10.941247,630,483
10510,2025-01-18 17:17:10.941247,630,630
10511,2025-01-18 17:17:10.941247,630,480
10512,2025-01-18 17:17:10.941247,630,258
10513,2025-01-18 17:17:10.941247,630,497
10514,2025-01-18 17:17:10.941247,630,641
10515,2025-01-18 17:17:10.941247,630,335
10516,2025-01-18 17:17:10.941247,630,534
10517,2025-01-18 17:17:10.941247,630,476
10518,2025-01-18 17:17:10.941247,631,335
10519,2025-01-18 17:17:10.941247,631,547
10520,2025-01-18 17:17:10.941247,631,357
10521,2025-01-18 17:17:10.941247,631,623
10522,2025-01-18 17:17:10.941247,631,413
10523,2025-01-18 17:17:10.941247,631,439
10524,2025-01-18 17:17:10.941247,631,581
10525,2025-01-18 17:17:10.941247,631,618
10526,2025-01-18 17:17:10.941247,631,225
10527,2025-01-18 17:17:10.941247,631,430
10528,2025-01-18 17:17:10.941247,631,654
10529,2025-01-18 17:17:10.941247,631,258
10530,2025-01-18 17:17:10.941247,631,482
10531,2025-01-18 17:17:10.941247,632,366
10532,2025-01-18 17:17:10.941247,632,230
10533,2025-01-18 17:17:10.941247,632,420
10534,2025-01-18 17:17:10.941247,632,529
10535,2025-01-18 17:17:10.941247,632,239
10536,2025-01-18 17:17:10.941247,632,194
10537,2025-01-18 17:17:10.941247,632,377
10538,2025-01-18 17:17:10.941247,632,615
10539,2025-01-18 17:17:10.941247,632,505
10540,2025-01-18 17:17:10.941247,632,499
10541,2025-01-18 17:17:10.941247,632,484
10542,2025-01-18 17:17:10.941247,632,564
10543,2025-01-18 17:17:10.941247,632,299
10544,2025-01-18 17:17:10.941247,632,357
10545,2025-01-18 17:17:10.941247,632,424
10546,2025-01-18 17:17:10.941247,632,548
10547,2025-01-18 17:17:10.941247,632,347
10548,2025-01-18 17:17:10.941247,632,224
10549,2025-01-18 17:17:10.941247,632,247
10550,2025-01-18 17:17:10.942244,633,266
10551,2025-01-18 17:17:10.942244,633,665
10552,2025-01-18 17:17:10.942244,633,305
10553,2025-01-18 17:17:10.942244,633,277
10554,2025-01-18 17:17:10.942244,633,563
10555,2025-01-18 17:17:10.942244,633,508
10556,2025-01-18 17:17:10.942244,633,368
10557,2025-01-18 17:17:10.942244,633,654
10558,2025-01-18 17:17:10.942244,633,644
10559,2025-01-18 17:17:10.942244,633,292
10560,2025-01-18 17:17:10.942244,633,484
10561,2025-01-18 17:17:10.942244,633,487
10562,2025-01-18 17:17:10.942244,633,396
10563,2025-01-18 17:17:10.942244,634,262
10564,2025-01-18 17:17:10.942244,634,525
10565,2025-01-18 17:17:10.942244,634,415
10566,2025-01-18 17:17:10.942244,634,556
10567,2025-01-18 17:17:10.946234,634,618
10568,2025-01-18 17:17:10.946234,634,638
10569,2025-01-18 17:17:10.946234,634,395
10570,2025-01-18 17:17:10.946234,634,528
10571,2025-01-18 17:17:10.946234,634,332
10572,2025-01-18 17:17:10.946234,634,603
10573,2025-01-18 17:17:10.946234,634,537
10574,2025-01-18 17:17:10.946234,634,282
10575,2025-01-18 17:17:10.946234,634,362
10576,2025-01-18 17:17:10.946234,634,532
10577,2025-01-18 17:17:10.946234,634,381
10578,2025-01-18 17:17:10.946234,635,582
10579,2025-01-18 17:17:10.946234,635,371
10580,2025-01-18 17:17:10.946234,635,362
10581,2025-01-18 17:17:10.946234,635,548
10582,2025-01-18 17:17:10.946234,635,569
10583,2025-01-18 17:17:10.946234,635,394
10584,2025-01-18 17:17:10.946234,635,468
10585,2025-01-18 17:17:10.946234,635,589
10586,2025-01-18 17:17:10.946234,635,370
10587,2025-01-18 17:17:10.946234,635,621
10588,2025-01-18 17:17:10.946234,636,616
10589,2025-01-18 17:17:10.947231,636,398
10590,2025-01-18 17:17:10.947231,636,551
10591,2025-01-18 17:17:10.947231,636,599
10592,2025-01-18 17:17:10.947231,636,278
10593,2025-01-18 17:17:10.947231,636,233
10594,2025-01-18 17:17:10.947231,636,204
10595,2025-01-18 17:17:10.947231,636,548
10596,2025-01-18 17:17:10.947231,636,293
10597,2025-01-18 17:17:10.947231,636,536
10598,2025-01-18 17:17:10.947231,636,250
10599,2025-01-18 17:17:10.947231,636,209
10600,2025-01-18 17:17:10.947231,636,602
10601,2025-01-18 17:17:10.947231,636,291
10602,2025-01-18 17:17:10.947231,636,319
10603,2025-01-18 17:17:10.947231,636,489
10604,2025-01-18 17:17:10.947231,636,473
10605,2025-01-18 17:17:10.947231,636,542
10606,2025-01-18 17:17:10.947231,637,460
10607,2025-01-18 17:17:10.947231,637,304
10608,2025-01-18 17:17:10.947231,637,426
10609,2025-01-18 17:17:10.947231,637,268
10610,2025-01-18 17:17:10.947231,637,492
10611,2025-01-18 17:17:10.947231,637,292
10612,2025-01-18 17:17:10.947231,637,323
10613,2025-01-18 17:17:10.947231,637,333
10614,2025-01-18 17:17:10.947231,637,399
10615,2025-01-18 17:17:10.947231,637,621
10616,2025-01-18 17:17:10.947231,637,364
10617,2025-01-18 17:17:10.947231,637,230
10618,2025-01-18 17:17:10.947231,638,298
10619,2025-01-18 17:17:10.947231,638,537
10620,2025-01-18 17:17:10.947231,638,604
10621,2025-01-18 17:17:10.947231,638,372
10622,2025-01-18 17:17:10.947231,638,470
10623,2025-01-18 17:17:10.947231,638,225
10624,2025-01-18 17:17:10.947231,638,611
10625,2025-01-18 17:17:10.947231,638,536
10626,2025-01-18 17:17:10.947231,638,432
10627,2025-01-18 17:17:10.947231,638,383
10628,2025-01-18 17:17:10.947231,638,652
10629,2025-01-18 17:17:10.947231,638,447
10630,2025-01-18 17:17:10.947231,638,488
10631,2025-01-18 17:17:10.947231,638,627
10632,2025-01-18 17:17:10.947231,638,610
10633,2025-01-18 17:17:10.947231,638,583
10634,2025-01-18 17:17:10.947231,638,400
10635,2025-01-18 17:17:10.947231,638,284
10636,2025-01-18 17:17:10.947231,639,659
10637,2025-01-18 17:17:10.947231,639,557
10638,2025-01-18 17:17:10.947231,639,266
10639,2025-01-18 17:17:10.947231,639,539
10640,2025-01-18 17:17:10.947231,639,361
10641,2025-01-18 17:17:10.947231,639,294
10642,2025-01-18 17:17:10.947231,639,301
10643,2025-01-18 17:17:10.947231,639,227
10644,2025-01-18 17:17:10.947231,639,505
10645,2025-01-18 17:17:10.947231,639,596
10646,2025-01-18 17:17:10.947231,639,509
10647,2025-01-18 17:17:10.947231,639,499
10648,2025-01-18 17:17:10.947231,639,202
10649,2025-01-18 17:17:10.948228,639,431
10650,2025-01-18 17:17:10.948228,639,542
10651,2025-01-18 17:17:10.948228,639,324
10652,2025-01-18 17:17:10.948228,639,245
10653,2025-01-18 17:17:10.948228,639,544
10654,2025-01-18 17:17:10.948228,639,371
10655,2025-01-18 17:17:10.948228,640,256
10656,2025-01-18 17:17:10.948228,640,488
10657,2025-01-18 17:17:10.948228,640,666
10658,2025-01-18 17:17:10.948228,640,482
10659,2025-01-18 17:17:10.948228,640,466
10660,2025-01-18 17:17:10.948228,640,327
10661,2025-01-18 17:17:10.948228,640,648
10662,2025-01-18 17:17:10.948228,640,476
10663,2025-01-18 17:17:10.948228,640,515
10664,2025-01-18 17:17:10.948228,640,566
10665,2025-01-18 17:17:10.948228,640,646
10666,2025-01-18 17:17:10.948228,640,265
10667,2025-01-18 17:17:10.948228,640,306
10668,2025-01-18 17:17:10.948228,640,263
10669,2025-01-18 17:17:10.948228,640,272
10670,2025-01-18 17:17:10.948228,641,316
10671,2025-01-18 17:17:10.948228,641,497
10672,2025-01-18 17:17:10.948228,641,419
10673,2025-01-18 17:17:10.948228,641,306
10674,2025-01-18 17:17:10.948228,641,352
10675,2025-01-18 17:17:10.948228,641,205
10676,2025-01-18 17:17:10.948228,641,455
10677,2025-01-18 17:17:10.948228,641,436
10678,2025-01-18 17:17:10.948228,641,596
10679,2025-01-18 17:17:10.948228,641,609
10680,2025-01-18 17:17:10.948228,641,557
10681,2025-01-18 17:17:10.948228,641,443
10682,2025-01-18 17:17:10.948228,641,593
10683,2025-01-18 17:17:10.948228,641,334
10684,2025-01-18 17:17:10.948228,641,503
10685,2025-01-18 17:17:10.948228,642,340
10686,2025-01-18 17:17:10.948228,642,331
10687,2025-01-18 17:17:10.948228,642,461
10688,2025-01-18 17:17:10.948228,642,474
10689,2025-01-18 17:17:10.948228,642,419
10690,2025-01-18 17:17:10.948228,642,370
10691,2025-01-18 17:17:10.948228,642,257
10692,2025-01-18 17:17:10.948228,642,641
10693,2025-01-18 17:17:10.948228,642,336
10694,2025-01-18 17:17:10.948228,642,375
10695,2025-01-18 17:17:10.948228,642,217
10696,2025-01-18 17:17:10.948228,642,395
10697,2025-01-18 17:17:10.948228,642,213
10698,2025-01-18 17:17:10.948228,642,376
10699,2025-01-18 17:17:10.948228,642,644
10700,2025-01-18 17:17:10.948228,642,421
10701,2025-01-18 17:17:10.948228,642,221
10702,2025-01-18 17:17:10.948228,642,472
10703,2025-01-18 17:17:10.948228,642,251
10704,2025-01-18 17:17:10.948228,643,341
10705,2025-01-18 17:17:10.948228,643,337
10706,2025-01-18 17:17:10.948228,643,566
10707,2025-01-18 17:17:10.948228,643,627
10708,2025-01-18 17:17:10.948228,643,241
10709,2025-01-18 17:17:10.948228,643,334
10710,2025-01-18 17:17:10.948228,643,345
10711,2025-01-18 17:17:10.948228,643,262
10712,2025-01-18 17:17:10.948228,643,613
10713,2025-01-18 17:17:10.948228,643,604
10714,2025-01-18 17:17:10.948228,644,438
10715,2025-01-18 17:17:10.948228,644,563
10716,2025-01-18 17:17:10.948228,644,432
10717,2025-01-18 17:17:10.948228,644,569
10718,2025-01-18 17:17:10.948228,644,206
10719,2025-01-18 17:17:10.948228,644,492
10720,2025-01-18 17:17:10.948228,644,558
10721,2025-01-18 17:17:10.948228,644,526
10722,2025-01-18 17:17:10.948228,644,449
10723,2025-01-18 17:17:10.948228,644,416
10724,2025-01-18 17:17:10.949225,644,386
10725,2025-01-18 17:17:10.949225,644,348
10726,2025-01-18 17:17:10.949225,644,548
10727,2025-01-18 17:17:10.949225,644,214
10728,2025-01-18 17:17:10.949225,645,322
10729,2025-01-18 17:17:10.949225,645,323
10730,2025-01-18 17:17:10.949225,645,489
10731,2025-01-18 17:17:10.949225,645,245
10732,2025-01-18 17:17:10.949225,645,540
10733,2025-01-18 17:17:10.949225,645,376
10734,2025-01-18 17:17:10.949225,645,638
10735,2025-01-18 17:17:10.949225,645,437
10736,2025-01-18 17:17:10.949225,645,600
10737,2025-01-18 17:17:10.949225,645,384
10738,2025-01-18 17:17:10.949225,646,398
10739,2025-01-18 17:17:10.949225,646,205
10740,2025-01-18 17:17:10.949225,646,447
10741,2025-01-18 17:17:10.949225,646,570
10742,2025-01-18 17:17:10.949225,646,486
10743,2025-01-18 17:17:10.949225,646,362
10744,2025-01-18 17:17:10.949225,646,620
10745,2025-01-18 17:17:10.949225,646,455
10746,2025-01-18 17:17:10.949225,646,334
10747,2025-01-18 17:17:10.949225,646,480
10748,2025-01-18 17:17:10.949225,646,590
10749,2025-01-18 17:17:10.949225,646,528
10750,2025-01-18 17:17:10.949225,646,245
10751,2025-01-18 17:17:10.949225,647,614
10752,2025-01-18 17:17:10.949225,647,395
10753,2025-01-18 17:17:10.949225,647,566
10754,2025-01-18 17:17:10.949225,647,386
10755,2025-01-18 17:17:10.949225,647,540
10756,2025-01-18 17:17:10.949225,647,486
10757,2025-01-18 17:17:10.949225,647,471
10758,2025-01-18 17:17:10.949225,647,422
10759,2025-01-18 17:17:10.949225,647,426
10760,2025-01-18 17:17:10.949225,647,223
10761,2025-01-18 17:17:10.949225,647,663
10762,2025-01-18 17:17:10.949225,647,313
10763,2025-01-18 17:17:10.949225,648,438
10764,2025-01-18 17:17:10.949225,648,609
10765,2025-01-18 17:17:10.949225,648,542
10766,2025-01-18 17:17:10.949225,648,455
10767,2025-01-18 17:17:10.949225,648,489
10768,2025-01-18 17:17:10.949225,648,349
10769,2025-01-18 17:17:10.949225,648,613
10770,2025-01-18 17:17:10.949225,648,504
10771,2025-01-18 17:17:10.949225,648,492
10772,2025-01-18 17:17:10.949225,648,600
10773,2025-01-18 17:17:10.949225,648,209
10774,2025-01-18 17:17:10.949225,648,351
10775,2025-01-18 17:17:10.949225,649,546
10776,2025-01-18 17:17:10.949225,649,426
10777,2025-01-18 17:17:10.949225,649,402
10778,2025-01-18 17:17:10.949225,649,607
10779,2025-01-18 17:17:10.949225,649,497
10780,2025-01-18 17:17:10.949225,649,661
10781,2025-01-18 17:17:10.949225,649,393
10782,2025-01-18 17:17:10.949225,649,371
10783,2025-01-18 17:17:10.949225,649,500
10784,2025-01-18 17:17:10.949225,649,552
10785,2025-01-18 17:17:10.949225,649,196
10786,2025-01-18 17:17:10.949225,649,228
10787,2025-01-18 17:17:10.949225,649,269
10788,2025-01-18 17:17:10.949225,649,585
10789,2025-01-18 17:17:10.949225,649,334
10790,2025-01-18 17:17:10.949225,649,595
10791,2025-01-18 17:17:10.949225,649,569
10792,2025-01-18 17:17:10.949225,650,526
10793,2025-01-18 17:17:10.949225,650,569
10794,2025-01-18 17:17:10.949225,650,408
10795,2025-01-18 17:17:10.949225,650,565
10796,2025-01-18 17:17:10.949225,650,467
10797,2025-01-18 17:17:10.949225,650,642
10798,2025-01-18 17:17:10.949225,650,630
10799,2025-01-18 17:17:10.949225,650,336
10800,2025-01-18 17:17:10.949225,650,496
10801,2025-01-18 17:17:10.949225,650,528
10802,2025-01-18 17:17:10.949225,650,449
10803,2025-01-18 17:17:10.949225,650,435
10804,2025-01-18 17:17:10.949225,650,509
10805,2025-01-18 17:17:10.949225,650,413
10806,2025-01-18 17:17:10.949225,650,310
10807,2025-01-18 17:17:10.949225,651,568
10808,2025-01-18 17:17:10.949225,651,611
10809,2025-01-18 17:17:10.949225,651,203
10810,2025-01-18 17:17:10.949225,651,515
10811,2025-01-18 17:17:10.949225,651,489
10812,2025-01-18 17:17:10.949225,651,524
10813,2025-01-18 17:17:10.949225,651,624
10814,2025-01-18 17:17:10.949225,651,649
10815,2025-01-18 17:17:10.949225,651,233
10816,2025-01-18 17:17:10.950223,651,484
10817,2025-01-18 17:17:10.950223,651,619
10818,2025-01-18 17:17:10.950223,651,438
10819,2025-01-18 17:17:10.950223,652,433
10820,2025-01-18 17:17:10.950223,652,471
10821,2025-01-18 17:17:10.950223,652,332
10822,2025-01-18 17:17:10.950223,652,514
10823,2025-01-18 17:17:10.950223,652,575
10824,2025-01-18 17:17:10.950223,652,269
10825,2025-01-18 17:17:10.950223,652,221
10826,2025-01-18 17:17:10.950223,652,312
10827,2025-01-18 17:17:10.950223,652,524
10828,2025-01-18 17:17:10.950223,652,196
10829,2025-01-18 17:17:10.950223,653,332
10830,2025-01-18 17:17:10.950223,653,395
10831,2025-01-18 17:17:10.950223,653,226
10832,2025-01-18 17:17:10.950223,653,490
10833,2025-01-18 17:17:10.950223,653,244
10834,2025-01-18 17:17:10.950223,653,471
10835,2025-01-18 17:17:10.950223,653,417
10836,2025-01-18 17:17:10.950223,653,510
10837,2025-01-18 17:17:10.950223,653,549
10838,2025-01-18 17:17:10.950223,653,425
10839,2025-01-18 17:17:10.950223,653,558
10840,2025-01-18 17:17:10.950223,653,262
10841,2025-01-18 17:17:10.950223,653,568
10842,2025-01-18 17:17:10.950223,653,206
10843,2025-01-18 17:17:10.950223,653,646
10844,2025-01-18 17:17:10.950223,653,284
10845,2025-01-18 17:17:10.950223,653,580
10846,2025-01-18 17:17:10.950223,653,386
10847,2025-01-18 17:17:10.950223,653,662
10848,2025-01-18 17:17:10.950223,654,382
10849,2025-01-18 17:17:10.950223,654,383
10850,2025-01-18 17:17:10.950223,654,292
10851,2025-01-18 17:17:10.950223,654,241
10852,2025-01-18 17:17:10.950223,654,265
10853,2025-01-18 17:17:10.950223,654,392
10854,2025-01-18 17:17:10.950223,654,491
10855,2025-01-18 17:17:10.950223,654,239
10856,2025-01-18 17:17:10.950223,654,262
10857,2025-01-18 17:17:10.950223,654,609
10858,2025-01-18 17:17:10.950223,654,321
10859,2025-01-18 17:17:10.950223,654,378
10860,2025-01-18 17:17:10.950223,654,597
10861,2025-01-18 17:17:10.950223,654,238
10862,2025-01-18 17:17:10.950223,654,289
10863,2025-01-18 17:17:10.950223,654,604
10864,2025-01-18 17:17:10.950223,655,214
10865,2025-01-18 17:17:10.950223,655,211
10866,2025-01-18 17:17:10.950223,655,475
10867,2025-01-18 17:17:10.950223,655,563
10868,2025-01-18 17:17:10.950223,655,245
10869,2025-01-18 17:17:10.950223,655,660
10870,2025-01-18 17:17:10.950223,655,445
10871,2025-01-18 17:17:10.950223,655,383
10872,2025-01-18 17:17:10.950223,655,667
10873,2025-01-18 17:17:10.950223,655,240
10874,2025-01-18 17:17:10.950223,656,453
10875,2025-01-18 17:17:10.950223,656,543
10876,2025-01-18 17:17:10.950223,656,246
10877,2025-01-18 17:17:10.950223,656,529
10878,2025-01-18 17:17:10.950223,656,329
10879,2025-01-18 17:17:10.950223,656,401
10880,2025-01-18 17:17:10.950223,656,545
10881,2025-01-18 17:17:10.950223,656,519
10882,2025-01-18 17:17:10.950223,656,395
10883,2025-01-18 17:17:10.950223,656,501
10884,2025-01-18 17:17:10.950223,656,552
10885,2025-01-18 17:17:10.950223,656,393
10886,2025-01-18 17:17:10.950223,656,290
10887,2025-01-18 17:17:10.950223,656,555
10888,2025-01-18 17:17:10.950223,656,430
10889,2025-01-18 17:17:10.950223,656,580
10890,2025-01-18 17:17:10.950223,657,231
10891,2025-01-18 17:17:10.950223,657,636
10892,2025-01-18 17:17:10.950223,657,266
10893,2025-01-18 17:17:10.950223,657,405
10894,2025-01-18 17:17:10.950223,657,311
10895,2025-01-18 17:17:10.950223,657,581
10896,2025-01-18 17:17:10.950223,657,400
10897,2025-01-18 17:17:10.950223,657,198
10898,2025-01-18 17:17:10.950223,657,655
10899,2025-01-18 17:17:10.950223,657,422
10900,2025-01-18 17:17:10.955209,657,443
10901,2025-01-18 17:17:10.955209,657,445
10902,2025-01-18 17:17:10.955209,657,267
10903,2025-01-18 17:17:10.955209,657,496
10904,2025-01-18 17:17:10.955209,657,221
10905,2025-01-18 17:17:10.955209,658,598
10906,2025-01-18 17:17:10.955209,658,543
10907,2025-01-18 17:17:10.955209,658,368
10908,2025-01-18 17:17:10.955209,658,570
10909,2025-01-18 17:17:10.955209,658,541
10910,2025-01-18 17:17:10.955209,658,499
10911,2025-01-18 17:17:10.955209,658,220
10912,2025-01-18 17:17:10.955209,658,608
10913,2025-01-18 17:17:10.955209,658,312
10914,2025-01-18 17:17:10.955209,658,480
10915,2025-01-18 17:17:10.955209,658,545
10916,2025-01-18 17:17:10.955209,658,218
10917,2025-01-18 17:17:10.955209,658,207
10918,2025-01-18 17:17:10.955209,658,554
10919,2025-01-18 17:17:10.955209,659,282
10920,2025-01-18 17:17:10.955209,659,616
10921,2025-01-18 17:17:10.955209,659,242
10922,2025-01-18 17:17:10.955209,659,604
10923,2025-01-18 17:17:10.955209,659,349
10924,2025-01-18 17:17:10.955209,659,195
10925,2025-01-18 17:17:10.955209,659,402
10926,2025-01-18 17:17:10.955209,659,527
10927,2025-01-18 17:17:10.955209,659,515
10928,2025-01-18 17:17:10.955209,659,308
10929,2025-01-18 17:17:10.955209,660,330
10930,2025-01-18 17:17:10.955209,660,457
10931,2025-01-18 17:17:10.955209,660,402
10932,2025-01-18 17:17:10.955209,660,458
10933,2025-01-18 17:17:10.955209,660,272
10934,2025-01-18 17:17:10.955209,660,440
10935,2025-01-18 17:17:10.955209,660,651
10936,2025-01-18 17:17:10.955209,660,616
10937,2025-01-18 17:17:10.955209,660,471
10938,2025-01-18 17:17:10.955209,660,581
10939,2025-01-18 17:17:10.955209,660,206
10940,2025-01-18 17:17:10.955209,660,595
10941,2025-01-18 17:17:10.955209,660,423
10942,2025-01-18 17:17:10.955209,660,625
10943,2025-01-18 17:17:10.955209,660,512
10944,2025-01-18 17:17:10.955209,660,305
10945,2025-01-18 17:17:10.955209,660,604
10946,2025-01-18 17:17:10.955209,661,600
10947,2025-01-18 17:17:10.956207,661,301
10948,2025-01-18 17:17:10.956207,661,548
10949,2025-01-18 17:17:10.956207,661,494
10950,2025-01-18 17:17:10.956207,661,319
10951,2025-01-18 17:17:10.956207,661,511
10952,2025-01-18 17:17:10.956207,661,499
10953,2025-01-18 17:17:10.956207,661,347
10954,2025-01-18 17:17:10.956207,661,331
10955,2025-01-18 17:17:10.956207,661,436
10956,2025-01-18 17:17:10.956207,661,470
10957,2025-01-18 17:17:10.956207,661,430
10958,2025-01-18 17:17:10.956207,661,667
10959,2025-01-18 17:17:10.956207,661,513
10960,2025-01-18 17:17:10.956207,661,199
10961,2025-01-18 17:17:10.956207,662,282
10962,2025-01-18 17:17:10.956207,662,379
10963,2025-01-18 17:17:10.956207,662,456
10964,2025-01-18 17:17:10.956207,662,553
10965,2025-01-18 17:17:10.956207,662,628
10966,2025-01-18 17:17:10.956207,662,315
10967,2025-01-18 17:17:10.956207,662,444
10968,2025-01-18 17:17:10.956207,662,432
10969,2025-01-18 17:17:10.956207,662,349
10970,2025-01-18 17:17:10.956207,662,305
10971,2025-01-18 17:17:10.956207,662,348
10972,2025-01-18 17:17:10.956207,662,569
10973,2025-01-18 17:17:10.956207,663,594
10974,2025-01-18 17:17:10.956207,663,378
10975,2025-01-18 17:17:10.956207,663,228
10976,2025-01-18 17:17:10.956207,663,498
10977,2025-01-18 17:17:10.956207,663,446
10978,2025-01-18 17:17:10.956207,663,624
10979,2025-01-18 17:17:10.956207,663,366
10980,2025-01-18 17:17:10.956207,663,222
10981,2025-01-18 17:17:10.956207,663,520
10982,2025-01-18 17:17:10.956207,663,436
10983,2025-01-18 17:17:10.956207,663,265
10984,2025-01-18 17:17:10.956207,663,485
10985,2025-01-18 17:17:10.956207,664,618
10986,2025-01-18 17:17:10.956207,664,512
10987,2025-01-18 17:17:10.956207,664,606
10988,2025-01-18 17:17:10.956207,664,631
10989,2025-01-18 17:17:10.956207,664,582
10990,2025-01-18 17:17:10.956207,664,265
10991,2025-01-18 17:17:10.956207,664,465
10992,2025-01-18 17:17:10.956207,664,575
10993,2025-01-18 17:17:10.956207,664,422
10994,2025-01-18 17:17:10.956207,664,228
10995,2025-01-18 17:17:10.956207,665,573
10996,2025-01-18 17:17:10.956207,665,325
10997,2025-01-18 17:17:10.956207,665,482
10998,2025-01-18 17:17:10.956207,665,269
10999,2025-01-18 17:17:10.956207,665,385
11000,2025-01-18 17:17:10.956207,665,663
11001,2025-01-18 17:17:10.956207,665,285
11002,2025-01-18 17:17:10.956207,665,210
11003,2025-01-18 17:17:10.956207,665,662
11004,2025-01-18 17:17:10.956207,665,448
11005,2025-01-18 17:17:10.956207,665,452
11006,2025-01-18 17:17:10.956207,665,263
11007,2025-01-18 17:17:10.956207,666,242
11008,2025-01-18 17:17:10.956207,666,317
11009,2025-01-18 17:17:10.956207,666,326
11010,2025-01-18 17:17:10.956207,666,228
11011,2025-01-18 17:17:10.956207,666,481
11012,2025-01-18 17:17:10.956207,666,425
11013,2025-01-18 17:17:10.956207,666,536
11014,2025-01-18 17:17:10.956207,666,225
11015,2025-01-18 17:17:10.956207,666,520
11016,2025-01-18 17:17:10.956207,666,312
11017,2025-01-18 17:17:10.956207,666,322
11018,2025-01-18 17:17:10.956207,666,614
11019,2025-01-18 17:17:10.956207,666,603
11020,2025-01-18 17:17:10.956207,667,227
11021,2025-01-18 17:17:10.956207,667,348
11022,2025-01-18 17:17:10.956207,667,244
11023,2025-01-18 17:17:10.956207,667,260
11024,2025-01-18 17:17:10.956207,667,527
11025,2025-01-18 17:17:10.956207,667,282
11026,2025-01-18 17:17:10.956207,667,440
11027,2025-01-18 17:17:10.956207,667,418
11028,2025-01-18 17:17:10.956207,667,471
11029,2025-01-18 17:17:10.956207,667,408
11030,2025-01-18 17:17:10.956207,668,560
11031,2025-01-18 17:17:10.956207,668,358
11032,2025-01-18 17:17:10.956207,668,575
11033,2025-01-18 17:17:10.956207,668,508
11034,2025-01-18 17:17:10.956207,668,537
11035,2025-01-18 17:17:10.956207,668,556
11036,2025-01-18 17:17:10.956207,668,592
11037,2025-01-18 17:17:10.956207,668,345
11038,2025-01-18 17:17:10.956207,668,543
11039,2025-01-18 17:17:10.956207,668,480
11040,2025-01-18 17:17:10.956207,668,550
11041,2025-01-18 17:17:10.956207,668,593
11042,2025-01-18 17:17:10.956207,668,638
11043,2025-01-18 17:17:10.956207,668,493
11044,2025-01-18 17:17:10.957204,668,585
11045,2025-01-18 17:17:10.957204,668,582
11046,2025-01-18 17:17:10.957204,668,216
11047,2025-01-18 17:17:10.957204,669,665
11048,2025-01-18 17:17:10.957204,669,342
11049,2025-01-18 17:17:10.957204,669,303
11050,2025-01-18 17:17:10.957204,669,647
11051,2025-01-18 17:17:10.957204,669,196
11052,2025-01-18 17:17:10.957204,669,204
11053,2025-01-18 17:17:10.957204,669,503
11054,2025-01-18 17:17:10.957204,669,422
11055,2025-01-18 17:17:10.957204,669,401
11056,2025-01-18 17:17:10.957204,669,491
11057,2025-01-18 17:17:10.957204,670,241
11058,2025-01-18 17:17:10.957204,670,520
11059,2025-01-18 17:17:10.957204,670,317
11060,2025-01-18 17:17:10.957204,670,375
11061,2025-01-18 17:17:10.957204,670,249
11062,2025-01-18 17:17:10.957204,670,301
11063,2025-01-18 17:17:10.957204,670,213
11064,2025-01-18 17:17:10.957204,670,546
11065,2025-01-18 17:17:10.957204,670,339
11066,2025-01-18 17:17:10.957204,670,382
11067,2025-01-18 17:17:10.957204,671,449
11068,2025-01-18 17:17:10.957204,671,642
11069,2025-01-18 17:17:10.957204,671,463
11070,2025-01-18 17:17:10.957204,671,455
11071,2025-01-18 17:17:10.957204,671,349
11072,2025-01-18 17:17:10.957204,671,538
11073,2025-01-18 17:17:10.957204,671,482
11074,2025-01-18 17:17:10.957204,671,314
11075,2025-01-18 17:17:10.957204,671,568
11076,2025-01-18 17:17:10.957204,671,436
11077,2025-01-18 17:17:10.957204,671,410
11078,2025-01-18 17:17:10.957204,671,401
11079,2025-01-18 17:17:10.957204,671,448
11080,2025-01-18 17:17:10.957204,671,205
11081,2025-01-18 17:17:10.957204,671,216
11082,2025-01-18 17:17:10.957204,671,328
11083,2025-01-18 17:17:10.957204,671,551
11084,2025-01-18 17:17:10.957204,671,275
11085,2025-01-18 17:17:10.957204,671,221
11086,2025-01-18 17:17:10.957204,671,389
11087,2025-01-18 17:17:10.957204,672,416
11088,2025-01-18 17:17:10.957204,672,427
11089,2025-01-18 17:17:10.957204,672,220
11090,2025-01-18 17:17:10.957204,672,305
11091,2025-01-18 17:17:10.957204,672,614
11092,2025-01-18 17:17:10.957204,672,246
11093,2025-01-18 17:17:10.957204,672,387
11094,2025-01-18 17:17:10.957204,672,653
11095,2025-01-18 17:17:10.957204,672,497
11096,2025-01-18 17:17:10.957204,672,344
11097,2025-01-18 17:17:10.957204,672,551
11098,2025-01-18 17:17:10.957204,672,525
11099,2025-01-18 17:17:10.957204,672,408
11100,2025-01-18 17:17:10.957204,672,521
11101,2025-01-18 17:17:10.957204,672,443
11102,2025-01-18 17:17:10.957204,673,297
11103,2025-01-18 17:17:10.957204,673,213
11104,2025-01-18 17:17:10.957204,673,238
11105,2025-01-18 17:17:10.957204,673,643
11106,2025-01-18 17:17:10.957204,673,641
11107,2025-01-18 17:17:10.957204,673,197
11108,2025-01-18 17:17:10.957204,673,541
11109,2025-01-18 17:17:10.957204,673,553
11110,2025-01-18 17:17:10.957204,673,322
11111,2025-01-18 17:17:10.957204,673,417
11112,2025-01-18 17:17:10.957204,673,496
11113,2025-01-18 17:17:10.957204,673,562
11114,2025-01-18 17:17:10.957204,673,559
11115,2025-01-18 17:17:10.957204,673,526
11116,2025-01-18 17:17:10.957204,674,397
11117,2025-01-18 17:17:10.957204,674,386
11118,2025-01-18 17:17:10.957204,674,642
11119,2025-01-18 17:17:10.957204,674,555
11120,2025-01-18 17:17:10.957204,674,537
11121,2025-01-18 17:17:10.957204,674,544
11122,2025-01-18 17:17:10.957204,674,280
11123,2025-01-18 17:17:10.957204,674,576
11124,2025-01-18 17:17:10.957204,674,253
11125,2025-01-18 17:17:10.957204,674,389
11126,2025-01-18 17:17:10.957204,675,642
11127,2025-01-18 17:17:10.957204,675,367
11128,2025-01-18 17:17:10.957204,675,563
11129,2025-01-18 17:17:10.957204,675,223
11130,2025-01-18 17:17:10.957204,675,369
11131,2025-01-18 17:17:10.957204,675,435
11132,2025-01-18 17:17:10.957204,675,286
11133,2025-01-18 17:17:10.957204,675,473
11134,2025-01-18 17:17:10.957204,675,344
11135,2025-01-18 17:17:10.957204,675,342
11136,2025-01-18 17:17:10.957204,675,257
11137,2025-01-18 17:17:10.957204,675,529
11138,2025-01-18 17:17:10.957204,675,370
11139,2025-01-18 17:17:10.957204,675,495
11140,2025-01-18 17:17:10.957204,675,355
11141,2025-01-18 17:17:10.958201,675,519
11142,2025-01-18 17:17:10.958201,675,666
11143,2025-01-18 17:17:10.958201,676,259
11144,2025-01-18 17:17:10.958201,676,613
11145,2025-01-18 17:17:10.958201,676,534
11146,2025-01-18 17:17:10.958201,676,568
11147,2025-01-18 17:17:10.958201,676,194
11148,2025-01-18 17:17:10.958201,676,371
11149,2025-01-18 17:17:10.958201,676,461
11150,2025-01-18 17:17:10.958201,676,507
11151,2025-01-18 17:17:10.958201,676,514
11152,2025-01-18 17:17:10.958201,676,376
11153,2025-01-18 17:17:10.958201,676,533
11154,2025-01-18 17:17:10.958201,676,633
11155,2025-01-18 17:17:10.958201,676,545
11156,2025-01-18 17:17:10.958201,676,611
11157,2025-01-18 17:17:10.958201,677,302
11158,2025-01-18 17:17:10.958201,677,632
11159,2025-01-18 17:17:10.958201,677,371
11160,2025-01-18 17:17:10.958201,677,471
11161,2025-01-18 17:17:10.958201,677,321
11162,2025-01-18 17:17:10.958201,677,391
11163,2025-01-18 17:17:10.958201,677,244
11164,2025-01-18 17:17:10.958201,677,563
11165,2025-01-18 17:17:10.958201,677,459
11166,2025-01-18 17:17:10.958201,677,198
11167,2025-01-18 17:17:10.958201,677,544
11168,2025-01-18 17:17:10.958201,677,600
11169,2025-01-18 17:17:10.958201,677,373
11170,2025-01-18 17:17:10.958201,677,623
11171,2025-01-18 17:17:10.958201,677,642
11172,2025-01-18 17:17:10.958201,677,501
11173,2025-01-18 17:17:10.958201,677,288
11174,2025-01-18 17:17:10.958201,678,661
11175,2025-01-18 17:17:10.958201,678,542
11176,2025-01-18 17:17:10.958201,678,455
11177,2025-01-18 17:17:10.958201,678,566
11178,2025-01-18 17:17:10.958201,678,301
11179,2025-01-18 17:17:10.958201,678,305
11180,2025-01-18 17:17:10.958201,678,284
11181,2025-01-18 17:17:10.958201,678,525
11182,2025-01-18 17:17:10.958201,678,533
11183,2025-01-18 17:17:10.958201,678,653
11184,2025-01-18 17:17:10.958201,678,540
11185,2025-01-18 17:17:10.958201,678,466
11186,2025-01-18 17:17:10.958201,678,456
11187,2025-01-18 17:17:10.958201,678,491
11188,2025-01-18 17:17:10.958201,678,550
11189,2025-01-18 17:17:10.958201,678,326
11190,2025-01-18 17:17:10.958201,679,283
11191,2025-01-18 17:17:10.958201,679,377
11192,2025-01-18 17:17:10.958201,679,491
11193,2025-01-18 17:17:10.958201,679,284
11194,2025-01-18 17:17:10.958201,679,385
11195,2025-01-18 17:17:10.958201,679,508
11196,2025-01-18 17:17:10.958201,679,583
11197,2025-01-18 17:17:10.958201,679,568
11198,2025-01-18 17:17:10.958201,679,393
11199,2025-01-18 17:17:10.958201,679,556
11200,2025-01-18 17:17:10.958201,679,472
11201,2025-01-18 17:17:10.958201,679,315
11202,2025-01-18 17:17:10.958201,679,370
11203,2025-01-18 17:17:10.958201,679,456
11204,2025-01-18 17:17:10.958201,680,299
11205,2025-01-18 17:17:10.958201,680,638
11206,2025-01-18 17:17:10.958201,680,658
11207,2025-01-18 17:17:10.958201,680,229
11208,2025-01-18 17:17:10.958201,680,204
11209,2025-01-18 17:17:10.958201,680,435
11210,2025-01-18 17:17:10.958201,680,544
11211,2025-01-18 17:17:10.958201,680,612
11212,2025-01-18 17:17:10.958201,680,223
11213,2025-01-18 17:17:10.958201,680,465
11214,2025-01-18 17:17:10.958201,681,640
11215,2025-01-18 17:17:10.958201,681,523
11216,2025-01-18 17:17:10.958201,681,410
11217,2025-01-18 17:17:10.958201,681,579
11218,2025-01-18 17:17:10.958201,681,407
11219,2025-01-18 17:17:10.958201,681,520
11220,2025-01-18 17:17:10.958201,681,398
11221,2025-01-18 17:17:10.958201,681,240
11222,2025-01-18 17:17:10.958201,681,565
11223,2025-01-18 17:17:10.959200,681,455
11224,2025-01-18 17:17:10.959200,681,632
11225,2025-01-18 17:17:10.959200,681,316
11226,2025-01-18 17:17:10.959200,681,362
11227,2025-01-18 17:17:10.959200,682,601
11228,2025-01-18 17:17:10.959200,682,450
11229,2025-01-18 17:17:10.959200,682,567
11230,2025-01-18 17:17:10.959200,682,493
11231,2025-01-18 17:17:10.959200,682,549
11232,2025-01-18 17:17:10.959200,682,507
11233,2025-01-18 17:17:10.964186,682,429
11234,2025-01-18 17:17:10.964186,682,363
11235,2025-01-18 17:17:10.964186,682,263
11236,2025-01-18 17:17:10.964186,682,271
11237,2025-01-18 17:17:10.964186,682,251
11238,2025-01-18 17:17:10.964186,682,340
11239,2025-01-18 17:17:10.964186,682,233
11240,2025-01-18 17:17:10.964186,682,472
11241,2025-01-18 17:17:10.964186,683,229
11242,2025-01-18 17:17:10.964186,683,293
11243,2025-01-18 17:17:10.964186,683,596
11244,2025-01-18 17:17:10.964186,683,441
11245,2025-01-18 17:17:10.964186,683,653
11246,2025-01-18 17:17:10.964186,683,527
11247,2025-01-18 17:17:10.964186,683,412
11248,2025-01-18 17:17:10.964186,683,547
11249,2025-01-18 17:17:10.964186,683,350
11250,2025-01-18 17:17:10.964186,683,292
11251,2025-01-18 17:17:10.964186,684,558
11252,2025-01-18 17:17:10.965183,684,661
11253,2025-01-18 17:17:10.965183,684,590
11254,2025-01-18 17:17:10.965183,684,540
11255,2025-01-18 17:17:10.965183,684,478
11256,2025-01-18 17:17:10.965183,684,353
11257,2025-01-18 17:17:10.965183,684,473
11258,2025-01-18 17:17:10.965183,684,197
11259,2025-01-18 17:17:10.965183,684,294
11260,2025-01-18 17:17:10.965183,684,401
11261,2025-01-18 17:17:10.965183,684,624
11262,2025-01-18 17:17:10.965183,684,626
11263,2025-01-18 17:17:10.965183,684,455
11264,2025-01-18 17:17:10.965183,684,526
11265,2025-01-18 17:17:10.965183,684,402
11266,2025-01-18 17:17:10.965183,684,539
11267,2025-01-18 17:17:10.965183,685,205
11268,2025-01-18 17:17:10.965183,685,666
11269,2025-01-18 17:17:10.965183,685,304
11270,2025-01-18 17:17:10.965183,685,630
11271,2025-01-18 17:17:10.965183,685,464
11272,2025-01-18 17:17:10.965183,685,357
11273,2025-01-18 17:17:10.965183,685,660
11274,2025-01-18 17:17:10.965183,685,551
11275,2025-01-18 17:17:10.965183,685,579
11276,2025-01-18 17:17:10.965183,685,461
11277,2025-01-18 17:17:10.965183,685,616
11278,2025-01-18 17:17:10.965183,685,389
11279,2025-01-18 17:17:10.965183,685,452
11280,2025-01-18 17:17:10.965183,685,327
11281,2025-01-18 17:17:10.965183,685,282
11282,2025-01-18 17:17:10.965183,685,463
11283,2025-01-18 17:17:10.965183,685,340
11284,2025-01-18 17:17:10.965183,686,510
11285,2025-01-18 17:17:10.965183,686,207
11286,2025-01-18 17:17:10.965183,686,522
11287,2025-01-18 17:17:10.965183,686,611
11288,2025-01-18 17:17:10.965183,686,620
11289,2025-01-18 17:17:10.965183,686,230
11290,2025-01-18 17:17:10.965183,686,297
11291,2025-01-18 17:17:10.965183,686,370
11292,2025-01-18 17:17:10.965183,686,390
11293,2025-01-18 17:17:10.965183,686,344
11294,2025-01-18 17:17:10.965183,686,618
11295,2025-01-18 17:17:10.965183,686,534
11296,2025-01-18 17:17:10.965183,686,502
11297,2025-01-18 17:17:10.965183,687,204
11298,2025-01-18 17:17:10.965183,687,333
11299,2025-01-18 17:17:10.965183,687,637
11300,2025-01-18 17:17:10.965183,687,559
11301,2025-01-18 17:17:10.965183,687,286
11302,2025-01-18 17:17:10.965183,687,345
11303,2025-01-18 17:17:10.965183,687,533
11304,2025-01-18 17:17:10.965183,687,421
11305,2025-01-18 17:17:10.965183,687,455
11306,2025-01-18 17:17:10.965183,687,295
11307,2025-01-18 17:17:10.965183,687,340
11308,2025-01-18 17:17:10.965183,687,596
11309,2025-01-18 17:17:10.965183,687,397
11310,2025-01-18 17:17:10.965183,687,644
11311,2025-01-18 17:17:10.965183,687,359
11312,2025-01-18 17:17:10.965183,688,281
11313,2025-01-18 17:17:10.965183,688,633
11314,2025-01-18 17:17:10.965183,688,570
11315,2025-01-18 17:17:10.965183,688,298
11316,2025-01-18 17:17:10.965183,688,458
11317,2025-01-18 17:17:10.965183,688,490
11318,2025-01-18 17:17:10.965183,688,297
11319,2025-01-18 17:17:10.965183,688,256
11320,2025-01-18 17:17:10.965183,688,199
11321,2025-01-18 17:17:10.965183,688,624
11322,2025-01-18 17:17:10.965183,688,545
11323,2025-01-18 17:17:10.965183,688,202
11324,2025-01-18 17:17:10.965183,688,655
11325,2025-01-18 17:17:10.965183,688,444
11326,2025-01-18 17:17:10.965183,688,369
11327,2025-01-18 17:17:10.965183,688,485
11328,2025-01-18 17:17:10.965183,688,226
11329,2025-01-18 17:17:10.965183,688,380
11330,2025-01-18 17:17:10.965183,688,389
11331,2025-01-18 17:17:10.965183,688,333
11332,2025-01-18 17:17:10.965183,689,356
11333,2025-01-18 17:17:10.965183,689,506
11334,2025-01-18 17:17:10.965183,689,279
11335,2025-01-18 17:17:10.965183,689,313
11336,2025-01-18 17:17:10.965183,689,331
11337,2025-01-18 17:17:10.965183,689,514
11338,2025-01-18 17:17:10.965183,689,582
11339,2025-01-18 17:17:10.965183,689,467
11340,2025-01-18 17:17:10.965183,689,274
11341,2025-01-18 17:17:10.965183,689,656
11342,2025-01-18 17:17:10.965183,689,630
11343,2025-01-18 17:17:10.965183,689,387
11344,2025-01-18 17:17:10.966180,689,522
11345,2025-01-18 17:17:10.966180,689,316
11346,2025-01-18 17:17:10.966180,689,257
11347,2025-01-18 17:17:10.966180,689,502
11348,2025-01-18 17:17:10.966180,689,297
11349,2025-01-18 17:17:10.966180,690,638
11350,2025-01-18 17:17:10.966180,690,503
11351,2025-01-18 17:17:10.966180,690,536
11352,2025-01-18 17:17:10.966180,690,379
11353,2025-01-18 17:17:10.966180,690,297
11354,2025-01-18 17:17:10.966180,690,456
11355,2025-01-18 17:17:10.966180,690,300
11356,2025-01-18 17:17:10.966180,690,304
11357,2025-01-18 17:17:10.966180,690,289
11358,2025-01-18 17:17:10.966180,690,335
11359,2025-01-18 17:17:10.966180,690,540
11360,2025-01-18 17:17:10.966180,691,408
11361,2025-01-18 17:17:10.966180,691,447
11362,2025-01-18 17:17:10.966180,691,493
11363,2025-01-18 17:17:10.966180,691,348
11364,2025-01-18 17:17:10.966180,691,611
11365,2025-01-18 17:17:10.966180,691,300
11366,2025-01-18 17:17:10.966180,691,528
11367,2025-01-18 17:17:10.966180,691,356
11368,2025-01-18 17:17:10.966180,691,405
11369,2025-01-18 17:17:10.966180,691,210
11370,2025-01-18 17:17:10.966180,691,294
11371,2025-01-18 17:17:10.966180,691,643
11372,2025-01-18 17:17:10.966180,691,383
11373,2025-01-18 17:17:10.966180,691,542
11374,2025-01-18 17:17:10.966180,691,518
11375,2025-01-18 17:17:10.966180,691,386
11376,2025-01-18 17:17:10.966180,691,436
11377,2025-01-18 17:17:10.966180,691,200
11378,2025-01-18 17:17:10.966180,692,573
11379,2025-01-18 17:17:10.966180,692,265
11380,2025-01-18 17:17:10.966180,692,331
11381,2025-01-18 17:17:10.966180,692,289
11382,2025-01-18 17:17:10.966180,692,214
11383,2025-01-18 17:17:10.966180,692,456
11384,2025-01-18 17:17:10.966180,692,207
11385,2025-01-18 17:17:10.966180,692,609
11386,2025-01-18 17:17:10.966180,692,554
11387,2025-01-18 17:17:10.966180,692,324
11388,2025-01-18 17:17:10.966180,692,224
11389,2025-01-18 17:17:10.966180,692,276
11390,2025-01-18 17:17:10.966180,692,396
11391,2025-01-18 17:17:10.966180,692,483
11392,2025-01-18 17:17:10.966180,692,477
11393,2025-01-18 17:17:10.966180,692,612
11394,2025-01-18 17:17:10.966180,693,546
11395,2025-01-18 17:17:10.966180,693,365
11396,2025-01-18 17:17:10.966180,693,473
11397,2025-01-18 17:17:10.966180,693,235
11398,2025-01-18 17:17:10.966180,693,598
11399,2025-01-18 17:17:10.966180,693,322
11400,2025-01-18 17:17:10.966180,693,214
11401,2025-01-18 17:17:10.966180,693,354
11402,2025-01-18 17:17:10.966180,693,582
11403,2025-01-18 17:17:10.966180,693,600
11404,2025-01-18 17:17:10.966180,693,622
11405,2025-01-18 17:17:10.966180,693,601
11406,2025-01-18 17:17:10.966180,693,230
11407,2025-01-18 17:17:10.966180,693,464
11408,2025-01-18 17:17:10.966180,693,516
11409,2025-01-18 17:17:10.966180,693,551
11410,2025-01-18 17:17:10.966180,694,666
11411,2025-01-18 17:17:10.966180,694,443
11412,2025-01-18 17:17:10.966180,694,635
11413,2025-01-18 17:17:10.966180,694,620
11414,2025-01-18 17:17:10.966180,694,457
11415,2025-01-18 17:17:10.966180,694,640
11416,2025-01-18 17:17:10.966180,694,577
11417,2025-01-18 17:17:10.966180,694,415
11418,2025-01-18 17:17:10.966180,694,446
11419,2025-01-18 17:17:10.966180,694,444
11420,2025-01-18 17:17:10.966180,694,528
11421,2025-01-18 17:17:10.966180,695,320
11422,2025-01-18 17:17:10.966180,695,543
11423,2025-01-18 17:17:10.966180,695,599
11424,2025-01-18 17:17:10.966180,695,263
11425,2025-01-18 17:17:10.966180,695,351
11426,2025-01-18 17:17:10.966180,695,588
11427,2025-01-18 17:17:10.966180,695,443
11428,2025-01-18 17:17:10.966180,695,267
11429,2025-01-18 17:17:10.966180,695,400
11430,2025-01-18 17:17:10.966180,695,589
11431,2025-01-18 17:17:10.966180,695,280
11432,2025-01-18 17:17:10.966180,695,579
11433,2025-01-18 17:17:10.966180,695,414
11434,2025-01-18 17:17:10.966180,695,472
11435,2025-01-18 17:17:10.966180,695,606
11436,2025-01-18 17:17:10.966180,695,585
11437,2025-01-18 17:17:10.966180,695,401
11438,2025-01-18 17:17:10.966180,696,413
11439,2025-01-18 17:17:10.966180,696,639
11440,2025-01-18 17:17:10.967177,696,349
11441,2025-01-18 17:17:10.967177,696,223
11442,2025-01-18 17:17:10.967177,696,339
11443,2025-01-18 17:17:10.967177,696,229
11444,2025-01-18 17:17:10.967177,696,450
11445,2025-01-18 17:17:10.967177,696,365
11446,2025-01-18 17:17:10.967177,696,216
11447,2025-01-18 17:17:10.967177,696,282
11448,2025-01-18 17:17:10.967177,696,207
11449,2025-01-18 17:17:10.967177,696,285
11450,2025-01-18 17:17:10.967177,696,614
11451,2025-01-18 17:17:10.967177,696,313
11452,2025-01-18 17:17:10.967177,696,427
11453,2025-01-18 17:17:10.967177,696,653
11454,2025-01-18 17:17:10.967177,697,278
11455,2025-01-18 17:17:10.967177,697,222
11456,2025-01-18 17:17:10.967177,697,216
11457,2025-01-18 17:17:10.967177,697,384
11458,2025-01-18 17:17:10.967177,697,301
11459,2025-01-18 17:17:10.967177,697,520
11460,2025-01-18 17:17:10.967177,697,392
11461,2025-01-18 17:17:10.967177,697,551
11462,2025-01-18 17:17:10.967177,697,573
11463,2025-01-18 17:17:10.967177,697,464
11464,2025-01-18 17:17:10.967177,697,243
11465,2025-01-18 17:17:10.967177,697,445
11466,2025-01-18 17:17:10.967177,697,399
11467,2025-01-18 17:17:10.967177,697,499
11468,2025-01-18 17:17:10.967177,697,420
11469,2025-01-18 17:17:10.967177,697,452
11470,2025-01-18 17:17:10.967177,697,498
11471,2025-01-18 17:17:10.967177,698,641
11472,2025-01-18 17:17:10.967177,698,664
11473,2025-01-18 17:17:10.967177,698,370
11474,2025-01-18 17:17:10.967177,698,523
11475,2025-01-18 17:17:10.967177,698,287
11476,2025-01-18 17:17:10.967177,698,536
11477,2025-01-18 17:17:10.967177,698,504
11478,2025-01-18 17:17:10.967177,698,239
11479,2025-01-18 17:17:10.967177,698,385
11480,2025-01-18 17:17:10.967177,698,230
11481,2025-01-18 17:17:10.967177,698,342
11482,2025-01-18 17:17:10.967177,699,306
11483,2025-01-18 17:17:10.967177,699,632
11484,2025-01-18 17:17:10.967177,699,375
11485,2025-01-18 17:17:10.967177,699,329
11486,2025-01-18 17:17:10.967177,699,374
11487,2025-01-18 17:17:10.967177,699,265
11488,2025-01-18 17:17:10.967177,699,434
11489,2025-01-18 17:17:10.967177,699,436
11490,2025-01-18 17:17:10.967177,699,473
11491,2025-01-18 17:17:10.967177,699,368
11492,2025-01-18 17:17:10.967177,699,558
11493,2025-01-18 17:17:10.967177,699,595
11494,2025-01-18 17:17:10.967177,699,662
11495,2025-01-18 17:17:10.967177,699,575
11496,2025-01-18 17:17:10.967177,699,494
11497,2025-01-18 17:17:10.967177,699,246
11498,2025-01-18 17:17:10.967177,700,513
11499,2025-01-18 17:17:10.967177,700,517
11500,2025-01-18 17:17:10.967177,700,220
11501,2025-01-18 17:17:10.967177,700,272
11502,2025-01-18 17:17:10.967177,700,234
11503,2025-01-18 17:17:10.967177,700,422
11504,2025-01-18 17:17:10.967177,700,573
11505,2025-01-18 17:17:10.967177,700,372
11506,2025-01-18 17:17:10.967177,700,593
11507,2025-01-18 17:17:10.967177,700,314
11508,2025-01-18 17:17:10.967177,700,276
11509,2025-01-18 17:17:10.967177,700,268
11510,2025-01-18 17:17:10.967177,701,539
11511,2025-01-18 17:17:10.967177,701,509
11512,2025-01-18 17:17:10.967177,701,276
11513,2025-01-18 17:17:10.967177,701,325
11514,2025-01-18 17:17:10.967177,701,419
11515,2025-01-18 17:17:10.967177,701,210
11516,2025-01-18 17:17:10.967177,701,590
11517,2025-01-18 17:17:10.967177,701,196
11518,2025-01-18 17:17:10.967177,701,262
11519,2025-01-18 17:17:10.967177,701,652
11520,2025-01-18 17:17:10.967177,701,558
11521,2025-01-18 17:17:10.967177,701,321
11522,2025-01-18 17:17:10.967177,701,506
11523,2025-01-18 17:17:10.967177,702,491
11524,2025-01-18 17:17:10.967177,702,253
11525,2025-01-18 17:17:10.967177,702,229
11526,2025-01-18 17:17:10.967177,702,588
11527,2025-01-18 17:17:10.967177,702,605
11528,2025-01-18 17:17:10.967177,702,564
11529,2025-01-18 17:17:10.967177,702,228
11530,2025-01-18 17:17:10.967177,702,513
11531,2025-01-18 17:17:10.967177,702,527
11532,2025-01-18 17:17:10.967177,702,662
11533,2025-01-18 17:17:10.967177,702,266
11534,2025-01-18 17:17:10.967177,702,584
11535,2025-01-18 17:17:10.967177,702,372
11536,2025-01-18 17:17:10.967177,702,518
11537,2025-01-18 17:17:10.968175,702,608
11538,2025-01-18 17:17:10.968175,702,455
11539,2025-01-18 17:17:10.968175,703,424
11540,2025-01-18 17:17:10.968175,703,324
11541,2025-01-18 17:17:10.968175,703,270
11542,2025-01-18 17:17:10.968175,703,598
11543,2025-01-18 17:17:10.968175,703,226
11544,2025-01-18 17:17:10.968175,703,202
11545,2025-01-18 17:17:10.968175,703,220
11546,2025-01-18 17:17:10.968175,703,546
11547,2025-01-18 17:17:10.968175,703,637
11548,2025-01-18 17:17:10.968175,703,362
11549,2025-01-18 17:17:10.968175,703,282
11550,2025-01-18 17:17:10.968175,703,421
11551,2025-01-18 17:17:10.968175,703,661
11552,2025-01-18 17:17:10.968175,703,487
11553,2025-01-18 17:17:10.968175,703,285
11554,2025-01-18 17:17:10.968175,703,338
11555,2025-01-18 17:17:10.968175,703,294
11556,2025-01-18 17:17:10.968175,703,609
11557,2025-01-18 17:17:10.968175,704,283
11558,2025-01-18 17:17:10.968175,704,381
11559,2025-01-18 17:17:10.968175,704,512
11560,2025-01-18 17:17:10.968175,704,560
11561,2025-01-18 17:17:10.968175,704,368
11562,2025-01-18 17:17:10.968175,704,286
11563,2025-01-18 17:17:10.968175,704,596
11564,2025-01-18 17:17:10.968175,704,383
11565,2025-01-18 17:17:10.968175,704,307
11566,2025-01-18 17:17:10.973162,704,581
11567,2025-01-18 17:17:10.973162,704,354
11568,2025-01-18 17:17:10.973162,704,611
11569,2025-01-18 17:17:10.973162,704,568
11570,2025-01-18 17:17:10.973162,705,569
11571,2025-01-18 17:17:10.973162,705,259
11572,2025-01-18 17:17:10.973162,705,631
11573,2025-01-18 17:17:10.973162,705,457
11574,2025-01-18 17:17:10.973162,705,319
11575,2025-01-18 17:17:10.973162,705,570
11576,2025-01-18 17:17:10.973162,705,460
11577,2025-01-18 17:17:10.973162,705,620
11578,2025-01-18 17:17:10.973162,705,293
11579,2025-01-18 17:17:10.973162,705,482
11580,2025-01-18 17:17:10.973162,705,248
11581,2025-01-18 17:17:10.973162,705,592
11582,2025-01-18 17:17:10.973162,705,627
11583,2025-01-18 17:17:10.973162,705,262
11584,2025-01-18 17:17:10.973162,705,389
11585,2025-01-18 17:17:10.973162,705,273
11586,2025-01-18 17:17:10.973162,705,237
11587,2025-01-18 17:17:10.973162,705,602
11588,2025-01-18 17:17:10.973162,705,524
11589,2025-01-18 17:17:10.973162,705,451
11590,2025-01-18 17:17:10.973162,706,397
11591,2025-01-18 17:17:10.973162,706,535
11592,2025-01-18 17:17:10.973162,706,459
11593,2025-01-18 17:17:10.973162,706,355
11594,2025-01-18 17:17:10.973162,706,590
11595,2025-01-18 17:17:10.973162,706,605
11596,2025-01-18 17:17:10.973162,706,246
11597,2025-01-18 17:17:10.973162,706,417
11598,2025-01-18 17:17:10.973162,706,352
11599,2025-01-18 17:17:10.973162,706,358
11600,2025-01-18 17:17:10.973162,706,564
11601,2025-01-18 17:17:10.973162,706,432
11602,2025-01-18 17:17:10.973162,706,627
11603,2025-01-18 17:17:10.973162,706,391
11604,2025-01-18 17:17:10.973162,706,646
11605,2025-01-18 17:17:10.973162,706,457
11606,2025-01-18 17:17:10.973162,706,486
11607,2025-01-18 17:17:10.973162,706,448
11608,2025-01-18 17:17:10.973162,706,340
11609,2025-01-18 17:17:10.973162,707,368
11610,2025-01-18 17:17:10.973162,707,411
11611,2025-01-18 17:17:10.973162,707,300
11612,2025-01-18 17:17:10.973162,707,328
11613,2025-01-18 17:17:10.973162,707,625
11614,2025-01-18 17:17:10.973162,707,665
11615,2025-01-18 17:17:10.973162,707,451
11616,2025-01-18 17:17:10.973162,707,657
11617,2025-01-18 17:17:10.973162,707,483
11618,2025-01-18 17:17:10.973162,707,364
11619,2025-01-18 17:17:10.973162,707,207
11620,2025-01-18 17:17:10.973162,707,435
11621,2025-01-18 17:17:10.973162,707,214
11622,2025-01-18 17:17:10.973162,707,419
11623,2025-01-18 17:17:10.973162,707,211
11624,2025-01-18 17:17:10.973162,707,429
11625,2025-01-18 17:17:10.973162,707,438
11626,2025-01-18 17:17:10.973162,707,583
11627,2025-01-18 17:17:10.973162,708,664
11628,2025-01-18 17:17:10.973162,708,458
11629,2025-01-18 17:17:10.973162,708,557
11630,2025-01-18 17:17:10.973162,708,430
11631,2025-01-18 17:17:10.973162,708,659
11632,2025-01-18 17:17:10.973162,708,220
11633,2025-01-18 17:17:10.973162,708,246
11634,2025-01-18 17:17:10.973162,708,357
11635,2025-01-18 17:17:10.973162,708,566
11636,2025-01-18 17:17:10.973162,708,261
11637,2025-01-18 17:17:10.973162,708,607
11638,2025-01-18 17:17:10.973162,708,381
11639,2025-01-18 17:17:10.973162,708,271
11640,2025-01-18 17:17:10.973162,708,365
11641,2025-01-18 17:17:10.973162,708,533
11642,2025-01-18 17:17:10.973162,709,401
11643,2025-01-18 17:17:10.973162,709,273
11644,2025-01-18 17:17:10.973162,709,215
11645,2025-01-18 17:17:10.973162,709,667
11646,2025-01-18 17:17:10.973162,709,356
11647,2025-01-18 17:17:10.973162,709,414
11648,2025-01-18 17:17:10.973162,709,262
11649,2025-01-18 17:17:10.973162,709,413
11650,2025-01-18 17:17:10.973162,709,402
11651,2025-01-18 17:17:10.973162,709,520
11652,2025-01-18 17:17:10.973162,709,448
11653,2025-01-18 17:17:10.973162,709,434
11654,2025-01-18 17:17:10.973162,709,237
11655,2025-01-18 17:17:10.973162,709,313
11656,2025-01-18 17:17:10.973162,709,294
11657,2025-01-18 17:17:10.973162,709,577
11658,2025-01-18 17:17:10.973162,710,332
11659,2025-01-18 17:17:10.974159,710,323
11660,2025-01-18 17:17:10.974159,710,492
11661,2025-01-18 17:17:10.974159,710,577
11662,2025-01-18 17:17:10.974159,710,502
11663,2025-01-18 17:17:10.974159,710,473
11664,2025-01-18 17:17:10.974159,710,400
11665,2025-01-18 17:17:10.974159,710,261
11666,2025-01-18 17:17:10.974159,710,270
11667,2025-01-18 17:17:10.974159,710,594
11668,2025-01-18 17:17:10.974159,710,345
11669,2025-01-18 17:17:10.974159,710,269
11670,2025-01-18 17:17:10.974159,710,572
11671,2025-01-18 17:17:10.974159,710,450
11672,2025-01-18 17:17:10.974159,710,340
11673,2025-01-18 17:17:10.974159,710,199
11674,2025-01-18 17:17:10.974159,710,227
11675,2025-01-18 17:17:10.974159,710,294
11676,2025-01-18 17:17:10.974159,710,582
11677,2025-01-18 17:17:10.974159,711,658
11678,2025-01-18 17:17:10.974159,711,624
11679,2025-01-18 17:17:10.974159,711,527
11680,2025-01-18 17:17:10.974159,711,254
11681,2025-01-18 17:17:10.974159,711,460
11682,2025-01-18 17:17:10.974159,711,208
11683,2025-01-18 17:17:10.974159,711,489
11684,2025-01-18 17:17:10.974159,711,568
11685,2025-01-18 17:17:10.974159,711,286
11686,2025-01-18 17:17:10.974159,711,432
11687,2025-01-18 17:17:10.974159,711,327
11688,2025-01-18 17:17:10.974159,711,232
11689,2025-01-18 17:17:10.974159,711,241
11690,2025-01-18 17:17:10.974159,711,639
11691,2025-01-18 17:17:10.974159,711,216
11692,2025-01-18 17:17:10.974159,711,298
11693,2025-01-18 17:17:10.974159,712,319
11694,2025-01-18 17:17:10.974159,712,511
11695,2025-01-18 17:17:10.974159,712,658
11696,2025-01-18 17:17:10.974159,712,259
11697,2025-01-18 17:17:10.974159,712,321
11698,2025-01-18 17:17:10.974159,712,436
11699,2025-01-18 17:17:10.974159,712,543
11700,2025-01-18 17:17:10.974159,712,298
11701,2025-01-18 17:17:10.974159,712,627
11702,2025-01-18 17:17:10.974159,712,530
11703,2025-01-18 17:17:10.974159,712,450
11704,2025-01-18 17:17:10.974159,712,227
11705,2025-01-18 17:17:10.974159,713,281
11706,2025-01-18 17:17:10.974159,713,252
11707,2025-01-18 17:17:10.974159,713,376
11708,2025-01-18 17:17:10.974159,713,464
11709,2025-01-18 17:17:10.974159,713,614
11710,2025-01-18 17:17:10.974159,713,199
11711,2025-01-18 17:17:10.974159,713,653
11712,2025-01-18 17:17:10.974159,713,497
11713,2025-01-18 17:17:10.974159,713,610
11714,2025-01-18 17:17:10.974159,713,667
11715,2025-01-18 17:17:10.974159,713,348
11716,2025-01-18 17:17:10.974159,713,356
11717,2025-01-18 17:17:10.974159,713,401
11718,2025-01-18 17:17:10.974159,714,265
11719,2025-01-18 17:17:10.974159,714,216
11720,2025-01-18 17:17:10.974159,714,630
11721,2025-01-18 17:17:10.974159,714,231
11722,2025-01-18 17:17:10.974159,714,390
11723,2025-01-18 17:17:10.974159,714,502
11724,2025-01-18 17:17:10.974159,714,406
11725,2025-01-18 17:17:10.974159,714,339
11726,2025-01-18 17:17:10.974159,714,651
11727,2025-01-18 17:17:10.974159,714,350
11728,2025-01-18 17:17:10.974159,714,639
11729,2025-01-18 17:17:10.974159,714,347
11730,2025-01-18 17:17:10.974159,714,615
11731,2025-01-18 17:17:10.974159,714,263
11732,2025-01-18 17:17:10.974159,714,418
11733,2025-01-18 17:17:10.974159,714,357
11734,2025-01-18 17:17:10.974159,714,542
11735,2025-01-18 17:17:10.974159,715,586
11736,2025-01-18 17:17:10.974159,715,202
11737,2025-01-18 17:17:10.974159,715,437
11738,2025-01-18 17:17:10.974159,715,635
11739,2025-01-18 17:17:10.974159,715,460
11740,2025-01-18 17:17:10.974159,715,491
11741,2025-01-18 17:17:10.974159,715,316
11742,2025-01-18 17:17:10.974159,715,213
11743,2025-01-18 17:17:10.974159,715,601
11744,2025-01-18 17:17:10.974159,715,339
11745,2025-01-18 17:17:10.974159,715,314
11746,2025-01-18 17:17:10.974159,715,292
11747,2025-01-18 17:17:10.974159,715,366
11748,2025-01-18 17:17:10.974159,715,441
11749,2025-01-18 17:17:10.974159,715,364
11750,2025-01-18 17:17:10.974159,715,541
11751,2025-01-18 17:17:10.974159,715,422
11752,2025-01-18 17:17:10.974159,715,263
11753,2025-01-18 17:17:10.975156,715,632
11754,2025-01-18 17:17:10.975156,715,285
11755,2025-01-18 17:17:10.975156,716,479
11756,2025-01-18 17:17:10.975156,716,298
11757,2025-01-18 17:17:10.975156,716,376
11758,2025-01-18 17:17:10.975156,716,630
11759,2025-01-18 17:17:10.975156,716,522
11760,2025-01-18 17:17:10.975156,716,634
11761,2025-01-18 17:17:10.975156,716,350
11762,2025-01-18 17:17:10.975156,716,232
11763,2025-01-18 17:17:10.975156,716,567
11764,2025-01-18 17:17:10.975156,716,574
11765,2025-01-18 17:17:10.975156,716,509
11766,2025-01-18 17:17:10.975156,716,279
11767,2025-01-18 17:17:10.975156,716,635
11768,2025-01-18 17:17:10.975156,716,594
11769,2025-01-18 17:17:10.975156,716,362
11770,2025-01-18 17:17:10.975156,717,247
11771,2025-01-18 17:17:10.975156,717,319
11772,2025-01-18 17:17:10.975156,717,441
11773,2025-01-18 17:17:10.975156,717,225
11774,2025-01-18 17:17:10.975156,717,476
11775,2025-01-18 17:17:10.975156,717,383
11776,2025-01-18 17:17:10.975156,717,577
11777,2025-01-18 17:17:10.975156,717,535
11778,2025-01-18 17:17:10.975156,717,508
11779,2025-01-18 17:17:10.975156,717,306
11780,2025-01-18 17:17:10.975156,717,291
11781,2025-01-18 17:17:10.975156,718,289
11782,2025-01-18 17:17:10.975156,718,467
11783,2025-01-18 17:17:10.975156,718,389
11784,2025-01-18 17:17:10.975156,718,577
11785,2025-01-18 17:17:10.975156,718,479
11786,2025-01-18 17:17:10.975156,718,244
11787,2025-01-18 17:17:10.975156,718,462
11788,2025-01-18 17:17:10.975156,718,416
11789,2025-01-18 17:17:10.975156,718,531
11790,2025-01-18 17:17:10.975156,718,221
11791,2025-01-18 17:17:10.975156,718,269
11792,2025-01-18 17:17:10.975156,718,361
11793,2025-01-18 17:17:10.975156,718,321
11794,2025-01-18 17:17:10.975156,718,572
11795,2025-01-18 17:17:10.975156,718,417
11796,2025-01-18 17:17:10.975156,718,386
11797,2025-01-18 17:17:10.975156,718,504
11798,2025-01-18 17:17:10.975156,718,626
11799,2025-01-18 17:17:10.975156,719,498
11800,2025-01-18 17:17:10.975156,719,482
11801,2025-01-18 17:17:10.975156,719,315
11802,2025-01-18 17:17:10.975156,719,292
11803,2025-01-18 17:17:10.975156,719,458
11804,2025-01-18 17:17:10.975156,719,393
11805,2025-01-18 17:17:10.975156,719,643
11806,2025-01-18 17:17:10.975156,719,449
11807,2025-01-18 17:17:10.975156,719,277
11808,2025-01-18 17:17:10.975156,719,445
11809,2025-01-18 17:17:10.975156,719,450
11810,2025-01-18 17:17:10.975156,719,383
11811,2025-01-18 17:17:10.975156,719,552
11812,2025-01-18 17:17:10.975156,719,611
11813,2025-01-18 17:17:10.975156,719,605
11814,2025-01-18 17:17:10.975156,720,424
11815,2025-01-18 17:17:10.975156,720,359
11816,2025-01-18 17:17:10.975156,720,427
11817,2025-01-18 17:17:10.975156,720,571
11818,2025-01-18 17:17:10.975156,720,366
11819,2025-01-18 17:17:10.975156,720,367
11820,2025-01-18 17:17:10.975156,720,558
11821,2025-01-18 17:17:10.975156,720,364
11822,2025-01-18 17:17:10.975156,720,591
11823,2025-01-18 17:17:10.975156,720,409
11824,2025-01-18 17:17:10.975156,720,499
11825,2025-01-18 17:17:10.975156,720,416
11826,2025-01-18 17:17:10.975156,720,607
11827,2025-01-18 17:17:10.975156,721,667
11828,2025-01-18 17:17:10.975156,721,364
11829,2025-01-18 17:17:10.975156,721,326
11830,2025-01-18 17:17:10.976154,721,659
11831,2025-01-18 17:17:10.976154,721,333
11832,2025-01-18 17:17:10.976154,721,463
11833,2025-01-18 17:17:10.976154,721,381
11834,2025-01-18 17:17:10.976154,721,631
11835,2025-01-18 17:17:10.976154,721,338
11836,2025-01-18 17:17:10.976154,721,220
11837,2025-01-18 17:17:10.976154,721,503
11838,2025-01-18 17:17:10.976154,721,648
11839,2025-01-18 17:17:10.976154,721,341
11840,2025-01-18 17:17:10.976154,721,474
11841,2025-01-18 17:17:10.976154,721,299
11842,2025-01-18 17:17:10.976154,722,314
11843,2025-01-18 17:17:10.976154,722,466
11844,2025-01-18 17:17:10.976154,722,410
11845,2025-01-18 17:17:10.976154,722,258
11846,2025-01-18 17:17:10.976154,722,667
11847,2025-01-18 17:17:10.976154,722,265
11848,2025-01-18 17:17:10.976154,722,251
11849,2025-01-18 17:17:10.976154,722,362
11850,2025-01-18 17:17:10.976154,722,649
11851,2025-01-18 17:17:10.976154,722,558
11852,2025-01-18 17:17:10.976154,722,300
11853,2025-01-18 17:17:10.976154,722,505
11854,2025-01-18 17:17:10.976154,722,196
11855,2025-01-18 17:17:10.976154,722,366
11856,2025-01-18 17:17:10.976154,722,269
11857,2025-01-18 17:17:10.976154,722,443
11858,2025-01-18 17:17:10.976154,722,493
11859,2025-01-18 17:17:10.976154,722,390
11860,2025-01-18 17:17:10.976154,722,358
11861,2025-01-18 17:17:10.976154,722,581
11862,2025-01-18 17:17:10.976154,723,582
11863,2025-01-18 17:17:10.976154,723,369
11864,2025-01-18 17:17:10.976154,723,332
11865,2025-01-18 17:17:10.976154,723,476
11866,2025-01-18 17:17:10.976154,723,621
11867,2025-01-18 17:17:10.976154,723,624
11868,2025-01-18 17:17:10.976154,723,342
11869,2025-01-18 17:17:10.976154,723,278
11870,2025-01-18 17:17:10.976154,723,390
11871,2025-01-18 17:17:10.976154,723,432
11872,2025-01-18 17:17:10.976154,723,654
11873,2025-01-18 17:17:10.976154,723,639
11874,2025-01-18 17:17:10.976154,723,606
11875,2025-01-18 17:17:10.976154,723,629
11876,2025-01-18 17:17:10.976154,723,385
11877,2025-01-18 17:17:10.976154,723,650
11878,2025-01-18 17:17:10.976154,724,489
11879,2025-01-18 17:17:10.976154,724,246
11880,2025-01-18 17:17:10.976154,724,510
11881,2025-01-18 17:17:10.976154,724,210
11882,2025-01-18 17:17:10.976154,724,352
11883,2025-01-18 17:17:10.976154,724,597
11884,2025-01-18 17:17:10.976154,724,606
11885,2025-01-18 17:17:10.976154,724,391
11886,2025-01-18 17:17:10.976154,724,522
11887,2025-01-18 17:17:10.976154,724,433
11888,2025-01-18 17:17:10.976154,724,600
11889,2025-01-18 17:17:10.976154,724,616
11890,2025-01-18 17:17:10.976154,724,437
11891,2025-01-18 17:17:10.976154,724,373
11892,2025-01-18 17:17:10.976154,724,372
11893,2025-01-18 17:17:10.976154,725,280
11894,2025-01-18 17:17:10.976154,725,321
11895,2025-01-18 17:17:10.976154,725,343
11896,2025-01-18 17:17:10.976154,725,196
11897,2025-01-18 17:17:10.976154,725,559
11898,2025-01-18 17:17:10.976154,725,476
11899,2025-01-18 17:17:10.981140,725,512
11900,2025-01-18 17:17:10.981140,725,281
11901,2025-01-18 17:17:10.981140,725,507
11902,2025-01-18 17:17:10.981140,725,488
11903,2025-01-18 17:17:10.981140,725,441
11904,2025-01-18 17:17:10.981140,726,483
11905,2025-01-18 17:17:10.981140,726,603
11906,2025-01-18 17:17:10.981140,726,547
11907,2025-01-18 17:17:10.981140,726,616
11908,2025-01-18 17:17:10.981140,726,587
11909,2025-01-18 17:17:10.981140,726,249
11910,2025-01-18 17:17:10.981140,726,450
11911,2025-01-18 17:17:10.981140,726,265
11912,2025-01-18 17:17:10.981140,726,514
11913,2025-01-18 17:17:10.981140,726,470
11914,2025-01-18 17:17:10.981140,726,560
11915,2025-01-18 17:17:10.981140,726,365
11916,2025-01-18 17:17:10.981140,726,484
11917,2025-01-18 17:17:10.981140,726,391
11918,2025-01-18 17:17:10.981140,726,431
11919,2025-01-18 17:17:10.981140,726,237
11920,2025-01-18 17:17:10.981140,726,406
11921,2025-01-18 17:17:10.981140,726,577
11922,2025-01-18 17:17:10.981140,727,630
11923,2025-01-18 17:17:10.982138,727,284
11924,2025-01-18 17:17:10.982138,727,195
11925,2025-01-18 17:17:10.982138,727,625
11926,2025-01-18 17:17:10.982138,727,326
11927,2025-01-18 17:17:10.982138,727,549
11928,2025-01-18 17:17:10.982138,727,222
11929,2025-01-18 17:17:10.982138,727,233
11930,2025-01-18 17:17:10.982138,727,204
11931,2025-01-18 17:17:10.982138,727,398
11932,2025-01-18 17:17:10.982138,727,215
11933,2025-01-18 17:17:10.982138,727,632
11934,2025-01-18 17:17:10.982138,727,634
11935,2025-01-18 17:17:10.982138,728,365
11936,2025-01-18 17:17:10.982138,728,300
11937,2025-01-18 17:17:10.982138,728,270
11938,2025-01-18 17:17:10.982138,728,332
11939,2025-01-18 17:17:10.982138,728,424
11940,2025-01-18 17:17:10.982138,728,407
11941,2025-01-18 17:17:10.982138,728,599
11942,2025-01-18 17:17:10.982138,728,557
11943,2025-01-18 17:17:10.982138,728,443
11944,2025-01-18 17:17:10.982138,728,556
11945,2025-01-18 17:17:10.982138,729,611
11946,2025-01-18 17:17:10.982138,729,472
11947,2025-01-18 17:17:10.982138,729,433
11948,2025-01-18 17:17:10.982138,729,356
11949,2025-01-18 17:17:10.982138,729,422
11950,2025-01-18 17:17:10.982138,729,537
11951,2025-01-18 17:17:10.982138,729,389
11952,2025-01-18 17:17:10.982138,729,574
11953,2025-01-18 17:17:10.982138,729,211
11954,2025-01-18 17:17:10.982138,729,661
11955,2025-01-18 17:17:10.982138,729,376
11956,2025-01-18 17:17:10.982138,729,243
11957,2025-01-18 17:17:10.982138,729,593
11958,2025-01-18 17:17:10.982138,729,624
11959,2025-01-18 17:17:10.982138,729,562
11960,2025-01-18 17:17:10.982138,729,532
11961,2025-01-18 17:17:10.982138,729,296
11962,2025-01-18 17:17:10.982138,729,479
11963,2025-01-18 17:17:10.982138,729,570
11964,2025-01-18 17:17:10.982138,729,633
11965,2025-01-18 17:17:10.982138,730,379
11966,2025-01-18 17:17:10.982138,730,505
11967,2025-01-18 17:17:10.982138,730,446
11968,2025-01-18 17:17:10.982138,730,396
11969,2025-01-18 17:17:10.982138,730,663
11970,2025-01-18 17:17:10.982138,730,388
11971,2025-01-18 17:17:10.982138,730,486
11972,2025-01-18 17:17:10.982138,730,274
11973,2025-01-18 17:17:10.982138,730,425
11974,2025-01-18 17:17:10.982138,730,309
11975,2025-01-18 17:17:10.982138,730,208
11976,2025-01-18 17:17:10.982138,730,494
11977,2025-01-18 17:17:10.982138,730,357
11978,2025-01-18 17:17:10.982138,730,257
11979,2025-01-18 17:17:10.982138,730,655
11980,2025-01-18 17:17:10.982138,730,206
11981,2025-01-18 17:17:10.982138,730,519
11982,2025-01-18 17:17:10.982138,730,553
11983,2025-01-18 17:17:10.982138,730,213
11984,2025-01-18 17:17:10.982138,731,606
11985,2025-01-18 17:17:10.982138,731,281
11986,2025-01-18 17:17:10.982138,731,398
11987,2025-01-18 17:17:10.982138,731,378
11988,2025-01-18 17:17:10.982138,731,405
11989,2025-01-18 17:17:10.982138,731,551
11990,2025-01-18 17:17:10.982138,731,658
11991,2025-01-18 17:17:10.982138,731,242
11992,2025-01-18 17:17:10.982138,731,452
11993,2025-01-18 17:17:10.982138,731,661
11994,2025-01-18 17:17:10.982138,732,521
11995,2025-01-18 17:17:10.982138,732,564
11996,2025-01-18 17:17:10.982138,732,660
11997,2025-01-18 17:17:10.982138,732,353
11998,2025-01-18 17:17:10.982138,732,402
11999,2025-01-18 17:17:10.982138,732,214
12000,2025-01-18 17:17:10.982138,732,254
12001,2025-01-18 17:17:10.982138,732,219
12002,2025-01-18 17:17:10.982138,732,375
12003,2025-01-18 17:17:10.982138,732,358
12004,2025-01-18 17:17:10.982138,732,297
12005,2025-01-18 17:17:10.982138,732,399
12006,2025-01-18 17:17:10.982138,732,516
12007,2025-01-18 17:17:10.982138,732,568
12008,2025-01-18 17:17:10.982138,733,460
12009,2025-01-18 17:17:10.982138,733,649
12010,2025-01-18 17:17:10.982138,733,551
12011,2025-01-18 17:17:10.982138,733,234
12012,2025-01-18 17:17:10.982138,733,389
12013,2025-01-18 17:17:10.982138,733,597
12014,2025-01-18 17:17:10.982138,733,481
12015,2025-01-18 17:17:10.982138,733,643
12016,2025-01-18 17:17:10.982138,733,302
12017,2025-01-18 17:17:10.982138,733,350
12018,2025-01-18 17:17:10.982138,733,209
12019,2025-01-18 17:17:10.982138,734,261
12020,2025-01-18 17:17:10.983135,734,359
12021,2025-01-18 17:17:10.983135,734,316
12022,2025-01-18 17:17:10.983135,734,270
12023,2025-01-18 17:17:10.983135,734,625
12024,2025-01-18 17:17:10.983135,734,591
12025,2025-01-18 17:17:10.983135,734,642
12026,2025-01-18 17:17:10.983135,734,646
12027,2025-01-18 17:17:10.983135,734,262
12028,2025-01-18 17:17:10.983135,734,543
12029,2025-01-18 17:17:10.983135,734,657
12030,2025-01-18 17:17:10.983135,735,199
12031,2025-01-18 17:17:10.983135,735,660
12032,2025-01-18 17:17:10.983135,735,329
12033,2025-01-18 17:17:10.983135,735,344
12034,2025-01-18 17:17:10.983135,735,357
12035,2025-01-18 17:17:10.983135,735,584
12036,2025-01-18 17:17:10.983135,735,552
12037,2025-01-18 17:17:10.983135,735,566
12038,2025-01-18 17:17:10.983135,735,446
12039,2025-01-18 17:17:10.983135,735,470
12040,2025-01-18 17:17:10.983135,735,372
12041,2025-01-18 17:17:10.983135,735,659
12042,2025-01-18 17:17:10.983135,735,555
12043,2025-01-18 17:17:10.983135,735,374
12044,2025-01-18 17:17:10.983135,735,320
12045,2025-01-18 17:17:10.983135,735,206
12046,2025-01-18 17:17:10.983135,735,306
12047,2025-01-18 17:17:10.983135,735,550
12048,2025-01-18 17:17:10.983135,735,271
12049,2025-01-18 17:17:10.983135,735,244
12050,2025-01-18 17:17:10.983135,736,198
12051,2025-01-18 17:17:10.983135,736,554
12052,2025-01-18 17:17:10.983135,736,610
12053,2025-01-18 17:17:10.983135,736,563
12054,2025-01-18 17:17:10.983135,736,236
12055,2025-01-18 17:17:10.983135,736,296
12056,2025-01-18 17:17:10.983135,736,649
12057,2025-01-18 17:17:10.983135,736,426
12058,2025-01-18 17:17:10.983135,736,258
12059,2025-01-18 17:17:10.983135,736,384
12060,2025-01-18 17:17:10.983135,736,359
12061,2025-01-18 17:17:10.983135,736,569
12062,2025-01-18 17:17:10.983135,736,588
12063,2025-01-18 17:17:10.983135,736,224
12064,2025-01-18 17:17:10.983135,736,547
12065,2025-01-18 17:17:10.983135,736,658
12066,2025-01-18 17:17:10.983135,737,453
12067,2025-01-18 17:17:10.983135,737,287
12068,2025-01-18 17:17:10.983135,737,478
12069,2025-01-18 17:17:10.983135,737,602
12070,2025-01-18 17:17:10.983135,737,492
12071,2025-01-18 17:17:10.983135,737,312
12072,2025-01-18 17:17:10.983135,737,283
12073,2025-01-18 17:17:10.983135,737,497
12074,2025-01-18 17:17:10.983135,737,427
12075,2025-01-18 17:17:10.983135,737,386
12076,2025-01-18 17:17:10.983135,737,388
12077,2025-01-18 17:17:10.983135,737,623
12078,2025-01-18 17:17:10.983135,737,538
12079,2025-01-18 17:17:10.983135,737,341
12080,2025-01-18 17:17:10.983135,737,238
12081,2025-01-18 17:17:10.983135,737,367
12082,2025-01-18 17:17:10.983135,737,213
12083,2025-01-18 17:17:10.983135,738,291
12084,2025-01-18 17:17:10.983135,738,403
12085,2025-01-18 17:17:10.983135,738,431
12086,2025-01-18 17:17:10.983135,738,207
12087,2025-01-18 17:17:10.983135,738,480
12088,2025-01-18 17:17:10.983135,738,561
12089,2025-01-18 17:17:10.983135,738,280
12090,2025-01-18 17:17:10.983135,738,504
12091,2025-01-18 17:17:10.983135,738,371
12092,2025-01-18 17:17:10.983135,738,460
12093,2025-01-18 17:17:10.983135,738,244
12094,2025-01-18 17:17:10.983135,738,195
12095,2025-01-18 17:17:10.983135,738,491
12096,2025-01-18 17:17:10.983135,738,312
12097,2025-01-18 17:17:10.983135,738,576
12098,2025-01-18 17:17:10.983135,738,198
12099,2025-01-18 17:17:10.983135,738,548
12100,2025-01-18 17:17:10.983135,738,564
12101,2025-01-18 17:17:10.983135,739,353
12102,2025-01-18 17:17:10.983135,739,428
12103,2025-01-18 17:17:10.983135,739,550
12104,2025-01-18 17:17:10.983135,739,521
12105,2025-01-18 17:17:10.983135,739,537
12106,2025-01-18 17:17:10.983135,739,225
12107,2025-01-18 17:17:10.983135,739,328
12108,2025-01-18 17:17:10.983135,739,479
12109,2025-01-18 17:17:10.983135,739,213
12110,2025-01-18 17:17:10.983135,739,356
12111,2025-01-18 17:17:10.983135,739,338
12112,2025-01-18 17:17:10.983135,739,361
12113,2025-01-18 17:17:10.983135,739,575
12114,2025-01-18 17:17:10.983135,739,332
12115,2025-01-18 17:17:10.983135,739,619
12116,2025-01-18 17:17:10.984132,739,525
12117,2025-01-18 17:17:10.984132,739,587
12118,2025-01-18 17:17:10.984132,740,532
12119,2025-01-18 17:17:10.984132,740,250
12120,2025-01-18 17:17:10.984132,740,548
12121,2025-01-18 17:17:10.984132,740,310
12122,2025-01-18 17:17:10.984132,740,628
12123,2025-01-18 17:17:10.984132,740,549
12124,2025-01-18 17:17:10.984132,740,470
12125,2025-01-18 17:17:10.984132,740,493
12126,2025-01-18 17:17:10.984132,740,641
12127,2025-01-18 17:17:10.984132,740,214
12128,2025-01-18 17:17:10.984132,740,502
12129,2025-01-18 17:17:10.984132,741,343
12130,2025-01-18 17:17:10.984132,741,250
12131,2025-01-18 17:17:10.984132,741,214
12132,2025-01-18 17:17:10.984132,741,371
12133,2025-01-18 17:17:10.984132,741,400
12134,2025-01-18 17:17:10.984132,741,461
12135,2025-01-18 17:17:10.984132,741,428
12136,2025-01-18 17:17:10.984132,741,347
12137,2025-01-18 17:17:10.984132,741,539
12138,2025-01-18 17:17:10.984132,741,636
12139,2025-01-18 17:17:10.984132,741,596
12140,2025-01-18 17:17:10.984132,741,666
12141,2025-01-18 17:17:10.984132,741,281
12142,2025-01-18 17:17:10.984132,741,436
12143,2025-01-18 17:17:10.984132,741,585
12144,2025-01-18 17:17:10.984132,741,335
12145,2025-01-18 17:17:10.984132,741,372
12146,2025-01-18 17:17:10.984132,741,517
12147,2025-01-18 17:17:10.984132,742,588
12148,2025-01-18 17:17:10.984132,742,315
12149,2025-01-18 17:17:10.984132,742,563
12150,2025-01-18 17:17:10.984132,742,360
12151,2025-01-18 17:17:10.984132,742,634
12152,2025-01-18 17:17:10.984132,742,292
12153,2025-01-18 17:17:10.984132,742,382
12154,2025-01-18 17:17:10.984132,742,314
12155,2025-01-18 17:17:10.984132,742,209
12156,2025-01-18 17:17:10.984132,742,242
12157,2025-01-18 17:17:10.984132,742,438
12158,2025-01-18 17:17:10.984132,742,253
12159,2025-01-18 17:17:10.984132,742,579
12160,2025-01-18 17:17:10.984132,742,373
12161,2025-01-18 17:17:10.984132,742,293
12162,2025-01-18 17:17:10.984132,742,226
12163,2025-01-18 17:17:10.984132,742,486
12164,2025-01-18 17:17:10.984132,743,296
12165,2025-01-18 17:17:10.984132,743,557
12166,2025-01-18 17:17:10.984132,743,272
12167,2025-01-18 17:17:10.984132,743,483
12168,2025-01-18 17:17:10.984132,743,488
12169,2025-01-18 17:17:10.984132,743,463
12170,2025-01-18 17:17:10.984132,743,324
12171,2025-01-18 17:17:10.984132,743,408
12172,2025-01-18 17:17:10.984132,743,644
12173,2025-01-18 17:17:10.984132,743,616
12174,2025-01-18 17:17:10.984132,743,312
12175,2025-01-18 17:17:10.984132,743,502
12176,2025-01-18 17:17:10.984132,743,351
12177,2025-01-18 17:17:10.984132,743,336
12178,2025-01-18 17:17:10.984132,743,426
12179,2025-01-18 17:17:10.984132,743,264
12180,2025-01-18 17:17:10.984132,744,256
12181,2025-01-18 17:17:10.984132,744,511
12182,2025-01-18 17:17:10.984132,744,604
12183,2025-01-18 17:17:10.984132,744,489
12184,2025-01-18 17:17:10.984132,744,261
12185,2025-01-18 17:17:10.984132,744,611
12186,2025-01-18 17:17:10.984132,744,225
12187,2025-01-18 17:17:10.984132,744,598
12188,2025-01-18 17:17:10.984132,744,580
12189,2025-01-18 17:17:10.984132,744,621
12190,2025-01-18 17:17:10.984132,744,375
12191,2025-01-18 17:17:10.984132,744,595
12192,2025-01-18 17:17:10.984132,744,377
12193,2025-01-18 17:17:10.984132,744,316
12194,2025-01-18 17:17:10.984132,745,544
12195,2025-01-18 17:17:10.984132,745,639
12196,2025-01-18 17:17:10.984132,745,643
12197,2025-01-18 17:17:10.984132,745,208
12198,2025-01-18 17:17:10.984132,745,306
12199,2025-01-18 17:17:10.984132,745,664
12200,2025-01-18 17:17:10.984132,745,505
12201,2025-01-18 17:17:10.984132,745,545
12202,2025-01-18 17:17:10.984132,745,519
12203,2025-01-18 17:17:10.984132,745,311
12204,2025-01-18 17:17:10.984132,745,626
12205,2025-01-18 17:17:10.984132,745,290
12206,2025-01-18 17:17:10.984132,745,581
12207,2025-01-18 17:17:10.984132,745,229
12208,2025-01-18 17:17:10.984132,745,377
12209,2025-01-18 17:17:10.984132,745,382
12210,2025-01-18 17:17:10.984132,745,525
12211,2025-01-18 17:17:10.984132,745,225
12212,2025-01-18 17:17:10.985129,746,475
12213,2025-01-18 17:17:10.985129,746,620
12214,2025-01-18 17:17:10.985129,746,553
12215,2025-01-18 17:17:10.985129,746,305
12216,2025-01-18 17:17:10.985129,746,399
12217,2025-01-18 17:17:10.985129,746,417
12218,2025-01-18 17:17:10.985129,746,387
12219,2025-01-18 17:17:10.985129,746,373
12220,2025-01-18 17:17:10.985129,746,535
12221,2025-01-18 17:17:10.985129,746,530
12222,2025-01-18 17:17:10.985129,746,440
12223,2025-01-18 17:17:10.985129,746,422
12224,2025-01-18 17:17:10.985129,747,450
12225,2025-01-18 17:17:10.985129,747,216
12226,2025-01-18 17:17:10.985129,747,526
12227,2025-01-18 17:17:10.985129,747,324
12228,2025-01-18 17:17:10.985129,747,351
12229,2025-01-18 17:17:10.985129,747,483
12230,2025-01-18 17:17:10.985129,747,330
12231,2025-01-18 17:17:10.985129,747,663
12232,2025-01-18 17:17:10.989119,747,571
12233,2025-01-18 17:17:10.989119,747,484
12234,2025-01-18 17:17:10.989119,748,447
12235,2025-01-18 17:17:10.989119,748,499
12236,2025-01-18 17:17:10.989119,748,370
12237,2025-01-18 17:17:10.989119,748,571
12238,2025-01-18 17:17:10.989119,748,363
12239,2025-01-18 17:17:10.989119,748,340
12240,2025-01-18 17:17:10.989119,748,508
12241,2025-01-18 17:17:10.989119,748,448
12242,2025-01-18 17:17:10.989119,748,429
12243,2025-01-18 17:17:10.989119,748,273
12244,2025-01-18 17:17:10.989119,748,295
12245,2025-01-18 17:17:10.989119,748,652
12246,2025-01-18 17:17:10.990116,749,382
12247,2025-01-18 17:17:10.990116,749,361
12248,2025-01-18 17:17:10.990116,749,476
12249,2025-01-18 17:17:10.990116,749,519
12250,2025-01-18 17:17:10.990116,749,251
12251,2025-01-18 17:17:10.990116,749,411
12252,2025-01-18 17:17:10.990116,749,557
12253,2025-01-18 17:17:10.990116,749,634
12254,2025-01-18 17:17:10.990116,749,650
12255,2025-01-18 17:17:10.990116,749,624
12256,2025-01-18 17:17:10.990116,749,486
12257,2025-01-18 17:17:10.990116,749,377
12258,2025-01-18 17:17:10.990116,749,626
12259,2025-01-18 17:17:10.990116,749,627
12260,2025-01-18 17:17:10.990116,749,538
12261,2025-01-18 17:17:10.990116,749,509
12262,2025-01-18 17:17:10.990116,749,637
12263,2025-01-18 17:17:10.990116,750,301
12264,2025-01-18 17:17:10.990116,750,540
12265,2025-01-18 17:17:10.990116,750,279
12266,2025-01-18 17:17:10.990116,750,535
12267,2025-01-18 17:17:10.990116,750,448
12268,2025-01-18 17:17:10.990116,750,240
12269,2025-01-18 17:17:10.990116,750,638
12270,2025-01-18 17:17:10.990116,750,343
12271,2025-01-18 17:17:10.990116,750,336
12272,2025-01-18 17:17:10.990116,750,587
12273,2025-01-18 17:17:10.990116,750,255
12274,2025-01-18 17:17:10.990116,750,207
12275,2025-01-18 17:17:10.990116,751,265
12276,2025-01-18 17:17:10.990116,751,291
12277,2025-01-18 17:17:10.990116,751,387
12278,2025-01-18 17:17:10.990116,751,625
12279,2025-01-18 17:17:10.990116,751,433
12280,2025-01-18 17:17:10.990116,751,431
12281,2025-01-18 17:17:10.990116,751,418
12282,2025-01-18 17:17:10.990116,751,455
12283,2025-01-18 17:17:10.990116,751,319
12284,2025-01-18 17:17:10.990116,751,618
12285,2025-01-18 17:17:10.990116,751,322
12286,2025-01-18 17:17:10.990116,752,258
12287,2025-01-18 17:17:10.990116,752,647
12288,2025-01-18 17:17:10.990116,752,233
12289,2025-01-18 17:17:10.990116,752,380
12290,2025-01-18 17:17:10.990116,752,276
12291,2025-01-18 17:17:10.990116,752,299
12292,2025-01-18 17:17:10.990116,752,522
12293,2025-01-18 17:17:10.990116,752,210
12294,2025-01-18 17:17:10.990116,752,398
12295,2025-01-18 17:17:10.990116,752,343
12296,2025-01-18 17:17:10.990116,752,274
12297,2025-01-18 17:17:10.990116,752,255
12298,2025-01-18 17:17:10.990116,752,589
12299,2025-01-18 17:17:10.990116,752,569
12300,2025-01-18 17:17:10.990116,752,627
12301,2025-01-18 17:17:10.990116,753,267
12302,2025-01-18 17:17:10.990116,753,561
12303,2025-01-18 17:17:10.990116,753,260
12304,2025-01-18 17:17:10.990116,753,403
12305,2025-01-18 17:17:10.990116,753,261
12306,2025-01-18 17:17:10.990116,753,626
12307,2025-01-18 17:17:10.990116,753,485
12308,2025-01-18 17:17:10.990116,753,426
12309,2025-01-18 17:17:10.990116,753,628
12310,2025-01-18 17:17:10.990116,753,407
12311,2025-01-18 17:17:10.990116,753,472
12312,2025-01-18 17:17:10.990116,754,397
12313,2025-01-18 17:17:10.990116,754,602
12314,2025-01-18 17:17:10.990116,754,526
12315,2025-01-18 17:17:10.990116,754,439
12316,2025-01-18 17:17:10.990116,754,624
12317,2025-01-18 17:17:10.990116,754,614
12318,2025-01-18 17:17:10.990116,754,575
12319,2025-01-18 17:17:10.990116,754,250
12320,2025-01-18 17:17:10.990116,754,424
12321,2025-01-18 17:17:10.990116,754,507
12322,2025-01-18 17:17:10.990116,754,462
12323,2025-01-18 17:17:10.990116,754,472
12324,2025-01-18 17:17:10.990116,754,522
12325,2025-01-18 17:17:10.990116,754,236
12326,2025-01-18 17:17:10.990116,754,461
12327,2025-01-18 17:17:10.990116,754,409
12328,2025-01-18 17:17:10.990116,754,659
12329,2025-01-18 17:17:10.990116,754,319
12330,2025-01-18 17:17:10.990116,754,592
12331,2025-01-18 17:17:10.990116,755,324
12332,2025-01-18 17:17:10.990116,755,468
12333,2025-01-18 17:17:10.990116,755,418
12334,2025-01-18 17:17:10.990116,755,267
12335,2025-01-18 17:17:10.990116,755,476
12336,2025-01-18 17:17:10.990116,755,195
12337,2025-01-18 17:17:10.990116,755,649
12338,2025-01-18 17:17:10.990116,755,354
12339,2025-01-18 17:17:10.990116,755,581
12340,2025-01-18 17:17:10.990116,755,222
12341,2025-01-18 17:17:10.990116,755,495
12342,2025-01-18 17:17:10.990116,755,533
12343,2025-01-18 17:17:10.990116,755,463
12344,2025-01-18 17:17:10.991113,755,417
12345,2025-01-18 17:17:10.991113,755,401
12346,2025-01-18 17:17:10.991113,755,501
12347,2025-01-18 17:17:10.991113,755,389
12348,2025-01-18 17:17:10.991113,755,348
12349,2025-01-18 17:17:10.991113,755,425
12350,2025-01-18 17:17:10.991113,755,440
12351,2025-01-18 17:17:10.991113,756,405
12352,2025-01-18 17:17:10.991113,756,426
12353,2025-01-18 17:17:10.991113,756,505
12354,2025-01-18 17:17:10.991113,756,279
12355,2025-01-18 17:17:10.991113,756,662
12356,2025-01-18 17:17:10.991113,756,608
12357,2025-01-18 17:17:10.991113,756,574
12358,2025-01-18 17:17:10.991113,756,455
12359,2025-01-18 17:17:10.991113,756,242
12360,2025-01-18 17:17:10.991113,756,229
12361,2025-01-18 17:17:10.991113,756,590
12362,2025-01-18 17:17:10.991113,757,538
12363,2025-01-18 17:17:10.991113,757,332
12364,2025-01-18 17:17:10.991113,757,241
12365,2025-01-18 17:17:10.991113,757,414
12366,2025-01-18 17:17:10.991113,757,456
12367,2025-01-18 17:17:10.991113,757,437
12368,2025-01-18 17:17:10.991113,757,406
12369,2025-01-18 17:17:10.991113,757,202
12370,2025-01-18 17:17:10.991113,757,460
12371,2025-01-18 17:17:10.991113,757,432
12372,2025-01-18 17:17:10.991113,757,419
12373,2025-01-18 17:17:10.991113,757,560
12374,2025-01-18 17:17:10.991113,758,485
12375,2025-01-18 17:17:10.991113,758,528
12376,2025-01-18 17:17:10.991113,758,322
12377,2025-01-18 17:17:10.991113,758,615
12378,2025-01-18 17:17:10.991113,758,410
12379,2025-01-18 17:17:10.991113,758,214
12380,2025-01-18 17:17:10.991113,758,665
12381,2025-01-18 17:17:10.991113,758,495
12382,2025-01-18 17:17:10.991113,758,361
12383,2025-01-18 17:17:10.991113,758,505
12384,2025-01-18 17:17:10.991113,758,641
12385,2025-01-18 17:17:10.991113,758,303
12386,2025-01-18 17:17:10.991113,758,244
12387,2025-01-18 17:17:10.991113,759,242
12388,2025-01-18 17:17:10.991113,759,498
12389,2025-01-18 17:17:10.991113,759,637
12390,2025-01-18 17:17:10.991113,759,429
12391,2025-01-18 17:17:10.991113,759,208
12392,2025-01-18 17:17:10.991113,759,594
12393,2025-01-18 17:17:10.991113,759,380
12394,2025-01-18 17:17:10.991113,759,444
12395,2025-01-18 17:17:10.991113,759,386
12396,2025-01-18 17:17:10.991113,759,261
12397,2025-01-18 17:17:10.991113,759,545
12398,2025-01-18 17:17:10.991113,759,466
12399,2025-01-18 17:17:10.991113,759,223
12400,2025-01-18 17:17:10.991113,759,430
12401,2025-01-18 17:17:10.991113,759,334
12402,2025-01-18 17:17:10.991113,759,612
12403,2025-01-18 17:17:10.991113,760,492
12404,2025-01-18 17:17:10.991113,760,537
12405,2025-01-18 17:17:10.991113,760,251
12406,2025-01-18 17:17:10.991113,760,594
12407,2025-01-18 17:17:10.991113,760,557
12408,2025-01-18 17:17:10.991113,760,549
12409,2025-01-18 17:17:10.991113,760,489
12410,2025-01-18 17:17:10.991113,760,440
12411,2025-01-18 17:17:10.991113,760,666
12412,2025-01-18 17:17:10.991113,760,203
12413,2025-01-18 17:17:10.991113,760,428
12414,2025-01-18 17:17:10.991113,760,613
12415,2025-01-18 17:17:10.991113,761,382
12416,2025-01-18 17:17:10.991113,761,351
12417,2025-01-18 17:17:10.991113,761,627
12418,2025-01-18 17:17:10.991113,761,240
12419,2025-01-18 17:17:10.991113,761,283
12420,2025-01-18 17:17:10.991113,761,428
12421,2025-01-18 17:17:10.991113,761,434
12422,2025-01-18 17:17:10.991113,761,447
12423,2025-01-18 17:17:10.991113,761,622
12424,2025-01-18 17:17:10.991113,761,233
12425,2025-01-18 17:17:10.991113,761,430
12426,2025-01-18 17:17:10.991113,761,226
12427,2025-01-18 17:17:10.991113,761,492
12428,2025-01-18 17:17:10.991113,761,497
12429,2025-01-18 17:17:10.991113,761,424
12430,2025-01-18 17:17:10.991113,761,221
12431,2025-01-18 17:17:10.991113,761,607
12432,2025-01-18 17:17:10.991113,761,559
12433,2025-01-18 17:17:10.991113,761,404
12434,2025-01-18 17:17:10.991113,762,396
12435,2025-01-18 17:17:10.991113,762,209
12436,2025-01-18 17:17:10.991113,762,255
12437,2025-01-18 17:17:10.991113,762,574
12438,2025-01-18 17:17:10.992111,762,651
12439,2025-01-18 17:17:10.992111,762,289
12440,2025-01-18 17:17:10.992111,762,337
12441,2025-01-18 17:17:10.992111,762,497
12442,2025-01-18 17:17:10.992111,762,392
12443,2025-01-18 17:17:10.992111,762,653
12444,2025-01-18 17:17:10.992111,762,201
12445,2025-01-18 17:17:10.992111,762,433
12446,2025-01-18 17:17:10.992111,762,340
12447,2025-01-18 17:17:10.992111,762,585
12448,2025-01-18 17:17:10.992111,762,635
12449,2025-01-18 17:17:10.992111,762,666
12450,2025-01-18 17:17:10.992111,762,430
12451,2025-01-18 17:17:10.992111,763,629
12452,2025-01-18 17:17:10.992111,763,354
12453,2025-01-18 17:17:10.992111,763,271
12454,2025-01-18 17:17:10.992111,763,446
12455,2025-01-18 17:17:10.992111,763,421
12456,2025-01-18 17:17:10.992111,763,531
12457,2025-01-18 17:17:10.992111,763,647
12458,2025-01-18 17:17:10.992111,763,400
12459,2025-01-18 17:17:10.992111,763,527
12460,2025-01-18 17:17:10.992111,763,514
12461,2025-01-18 17:17:10.992111,763,504
12462,2025-01-18 17:17:10.992111,763,227
12463,2025-01-18 17:17:10.992111,763,380
12464,2025-01-18 17:17:10.992111,763,203
12465,2025-01-18 17:17:10.992111,763,322
12466,2025-01-18 17:17:10.992111,764,205
12467,2025-01-18 17:17:10.992111,764,486
12468,2025-01-18 17:17:10.992111,764,575
12469,2025-01-18 17:17:10.992111,764,335
12470,2025-01-18 17:17:10.992111,764,506
12471,2025-01-18 17:17:10.992111,764,391
12472,2025-01-18 17:17:10.992111,764,199
12473,2025-01-18 17:17:10.992111,764,444
12474,2025-01-18 17:17:10.992111,764,641
12475,2025-01-18 17:17:10.992111,764,295
12476,2025-01-18 17:17:10.992111,764,439
12477,2025-01-18 17:17:10.992111,764,494
12478,2025-01-18 17:17:10.992111,764,404
12479,2025-01-18 17:17:10.992111,764,607
12480,2025-01-18 17:17:10.992111,764,299
12481,2025-01-18 17:17:10.992111,764,224
12482,2025-01-18 17:17:10.992111,764,358
12483,2025-01-18 17:17:10.992111,764,615
12484,2025-01-18 17:17:10.992111,764,418
12485,2025-01-18 17:17:10.992111,765,245
12486,2025-01-18 17:17:10.992111,765,266
12487,2025-01-18 17:17:10.992111,765,563
12488,2025-01-18 17:17:10.992111,765,422
12489,2025-01-18 17:17:10.992111,765,512
12490,2025-01-18 17:17:10.992111,765,597
12491,2025-01-18 17:17:10.992111,765,495
12492,2025-01-18 17:17:10.992111,765,426
12493,2025-01-18 17:17:10.992111,765,491
12494,2025-01-18 17:17:10.992111,765,576
12495,2025-01-18 17:17:10.992111,765,385
12496,2025-01-18 17:17:10.992111,765,300
12497,2025-01-18 17:17:10.992111,765,537
12498,2025-01-18 17:17:10.992111,766,540
12499,2025-01-18 17:17:10.992111,766,256
12500,2025-01-18 17:17:10.992111,766,659
12501,2025-01-18 17:17:10.992111,766,316
12502,2025-01-18 17:17:10.992111,766,469
12503,2025-01-18 17:17:10.992111,766,209
12504,2025-01-18 17:17:10.992111,766,271
12505,2025-01-18 17:17:10.992111,766,488
12506,2025-01-18 17:17:10.992111,766,375
12507,2025-01-18 17:17:10.992111,766,562
12508,2025-01-18 17:17:10.992111,767,429
12509,2025-01-18 17:17:10.992111,767,439
12510,2025-01-18 17:17:10.992111,767,367
12511,2025-01-18 17:17:10.992111,767,300
12512,2025-01-18 17:17:10.992111,767,620
12513,2025-01-18 17:17:10.992111,767,566
12514,2025-01-18 17:17:10.992111,767,560
12515,2025-01-18 17:17:10.992111,767,435
12516,2025-01-18 17:17:10.992111,767,455
12517,2025-01-18 17:17:10.992111,767,390
12518,2025-01-18 17:17:10.992111,767,477
12519,2025-01-18 17:17:10.992111,767,332
12520,2025-01-18 17:17:10.992111,767,638
12521,2025-01-18 17:17:10.992111,767,234
12522,2025-01-18 17:17:10.992111,767,496
12523,2025-01-18 17:17:10.992111,767,511
12524,2025-01-18 17:17:10.992111,767,311
12525,2025-01-18 17:17:10.992111,767,656
12526,2025-01-18 17:17:10.992111,767,577
12527,2025-01-18 17:17:10.992111,768,606
12528,2025-01-18 17:17:10.992111,768,580
12529,2025-01-18 17:17:10.992111,768,469
12530,2025-01-18 17:17:10.992111,768,515
12531,2025-01-18 17:17:10.992111,768,500
12532,2025-01-18 17:17:10.993108,768,459
12533,2025-01-18 17:17:10.993108,768,320
12534,2025-01-18 17:17:10.993108,768,424
12535,2025-01-18 17:17:10.993108,768,330
12536,2025-01-18 17:17:10.993108,768,650
12537,2025-01-18 17:17:10.993108,768,224
12538,2025-01-18 17:17:10.993108,768,519
12539,2025-01-18 17:17:10.993108,768,324
12540,2025-01-18 17:17:10.993108,768,530
12541,2025-01-18 17:17:10.993108,768,375
12542,2025-01-18 17:17:10.993108,769,570
12543,2025-01-18 17:17:10.993108,769,635
12544,2025-01-18 17:17:10.993108,769,522
12545,2025-01-18 17:17:10.993108,769,435
12546,2025-01-18 17:17:10.993108,769,549
12547,2025-01-18 17:17:10.993108,769,297
12548,2025-01-18 17:17:10.993108,769,591
12549,2025-01-18 17:17:10.993108,769,531
12550,2025-01-18 17:17:10.993108,769,494
12551,2025-01-18 17:17:10.993108,769,562
12552,2025-01-18 17:17:10.993108,769,308
12553,2025-01-18 17:17:10.993108,769,456
12554,2025-01-18 17:17:10.993108,769,362
12555,2025-01-18 17:17:10.993108,769,307
12556,2025-01-18 17:17:10.993108,769,513
12557,2025-01-18 17:17:10.993108,769,317
12558,2025-01-18 17:17:10.993108,769,594
12559,2025-01-18 17:17:10.993108,769,200
12560,2025-01-18 17:17:10.993108,769,287
12561,2025-01-18 17:17:10.993108,770,293
12562,2025-01-18 17:17:10.993108,770,393
12563,2025-01-18 17:17:10.993108,770,600
12564,2025-01-18 17:17:10.993108,770,405
12565,2025-01-18 17:17:10.998095,770,552
12566,2025-01-18 17:17:10.998095,770,534
12567,2025-01-18 17:17:10.998095,770,424
12568,2025-01-18 17:17:10.998095,770,492
12569,2025-01-18 17:17:10.998095,770,482
12570,2025-01-18 17:17:10.998095,770,363
12571,2025-01-18 17:17:10.998095,770,236
12572,2025-01-18 17:17:10.998095,770,451
12573,2025-01-18 17:17:10.998095,770,506
12574,2025-01-18 17:17:10.998095,770,516
12575,2025-01-18 17:17:10.998095,770,305
12576,2025-01-18 17:17:10.998095,770,199
12577,2025-01-18 17:17:10.998095,770,500
12578,2025-01-18 17:17:10.998095,770,635
12579,2025-01-18 17:17:10.999092,770,629
12580,2025-01-18 17:17:10.999092,771,322
12581,2025-01-18 17:17:10.999092,771,287
12582,2025-01-18 17:17:10.999092,771,662
12583,2025-01-18 17:17:10.999092,771,367
12584,2025-01-18 17:17:10.999092,771,519
12585,2025-01-18 17:17:10.999092,771,549
12586,2025-01-18 17:17:10.999092,771,488
12587,2025-01-18 17:17:10.999092,771,357
12588,2025-01-18 17:17:10.999092,771,344
12589,2025-01-18 17:17:10.999092,771,536
12590,2025-01-18 17:17:10.999092,771,663
12591,2025-01-18 17:17:10.999092,772,583
12592,2025-01-18 17:17:10.999092,772,440
12593,2025-01-18 17:17:10.999092,772,338
12594,2025-01-18 17:17:10.999092,772,276
12595,2025-01-18 17:17:10.999092,772,373
12596,2025-01-18 17:17:10.999092,772,536
12597,2025-01-18 17:17:10.999092,772,497
12598,2025-01-18 17:17:10.999092,772,264
12599,2025-01-18 17:17:10.999092,772,334
12600,2025-01-18 17:17:10.999092,772,327
12601,2025-01-18 17:17:10.999092,772,459
12602,2025-01-18 17:17:10.999092,772,552
12603,2025-01-18 17:17:10.999092,772,410
12604,2025-01-18 17:17:10.999092,772,426
12605,2025-01-18 17:17:10.999092,773,431
12606,2025-01-18 17:17:10.999092,773,573
12607,2025-01-18 17:17:10.999092,773,378
12608,2025-01-18 17:17:10.999092,773,638
12609,2025-01-18 17:17:10.999092,773,270
12610,2025-01-18 17:17:10.999092,773,559
12611,2025-01-18 17:17:10.999092,773,658
12612,2025-01-18 17:17:10.999092,773,236
12613,2025-01-18 17:17:10.999092,773,194
12614,2025-01-18 17:17:10.999092,773,522
12615,2025-01-18 17:17:10.999092,773,436
12616,2025-01-18 17:17:10.999092,773,490
12617,2025-01-18 17:17:10.999092,773,224
12618,2025-01-18 17:17:10.999092,774,200
12619,2025-01-18 17:17:10.999092,774,376
12620,2025-01-18 17:17:10.999092,774,208
12621,2025-01-18 17:17:10.999092,774,199
12622,2025-01-18 17:17:10.999092,774,525
12623,2025-01-18 17:17:10.999092,774,667
12624,2025-01-18 17:17:10.999092,774,270
12625,2025-01-18 17:17:10.999092,774,430
12626,2025-01-18 17:17:10.999092,774,479
12627,2025-01-18 17:17:10.999092,774,264
12628,2025-01-18 17:17:10.999092,774,375
12629,2025-01-18 17:17:10.999092,774,251
12630,2025-01-18 17:17:10.999092,774,464
12631,2025-01-18 17:17:10.999092,774,359
12632,2025-01-18 17:17:10.999092,774,233
12633,2025-01-18 17:17:10.999092,774,234
12634,2025-01-18 17:17:10.999092,774,223
12635,2025-01-18 17:17:10.999092,775,652
12636,2025-01-18 17:17:10.999092,775,447
12637,2025-01-18 17:17:10.999092,775,642
12638,2025-01-18 17:17:10.999092,775,510
12639,2025-01-18 17:17:10.999092,775,270
12640,2025-01-18 17:17:10.999092,775,615
12641,2025-01-18 17:17:10.999092,775,358
12642,2025-01-18 17:17:10.999092,775,473
12643,2025-01-18 17:17:10.999092,775,562
12644,2025-01-18 17:17:10.999092,775,226
12645,2025-01-18 17:17:10.999092,776,539
12646,2025-01-18 17:17:10.999092,776,322
12647,2025-01-18 17:17:10.999092,776,612
12648,2025-01-18 17:17:10.999092,776,253
12649,2025-01-18 17:17:10.999092,776,475
12650,2025-01-18 17:17:10.999092,776,572
12651,2025-01-18 17:17:10.999092,776,326
12652,2025-01-18 17:17:10.999092,776,489
12653,2025-01-18 17:17:10.999092,776,402
12654,2025-01-18 17:17:10.999092,776,333
12655,2025-01-18 17:17:10.999092,776,616
12656,2025-01-18 17:17:10.999092,776,236
12657,2025-01-18 17:17:10.999092,776,450
12658,2025-01-18 17:17:10.999092,776,228
12659,2025-01-18 17:17:10.999092,776,262
12660,2025-01-18 17:17:10.999092,777,199
12661,2025-01-18 17:17:10.999092,777,560
12662,2025-01-18 17:17:10.999092,777,564
12663,2025-01-18 17:17:10.999092,777,602
12664,2025-01-18 17:17:10.999092,777,663
12665,2025-01-18 17:17:10.999092,777,386
12666,2025-01-18 17:17:10.999092,777,585
12667,2025-01-18 17:17:10.999092,777,420
12668,2025-01-18 17:17:10.999092,777,282
12669,2025-01-18 17:17:10.999092,777,221
12670,2025-01-18 17:17:10.999092,777,436
12671,2025-01-18 17:17:10.999092,777,459
12672,2025-01-18 17:17:10.999092,777,633
12673,2025-01-18 17:17:10.999092,777,224
12674,2025-01-18 17:17:10.999092,777,415
12675,2025-01-18 17:17:10.999092,777,664
12676,2025-01-18 17:17:11.000089,778,375
12677,2025-01-18 17:17:11.000089,778,503
12678,2025-01-18 17:17:11.000089,778,567
12679,2025-01-18 17:17:11.000089,778,635
12680,2025-01-18 17:17:11.000089,778,302
12681,2025-01-18 17:17:11.000089,778,648
12682,2025-01-18 17:17:11.000089,778,433
12683,2025-01-18 17:17:11.000089,778,444
12684,2025-01-18 17:17:11.000089,778,499
12685,2025-01-18 17:17:11.000089,778,257
12686,2025-01-18 17:17:11.000089,778,377
12687,2025-01-18 17:17:11.000089,778,576
12688,2025-01-18 17:17:11.000089,779,512
12689,2025-01-18 17:17:11.000089,779,450
12690,2025-01-18 17:17:11.000089,779,364
12691,2025-01-18 17:17:11.000089,779,442
12692,2025-01-18 17:17:11.000089,779,539
12693,2025-01-18 17:17:11.000089,779,214
12694,2025-01-18 17:17:11.000089,779,205
12695,2025-01-18 17:17:11.000089,779,410
12696,2025-01-18 17:17:11.000089,779,544
12697,2025-01-18 17:17:11.000089,779,623
12698,2025-01-18 17:17:11.000089,779,480
12699,2025-01-18 17:17:11.000089,779,511
12700,2025-01-18 17:17:11.000089,779,663
12701,2025-01-18 17:17:11.000089,779,313
12702,2025-01-18 17:17:11.000089,780,350
12703,2025-01-18 17:17:11.000089,780,526
12704,2025-01-18 17:17:11.000089,780,426
12705,2025-01-18 17:17:11.000089,780,320
12706,2025-01-18 17:17:11.000089,780,409
12707,2025-01-18 17:17:11.000089,780,410
12708,2025-01-18 17:17:11.000089,780,278
12709,2025-01-18 17:17:11.000089,780,238
12710,2025-01-18 17:17:11.000089,780,597
12711,2025-01-18 17:17:11.000089,780,445
12712,2025-01-18 17:17:11.000089,780,431
12713,2025-01-18 17:17:11.000089,780,366
12714,2025-01-18 17:17:11.000089,780,339
12715,2025-01-18 17:17:11.000089,780,254
12716,2025-01-18 17:17:11.000089,780,266
12717,2025-01-18 17:17:11.000089,780,323
12718,2025-01-18 17:17:11.000089,780,376
12719,2025-01-18 17:17:11.000089,781,441
12720,2025-01-18 17:17:11.000089,781,203
12721,2025-01-18 17:17:11.000089,781,394
12722,2025-01-18 17:17:11.000089,781,518
12723,2025-01-18 17:17:11.000089,781,640
12724,2025-01-18 17:17:11.000089,781,456
12725,2025-01-18 17:17:11.000089,781,608
12726,2025-01-18 17:17:11.000089,781,597
12727,2025-01-18 17:17:11.000089,781,653
12728,2025-01-18 17:17:11.000089,781,565
12729,2025-01-18 17:17:11.000089,781,584
12730,2025-01-18 17:17:11.000089,781,487
12731,2025-01-18 17:17:11.000089,782,394
12732,2025-01-18 17:17:11.000089,782,297
12733,2025-01-18 17:17:11.000089,782,616
12734,2025-01-18 17:17:11.000089,782,384
12735,2025-01-18 17:17:11.000089,782,475
12736,2025-01-18 17:17:11.000089,782,508
12737,2025-01-18 17:17:11.000089,782,243
12738,2025-01-18 17:17:11.000089,782,293
12739,2025-01-18 17:17:11.000089,782,451
12740,2025-01-18 17:17:11.000089,782,435
12741,2025-01-18 17:17:11.000089,782,568
12742,2025-01-18 17:17:11.000089,782,599
12743,2025-01-18 17:17:11.000089,782,603
12744,2025-01-18 17:17:11.000089,782,531
12745,2025-01-18 17:17:11.000089,782,421
12746,2025-01-18 17:17:11.000089,782,562
12747,2025-01-18 17:17:11.000089,782,318
12748,2025-01-18 17:17:11.000089,782,496
12749,2025-01-18 17:17:11.000089,782,410
12750,2025-01-18 17:17:11.000089,783,325
12751,2025-01-18 17:17:11.000089,783,345
12752,2025-01-18 17:17:11.000089,783,604
12753,2025-01-18 17:17:11.000089,783,530
12754,2025-01-18 17:17:11.000089,783,434
12755,2025-01-18 17:17:11.000089,783,612
12756,2025-01-18 17:17:11.000089,783,304
12757,2025-01-18 17:17:11.000089,783,634
12758,2025-01-18 17:17:11.000089,783,466
12759,2025-01-18 17:17:11.000089,783,476
12760,2025-01-18 17:17:11.000089,783,481
12761,2025-01-18 17:17:11.000089,783,438
12762,2025-01-18 17:17:11.000089,783,553
12763,2025-01-18 17:17:11.000089,783,287
12764,2025-01-18 17:17:11.000089,783,624
12765,2025-01-18 17:17:11.000089,783,507
12766,2025-01-18 17:17:11.000089,784,492
12767,2025-01-18 17:17:11.000089,784,621
12768,2025-01-18 17:17:11.000089,784,445
12769,2025-01-18 17:17:11.000089,784,625
12770,2025-01-18 17:17:11.000089,784,244
12771,2025-01-18 17:17:11.000089,784,314
12772,2025-01-18 17:17:11.001087,784,317
12773,2025-01-18 17:17:11.001087,784,620
12774,2025-01-18 17:17:11.001087,784,517
12775,2025-01-18 17:17:11.001087,784,598
12776,2025-01-18 17:17:11.001087,784,515
12777,2025-01-18 17:17:11.001087,784,439
12778,2025-01-18 17:17:11.001087,784,533
12779,2025-01-18 17:17:11.001087,784,411
12780,2025-01-18 17:17:11.001087,784,428
12781,2025-01-18 17:17:11.001087,784,230
12782,2025-01-18 17:17:11.001087,784,571
12783,2025-01-18 17:17:11.001087,785,270
12784,2025-01-18 17:17:11.001087,785,352
12785,2025-01-18 17:17:11.001087,785,651
12786,2025-01-18 17:17:11.001087,785,531
12787,2025-01-18 17:17:11.001087,785,271
12788,2025-01-18 17:17:11.001087,785,358
12789,2025-01-18 17:17:11.001087,785,637
12790,2025-01-18 17:17:11.001087,785,482
12791,2025-01-18 17:17:11.001087,785,577
12792,2025-01-18 17:17:11.001087,785,431
12793,2025-01-18 17:17:11.001087,785,363
12794,2025-01-18 17:17:11.001087,785,201
12795,2025-01-18 17:17:11.001087,785,599
12796,2025-01-18 17:17:11.001087,785,235
12797,2025-01-18 17:17:11.001087,786,353
12798,2025-01-18 17:17:11.001087,786,381
12799,2025-01-18 17:17:11.001087,786,484
12800,2025-01-18 17:17:11.001087,786,539
12801,2025-01-18 17:17:11.001087,786,384
12802,2025-01-18 17:17:11.001087,786,568
12803,2025-01-18 17:17:11.001087,786,439
12804,2025-01-18 17:17:11.001087,786,475
12805,2025-01-18 17:17:11.001087,786,473
12806,2025-01-18 17:17:11.001087,786,576
12807,2025-01-18 17:17:11.001087,786,521
12808,2025-01-18 17:17:11.001087,786,336
12809,2025-01-18 17:17:11.001087,786,421
12810,2025-01-18 17:17:11.001087,786,270
12811,2025-01-18 17:17:11.001087,787,409
12812,2025-01-18 17:17:11.001087,787,478
12813,2025-01-18 17:17:11.001087,787,439
12814,2025-01-18 17:17:11.001087,787,447
12815,2025-01-18 17:17:11.001087,787,256
12816,2025-01-18 17:17:11.001087,787,354
12817,2025-01-18 17:17:11.001087,787,572
12818,2025-01-18 17:17:11.001087,787,321
12819,2025-01-18 17:17:11.001087,787,328
12820,2025-01-18 17:17:11.001087,787,323
12821,2025-01-18 17:17:11.001087,787,290
12822,2025-01-18 17:17:11.001087,787,259
12823,2025-01-18 17:17:11.001087,787,626
12824,2025-01-18 17:17:11.001087,787,452
12825,2025-01-18 17:17:11.001087,787,362
12826,2025-01-18 17:17:11.001087,787,496
12827,2025-01-18 17:17:11.001087,787,604
12828,2025-01-18 17:17:11.001087,787,551
12829,2025-01-18 17:17:11.001087,787,293
12830,2025-01-18 17:17:11.001087,787,353
12831,2025-01-18 17:17:11.001087,788,633
12832,2025-01-18 17:17:11.001087,788,507
12833,2025-01-18 17:17:11.001087,788,248
12834,2025-01-18 17:17:11.001087,788,309
12835,2025-01-18 17:17:11.001087,788,593
12836,2025-01-18 17:17:11.001087,788,465
12837,2025-01-18 17:17:11.001087,788,391
12838,2025-01-18 17:17:11.001087,788,520
12839,2025-01-18 17:17:11.001087,788,226
12840,2025-01-18 17:17:11.001087,788,400
12841,2025-01-18 17:17:11.001087,788,639
12842,2025-01-18 17:17:11.001087,788,513
12843,2025-01-18 17:17:11.001087,788,351
12844,2025-01-18 17:17:11.001087,788,405
12845,2025-01-18 17:17:11.001087,788,382
12846,2025-01-18 17:17:11.001087,788,486
12847,2025-01-18 17:17:11.001087,789,327
12848,2025-01-18 17:17:11.001087,789,489
12849,2025-01-18 17:17:11.001087,789,406
12850,2025-01-18 17:17:11.001087,789,651
12851,2025-01-18 17:17:11.001087,789,534
12852,2025-01-18 17:17:11.001087,789,269
12853,2025-01-18 17:17:11.001087,789,249
12854,2025-01-18 17:17:11.001087,789,265
12855,2025-01-18 17:17:11.001087,789,519
12856,2025-01-18 17:17:11.001087,789,460
12857,2025-01-18 17:17:11.001087,789,465
12858,2025-01-18 17:17:11.001087,789,208
12859,2025-01-18 17:17:11.001087,789,214
12860,2025-01-18 17:17:11.001087,789,330
12861,2025-01-18 17:17:11.001087,789,499
12862,2025-01-18 17:17:11.001087,789,383
12863,2025-01-18 17:17:11.001087,790,383
12864,2025-01-18 17:17:11.001087,790,525
12865,2025-01-18 17:17:11.001087,790,372
12866,2025-01-18 17:17:11.001087,790,319
12867,2025-01-18 17:17:11.001087,790,643
12868,2025-01-18 17:17:11.001087,790,657
12869,2025-01-18 17:17:11.001087,790,558
12870,2025-01-18 17:17:11.002084,790,226
12871,2025-01-18 17:17:11.002084,790,312
12872,2025-01-18 17:17:11.002084,790,480
12873,2025-01-18 17:17:11.002084,790,219
12874,2025-01-18 17:17:11.002084,790,311
12875,2025-01-18 17:17:11.002084,790,288
12876,2025-01-18 17:17:11.002084,790,270
12877,2025-01-18 17:17:11.002084,791,568
12878,2025-01-18 17:17:11.002084,791,372
12879,2025-01-18 17:17:11.002084,791,519
12880,2025-01-18 17:17:11.002084,791,315
12881,2025-01-18 17:17:11.002084,791,596
12882,2025-01-18 17:17:11.002084,791,535
12883,2025-01-18 17:17:11.002084,791,502
12884,2025-01-18 17:17:11.002084,791,575
12885,2025-01-18 17:17:11.002084,791,592
12886,2025-01-18 17:17:11.002084,791,322
12887,2025-01-18 17:17:11.002084,791,246
12888,2025-01-18 17:17:11.002084,791,342
12889,2025-01-18 17:17:11.002084,791,282
12890,2025-01-18 17:17:11.002084,791,266
12891,2025-01-18 17:17:11.002084,791,427
12892,2025-01-18 17:17:11.002084,791,329
12893,2025-01-18 17:17:11.002084,791,636
12894,2025-01-18 17:17:11.002084,792,290
12895,2025-01-18 17:17:11.002084,792,625
12896,2025-01-18 17:17:11.002084,792,294
12897,2025-01-18 17:17:11.002084,792,459
12898,2025-01-18 17:17:11.006074,792,427
12899,2025-01-18 17:17:11.006074,792,615
12900,2025-01-18 17:17:11.006074,792,338
12901,2025-01-18 17:17:11.006074,792,301
12902,2025-01-18 17:17:11.006074,792,554
12903,2025-01-18 17:17:11.006074,792,473
12904,2025-01-18 17:17:11.006074,792,243
12905,2025-01-18 17:17:11.006074,792,436
12906,2025-01-18 17:17:11.006074,792,261
12907,2025-01-18 17:17:11.006074,792,268
12908,2025-01-18 17:17:11.006074,792,499
12909,2025-01-18 17:17:11.006074,792,662
12910,2025-01-18 17:17:11.006074,792,376
12911,2025-01-18 17:17:11.006074,792,292
12912,2025-01-18 17:17:11.006074,793,248
12913,2025-01-18 17:17:11.006074,793,469
12914,2025-01-18 17:17:11.006074,793,296
12915,2025-01-18 17:17:11.006074,793,342
12916,2025-01-18 17:17:11.006074,793,523
12917,2025-01-18 17:17:11.006074,793,660
12918,2025-01-18 17:17:11.006074,793,561
12919,2025-01-18 17:17:11.006074,793,320
12920,2025-01-18 17:17:11.007071,793,659
12921,2025-01-18 17:17:11.007071,793,406
12922,2025-01-18 17:17:11.007071,793,340
12923,2025-01-18 17:17:11.007071,793,633
12924,2025-01-18 17:17:11.007071,794,609
12925,2025-01-18 17:17:11.007071,794,485
12926,2025-01-18 17:17:11.007071,794,385
12927,2025-01-18 17:17:11.007071,794,578
12928,2025-01-18 17:17:11.007071,794,271
12929,2025-01-18 17:17:11.007071,794,577
12930,2025-01-18 17:17:11.007071,794,507
12931,2025-01-18 17:17:11.007071,794,243
12932,2025-01-18 17:17:11.007071,794,366
12933,2025-01-18 17:17:11.007071,794,360
12934,2025-01-18 17:17:11.007071,794,304
12935,2025-01-18 17:17:11.007071,794,409
12936,2025-01-18 17:17:11.007071,794,364
12937,2025-01-18 17:17:11.007071,794,667
12938,2025-01-18 17:17:11.007071,795,581
12939,2025-01-18 17:17:11.007071,795,556
12940,2025-01-18 17:17:11.007071,795,663
12941,2025-01-18 17:17:11.007071,795,613
12942,2025-01-18 17:17:11.007071,795,473
12943,2025-01-18 17:17:11.007071,795,406
12944,2025-01-18 17:17:11.007071,795,325
12945,2025-01-18 17:17:11.007071,795,631
12946,2025-01-18 17:17:11.007071,795,487
12947,2025-01-18 17:17:11.007071,795,218
12948,2025-01-18 17:17:11.007071,795,357
12949,2025-01-18 17:17:11.007071,795,272
12950,2025-01-18 17:17:11.007071,795,447
12951,2025-01-18 17:17:11.007071,795,423
12952,2025-01-18 17:17:11.007071,795,584
12953,2025-01-18 17:17:11.007071,795,520
12954,2025-01-18 17:17:11.007071,795,500
12955,2025-01-18 17:17:11.007071,795,490
12956,2025-01-18 17:17:11.007071,795,650
12957,2025-01-18 17:17:11.007071,796,605
12958,2025-01-18 17:17:11.007071,796,658
12959,2025-01-18 17:17:11.007071,796,205
12960,2025-01-18 17:17:11.007071,796,281
12961,2025-01-18 17:17:11.007071,796,583
12962,2025-01-18 17:17:11.007071,796,277
12963,2025-01-18 17:17:11.007071,796,258
12964,2025-01-18 17:17:11.007071,796,335
12965,2025-01-18 17:17:11.007071,796,588
12966,2025-01-18 17:17:11.007071,796,299
12967,2025-01-18 17:17:11.007071,796,423
12968,2025-01-18 17:17:11.007071,796,316
12969,2025-01-18 17:17:11.007071,796,597
12970,2025-01-18 17:17:11.007071,796,642
12971,2025-01-18 17:17:11.007071,796,641
12972,2025-01-18 17:17:11.007071,796,377
12973,2025-01-18 17:17:11.007071,797,472
12974,2025-01-18 17:17:11.007071,797,657
12975,2025-01-18 17:17:11.007071,797,423
12976,2025-01-18 17:17:11.007071,797,448
12977,2025-01-18 17:17:11.007071,797,596
12978,2025-01-18 17:17:11.007071,797,315
12979,2025-01-18 17:17:11.007071,797,197
12980,2025-01-18 17:17:11.007071,797,445
12981,2025-01-18 17:17:11.007071,797,646
12982,2025-01-18 17:17:11.007071,797,217
12983,2025-01-18 17:17:11.007071,797,503
12984,2025-01-18 17:17:11.007071,797,535
12985,2025-01-18 17:17:11.007071,797,447
12986,2025-01-18 17:17:11.007071,797,481
12987,2025-01-18 17:17:11.007071,797,493
12988,2025-01-18 17:17:11.007071,797,319
12989,2025-01-18 17:17:11.007071,797,616
12990,2025-01-18 17:17:11.007071,797,347
12991,2025-01-18 17:17:11.007071,798,202
12992,2025-01-18 17:17:11.007071,798,545
12993,2025-01-18 17:17:11.007071,798,617
12994,2025-01-18 17:17:11.007071,798,367
12995,2025-01-18 17:17:11.007071,798,587
12996,2025-01-18 17:17:11.007071,798,604
12997,2025-01-18 17:17:11.007071,798,586
12998,2025-01-18 17:17:11.007071,798,333
12999,2025-01-18 17:17:11.007071,798,524
13000,2025-01-18 17:17:11.007071,798,343
13001,2025-01-18 17:17:11.007071,798,462
13002,2025-01-18 17:17:11.007071,798,373
13003,2025-01-18 17:17:11.007071,798,309
13004,2025-01-18 17:17:11.007071,798,489
13005,2025-01-18 17:17:11.007071,798,451
13006,2025-01-18 17:17:11.007071,798,228
13007,2025-01-18 17:17:11.007071,798,592
13008,2025-01-18 17:17:11.007071,798,304
13009,2025-01-18 17:17:11.007071,798,569
13010,2025-01-18 17:17:11.007071,798,414
13011,2025-01-18 17:17:11.007071,799,645
13012,2025-01-18 17:17:11.007071,799,575
13013,2025-01-18 17:17:11.007071,799,552
13014,2025-01-18 17:17:11.007071,799,611
13015,2025-01-18 17:17:11.007071,799,289
13016,2025-01-18 17:17:11.007071,799,244
13017,2025-01-18 17:17:11.007071,799,337
13018,2025-01-18 17:17:11.008068,799,231
13019,2025-01-18 17:17:11.008068,799,505
13020,2025-01-18 17:17:11.008068,799,518
13021,2025-01-18 17:17:11.008068,799,284
13022,2025-01-18 17:17:11.008068,799,664
13023,2025-01-18 17:17:11.008068,799,360
13024,2025-01-18 17:17:11.008068,799,467
13025,2025-01-18 17:17:11.008068,799,612
13026,2025-01-18 17:17:11.008068,799,326
13027,2025-01-18 17:17:11.008068,799,351
13028,2025-01-18 17:17:11.008068,799,635
13029,2025-01-18 17:17:11.008068,800,426
13030,2025-01-18 17:17:11.008068,800,228
13031,2025-01-18 17:17:11.008068,800,495
13032,2025-01-18 17:17:11.008068,800,642
13033,2025-01-18 17:17:11.008068,800,479
13034,2025-01-18 17:17:11.008068,800,214
13035,2025-01-18 17:17:11.008068,800,575
13036,2025-01-18 17:17:11.008068,800,258
13037,2025-01-18 17:17:11.008068,800,441
13038,2025-01-18 17:17:11.008068,800,340
13039,2025-01-18 17:17:11.008068,800,598
13040,2025-01-18 17:17:11.008068,800,638
13041,2025-01-18 17:17:11.008068,800,381
13042,2025-01-18 17:17:11.008068,800,534
13043,2025-01-18 17:17:11.008068,800,406
13044,2025-01-18 17:17:11.008068,800,469
13045,2025-01-18 17:17:11.008068,800,227
13046,2025-01-18 17:17:11.008068,800,385
13047,2025-01-18 17:17:11.008068,801,456
13048,2025-01-18 17:17:11.008068,801,509
13049,2025-01-18 17:17:11.008068,801,640
13050,2025-01-18 17:17:11.008068,801,355
13051,2025-01-18 17:17:11.008068,801,235
13052,2025-01-18 17:17:11.008068,801,410
13053,2025-01-18 17:17:11.008068,801,382
13054,2025-01-18 17:17:11.008068,801,271
13055,2025-01-18 17:17:11.008068,801,318
13056,2025-01-18 17:17:11.008068,801,328
13057,2025-01-18 17:17:11.008068,801,492
13058,2025-01-18 17:17:11.008068,801,359
13059,2025-01-18 17:17:11.008068,801,287
13060,2025-01-18 17:17:11.008068,801,331
13061,2025-01-18 17:17:11.008068,801,275
13062,2025-01-18 17:17:11.008068,801,445
13063,2025-01-18 17:17:11.008068,801,266
13064,2025-01-18 17:17:11.008068,801,622
13065,2025-01-18 17:17:11.008068,802,442
13066,2025-01-18 17:17:11.008068,802,643
13067,2025-01-18 17:17:11.008068,802,491
13068,2025-01-18 17:17:11.008068,802,553
13069,2025-01-18 17:17:11.008068,802,489
13070,2025-01-18 17:17:11.008068,802,362
13071,2025-01-18 17:17:11.008068,802,598
13072,2025-01-18 17:17:11.008068,802,451
13073,2025-01-18 17:17:11.008068,802,550
13074,2025-01-18 17:17:11.008068,802,656
13075,2025-01-18 17:17:11.008068,802,270
13076,2025-01-18 17:17:11.008068,802,369
13077,2025-01-18 17:17:11.008068,802,289
13078,2025-01-18 17:17:11.008068,802,629
13079,2025-01-18 17:17:11.008068,802,240
13080,2025-01-18 17:17:11.008068,802,518
13081,2025-01-18 17:17:11.008068,802,353
13082,2025-01-18 17:17:11.008068,802,474
13083,2025-01-18 17:17:11.008068,802,263
13084,2025-01-18 17:17:11.008068,803,333
13085,2025-01-18 17:17:11.008068,803,477
13086,2025-01-18 17:17:11.008068,803,374
13087,2025-01-18 17:17:11.008068,803,283
13088,2025-01-18 17:17:11.008068,803,400
13089,2025-01-18 17:17:11.008068,803,281
13090,2025-01-18 17:17:11.008068,803,480
13091,2025-01-18 17:17:11.008068,803,213
13092,2025-01-18 17:17:11.008068,803,223
13093,2025-01-18 17:17:11.008068,803,309
13094,2025-01-18 17:17:11.008068,803,409
13095,2025-01-18 17:17:11.008068,803,214
13096,2025-01-18 17:17:11.008068,803,513
13097,2025-01-18 17:17:11.008068,803,453
13098,2025-01-18 17:17:11.008068,803,408
13099,2025-01-18 17:17:11.008068,804,309
13100,2025-01-18 17:17:11.008068,804,196
13101,2025-01-18 17:17:11.008068,804,604
13102,2025-01-18 17:17:11.008068,804,623
13103,2025-01-18 17:17:11.008068,804,459
13104,2025-01-18 17:17:11.008068,804,625
13105,2025-01-18 17:17:11.008068,804,220
13106,2025-01-18 17:17:11.008068,804,518
13107,2025-01-18 17:17:11.008068,804,448
13108,2025-01-18 17:17:11.008068,804,239
13109,2025-01-18 17:17:11.009066,804,542
13110,2025-01-18 17:17:11.009066,805,230
13111,2025-01-18 17:17:11.009066,805,394
13112,2025-01-18 17:17:11.009066,805,228
13113,2025-01-18 17:17:11.009066,805,237
13114,2025-01-18 17:17:11.009066,805,605
13115,2025-01-18 17:17:11.009066,805,287
13116,2025-01-18 17:17:11.009066,805,587
13117,2025-01-18 17:17:11.009066,805,245
13118,2025-01-18 17:17:11.009066,805,505
13119,2025-01-18 17:17:11.009066,805,202
13120,2025-01-18 17:17:11.009066,805,631
13121,2025-01-18 17:17:11.009066,805,464
13122,2025-01-18 17:17:11.009066,805,399
13123,2025-01-18 17:17:11.009066,805,574
13124,2025-01-18 17:17:11.009066,805,276
13125,2025-01-18 17:17:11.009066,805,290
13126,2025-01-18 17:17:11.009066,805,594
13127,2025-01-18 17:17:11.009066,805,418
13128,2025-01-18 17:17:11.010064,805,395
13129,2025-01-18 17:17:11.010064,806,389
13130,2025-01-18 17:17:11.010064,806,323
13131,2025-01-18 17:17:11.010064,806,643
13132,2025-01-18 17:17:11.010064,806,557
13133,2025-01-18 17:17:11.010064,806,628
13134,2025-01-18 17:17:11.010064,806,424
13135,2025-01-18 17:17:11.010064,806,650
13136,2025-01-18 17:17:11.010064,806,339
13137,2025-01-18 17:17:11.010064,806,604
13138,2025-01-18 17:17:11.010064,806,234
13139,2025-01-18 17:17:11.010064,807,315
13140,2025-01-18 17:17:11.010064,807,326
13141,2025-01-18 17:17:11.010064,807,290
13142,2025-01-18 17:17:11.010064,807,626
13143,2025-01-18 17:17:11.010064,807,587
13144,2025-01-18 17:17:11.010064,807,623
13145,2025-01-18 17:17:11.010064,807,382
13146,2025-01-18 17:17:11.010064,807,369
13147,2025-01-18 17:17:11.010064,807,426
13148,2025-01-18 17:17:11.010064,807,293
13149,2025-01-18 17:17:11.010064,807,521
13150,2025-01-18 17:17:11.010064,807,318
13151,2025-01-18 17:17:11.010064,807,641
13152,2025-01-18 17:17:11.010064,807,296
13153,2025-01-18 17:17:11.010064,808,278
13154,2025-01-18 17:17:11.010064,808,622
13155,2025-01-18 17:17:11.010064,808,537
13156,2025-01-18 17:17:11.010064,808,569
13157,2025-01-18 17:17:11.010064,808,611
13158,2025-01-18 17:17:11.010064,808,393
13159,2025-01-18 17:17:11.010064,808,456
13160,2025-01-18 17:17:11.010064,808,561
13161,2025-01-18 17:17:11.010064,808,274
13162,2025-01-18 17:17:11.010064,808,575
13163,2025-01-18 17:17:11.010064,808,458
13164,2025-01-18 17:17:11.010064,808,601
13165,2025-01-18 17:17:11.010064,809,440
13166,2025-01-18 17:17:11.010064,809,212
13167,2025-01-18 17:17:11.010064,809,651
13168,2025-01-18 17:17:11.010064,809,598
13169,2025-01-18 17:17:11.010064,809,557
13170,2025-01-18 17:17:11.010064,809,560
13171,2025-01-18 17:17:11.010064,809,508
13172,2025-01-18 17:17:11.010064,809,576
13173,2025-01-18 17:17:11.010064,809,467
13174,2025-01-18 17:17:11.010064,809,422
13175,2025-01-18 17:17:11.010064,809,579
13176,2025-01-18 17:17:11.010064,810,526
13177,2025-01-18 17:17:11.010064,810,438
13178,2025-01-18 17:17:11.010064,810,598
13179,2025-01-18 17:17:11.010064,810,547
13180,2025-01-18 17:17:11.010064,810,212
13181,2025-01-18 17:17:11.010064,810,272
13182,2025-01-18 17:17:11.010064,810,285
13183,2025-01-18 17:17:11.010064,810,563
13184,2025-01-18 17:17:11.010064,810,293
13185,2025-01-18 17:17:11.010064,810,660
13186,2025-01-18 17:17:11.010064,810,305
13187,2025-01-18 17:17:11.010064,810,309
13188,2025-01-18 17:17:11.010064,811,437
13189,2025-01-18 17:17:11.010064,811,504
13190,2025-01-18 17:17:11.010064,811,359
13191,2025-01-18 17:17:11.010064,811,642
13192,2025-01-18 17:17:11.010064,811,571
13193,2025-01-18 17:17:11.010064,811,341
13194,2025-01-18 17:17:11.010064,811,305
13195,2025-01-18 17:17:11.010064,811,249
13196,2025-01-18 17:17:11.010064,811,489
13197,2025-01-18 17:17:11.010064,811,344
13198,2025-01-18 17:17:11.010064,812,390
13199,2025-01-18 17:17:11.010064,812,592
13200,2025-01-18 17:17:11.010064,812,458
13201,2025-01-18 17:17:11.010064,812,373
13202,2025-01-18 17:17:11.010064,812,608
13203,2025-01-18 17:17:11.010064,812,470
13204,2025-01-18 17:17:11.010064,812,623
13205,2025-01-18 17:17:11.010064,812,493
13206,2025-01-18 17:17:11.010064,812,291
13207,2025-01-18 17:17:11.010064,812,611
13208,2025-01-18 17:17:11.010064,812,237
13209,2025-01-18 17:17:11.010064,812,216
13210,2025-01-18 17:17:11.010064,812,353
13211,2025-01-18 17:17:11.010064,813,224
13212,2025-01-18 17:17:11.010064,813,200
13213,2025-01-18 17:17:11.010064,813,620
13214,2025-01-18 17:17:11.010064,813,325
13215,2025-01-18 17:17:11.010064,813,293
13216,2025-01-18 17:17:11.010064,813,511
13217,2025-01-18 17:17:11.010064,813,385
13218,2025-01-18 17:17:11.010064,813,431
13219,2025-01-18 17:17:11.010064,813,352
13220,2025-01-18 17:17:11.010064,813,310
13221,2025-01-18 17:17:11.010064,813,277
13222,2025-01-18 17:17:11.010064,813,306
13223,2025-01-18 17:17:11.010064,813,232
13224,2025-01-18 17:17:11.011093,813,204
13225,2025-01-18 17:17:11.011093,813,634
13226,2025-01-18 17:17:11.011093,813,290
13227,2025-01-18 17:17:11.011093,814,432
13228,2025-01-18 17:17:11.011093,814,349
13229,2025-01-18 17:17:11.011093,814,285
13230,2025-01-18 17:17:11.011093,814,580
13231,2025-01-18 17:17:11.016047,814,306
13232,2025-01-18 17:17:11.016047,814,617
13233,2025-01-18 17:17:11.016047,814,352
13234,2025-01-18 17:17:11.016047,814,514
13235,2025-01-18 17:17:11.016047,814,563
13236,2025-01-18 17:17:11.016047,814,622
13237,2025-01-18 17:17:11.016047,815,327
13238,2025-01-18 17:17:11.016047,815,343
13239,2025-01-18 17:17:11.016047,815,556
13240,2025-01-18 17:17:11.016047,815,611
13241,2025-01-18 17:17:11.016047,815,469
13242,2025-01-18 17:17:11.016047,815,226
13243,2025-01-18 17:17:11.016047,815,400
13244,2025-01-18 17:17:11.016047,815,609
13245,2025-01-18 17:17:11.016047,815,472
13246,2025-01-18 17:17:11.016047,815,523
13247,2025-01-18 17:17:11.016047,815,282
13248,2025-01-18 17:17:11.016047,815,491
13249,2025-01-18 17:17:11.016047,815,485
13250,2025-01-18 17:17:11.016047,815,467
13251,2025-01-18 17:17:11.016047,815,433
13252,2025-01-18 17:17:11.016047,815,539
13253,2025-01-18 17:17:11.016047,815,555
13254,2025-01-18 17:17:11.016047,816,562
13255,2025-01-18 17:17:11.016047,816,450
13256,2025-01-18 17:17:11.016047,816,286
13257,2025-01-18 17:17:11.016047,816,222
13258,2025-01-18 17:17:11.016047,816,588
13259,2025-01-18 17:17:11.016047,816,494
13260,2025-01-18 17:17:11.016047,816,233
13261,2025-01-18 17:17:11.016047,816,303
13262,2025-01-18 17:17:11.016047,816,326
13263,2025-01-18 17:17:11.016047,816,333
13264,2025-01-18 17:17:11.016047,816,645
13265,2025-01-18 17:17:11.016047,816,520
13266,2025-01-18 17:17:11.016047,817,656
13267,2025-01-18 17:17:11.016047,817,237
13268,2025-01-18 17:17:11.016047,817,443
13269,2025-01-18 17:17:11.016047,817,485
13270,2025-01-18 17:17:11.016047,817,613
13271,2025-01-18 17:17:11.016047,817,343
13272,2025-01-18 17:17:11.016047,817,408
13273,2025-01-18 17:17:11.016047,817,518
13274,2025-01-18 17:17:11.016047,817,409
13275,2025-01-18 17:17:11.016047,817,533
13276,2025-01-18 17:17:11.016047,817,276
13277,2025-01-18 17:17:11.016047,817,327
13278,2025-01-18 17:17:11.016047,817,430
13279,2025-01-18 17:17:11.016047,817,554
13280,2025-01-18 17:17:11.016047,817,454
13281,2025-01-18 17:17:11.016047,817,569
13282,2025-01-18 17:17:11.016047,818,607
13283,2025-01-18 17:17:11.016047,818,499
13284,2025-01-18 17:17:11.016047,818,570
13285,2025-01-18 17:17:11.016047,818,318
13286,2025-01-18 17:17:11.016047,818,258
13287,2025-01-18 17:17:11.016047,818,358
13288,2025-01-18 17:17:11.016047,818,439
13289,2025-01-18 17:17:11.016047,818,559
13290,2025-01-18 17:17:11.016047,818,196
13291,2025-01-18 17:17:11.016047,818,511
13292,2025-01-18 17:17:11.016047,818,283
13293,2025-01-18 17:17:11.016047,818,528
13294,2025-01-18 17:17:11.016047,818,288
13295,2025-01-18 17:17:11.016047,818,534
13296,2025-01-18 17:17:11.016047,818,636
13297,2025-01-18 17:17:11.016047,818,305
13298,2025-01-18 17:17:11.016047,818,298
13299,2025-01-18 17:17:11.016047,818,282
13300,2025-01-18 17:17:11.016047,818,658
13301,2025-01-18 17:17:11.016047,818,329
13302,2025-01-18 17:17:11.016047,819,453
13303,2025-01-18 17:17:11.016047,819,249
13304,2025-01-18 17:17:11.016047,819,419
13305,2025-01-18 17:17:11.016047,819,377
13306,2025-01-18 17:17:11.016047,819,608
13307,2025-01-18 17:17:11.016047,819,286
13308,2025-01-18 17:17:11.016047,819,450
13309,2025-01-18 17:17:11.016047,819,375
13310,2025-01-18 17:17:11.016047,819,585
13311,2025-01-18 17:17:11.016047,819,525
13312,2025-01-18 17:17:11.016047,819,284
13313,2025-01-18 17:17:11.016047,819,534
13314,2025-01-18 17:17:11.016047,819,247
13315,2025-01-18 17:17:11.017044,819,240
13316,2025-01-18 17:17:11.017044,819,321
13317,2025-01-18 17:17:11.017044,819,263
13318,2025-01-18 17:17:11.017044,820,335
13319,2025-01-18 17:17:11.017044,820,615
13320,2025-01-18 17:17:11.017044,820,361
13321,2025-01-18 17:17:11.017044,820,305
13322,2025-01-18 17:17:11.017044,820,473
13323,2025-01-18 17:17:11.017044,820,207
13324,2025-01-18 17:17:11.017044,820,431
13325,2025-01-18 17:17:11.017044,820,535
13326,2025-01-18 17:17:11.017044,820,226
13327,2025-01-18 17:17:11.017044,820,533
13328,2025-01-18 17:17:11.017044,820,224
13329,2025-01-18 17:17:11.017044,820,444
13330,2025-01-18 17:17:11.017044,820,311
13331,2025-01-18 17:17:11.017044,820,242
13332,2025-01-18 17:17:11.017044,820,338
13333,2025-01-18 17:17:11.017044,821,592
13334,2025-01-18 17:17:11.017044,821,242
13335,2025-01-18 17:17:11.017044,821,486
13336,2025-01-18 17:17:11.017044,821,210
13337,2025-01-18 17:17:11.017044,821,645
13338,2025-01-18 17:17:11.017044,821,389
13339,2025-01-18 17:17:11.017044,821,199
13340,2025-01-18 17:17:11.017044,821,274
13341,2025-01-18 17:17:11.017044,821,382
13342,2025-01-18 17:17:11.017044,821,509
13343,2025-01-18 17:17:11.017044,821,660
13344,2025-01-18 17:17:11.017044,821,454
13345,2025-01-18 17:17:11.017044,821,335
13346,2025-01-18 17:17:11.017044,821,283
13347,2025-01-18 17:17:11.017044,821,349
13348,2025-01-18 17:17:11.017044,821,554
13349,2025-01-18 17:17:11.017044,821,456
13350,2025-01-18 17:17:11.017044,821,651
13351,2025-01-18 17:17:11.017044,821,534
13352,2025-01-18 17:17:11.017044,822,596
13353,2025-01-18 17:17:11.017044,822,476
13354,2025-01-18 17:17:11.017044,822,379
13355,2025-01-18 17:17:11.017044,822,635
13356,2025-01-18 17:17:11.017044,822,510
13357,2025-01-18 17:17:11.017044,822,659
13358,2025-01-18 17:17:11.017044,822,616
13359,2025-01-18 17:17:11.017044,822,365
13360,2025-01-18 17:17:11.017044,822,565
13361,2025-01-18 17:17:11.017044,822,653
13362,2025-01-18 17:17:11.017044,822,232
13363,2025-01-18 17:17:11.017044,823,514
13364,2025-01-18 17:17:11.017044,823,446
13365,2025-01-18 17:17:11.017044,823,429
13366,2025-01-18 17:17:11.017044,823,257
13367,2025-01-18 17:17:11.017044,823,238
13368,2025-01-18 17:17:11.017044,823,519
13369,2025-01-18 17:17:11.017044,823,287
13370,2025-01-18 17:17:11.017044,823,546
13371,2025-01-18 17:17:11.017044,823,441
13372,2025-01-18 17:17:11.017044,823,249
13373,2025-01-18 17:17:11.017044,823,577
13374,2025-01-18 17:17:11.017044,823,302
13375,2025-01-18 17:17:11.017044,824,644
13376,2025-01-18 17:17:11.017044,824,441
13377,2025-01-18 17:17:11.017044,824,347
13378,2025-01-18 17:17:11.017044,824,275
13379,2025-01-18 17:17:11.017044,824,336
13380,2025-01-18 17:17:11.017044,824,506
13381,2025-01-18 17:17:11.017044,824,558
13382,2025-01-18 17:17:11.017044,824,395
13383,2025-01-18 17:17:11.017044,824,215
13384,2025-01-18 17:17:11.017044,824,519
13385,2025-01-18 17:17:11.017044,824,599
13386,2025-01-18 17:17:11.017044,824,323
13387,2025-01-18 17:17:11.017044,824,641
13388,2025-01-18 17:17:11.017044,824,522
13389,2025-01-18 17:17:11.017044,824,327
13390,2025-01-18 17:17:11.017044,824,634
13391,2025-01-18 17:17:11.017044,825,664
13392,2025-01-18 17:17:11.017044,825,307
13393,2025-01-18 17:17:11.017044,825,297
13394,2025-01-18 17:17:11.017044,825,583
13395,2025-01-18 17:17:11.017044,825,334
13396,2025-01-18 17:17:11.017044,825,359
13397,2025-01-18 17:17:11.017044,825,427
13398,2025-01-18 17:17:11.017044,825,279
13399,2025-01-18 17:17:11.017044,825,254
13400,2025-01-18 17:17:11.017044,825,394
13401,2025-01-18 17:17:11.017044,825,310
13402,2025-01-18 17:17:11.017044,825,501
13403,2025-01-18 17:17:11.017044,825,316
13404,2025-01-18 17:17:11.017044,825,262
13405,2025-01-18 17:17:11.017044,826,413
13406,2025-01-18 17:17:11.017044,826,355
13407,2025-01-18 17:17:11.017044,826,300
13408,2025-01-18 17:17:11.017044,826,227
13409,2025-01-18 17:17:11.017044,826,200
13410,2025-01-18 17:17:11.017044,826,339
13411,2025-01-18 17:17:11.017044,826,450
13412,2025-01-18 17:17:11.017044,826,357
13413,2025-01-18 17:17:11.017044,826,477
13414,2025-01-18 17:17:11.018069,826,216
13415,2025-01-18 17:17:11.018069,826,480
13416,2025-01-18 17:17:11.018069,826,369
13417,2025-01-18 17:17:11.018069,826,229
13418,2025-01-18 17:17:11.018069,826,244
13419,2025-01-18 17:17:11.018069,826,478
13420,2025-01-18 17:17:11.018069,826,311
13421,2025-01-18 17:17:11.018069,826,624
13422,2025-01-18 17:17:11.018069,826,657
13423,2025-01-18 17:17:11.018069,827,391
13424,2025-01-18 17:17:11.018069,827,314
13425,2025-01-18 17:17:11.018069,827,601
13426,2025-01-18 17:17:11.018069,827,250
13427,2025-01-18 17:17:11.018069,827,417
13428,2025-01-18 17:17:11.018069,827,210
13429,2025-01-18 17:17:11.018069,827,527
13430,2025-01-18 17:17:11.018069,827,204
13431,2025-01-18 17:17:11.018069,827,659
13432,2025-01-18 17:17:11.018069,827,613
13433,2025-01-18 17:17:11.018069,828,352
13434,2025-01-18 17:17:11.018069,828,392
13435,2025-01-18 17:17:11.018069,828,222
13436,2025-01-18 17:17:11.018069,828,196
13437,2025-01-18 17:17:11.018069,828,443
13438,2025-01-18 17:17:11.018069,828,654
13439,2025-01-18 17:17:11.018069,828,318
13440,2025-01-18 17:17:11.018069,828,533
13441,2025-01-18 17:17:11.018069,828,432
13442,2025-01-18 17:17:11.018069,828,550
13443,2025-01-18 17:17:11.018069,828,251
13444,2025-01-18 17:17:11.018069,828,234
13445,2025-01-18 17:17:11.018069,828,379
13446,2025-01-18 17:17:11.018069,828,505
13447,2025-01-18 17:17:11.018069,828,536
13448,2025-01-18 17:17:11.018069,828,363
13449,2025-01-18 17:17:11.018069,828,267
13450,2025-01-18 17:17:11.018069,828,208
13451,2025-01-18 17:17:11.018069,828,429
13452,2025-01-18 17:17:11.018069,829,589
13453,2025-01-18 17:17:11.018069,829,514
13454,2025-01-18 17:17:11.018069,829,608
13455,2025-01-18 17:17:11.018069,829,241
13456,2025-01-18 17:17:11.018069,829,314
13457,2025-01-18 17:17:11.018069,829,242
13458,2025-01-18 17:17:11.018069,829,643
13459,2025-01-18 17:17:11.018069,829,321
13460,2025-01-18 17:17:11.018069,829,432
13461,2025-01-18 17:17:11.018069,829,311
13462,2025-01-18 17:17:11.018069,829,474
13463,2025-01-18 17:17:11.018069,829,267
13464,2025-01-18 17:17:11.018069,829,325
13465,2025-01-18 17:17:11.018069,829,646
13466,2025-01-18 17:17:11.018069,829,576
13467,2025-01-18 17:17:11.018069,829,237
13468,2025-01-18 17:17:11.018069,829,362
13469,2025-01-18 17:17:11.018069,829,543
13470,2025-01-18 17:17:11.018069,830,357
13471,2025-01-18 17:17:11.018069,830,279
13472,2025-01-18 17:17:11.018069,830,607
13473,2025-01-18 17:17:11.018069,830,227
13474,2025-01-18 17:17:11.018069,830,521
13475,2025-01-18 17:17:11.018069,830,413
13476,2025-01-18 17:17:11.018069,830,386
13477,2025-01-18 17:17:11.018069,830,426
13478,2025-01-18 17:17:11.018069,830,624
13479,2025-01-18 17:17:11.018069,830,543
13480,2025-01-18 17:17:11.018069,830,637
13481,2025-01-18 17:17:11.018069,830,602
13482,2025-01-18 17:17:11.018069,831,201
13483,2025-01-18 17:17:11.018069,831,541
13484,2025-01-18 17:17:11.018069,831,580
13485,2025-01-18 17:17:11.018069,831,547
13486,2025-01-18 17:17:11.018069,831,198
13487,2025-01-18 17:17:11.018069,831,540
13488,2025-01-18 17:17:11.018069,831,344
13489,2025-01-18 17:17:11.018069,831,605
13490,2025-01-18 17:17:11.018069,831,406
13491,2025-01-18 17:17:11.018069,831,364
13492,2025-01-18 17:17:11.018069,831,464
13493,2025-01-18 17:17:11.018069,831,444
13494,2025-01-18 17:17:11.018069,831,279
13495,2025-01-18 17:17:11.018069,831,606
13496,2025-01-18 17:17:11.018069,831,211
13497,2025-01-18 17:17:11.018069,831,642
13498,2025-01-18 17:17:11.018069,831,630
13499,2025-01-18 17:17:11.018069,831,510
13500,2025-01-18 17:17:11.018069,832,368
13501,2025-01-18 17:17:11.018069,832,231
13502,2025-01-18 17:17:11.018069,832,448
13503,2025-01-18 17:17:11.018069,832,488
13504,2025-01-18 17:17:11.018069,832,460
13505,2025-01-18 17:17:11.018069,832,437
13506,2025-01-18 17:17:11.018069,832,214
13507,2025-01-18 17:17:11.018069,832,254
13508,2025-01-18 17:17:11.018069,832,415
13509,2025-01-18 17:17:11.018069,832,469
13510,2025-01-18 17:17:11.018069,832,553
13511,2025-01-18 17:17:11.018069,832,645
13512,2025-01-18 17:17:11.019064,832,225
13513,2025-01-18 17:17:11.019064,832,639
13514,2025-01-18 17:17:11.019064,833,228
13515,2025-01-18 17:17:11.019064,833,272
13516,2025-01-18 17:17:11.019064,833,318
13517,2025-01-18 17:17:11.019064,833,414
13518,2025-01-18 17:17:11.019064,833,527
13519,2025-01-18 17:17:11.019064,833,286
13520,2025-01-18 17:17:11.019064,833,528
13521,2025-01-18 17:17:11.019064,833,495
13522,2025-01-18 17:17:11.019064,833,380
13523,2025-01-18 17:17:11.019064,833,201
13524,2025-01-18 17:17:11.019064,833,582
13525,2025-01-18 17:17:11.019064,834,499
13526,2025-01-18 17:17:11.019064,834,386
13527,2025-01-18 17:17:11.019064,834,222
13528,2025-01-18 17:17:11.019064,834,634
13529,2025-01-18 17:17:11.019064,834,474
13530,2025-01-18 17:17:11.019064,834,292
13531,2025-01-18 17:17:11.019064,834,268
13532,2025-01-18 17:17:11.019064,834,383
13533,2025-01-18 17:17:11.019064,834,284
13534,2025-01-18 17:17:11.019064,834,286
13535,2025-01-18 17:17:11.019064,834,394
13536,2025-01-18 17:17:11.019064,834,354
13537,2025-01-18 17:17:11.019064,834,367
13538,2025-01-18 17:17:11.019064,834,363
13539,2025-01-18 17:17:11.019064,834,574
13540,2025-01-18 17:17:11.019064,834,542
13541,2025-01-18 17:17:11.019064,834,517
13542,2025-01-18 17:17:11.019064,834,442
13543,2025-01-18 17:17:11.019064,834,650
13544,2025-01-18 17:17:11.019064,835,233
13545,2025-01-18 17:17:11.019064,835,472
13546,2025-01-18 17:17:11.019064,835,441
13547,2025-01-18 17:17:11.019064,835,473
13548,2025-01-18 17:17:11.019064,835,296
13549,2025-01-18 17:17:11.019064,835,558
13550,2025-01-18 17:17:11.019064,835,232
13551,2025-01-18 17:17:11.019064,835,639
13552,2025-01-18 17:17:11.019064,835,609
13553,2025-01-18 17:17:11.019064,835,577
13554,2025-01-18 17:17:11.019064,835,565
13555,2025-01-18 17:17:11.019064,835,280
13556,2025-01-18 17:17:11.019064,835,485
13557,2025-01-18 17:17:11.019064,835,358
13558,2025-01-18 17:17:11.019064,835,375
13559,2025-01-18 17:17:11.019064,835,218
13560,2025-01-18 17:17:11.019064,836,272
13561,2025-01-18 17:17:11.019064,836,239
13562,2025-01-18 17:17:11.019064,836,365
13563,2025-01-18 17:17:11.019064,836,250
13564,2025-01-18 17:17:11.024061,836,557
13565,2025-01-18 17:17:11.024061,836,555
13566,2025-01-18 17:17:11.024061,836,496
13567,2025-01-18 17:17:11.024061,836,605
13568,2025-01-18 17:17:11.024061,836,438
13569,2025-01-18 17:17:11.024061,836,639
13570,2025-01-18 17:17:11.024061,836,325
13571,2025-01-18 17:17:11.024061,836,426
13572,2025-01-18 17:17:11.024061,836,540
13573,2025-01-18 17:17:11.024061,836,260
13574,2025-01-18 17:17:11.024061,836,313
13575,2025-01-18 17:17:11.024061,836,575
13576,2025-01-18 17:17:11.024061,836,224
13577,2025-01-18 17:17:11.024061,836,576
13578,2025-01-18 17:17:11.024061,837,430
13579,2025-01-18 17:17:11.024061,837,506
13580,2025-01-18 17:17:11.024061,837,508
13581,2025-01-18 17:17:11.024061,837,452
13582,2025-01-18 17:17:11.024061,837,663
13583,2025-01-18 17:17:11.024061,837,453
13584,2025-01-18 17:17:11.024061,837,420
13585,2025-01-18 17:17:11.024061,837,361
13586,2025-01-18 17:17:11.024061,837,653
13587,2025-01-18 17:17:11.024061,837,421
13588,2025-01-18 17:17:11.024061,837,539
13589,2025-01-18 17:17:11.024061,838,578
13590,2025-01-18 17:17:11.024061,838,285
13591,2025-01-18 17:17:11.024061,838,233
13592,2025-01-18 17:17:11.024061,838,587
13593,2025-01-18 17:17:11.024061,838,297
13594,2025-01-18 17:17:11.024061,838,622
13595,2025-01-18 17:17:11.024061,838,215
13596,2025-01-18 17:17:11.024061,838,255
13597,2025-01-18 17:17:11.024061,838,352
13598,2025-01-18 17:17:11.024061,838,386
13599,2025-01-18 17:17:11.024061,838,363
13600,2025-01-18 17:17:11.024061,838,434
13601,2025-01-18 17:17:11.024061,838,228
13602,2025-01-18 17:17:11.024061,838,341
13603,2025-01-18 17:17:11.024061,838,473
13604,2025-01-18 17:17:11.024061,838,355
13605,2025-01-18 17:17:11.024061,838,647
13606,2025-01-18 17:17:11.024061,838,667
13607,2025-01-18 17:17:11.024061,838,291
13608,2025-01-18 17:17:11.024061,838,299
13609,2025-01-18 17:17:11.024061,839,198
13610,2025-01-18 17:17:11.024061,839,318
13611,2025-01-18 17:17:11.024061,839,332
13612,2025-01-18 17:17:11.024061,839,236
13613,2025-01-18 17:17:11.024061,839,459
13614,2025-01-18 17:17:11.024061,839,532
13615,2025-01-18 17:17:11.024061,839,510
13616,2025-01-18 17:17:11.024061,839,428
13617,2025-01-18 17:17:11.024061,839,322
13618,2025-01-18 17:17:11.024061,839,533
13619,2025-01-18 17:17:11.024061,839,461
13620,2025-01-18 17:17:11.024061,839,576
13621,2025-01-18 17:17:11.024061,839,280
13622,2025-01-18 17:17:11.024061,840,376
13623,2025-01-18 17:17:11.024061,840,364
13624,2025-01-18 17:17:11.024061,840,286
13625,2025-01-18 17:17:11.024061,840,195
13626,2025-01-18 17:17:11.024061,840,558
13627,2025-01-18 17:17:11.024061,840,259
13628,2025-01-18 17:17:11.024061,840,194
13629,2025-01-18 17:17:11.024061,840,200
13630,2025-01-18 17:17:11.024061,840,489
13631,2025-01-18 17:17:11.024061,840,249
13632,2025-01-18 17:17:11.024061,840,578
13633,2025-01-18 17:17:11.024061,840,270
13634,2025-01-18 17:17:11.024061,840,407
13635,2025-01-18 17:17:11.024061,840,385
13636,2025-01-18 17:17:11.024061,840,365
13637,2025-01-18 17:17:11.024061,840,251
13638,2025-01-18 17:17:11.024061,840,544
13639,2025-01-18 17:17:11.024061,841,628
13640,2025-01-18 17:17:11.024061,841,403
13641,2025-01-18 17:17:11.024061,841,414
13642,2025-01-18 17:17:11.024061,841,618
13643,2025-01-18 17:17:11.024061,841,443
13644,2025-01-18 17:17:11.024061,841,234
13645,2025-01-18 17:17:11.024061,841,539
13646,2025-01-18 17:17:11.024061,841,545
13647,2025-01-18 17:17:11.024061,841,311
13648,2025-01-18 17:17:11.024061,841,268
13649,2025-01-18 17:17:11.024061,841,498
13650,2025-01-18 17:17:11.024061,841,437
13651,2025-01-18 17:17:11.024061,841,565
13652,2025-01-18 17:17:11.024061,841,540
13653,2025-01-18 17:17:11.024061,841,662
13654,2025-01-18 17:17:11.024061,841,627
13655,2025-01-18 17:17:11.024061,842,494
13656,2025-01-18 17:17:11.025024,842,229
13657,2025-01-18 17:17:11.025024,842,656
13658,2025-01-18 17:17:11.025024,842,604
13659,2025-01-18 17:17:11.025024,842,424
13660,2025-01-18 17:17:11.025024,842,523
13661,2025-01-18 17:17:11.025024,842,567
13662,2025-01-18 17:17:11.025024,842,395
13663,2025-01-18 17:17:11.025024,842,654
13664,2025-01-18 17:17:11.025024,842,492
13665,2025-01-18 17:17:11.025024,842,530
13666,2025-01-18 17:17:11.025024,843,391
13667,2025-01-18 17:17:11.025024,843,352
13668,2025-01-18 17:17:11.025024,843,260
13669,2025-01-18 17:17:11.025024,843,526
13670,2025-01-18 17:17:11.025024,843,372
13671,2025-01-18 17:17:11.025024,843,251
13672,2025-01-18 17:17:11.025024,843,261
13673,2025-01-18 17:17:11.025024,843,560
13674,2025-01-18 17:17:11.025024,843,655
13675,2025-01-18 17:17:11.025024,843,374
13676,2025-01-18 17:17:11.025024,843,608
13677,2025-01-18 17:17:11.025024,843,306
13678,2025-01-18 17:17:11.025024,844,364
13679,2025-01-18 17:17:11.025024,844,403
13680,2025-01-18 17:17:11.025024,844,436
13681,2025-01-18 17:17:11.025024,844,316
13682,2025-01-18 17:17:11.025024,844,487
13683,2025-01-18 17:17:11.025024,844,627
13684,2025-01-18 17:17:11.025024,844,606
13685,2025-01-18 17:17:11.025024,844,369
13686,2025-01-18 17:17:11.025024,844,642
13687,2025-01-18 17:17:11.025024,844,662
13688,2025-01-18 17:17:11.025024,844,621
13689,2025-01-18 17:17:11.025024,844,415
13690,2025-01-18 17:17:11.025024,845,342
13691,2025-01-18 17:17:11.025024,845,550
13692,2025-01-18 17:17:11.025024,845,586
13693,2025-01-18 17:17:11.025024,845,437
13694,2025-01-18 17:17:11.026023,845,262
13695,2025-01-18 17:17:11.026023,845,231
13696,2025-01-18 17:17:11.026023,845,336
13697,2025-01-18 17:17:11.026023,845,230
13698,2025-01-18 17:17:11.026023,845,236
13699,2025-01-18 17:17:11.026023,845,232
13700,2025-01-18 17:17:11.026023,845,195
13701,2025-01-18 17:17:11.026023,845,411
13702,2025-01-18 17:17:11.026023,845,362
13703,2025-01-18 17:17:11.026023,845,254
13704,2025-01-18 17:17:11.026023,846,304
13705,2025-01-18 17:17:11.026023,846,237
13706,2025-01-18 17:17:11.026023,846,442
13707,2025-01-18 17:17:11.026023,846,387
13708,2025-01-18 17:17:11.026023,846,437
13709,2025-01-18 17:17:11.026023,846,408
13710,2025-01-18 17:17:11.026023,846,493
13711,2025-01-18 17:17:11.026023,846,238
13712,2025-01-18 17:17:11.026023,846,576
13713,2025-01-18 17:17:11.026023,846,348
13714,2025-01-18 17:17:11.026023,846,203
13715,2025-01-18 17:17:11.026023,846,300
13716,2025-01-18 17:17:11.026023,847,341
13717,2025-01-18 17:17:11.026023,847,240
13718,2025-01-18 17:17:11.026023,847,335
13719,2025-01-18 17:17:11.026023,847,582
13720,2025-01-18 17:17:11.026023,847,307
13721,2025-01-18 17:17:11.026023,847,353
13722,2025-01-18 17:17:11.026023,847,622
13723,2025-01-18 17:17:11.026023,847,386
13724,2025-01-18 17:17:11.026023,847,480
13725,2025-01-18 17:17:11.026023,847,657
13726,2025-01-18 17:17:11.026023,847,638
13727,2025-01-18 17:17:11.026023,847,283
13728,2025-01-18 17:17:11.026023,847,295
13729,2025-01-18 17:17:11.026023,847,272
13730,2025-01-18 17:17:11.026023,847,197
13731,2025-01-18 17:17:11.026023,847,288
13732,2025-01-18 17:17:11.026023,848,502
13733,2025-01-18 17:17:11.026023,848,220
13734,2025-01-18 17:17:11.026023,848,405
13735,2025-01-18 17:17:11.026023,848,322
13736,2025-01-18 17:17:11.026023,848,308
13737,2025-01-18 17:17:11.026023,848,417
13738,2025-01-18 17:17:11.026023,848,569
13739,2025-01-18 17:17:11.026023,848,541
13740,2025-01-18 17:17:11.026023,848,327
13741,2025-01-18 17:17:11.026023,848,561
13742,2025-01-18 17:17:11.026023,848,439
13743,2025-01-18 17:17:11.026023,848,480
13744,2025-01-18 17:17:11.026023,848,659
13745,2025-01-18 17:17:11.026023,848,548
13746,2025-01-18 17:17:11.026023,848,288
13747,2025-01-18 17:17:11.026023,848,582
13748,2025-01-18 17:17:11.026023,848,233
13749,2025-01-18 17:17:11.027018,848,617
13750,2025-01-18 17:17:11.027018,848,210
13751,2025-01-18 17:17:11.027018,848,307
13752,2025-01-18 17:17:11.027018,849,239
13753,2025-01-18 17:17:11.027018,849,242
13754,2025-01-18 17:17:11.027018,849,277
13755,2025-01-18 17:17:11.027018,849,533
13756,2025-01-18 17:17:11.027018,849,344
13757,2025-01-18 17:17:11.027018,849,549
13758,2025-01-18 17:17:11.027018,849,631
13759,2025-01-18 17:17:11.027018,849,314
13760,2025-01-18 17:17:11.027018,849,653
13761,2025-01-18 17:17:11.027018,849,623
13762,2025-01-18 17:17:11.027018,849,236
13763,2025-01-18 17:17:11.027018,849,493
13764,2025-01-18 17:17:11.027018,849,246
13765,2025-01-18 17:17:11.027018,849,319
13766,2025-01-18 17:17:11.027018,849,306
13767,2025-01-18 17:17:11.027018,849,259
13768,2025-01-18 17:17:11.027018,849,620
13769,2025-01-18 17:17:11.027018,850,348
13770,2025-01-18 17:17:11.027018,850,286
13771,2025-01-18 17:17:11.027018,850,466
13772,2025-01-18 17:17:11.027018,850,261
13773,2025-01-18 17:17:11.027018,850,386
13774,2025-01-18 17:17:11.027018,850,546
13775,2025-01-18 17:17:11.027018,850,250
13776,2025-01-18 17:17:11.027018,850,643
13777,2025-01-18 17:17:11.027018,850,587
13778,2025-01-18 17:17:11.027018,850,474
13779,2025-01-18 17:17:11.027018,851,275
13780,2025-01-18 17:17:11.027018,851,320
13781,2025-01-18 17:17:11.027018,851,545
13782,2025-01-18 17:17:11.027018,851,281
13783,2025-01-18 17:17:11.027018,851,581
13784,2025-01-18 17:17:11.027018,851,456
13785,2025-01-18 17:17:11.027018,851,654
13786,2025-01-18 17:17:11.027018,851,422
13787,2025-01-18 17:17:11.027018,851,470
13788,2025-01-18 17:17:11.027018,851,243
13789,2025-01-18 17:17:11.027018,852,646
13790,2025-01-18 17:17:11.027018,852,242
13791,2025-01-18 17:17:11.027018,852,386
13792,2025-01-18 17:17:11.027018,852,603
13793,2025-01-18 17:17:11.027018,852,389
13794,2025-01-18 17:17:11.027018,852,413
13795,2025-01-18 17:17:11.027018,852,304
13796,2025-01-18 17:17:11.027018,852,466
13797,2025-01-18 17:17:11.027018,852,563
13798,2025-01-18 17:17:11.027018,852,590
13799,2025-01-18 17:17:11.027018,852,310
13800,2025-01-18 17:17:11.027018,852,425
13801,2025-01-18 17:17:11.027018,852,276
13802,2025-01-18 17:17:11.027018,853,392
13803,2025-01-18 17:17:11.027018,853,360
13804,2025-01-18 17:17:11.027018,853,515
13805,2025-01-18 17:17:11.027018,853,465
13806,2025-01-18 17:17:11.027018,853,556
13807,2025-01-18 17:17:11.027018,853,478
13808,2025-01-18 17:17:11.027018,853,570
13809,2025-01-18 17:17:11.027018,853,432
13810,2025-01-18 17:17:11.027018,853,319
13811,2025-01-18 17:17:11.027018,853,285
13812,2025-01-18 17:17:11.027018,853,448
13813,2025-01-18 17:17:11.027018,853,217
13814,2025-01-18 17:17:11.028016,853,365
13815,2025-01-18 17:17:11.028016,853,493
13816,2025-01-18 17:17:11.028016,853,272
13817,2025-01-18 17:17:11.028016,853,223
13818,2025-01-18 17:17:11.028016,853,517
13819,2025-01-18 17:17:11.028016,854,590
13820,2025-01-18 17:17:11.028016,854,367
13821,2025-01-18 17:17:11.028016,854,507
13822,2025-01-18 17:17:11.028016,854,243
13823,2025-01-18 17:17:11.028016,854,564
13824,2025-01-18 17:17:11.028016,854,471
13825,2025-01-18 17:17:11.028016,854,253
13826,2025-01-18 17:17:11.028016,854,382
13827,2025-01-18 17:17:11.028016,854,271
13828,2025-01-18 17:17:11.028016,854,206
13829,2025-01-18 17:17:11.028016,854,351
13830,2025-01-18 17:17:11.028016,854,427
13831,2025-01-18 17:17:11.028016,854,661
13832,2025-01-18 17:17:11.028016,855,561
13833,2025-01-18 17:17:11.028016,855,516
13834,2025-01-18 17:17:11.028016,855,629
13835,2025-01-18 17:17:11.028016,855,393
13836,2025-01-18 17:17:11.028016,855,404
13837,2025-01-18 17:17:11.028016,855,231
13838,2025-01-18 17:17:11.028016,855,582
13839,2025-01-18 17:17:11.028016,855,233
13840,2025-01-18 17:17:11.028016,855,595
13841,2025-01-18 17:17:11.028016,855,604
13842,2025-01-18 17:17:11.028016,855,522
13843,2025-01-18 17:17:11.028016,855,625
13844,2025-01-18 17:17:11.028016,855,281
13845,2025-01-18 17:17:11.028016,855,483
13846,2025-01-18 17:17:11.028016,855,377
13847,2025-01-18 17:17:11.028016,855,209
13848,2025-01-18 17:17:11.028016,855,222
13849,2025-01-18 17:17:11.028016,855,442
13850,2025-01-18 17:17:11.028016,855,440
13851,2025-01-18 17:17:11.028016,856,413
13852,2025-01-18 17:17:11.028016,856,613
13853,2025-01-18 17:17:11.028016,856,452
13854,2025-01-18 17:17:11.028016,856,658
13855,2025-01-18 17:17:11.028016,856,222
13856,2025-01-18 17:17:11.028016,856,659
13857,2025-01-18 17:17:11.028016,856,243
13858,2025-01-18 17:17:11.028016,856,217
13859,2025-01-18 17:17:11.028016,856,522
13860,2025-01-18 17:17:11.028016,856,506
13861,2025-01-18 17:17:11.028016,856,255
13862,2025-01-18 17:17:11.028016,856,636
13863,2025-01-18 17:17:11.028016,856,662
13864,2025-01-18 17:17:11.028016,856,644
13865,2025-01-18 17:17:11.028016,857,501
13866,2025-01-18 17:17:11.028016,857,332
13867,2025-01-18 17:17:11.028016,857,365
13868,2025-01-18 17:17:11.028016,857,305
13869,2025-01-18 17:17:11.028016,857,526
13870,2025-01-18 17:17:11.028016,857,428
13871,2025-01-18 17:17:11.028016,857,201
13872,2025-01-18 17:17:11.028016,857,567
13873,2025-01-18 17:17:11.028016,857,617
13874,2025-01-18 17:17:11.028016,857,524
13875,2025-01-18 17:17:11.028016,857,330
13876,2025-01-18 17:17:11.028016,857,266
13877,2025-01-18 17:17:11.028016,857,464
13878,2025-01-18 17:17:11.028016,857,309
13879,2025-01-18 17:17:11.028016,857,665
13880,2025-01-18 17:17:11.028016,857,302
13881,2025-01-18 17:17:11.028016,857,660
13882,2025-01-18 17:17:11.028016,857,599
13883,2025-01-18 17:17:11.028016,857,571
13884,2025-01-18 17:17:11.028016,857,358
13885,2025-01-18 17:17:11.028016,858,229
13886,2025-01-18 17:17:11.028016,858,513
13887,2025-01-18 17:17:11.028016,858,406
13888,2025-01-18 17:17:11.028016,858,369
13889,2025-01-18 17:17:11.028016,858,435
13890,2025-01-18 17:17:11.028016,858,493
13891,2025-01-18 17:17:11.028016,858,594
13892,2025-01-18 17:17:11.028016,858,644
13893,2025-01-18 17:17:11.028016,858,596
13894,2025-01-18 17:17:11.028016,858,254
13895,2025-01-18 17:17:11.028016,858,241
13896,2025-01-18 17:17:11.028016,858,565
13897,2025-01-18 17:17:11.033001,858,512
13898,2025-01-18 17:17:11.033999,858,586
13899,2025-01-18 17:17:11.033999,858,665
13900,2025-01-18 17:17:11.033999,858,546
13901,2025-01-18 17:17:11.033999,859,370
13902,2025-01-18 17:17:11.033999,859,500
13903,2025-01-18 17:17:11.033999,859,486
13904,2025-01-18 17:17:11.033999,859,612
13905,2025-01-18 17:17:11.033999,859,439
13906,2025-01-18 17:17:11.033999,859,216
13907,2025-01-18 17:17:11.033999,859,343
13908,2025-01-18 17:17:11.033999,859,452
13909,2025-01-18 17:17:11.033999,859,576
13910,2025-01-18 17:17:11.033999,859,234
13911,2025-01-18 17:17:11.033999,859,314
13912,2025-01-18 17:17:11.033999,859,270
13913,2025-01-18 17:17:11.033999,859,415
13914,2025-01-18 17:17:11.033999,859,627
13915,2025-01-18 17:17:11.033999,859,512
13916,2025-01-18 17:17:11.033999,860,426
13917,2025-01-18 17:17:11.033999,860,616
13918,2025-01-18 17:17:11.033999,860,199
13919,2025-01-18 17:17:11.033999,860,354
13920,2025-01-18 17:17:11.033999,860,201
13921,2025-01-18 17:17:11.033999,860,438
13922,2025-01-18 17:17:11.033999,860,229
13923,2025-01-18 17:17:11.033999,860,365
13924,2025-01-18 17:17:11.033999,860,576
13925,2025-01-18 17:17:11.033999,860,371
13926,2025-01-18 17:17:11.033999,860,651
13927,2025-01-18 17:17:11.033999,860,405
13928,2025-01-18 17:17:11.033999,860,464
13929,2025-01-18 17:17:11.033999,860,279
13930,2025-01-18 17:17:11.033999,860,519
13931,2025-01-18 17:17:11.033999,860,596
13932,2025-01-18 17:17:11.033999,860,649
13933,2025-01-18 17:17:11.033999,861,368
13934,2025-01-18 17:17:11.033999,861,198
13935,2025-01-18 17:17:11.033999,861,472
13936,2025-01-18 17:17:11.033999,861,465
13937,2025-01-18 17:17:11.033999,861,424
13938,2025-01-18 17:17:11.033999,861,328
13939,2025-01-18 17:17:11.033999,861,626
13940,2025-01-18 17:17:11.033999,861,511
13941,2025-01-18 17:17:11.033999,861,269
13942,2025-01-18 17:17:11.033999,861,587
13943,2025-01-18 17:17:11.033999,862,523
13944,2025-01-18 17:17:11.033999,862,206
13945,2025-01-18 17:17:11.033999,862,301
13946,2025-01-18 17:17:11.033999,862,209
13947,2025-01-18 17:17:11.033999,862,541
13948,2025-01-18 17:17:11.033999,862,407
13949,2025-01-18 17:17:11.033999,862,442
13950,2025-01-18 17:17:11.033999,862,210
13951,2025-01-18 17:17:11.033999,862,654
13952,2025-01-18 17:17:11.033999,862,560
13953,2025-01-18 17:17:11.033999,862,616
13954,2025-01-18 17:17:11.033999,862,647
13955,2025-01-18 17:17:11.033999,862,615
13956,2025-01-18 17:17:11.033999,862,584
13957,2025-01-18 17:17:11.033999,862,536
13958,2025-01-18 17:17:11.033999,862,465
13959,2025-01-18 17:17:11.033999,862,456
13960,2025-01-18 17:17:11.033999,862,279
13961,2025-01-18 17:17:11.033999,862,357
13962,2025-01-18 17:17:11.033999,863,656
13963,2025-01-18 17:17:11.033999,863,250
13964,2025-01-18 17:17:11.033999,863,398
13965,2025-01-18 17:17:11.033999,863,252
13966,2025-01-18 17:17:11.033999,863,390
13967,2025-01-18 17:17:11.033999,863,574
13968,2025-01-18 17:17:11.033999,863,244
13969,2025-01-18 17:17:11.033999,863,409
13970,2025-01-18 17:17:11.033999,863,326
13971,2025-01-18 17:17:11.033999,863,212
13972,2025-01-18 17:17:11.033999,863,515
13973,2025-01-18 17:17:11.033999,863,446
13974,2025-01-18 17:17:11.033999,863,549
13975,2025-01-18 17:17:11.033999,863,239
13976,2025-01-18 17:17:11.033999,864,242
13977,2025-01-18 17:17:11.033999,864,491
13978,2025-01-18 17:17:11.033999,864,316
13979,2025-01-18 17:17:11.033999,864,565
13980,2025-01-18 17:17:11.033999,864,594
13981,2025-01-18 17:17:11.033999,864,506
13982,2025-01-18 17:17:11.033999,864,363
13983,2025-01-18 17:17:11.033999,864,277
13984,2025-01-18 17:17:11.033999,864,531
13985,2025-01-18 17:17:11.033999,864,315
13986,2025-01-18 17:17:11.033999,864,469
13987,2025-01-18 17:17:11.033999,864,288
13988,2025-01-18 17:17:11.033999,865,596
13989,2025-01-18 17:17:11.033999,865,497
13990,2025-01-18 17:17:11.033999,865,515
13991,2025-01-18 17:17:11.033999,865,433
13992,2025-01-18 17:17:11.033999,865,619
13993,2025-01-18 17:17:11.033999,865,446
13994,2025-01-18 17:17:11.034996,865,597
13995,2025-01-18 17:17:11.034996,865,263
13996,2025-01-18 17:17:11.034996,865,518
13997,2025-01-18 17:17:11.034996,865,466
13998,2025-01-18 17:17:11.034996,865,477
13999,2025-01-18 17:17:11.034996,865,241
14000,2025-01-18 17:17:11.034996,865,318
14001,2025-01-18 17:17:11.034996,865,421
14002,2025-01-18 17:17:11.034996,865,461
14003,2025-01-18 17:17:11.034996,866,608
14004,2025-01-18 17:17:11.034996,866,344
14005,2025-01-18 17:17:11.034996,866,480
14006,2025-01-18 17:17:11.034996,866,401
14007,2025-01-18 17:17:11.034996,866,329
14008,2025-01-18 17:17:11.034996,866,641
14009,2025-01-18 17:17:11.034996,866,508
14010,2025-01-18 17:17:11.034996,866,333
14011,2025-01-18 17:17:11.034996,866,312
14012,2025-01-18 17:17:11.034996,866,200
14013,2025-01-18 17:17:11.034996,866,255
14014,2025-01-18 17:17:11.034996,866,627
14015,2025-01-18 17:17:11.034996,866,593
14016,2025-01-18 17:17:11.034996,866,561
14017,2025-01-18 17:17:11.034996,866,199
14018,2025-01-18 17:17:11.034996,866,415
14019,2025-01-18 17:17:11.034996,866,425
14020,2025-01-18 17:17:11.034996,867,361
14021,2025-01-18 17:17:11.034996,867,238
14022,2025-01-18 17:17:11.034996,867,341
14023,2025-01-18 17:17:11.034996,867,320
14024,2025-01-18 17:17:11.034996,867,476
14025,2025-01-18 17:17:11.034996,867,469
14026,2025-01-18 17:17:11.034996,867,489
14027,2025-01-18 17:17:11.034996,867,620
14028,2025-01-18 17:17:11.034996,867,578
14029,2025-01-18 17:17:11.034996,867,614
14030,2025-01-18 17:17:11.034996,867,500
14031,2025-01-18 17:17:11.034996,867,393
14032,2025-01-18 17:17:11.034996,867,229
14033,2025-01-18 17:17:11.034996,867,282
14034,2025-01-18 17:17:11.034996,867,275
14035,2025-01-18 17:17:11.034996,867,343
14036,2025-01-18 17:17:11.034996,867,542
14037,2025-01-18 17:17:11.034996,868,497
14038,2025-01-18 17:17:11.034996,868,310
14039,2025-01-18 17:17:11.034996,868,284
14040,2025-01-18 17:17:11.034996,868,258
14041,2025-01-18 17:17:11.034996,868,278
14042,2025-01-18 17:17:11.035499,868,222
14043,2025-01-18 17:17:11.035499,868,480
14044,2025-01-18 17:17:11.035499,868,548
14045,2025-01-18 17:17:11.035499,868,419
14046,2025-01-18 17:17:11.035542,868,352
14047,2025-01-18 17:17:11.035542,868,599
14048,2025-01-18 17:17:11.035542,868,267
14049,2025-01-18 17:17:11.035542,868,494
14050,2025-01-18 17:17:11.035542,868,508
14051,2025-01-18 17:17:11.035542,869,251
14052,2025-01-18 17:17:11.035542,869,606
14053,2025-01-18 17:17:11.035542,869,477
14054,2025-01-18 17:17:11.035542,869,597
14055,2025-01-18 17:17:11.035542,869,298
14056,2025-01-18 17:17:11.035542,869,398
14057,2025-01-18 17:17:11.035542,869,313
14058,2025-01-18 17:17:11.035542,869,508
14059,2025-01-18 17:17:11.035542,869,532
14060,2025-01-18 17:17:11.035542,869,561
14061,2025-01-18 17:17:11.035542,869,618
14062,2025-01-18 17:17:11.035542,870,554
14063,2025-01-18 17:17:11.035542,870,511
14064,2025-01-18 17:17:11.035542,870,538
14065,2025-01-18 17:17:11.035542,870,519
14066,2025-01-18 17:17:11.035542,870,267
14067,2025-01-18 17:17:11.035542,870,311
14068,2025-01-18 17:17:11.035542,870,493
14069,2025-01-18 17:17:11.035542,870,441
14070,2025-01-18 17:17:11.035542,870,483
14071,2025-01-18 17:17:11.035542,870,636
14072,2025-01-18 17:17:11.035542,870,296
14073,2025-01-18 17:17:11.035542,871,612
14074,2025-01-18 17:17:11.035542,871,226
14075,2025-01-18 17:17:11.035542,871,266
14076,2025-01-18 17:17:11.035542,871,345
14077,2025-01-18 17:17:11.035542,871,509
14078,2025-01-18 17:17:11.035542,871,655
14079,2025-01-18 17:17:11.035542,871,220
14080,2025-01-18 17:17:11.035542,871,225
14081,2025-01-18 17:17:11.035542,871,323
14082,2025-01-18 17:17:11.035542,871,282
14083,2025-01-18 17:17:11.035542,871,516
14084,2025-01-18 17:17:11.035542,871,469
14085,2025-01-18 17:17:11.035542,871,305
14086,2025-01-18 17:17:11.035542,871,385
14087,2025-01-18 17:17:11.035542,871,367
14088,2025-01-18 17:17:11.035542,871,279
14089,2025-01-18 17:17:11.035542,871,314
14090,2025-01-18 17:17:11.035542,871,613
14091,2025-01-18 17:17:11.035542,871,327
14092,2025-01-18 17:17:11.035542,872,202
14093,2025-01-18 17:17:11.035542,872,378
14094,2025-01-18 17:17:11.035542,872,199
14095,2025-01-18 17:17:11.035542,872,264
14096,2025-01-18 17:17:11.035542,872,428
14097,2025-01-18 17:17:11.035542,872,435
14098,2025-01-18 17:17:11.035542,872,509
14099,2025-01-18 17:17:11.035542,872,256
14100,2025-01-18 17:17:11.035542,872,310
14101,2025-01-18 17:17:11.035542,872,590
14102,2025-01-18 17:17:11.035542,872,665
14103,2025-01-18 17:17:11.035542,872,620
14104,2025-01-18 17:17:11.035542,872,449
14105,2025-01-18 17:17:11.035542,873,550
14106,2025-01-18 17:17:11.035542,873,614
14107,2025-01-18 17:17:11.035542,873,340
14108,2025-01-18 17:17:11.035542,873,305
14109,2025-01-18 17:17:11.035542,873,667
14110,2025-01-18 17:17:11.035542,873,508
14111,2025-01-18 17:17:11.035542,873,201
14112,2025-01-18 17:17:11.035542,873,307
14113,2025-01-18 17:17:11.035542,873,519
14114,2025-01-18 17:17:11.035542,873,437
14115,2025-01-18 17:17:11.035542,873,278
14116,2025-01-18 17:17:11.035542,873,471
14117,2025-01-18 17:17:11.035542,873,618
14118,2025-01-18 17:17:11.035542,873,543
14119,2025-01-18 17:17:11.035542,873,501
14120,2025-01-18 17:17:11.035542,874,536
14121,2025-01-18 17:17:11.035542,874,564
14122,2025-01-18 17:17:11.035542,874,587
14123,2025-01-18 17:17:11.035542,874,355
14124,2025-01-18 17:17:11.035542,874,426
14125,2025-01-18 17:17:11.035542,874,617
14126,2025-01-18 17:17:11.035542,874,537
14127,2025-01-18 17:17:11.035542,874,452
14128,2025-01-18 17:17:11.035542,874,556
14129,2025-01-18 17:17:11.035542,874,651
14130,2025-01-18 17:17:11.035542,874,252
14131,2025-01-18 17:17:11.035542,874,328
14132,2025-01-18 17:17:11.035542,874,285
14133,2025-01-18 17:17:11.035542,874,508
14134,2025-01-18 17:17:11.035542,874,348
14135,2025-01-18 17:17:11.035542,874,573
14136,2025-01-18 17:17:11.035542,874,412
14137,2025-01-18 17:17:11.035542,874,518
14138,2025-01-18 17:17:11.035542,874,517
14139,2025-01-18 17:17:11.036498,875,309
14140,2025-01-18 17:17:11.036498,875,629
14141,2025-01-18 17:17:11.036498,875,545
14142,2025-01-18 17:17:11.036498,875,402
14143,2025-01-18 17:17:11.036498,875,546
14144,2025-01-18 17:17:11.036498,875,664
14145,2025-01-18 17:17:11.036498,875,627
14146,2025-01-18 17:17:11.036498,875,243
14147,2025-01-18 17:17:11.036498,875,658
14148,2025-01-18 17:17:11.036498,875,637
14149,2025-01-18 17:17:11.036498,875,224
14150,2025-01-18 17:17:11.036498,875,527
14151,2025-01-18 17:17:11.036498,875,313
14152,2025-01-18 17:17:11.036498,875,607
14153,2025-01-18 17:17:11.036498,875,328
14154,2025-01-18 17:17:11.036498,875,227
14155,2025-01-18 17:17:11.036498,875,650
14156,2025-01-18 17:17:11.036498,875,600
14157,2025-01-18 17:17:11.036498,876,410
14158,2025-01-18 17:17:11.036498,876,444
14159,2025-01-18 17:17:11.036498,876,368
14160,2025-01-18 17:17:11.036498,876,211
14161,2025-01-18 17:17:11.036498,876,403
14162,2025-01-18 17:17:11.036498,876,476
14163,2025-01-18 17:17:11.036498,876,335
14164,2025-01-18 17:17:11.036498,876,392
14165,2025-01-18 17:17:11.036498,876,420
14166,2025-01-18 17:17:11.036498,876,562
14167,2025-01-18 17:17:11.036498,876,485
14168,2025-01-18 17:17:11.036498,876,427
14169,2025-01-18 17:17:11.036498,876,305
14170,2025-01-18 17:17:11.036498,876,236
14171,2025-01-18 17:17:11.036498,876,206
14172,2025-01-18 17:17:11.036498,876,327
14173,2025-01-18 17:17:11.036498,876,667
14174,2025-01-18 17:17:11.036498,876,463
14175,2025-01-18 17:17:11.036498,877,528
14176,2025-01-18 17:17:11.036498,877,547
14177,2025-01-18 17:17:11.036498,877,563
14178,2025-01-18 17:17:11.036498,877,268
14179,2025-01-18 17:17:11.036498,877,585
14180,2025-01-18 17:17:11.036498,877,219
14181,2025-01-18 17:17:11.036498,877,374
14182,2025-01-18 17:17:11.036498,877,514
14183,2025-01-18 17:17:11.036498,877,332
14184,2025-01-18 17:17:11.036498,877,553
14185,2025-01-18 17:17:11.036498,877,504
14186,2025-01-18 17:17:11.036498,877,551
14187,2025-01-18 17:17:11.036498,877,391
14188,2025-01-18 17:17:11.036498,877,209
14189,2025-01-18 17:17:11.036498,877,616
14190,2025-01-18 17:17:11.036498,877,435
14191,2025-01-18 17:17:11.036498,877,413
14192,2025-01-18 17:17:11.036498,877,197
14193,2025-01-18 17:17:11.036498,878,575
14194,2025-01-18 17:17:11.036498,878,380
14195,2025-01-18 17:17:11.036498,878,333
14196,2025-01-18 17:17:11.036498,878,559
14197,2025-01-18 17:17:11.036498,878,281
14198,2025-01-18 17:17:11.036498,878,479
14199,2025-01-18 17:17:11.036498,878,322
14200,2025-01-18 17:17:11.036498,878,495
14201,2025-01-18 17:17:11.036498,878,273
14202,2025-01-18 17:17:11.036498,878,599
14203,2025-01-18 17:17:11.036498,878,662
14204,2025-01-18 17:17:11.036498,878,560
14205,2025-01-18 17:17:11.036498,878,216
14206,2025-01-18 17:17:11.036498,878,219
14207,2025-01-18 17:17:11.036498,879,252
14208,2025-01-18 17:17:11.036498,879,595
14209,2025-01-18 17:17:11.036498,879,371
14210,2025-01-18 17:17:11.036498,879,290
14211,2025-01-18 17:17:11.036498,879,500
14212,2025-01-18 17:17:11.036498,879,524
14213,2025-01-18 17:17:11.036498,879,460
14214,2025-01-18 17:17:11.036498,879,508
14215,2025-01-18 17:17:11.036498,879,546
14216,2025-01-18 17:17:11.036498,879,588
14217,2025-01-18 17:17:11.036498,879,563
14218,2025-01-18 17:17:11.036498,879,484
14219,2025-01-18 17:17:11.036498,879,610
14220,2025-01-18 17:17:11.036498,879,365
14221,2025-01-18 17:17:11.036498,880,209
14222,2025-01-18 17:17:11.036498,880,266
14223,2025-01-18 17:17:11.036498,880,469
14224,2025-01-18 17:17:11.036498,880,647
14225,2025-01-18 17:17:11.036498,880,553
14226,2025-01-18 17:17:11.036498,880,542
14227,2025-01-18 17:17:11.036498,880,428
14228,2025-01-18 17:17:11.036498,880,548
14229,2025-01-18 17:17:11.036498,880,581
14230,2025-01-18 17:17:11.042496,880,446
14231,2025-01-18 17:17:11.042496,880,365
14232,2025-01-18 17:17:11.042496,880,457
14233,2025-01-18 17:17:11.042496,880,416
14234,2025-01-18 17:17:11.042496,880,396
14235,2025-01-18 17:17:11.042496,880,591
14236,2025-01-18 17:17:11.042496,880,299
14237,2025-01-18 17:17:11.042496,880,480
14238,2025-01-18 17:17:11.042496,880,417
14239,2025-01-18 17:17:11.042496,880,241
14240,2025-01-18 17:17:11.042496,880,514
14241,2025-01-18 17:17:11.042496,881,260
14242,2025-01-18 17:17:11.042496,881,238
14243,2025-01-18 17:17:11.042496,881,654
14244,2025-01-18 17:17:11.042496,881,214
14245,2025-01-18 17:17:11.042496,881,575
14246,2025-01-18 17:17:11.042496,881,555
14247,2025-01-18 17:17:11.042496,881,496
14248,2025-01-18 17:17:11.042496,881,218
14249,2025-01-18 17:17:11.042496,881,404
14250,2025-01-18 17:17:11.042496,881,582
14251,2025-01-18 17:17:11.042496,881,596
14252,2025-01-18 17:17:11.042496,881,255
14253,2025-01-18 17:17:11.042496,881,291
14254,2025-01-18 17:17:11.042496,881,610
14255,2025-01-18 17:17:11.042496,881,612
14256,2025-01-18 17:17:11.042496,882,564
14257,2025-01-18 17:17:11.042496,882,459
14258,2025-01-18 17:17:11.042496,882,265
14259,2025-01-18 17:17:11.042496,882,621
14260,2025-01-18 17:17:11.042496,882,571
14261,2025-01-18 17:17:11.042496,882,566
14262,2025-01-18 17:17:11.042496,882,301
14263,2025-01-18 17:17:11.042496,882,484
14264,2025-01-18 17:17:11.042496,882,415
14265,2025-01-18 17:17:11.042496,882,429
14266,2025-01-18 17:17:11.042496,882,280
14267,2025-01-18 17:17:11.042496,882,379
14268,2025-01-18 17:17:11.042496,882,636
14269,2025-01-18 17:17:11.042496,882,219
14270,2025-01-18 17:17:11.042496,883,559
14271,2025-01-18 17:17:11.042496,883,373
14272,2025-01-18 17:17:11.042496,883,467
14273,2025-01-18 17:17:11.042496,883,583
14274,2025-01-18 17:17:11.042496,883,309
14275,2025-01-18 17:17:11.042496,883,497
14276,2025-01-18 17:17:11.042496,883,441
14277,2025-01-18 17:17:11.042496,883,386
14278,2025-01-18 17:17:11.042496,883,572
14279,2025-01-18 17:17:11.042496,883,302
14280,2025-01-18 17:17:11.042496,883,665
14281,2025-01-18 17:17:11.042496,883,470
14282,2025-01-18 17:17:11.042496,883,648
14283,2025-01-18 17:17:11.043498,883,420
14284,2025-01-18 17:17:11.043498,883,666
14285,2025-01-18 17:17:11.043498,883,562
14286,2025-01-18 17:17:11.043498,883,536
14287,2025-01-18 17:17:11.043498,883,240
14288,2025-01-18 17:17:11.043498,883,621
14289,2025-01-18 17:17:11.043498,883,591
14290,2025-01-18 17:17:11.043498,884,242
14291,2025-01-18 17:17:11.043498,884,409
14292,2025-01-18 17:17:11.043498,884,493
14293,2025-01-18 17:17:11.043498,884,300
14294,2025-01-18 17:17:11.043498,884,490
14295,2025-01-18 17:17:11.043498,884,596
14296,2025-01-18 17:17:11.043498,884,531
14297,2025-01-18 17:17:11.043498,884,399
14298,2025-01-18 17:17:11.043498,884,429
14299,2025-01-18 17:17:11.043498,884,280
14300,2025-01-18 17:17:11.043498,884,542
14301,2025-01-18 17:17:11.043498,884,250
14302,2025-01-18 17:17:11.043498,884,293
14303,2025-01-18 17:17:11.043498,884,607
14304,2025-01-18 17:17:11.043498,884,402
14305,2025-01-18 17:17:11.043498,884,290
14306,2025-01-18 17:17:11.043498,884,201
14307,2025-01-18 17:17:11.043498,884,329
14308,2025-01-18 17:17:11.043498,884,316
14309,2025-01-18 17:17:11.043498,885,194
14310,2025-01-18 17:17:11.043498,885,359
14311,2025-01-18 17:17:11.043498,885,298
14312,2025-01-18 17:17:11.043498,885,237
14313,2025-01-18 17:17:11.043498,885,252
14314,2025-01-18 17:17:11.043498,885,661
14315,2025-01-18 17:17:11.043498,885,239
14316,2025-01-18 17:17:11.043498,885,207
14317,2025-01-18 17:17:11.043498,885,255
14318,2025-01-18 17:17:11.043498,885,240
14319,2025-01-18 17:17:11.043498,885,405
14320,2025-01-18 17:17:11.043498,885,406
14321,2025-01-18 17:17:11.043498,885,378
14322,2025-01-18 17:17:11.043498,885,602
14323,2025-01-18 17:17:11.043498,885,540
14324,2025-01-18 17:17:11.043498,885,659
14325,2025-01-18 17:17:11.043498,885,504
14326,2025-01-18 17:17:11.043498,885,487
14327,2025-01-18 17:17:11.043498,886,447
14328,2025-01-18 17:17:11.043498,886,556
14329,2025-01-18 17:17:11.043498,886,478
14330,2025-01-18 17:17:11.043498,886,620
14331,2025-01-18 17:17:11.043498,886,194
14332,2025-01-18 17:17:11.043498,886,279
14333,2025-01-18 17:17:11.043498,886,577
14334,2025-01-18 17:17:11.043498,886,271
14335,2025-01-18 17:17:11.043498,886,389
14336,2025-01-18 17:17:11.043498,886,332
14337,2025-01-18 17:17:11.043498,886,530
14338,2025-01-18 17:17:11.043498,886,424
14339,2025-01-18 17:17:11.043498,886,391
14340,2025-01-18 17:17:11.043498,886,264
14341,2025-01-18 17:17:11.043498,886,466
14342,2025-01-18 17:17:11.043498,886,251
14343,2025-01-18 17:17:11.043498,886,646
14344,2025-01-18 17:17:11.043498,887,596
14345,2025-01-18 17:17:11.043498,887,551
14346,2025-01-18 17:17:11.043498,887,648
14347,2025-01-18 17:17:11.043498,887,537
14348,2025-01-18 17:17:11.043498,887,491
14349,2025-01-18 17:17:11.043498,887,510
14350,2025-01-18 17:17:11.043498,887,607
14351,2025-01-18 17:17:11.043498,887,298
14352,2025-01-18 17:17:11.043498,887,309
14353,2025-01-18 17:17:11.043498,887,474
14354,2025-01-18 17:17:11.043498,887,598
14355,2025-01-18 17:17:11.043498,887,207
14356,2025-01-18 17:17:11.043498,887,235
14357,2025-01-18 17:17:11.043498,887,466
14358,2025-01-18 17:17:11.043498,887,667
14359,2025-01-18 17:17:11.043498,887,492
14360,2025-01-18 17:17:11.043498,887,645
14361,2025-01-18 17:17:11.043498,887,382
14362,2025-01-18 17:17:11.043498,887,384
14363,2025-01-18 17:17:11.043498,887,454
14364,2025-01-18 17:17:11.043498,888,197
14365,2025-01-18 17:17:11.043498,888,615
14366,2025-01-18 17:17:11.043498,888,343
14367,2025-01-18 17:17:11.043498,888,609
14368,2025-01-18 17:17:11.043498,888,619
14369,2025-01-18 17:17:11.043498,888,398
14370,2025-01-18 17:17:11.043498,888,354
14371,2025-01-18 17:17:11.043498,888,201
14372,2025-01-18 17:17:11.043498,888,503
14373,2025-01-18 17:17:11.043498,888,427
14374,2025-01-18 17:17:11.044494,888,312
14375,2025-01-18 17:17:11.044494,888,263
14376,2025-01-18 17:17:11.044494,888,416
14377,2025-01-18 17:17:11.044494,888,255
14378,2025-01-18 17:17:11.044494,888,390
14379,2025-01-18 17:17:11.044494,888,331
14380,2025-01-18 17:17:11.044494,888,301
14381,2025-01-18 17:17:11.044494,888,441
14382,2025-01-18 17:17:11.044494,888,273
14383,2025-01-18 17:17:11.044494,889,478
14384,2025-01-18 17:17:11.044494,889,552
14385,2025-01-18 17:17:11.044494,889,556
14386,2025-01-18 17:17:11.044494,889,651
14387,2025-01-18 17:17:11.044494,889,600
14388,2025-01-18 17:17:11.044494,889,332
14389,2025-01-18 17:17:11.044494,889,284
14390,2025-01-18 17:17:11.044494,889,416
14391,2025-01-18 17:17:11.044494,889,365
14392,2025-01-18 17:17:11.044494,889,361
14393,2025-01-18 17:17:11.044494,889,566
14394,2025-01-18 17:17:11.044494,889,196
14395,2025-01-18 17:17:11.044494,889,409
14396,2025-01-18 17:17:11.044494,889,484
14397,2025-01-18 17:17:11.044494,889,199
14398,2025-01-18 17:17:11.044494,889,421
14399,2025-01-18 17:17:11.044494,889,235
14400,2025-01-18 17:17:11.044494,889,595
14401,2025-01-18 17:17:11.044494,890,323
14402,2025-01-18 17:17:11.044494,890,519
14403,2025-01-18 17:17:11.044494,890,507
14404,2025-01-18 17:17:11.044494,890,627
14405,2025-01-18 17:17:11.044494,890,568
14406,2025-01-18 17:17:11.044494,890,580
14407,2025-01-18 17:17:11.044494,890,486
14408,2025-01-18 17:17:11.044494,890,583
14409,2025-01-18 17:17:11.044494,890,386
14410,2025-01-18 17:17:11.044494,890,513
14411,2025-01-18 17:17:11.044494,890,651
14412,2025-01-18 17:17:11.044494,890,491
14413,2025-01-18 17:17:11.044494,890,532
14414,2025-01-18 17:17:11.044494,890,220
14415,2025-01-18 17:17:11.044494,890,410
14416,2025-01-18 17:17:11.044494,891,523
14417,2025-01-18 17:17:11.044494,891,428
14418,2025-01-18 17:17:11.044494,891,476
14419,2025-01-18 17:17:11.044494,891,496
14420,2025-01-18 17:17:11.044494,891,291
14421,2025-01-18 17:17:11.044494,891,390
14422,2025-01-18 17:17:11.044494,891,455
14423,2025-01-18 17:17:11.044494,891,510
14424,2025-01-18 17:17:11.044494,891,463
14425,2025-01-18 17:17:11.044494,891,477
14426,2025-01-18 17:17:11.044494,891,204
14427,2025-01-18 17:17:11.044494,891,465
14428,2025-01-18 17:17:11.044494,891,396
14429,2025-01-18 17:17:11.044494,891,286
14430,2025-01-18 17:17:11.044494,892,599
14431,2025-01-18 17:17:11.044494,892,595
14432,2025-01-18 17:17:11.044494,892,519
14433,2025-01-18 17:17:11.044494,892,434
14434,2025-01-18 17:17:11.044494,892,331
14435,2025-01-18 17:17:11.044494,892,568
14436,2025-01-18 17:17:11.044494,892,569
14437,2025-01-18 17:17:11.044494,892,537
14438,2025-01-18 17:17:11.044494,892,639
14439,2025-01-18 17:17:11.044494,892,351
14440,2025-01-18 17:17:11.044494,892,587
14441,2025-01-18 17:17:11.044494,892,476
14442,2025-01-18 17:17:11.044494,892,480
14443,2025-01-18 17:17:11.044494,892,309
14444,2025-01-18 17:17:11.044494,892,219
14445,2025-01-18 17:17:11.044494,893,466
14446,2025-01-18 17:17:11.044494,893,352
14447,2025-01-18 17:17:11.044494,893,305
14448,2025-01-18 17:17:11.044494,893,219
14449,2025-01-18 17:17:11.044494,893,337
14450,2025-01-18 17:17:11.044494,893,438
14451,2025-01-18 17:17:11.044494,893,520
14452,2025-01-18 17:17:11.044494,893,597
14453,2025-01-18 17:17:11.044494,893,465
14454,2025-01-18 17:17:11.044494,893,206
14455,2025-01-18 17:17:11.044494,893,253
14456,2025-01-18 17:17:11.044494,893,565
14457,2025-01-18 17:17:11.044494,893,333
14458,2025-01-18 17:17:11.044494,893,282
14459,2025-01-18 17:17:11.044494,893,232
14460,2025-01-18 17:17:11.044494,893,536
14461,2025-01-18 17:17:11.044494,893,572
14462,2025-01-18 17:17:11.044494,893,591
14463,2025-01-18 17:17:11.044494,893,291
14464,2025-01-18 17:17:11.044494,893,406
14465,2025-01-18 17:17:11.044494,894,204
14466,2025-01-18 17:17:11.044494,894,410
14467,2025-01-18 17:17:11.044494,894,643
14468,2025-01-18 17:17:11.044494,894,231
14469,2025-01-18 17:17:11.044494,894,583
14470,2025-01-18 17:17:11.045491,894,393
14471,2025-01-18 17:17:11.045491,894,645
14472,2025-01-18 17:17:11.045491,894,311
14473,2025-01-18 17:17:11.045491,894,333
14474,2025-01-18 17:17:11.045491,894,335
14475,2025-01-18 17:17:11.045491,894,490
14476,2025-01-18 17:17:11.045491,894,610
14477,2025-01-18 17:17:11.045491,894,554
14478,2025-01-18 17:17:11.045491,894,553
14479,2025-01-18 17:17:11.045491,894,517
14480,2025-01-18 17:17:11.045491,894,550
14481,2025-01-18 17:17:11.045491,894,401
14482,2025-01-18 17:17:11.045491,895,259
14483,2025-01-18 17:17:11.045491,895,661
14484,2025-01-18 17:17:11.045491,895,429
14485,2025-01-18 17:17:11.045491,895,462
14486,2025-01-18 17:17:11.045491,895,225
14487,2025-01-18 17:17:11.045491,895,332
14488,2025-01-18 17:17:11.045491,895,551
14489,2025-01-18 17:17:11.045491,895,236
14490,2025-01-18 17:17:11.045491,895,214
14491,2025-01-18 17:17:11.045491,895,540
14492,2025-01-18 17:17:11.045491,895,464
14493,2025-01-18 17:17:11.045491,895,498
14494,2025-01-18 17:17:11.045491,896,428
14495,2025-01-18 17:17:11.045491,896,575
14496,2025-01-18 17:17:11.045491,896,544
14497,2025-01-18 17:17:11.045491,896,234
14498,2025-01-18 17:17:11.045491,896,397
14499,2025-01-18 17:17:11.045491,896,583
14500,2025-01-18 17:17:11.045491,896,486
14501,2025-01-18 17:17:11.045491,896,348
14502,2025-01-18 17:17:11.045491,896,229
14503,2025-01-18 17:17:11.045491,896,319
14504,2025-01-18 17:17:11.045491,896,558
14505,2025-01-18 17:17:11.045491,896,649
14506,2025-01-18 17:17:11.045491,896,577
14507,2025-01-18 17:17:11.045491,896,627
14508,2025-01-18 17:17:11.045491,896,636
14509,2025-01-18 17:17:11.045491,896,450
14510,2025-01-18 17:17:11.045491,896,434
14511,2025-01-18 17:17:11.045491,896,377
14512,2025-01-18 17:17:11.045491,896,660
14513,2025-01-18 17:17:11.045491,897,394
14514,2025-01-18 17:17:11.045491,897,611
14515,2025-01-18 17:17:11.045491,897,541
14516,2025-01-18 17:17:11.045491,897,643
14517,2025-01-18 17:17:11.045491,897,474
14518,2025-01-18 17:17:11.045491,897,248
14519,2025-01-18 17:17:11.045491,897,314
14520,2025-01-18 17:17:11.045491,897,522
14521,2025-01-18 17:17:11.045491,897,364
14522,2025-01-18 17:17:11.045491,897,536
14523,2025-01-18 17:17:11.045491,898,562
14524,2025-01-18 17:17:11.045491,898,335
14525,2025-01-18 17:17:11.045491,898,644
14526,2025-01-18 17:17:11.045491,898,358
14527,2025-01-18 17:17:11.045491,898,279
14528,2025-01-18 17:17:11.045491,898,400
14529,2025-01-18 17:17:11.045491,898,531
14530,2025-01-18 17:17:11.045491,898,528
14531,2025-01-18 17:17:11.045491,898,324
14532,2025-01-18 17:17:11.045491,898,351
14533,2025-01-18 17:17:11.045491,898,346
14534,2025-01-18 17:17:11.045491,898,347
14535,2025-01-18 17:17:11.045491,898,540
14536,2025-01-18 17:17:11.045491,898,468
14537,2025-01-18 17:17:11.045491,898,561
14538,2025-01-18 17:17:11.045491,898,411
14539,2025-01-18 17:17:11.045491,899,503
14540,2025-01-18 17:17:11.045491,899,463
14541,2025-01-18 17:17:11.045491,899,472
14542,2025-01-18 17:17:11.045491,899,224
14543,2025-01-18 17:17:11.045491,899,581
14544,2025-01-18 17:17:11.045491,899,516
14545,2025-01-18 17:17:11.045491,899,498
14546,2025-01-18 17:17:11.045491,899,443
14547,2025-01-18 17:17:11.045491,899,442
14548,2025-01-18 17:17:11.045491,899,249
14549,2025-01-18 17:17:11.045491,899,421
14550,2025-01-18 17:17:11.045491,899,310
14551,2025-01-18 17:17:11.045491,899,464
14552,2025-01-18 17:17:11.045491,899,550
14553,2025-01-18 17:17:11.045491,899,230
14554,2025-01-18 17:17:11.045491,900,479
14555,2025-01-18 17:17:11.045491,900,387
14556,2025-01-18 17:17:11.045491,900,588
14557,2025-01-18 17:17:11.045491,900,653
14558,2025-01-18 17:17:11.045491,900,226
14559,2025-01-18 17:17:11.045491,900,657
14560,2025-01-18 17:17:11.045491,900,351
14561,2025-01-18 17:17:11.045491,900,336
14562,2025-01-18 17:17:11.045491,900,222
14563,2025-01-18 17:17:11.050478,900,215
14564,2025-01-18 17:17:11.050478,900,463
14565,2025-01-18 17:17:11.050478,900,211
14566,2025-01-18 17:17:11.050478,900,467
14567,2025-01-18 17:17:11.050478,900,353
14568,2025-01-18 17:17:11.050478,900,332
14569,2025-01-18 17:17:11.050478,900,427
14570,2025-01-18 17:17:11.050478,901,591
14571,2025-01-18 17:17:11.050478,901,444
14572,2025-01-18 17:17:11.050478,901,334
14573,2025-01-18 17:17:11.050478,901,456
14574,2025-01-18 17:17:11.051476,901,282
14575,2025-01-18 17:17:11.051476,901,367
14576,2025-01-18 17:17:11.051476,901,644
14577,2025-01-18 17:17:11.051476,901,605
14578,2025-01-18 17:17:11.051476,901,264
14579,2025-01-18 17:17:11.051476,901,271
14580,2025-01-18 17:17:11.051476,901,344
14581,2025-01-18 17:17:11.051476,901,553
14582,2025-01-18 17:17:11.051476,901,263
14583,2025-01-18 17:17:11.051476,901,458
14584,2025-01-18 17:17:11.051476,901,614
14585,2025-01-18 17:17:11.051476,901,472
14586,2025-01-18 17:17:11.051476,901,639
14587,2025-01-18 17:17:11.051476,901,329
14588,2025-01-18 17:17:11.051476,902,298
14589,2025-01-18 17:17:11.051476,902,328
14590,2025-01-18 17:17:11.051476,902,284
14591,2025-01-18 17:17:11.051476,902,266
14592,2025-01-18 17:17:11.051476,902,648
14593,2025-01-18 17:17:11.051476,902,583
14594,2025-01-18 17:17:11.051476,902,271
14595,2025-01-18 17:17:11.051476,902,482
14596,2025-01-18 17:17:11.051476,902,303
14597,2025-01-18 17:17:11.051476,902,521
14598,2025-01-18 17:17:11.051476,902,306
14599,2025-01-18 17:17:11.051476,902,435
14600,2025-01-18 17:17:11.051476,903,576
14601,2025-01-18 17:17:11.051476,903,327
14602,2025-01-18 17:17:11.051476,903,322
14603,2025-01-18 17:17:11.051476,903,452
14604,2025-01-18 17:17:11.051476,903,232
14605,2025-01-18 17:17:11.051476,903,635
14606,2025-01-18 17:17:11.051476,903,597
14607,2025-01-18 17:17:11.051476,903,354
14608,2025-01-18 17:17:11.051476,903,581
14609,2025-01-18 17:17:11.051476,903,591
14610,2025-01-18 17:17:11.051476,903,309
14611,2025-01-18 17:17:11.051476,903,453
14612,2025-01-18 17:17:11.051476,903,642
14613,2025-01-18 17:17:11.051476,903,240
14614,2025-01-18 17:17:11.051476,903,236
14615,2025-01-18 17:17:11.051476,903,654
14616,2025-01-18 17:17:11.051476,903,281
14617,2025-01-18 17:17:11.051476,903,501
14618,2025-01-18 17:17:11.051476,903,200
14619,2025-01-18 17:17:11.051476,903,410
14620,2025-01-18 17:17:11.051476,904,316
14621,2025-01-18 17:17:11.051476,904,240
14622,2025-01-18 17:17:11.051476,904,590
14623,2025-01-18 17:17:11.051476,904,325
14624,2025-01-18 17:17:11.051476,904,438
14625,2025-01-18 17:17:11.051476,904,219
14626,2025-01-18 17:17:11.051476,904,356
14627,2025-01-18 17:17:11.051476,904,211
14628,2025-01-18 17:17:11.051476,904,468
14629,2025-01-18 17:17:11.051476,904,533
14630,2025-01-18 17:17:11.051476,904,554
14631,2025-01-18 17:17:11.051476,904,662
14632,2025-01-18 17:17:11.051476,904,365
14633,2025-01-18 17:17:11.051476,904,198
14634,2025-01-18 17:17:11.051476,904,660
14635,2025-01-18 17:17:11.051476,904,323
14636,2025-01-18 17:17:11.051476,904,317
14637,2025-01-18 17:17:11.051476,904,604
14638,2025-01-18 17:17:11.051476,904,621
14639,2025-01-18 17:17:11.051476,904,657
14640,2025-01-18 17:17:11.051476,905,632
14641,2025-01-18 17:17:11.051476,905,615
14642,2025-01-18 17:17:11.051476,905,627
14643,2025-01-18 17:17:11.051476,905,643
14644,2025-01-18 17:17:11.051476,905,480
14645,2025-01-18 17:17:11.051476,905,280
14646,2025-01-18 17:17:11.051476,905,233
14647,2025-01-18 17:17:11.051476,905,252
14648,2025-01-18 17:17:11.051476,905,667
14649,2025-01-18 17:17:11.051476,905,204
14650,2025-01-18 17:17:11.051476,905,550
14651,2025-01-18 17:17:11.051476,905,606
14652,2025-01-18 17:17:11.051476,905,434
14653,2025-01-18 17:17:11.051476,905,248
14654,2025-01-18 17:17:11.051476,905,464
14655,2025-01-18 17:17:11.051476,905,249
14656,2025-01-18 17:17:11.051476,906,454
14657,2025-01-18 17:17:11.051476,906,590
14658,2025-01-18 17:17:11.051476,906,413
14659,2025-01-18 17:17:11.051476,906,233
14660,2025-01-18 17:17:11.051476,906,373
14661,2025-01-18 17:17:11.051476,906,231
14662,2025-01-18 17:17:11.051476,906,345
14663,2025-01-18 17:17:11.051476,906,472
14664,2025-01-18 17:17:11.051476,906,334
14665,2025-01-18 17:17:11.051476,906,385
14666,2025-01-18 17:17:11.051476,906,357
14667,2025-01-18 17:17:11.051476,906,388
14668,2025-01-18 17:17:11.051476,907,314
14669,2025-01-18 17:17:11.051476,907,640
14670,2025-01-18 17:17:11.052472,907,483
14671,2025-01-18 17:17:11.052472,907,654
14672,2025-01-18 17:17:11.052472,907,590
14673,2025-01-18 17:17:11.052472,907,396
14674,2025-01-18 17:17:11.052472,907,618
14675,2025-01-18 17:17:11.052472,907,383
14676,2025-01-18 17:17:11.052472,907,496
14677,2025-01-18 17:17:11.052472,907,360
14678,2025-01-18 17:17:11.052472,907,474
14679,2025-01-18 17:17:11.052472,907,648
14680,2025-01-18 17:17:11.052472,907,327
14681,2025-01-18 17:17:11.052472,907,307
14682,2025-01-18 17:17:11.052472,907,283
14683,2025-01-18 17:17:11.052472,907,347
14684,2025-01-18 17:17:11.052472,907,646
14685,2025-01-18 17:17:11.052472,907,219
14686,2025-01-18 17:17:11.052472,908,484
14687,2025-01-18 17:17:11.052472,908,229
14688,2025-01-18 17:17:11.052472,908,536
14689,2025-01-18 17:17:11.052472,908,573
14690,2025-01-18 17:17:11.052472,908,374
14691,2025-01-18 17:17:11.052472,908,390
14692,2025-01-18 17:17:11.052472,908,503
14693,2025-01-18 17:17:11.052472,908,455
14694,2025-01-18 17:17:11.052472,908,563
14695,2025-01-18 17:17:11.052472,908,540
14696,2025-01-18 17:17:11.052472,908,580
14697,2025-01-18 17:17:11.052472,908,214
14698,2025-01-18 17:17:11.052472,909,552
14699,2025-01-18 17:17:11.052472,909,270
14700,2025-01-18 17:17:11.052472,909,484
14701,2025-01-18 17:17:11.052472,909,648
14702,2025-01-18 17:17:11.052472,909,650
14703,2025-01-18 17:17:11.052472,909,511
14704,2025-01-18 17:17:11.052472,909,198
14705,2025-01-18 17:17:11.052472,909,287
14706,2025-01-18 17:17:11.052472,909,301
14707,2025-01-18 17:17:11.052472,909,252
14708,2025-01-18 17:17:11.052472,909,430
14709,2025-01-18 17:17:11.052472,909,286
14710,2025-01-18 17:17:11.052472,909,593
14711,2025-01-18 17:17:11.052472,909,520
14712,2025-01-18 17:17:11.052472,909,262
14713,2025-01-18 17:17:11.052472,910,531
14714,2025-01-18 17:17:11.052472,910,549
14715,2025-01-18 17:17:11.052472,910,484
14716,2025-01-18 17:17:11.052472,910,599
14717,2025-01-18 17:17:11.052472,910,546
14718,2025-01-18 17:17:11.052472,910,263
14719,2025-01-18 17:17:11.052472,910,316
14720,2025-01-18 17:17:11.052472,910,630
14721,2025-01-18 17:17:11.052472,910,561
14722,2025-01-18 17:17:11.052472,910,362
14723,2025-01-18 17:17:11.052472,911,525
14724,2025-01-18 17:17:11.052472,911,331
14725,2025-01-18 17:17:11.052472,911,607
14726,2025-01-18 17:17:11.052472,911,344
14727,2025-01-18 17:17:11.052472,911,328
14728,2025-01-18 17:17:11.052472,911,657
14729,2025-01-18 17:17:11.052472,911,293
14730,2025-01-18 17:17:11.052472,911,405
14731,2025-01-18 17:17:11.052472,911,654
14732,2025-01-18 17:17:11.052472,911,385
14733,2025-01-18 17:17:11.052472,911,501
14734,2025-01-18 17:17:11.052472,912,557
14735,2025-01-18 17:17:11.052472,912,508
14736,2025-01-18 17:17:11.052472,912,479
14737,2025-01-18 17:17:11.052472,912,595
14738,2025-01-18 17:17:11.052472,912,547
14739,2025-01-18 17:17:11.052472,912,548
14740,2025-01-18 17:17:11.052472,912,626
14741,2025-01-18 17:17:11.052472,912,630
14742,2025-01-18 17:17:11.052472,912,222
14743,2025-01-18 17:17:11.052472,912,586
14744,2025-01-18 17:17:11.052472,912,516
14745,2025-01-18 17:17:11.052472,912,555
14746,2025-01-18 17:17:11.052472,912,413
14747,2025-01-18 17:17:11.052472,912,468
14748,2025-01-18 17:17:11.052472,912,248
14749,2025-01-18 17:17:11.052472,912,451
14750,2025-01-18 17:17:11.052472,912,308
14751,2025-01-18 17:17:11.052472,912,215
14752,2025-01-18 17:17:11.052472,912,606
14753,2025-01-18 17:17:11.052472,912,512
14754,2025-01-18 17:17:11.052472,913,548
14755,2025-01-18 17:17:11.052472,913,626
14756,2025-01-18 17:17:11.052472,913,252
14757,2025-01-18 17:17:11.052472,913,490
14758,2025-01-18 17:17:11.052472,913,563
14759,2025-01-18 17:17:11.052472,913,404
14760,2025-01-18 17:17:11.052472,913,596
14761,2025-01-18 17:17:11.052472,913,581
14762,2025-01-18 17:17:11.052472,913,215
14763,2025-01-18 17:17:11.052472,913,466
14764,2025-01-18 17:17:11.052472,913,223
14765,2025-01-18 17:17:11.052472,913,568
14766,2025-01-18 17:17:11.052472,913,562
14767,2025-01-18 17:17:11.053470,913,633
14768,2025-01-18 17:17:11.053470,913,350
14769,2025-01-18 17:17:11.053470,913,345
14770,2025-01-18 17:17:11.053470,914,230
14771,2025-01-18 17:17:11.053470,914,480
14772,2025-01-18 17:17:11.053470,914,509
14773,2025-01-18 17:17:11.053470,914,391
14774,2025-01-18 17:17:11.053470,914,535
14775,2025-01-18 17:17:11.053470,914,298
14776,2025-01-18 17:17:11.053470,914,313
14777,2025-01-18 17:17:11.053470,914,316
14778,2025-01-18 17:17:11.053470,914,595
14779,2025-01-18 17:17:11.053470,914,441
14780,2025-01-18 17:17:11.053470,915,351
14781,2025-01-18 17:17:11.053470,915,438
14782,2025-01-18 17:17:11.053470,915,527
14783,2025-01-18 17:17:11.053470,915,362
14784,2025-01-18 17:17:11.053470,915,336
14785,2025-01-18 17:17:11.053470,915,646
14786,2025-01-18 17:17:11.053470,915,225
14787,2025-01-18 17:17:11.053470,915,275
14788,2025-01-18 17:17:11.053470,915,199
14789,2025-01-18 17:17:11.053470,915,520
14790,2025-01-18 17:17:11.053470,915,588
14791,2025-01-18 17:17:11.053470,915,301
14792,2025-01-18 17:17:11.053470,915,640
14793,2025-01-18 17:17:11.053470,915,396
14794,2025-01-18 17:17:11.053470,915,565
14795,2025-01-18 17:17:11.053470,916,378
14796,2025-01-18 17:17:11.053470,916,333
14797,2025-01-18 17:17:11.053470,916,347
14798,2025-01-18 17:17:11.053470,916,444
14799,2025-01-18 17:17:11.053470,916,218
14800,2025-01-18 17:17:11.053470,916,216
14801,2025-01-18 17:17:11.053470,916,474
14802,2025-01-18 17:17:11.053470,916,616
14803,2025-01-18 17:17:11.053470,916,442
14804,2025-01-18 17:17:11.053470,916,337
14805,2025-01-18 17:17:11.053470,916,533
14806,2025-01-18 17:17:11.053470,916,281
14807,2025-01-18 17:17:11.053470,917,349
14808,2025-01-18 17:17:11.053470,917,197
14809,2025-01-18 17:17:11.053470,917,394
14810,2025-01-18 17:17:11.053470,917,318
14811,2025-01-18 17:17:11.053470,917,343
14812,2025-01-18 17:17:11.053470,917,215
14813,2025-01-18 17:17:11.053470,917,365
14814,2025-01-18 17:17:11.053470,917,532
14815,2025-01-18 17:17:11.053470,917,651
14816,2025-01-18 17:17:11.053470,917,377
14817,2025-01-18 17:17:11.053470,917,354
14818,2025-01-18 17:17:11.053470,917,624
14819,2025-01-18 17:17:11.053470,917,282
14820,2025-01-18 17:17:11.053470,917,475
14821,2025-01-18 17:17:11.053470,917,306
14822,2025-01-18 17:17:11.053470,917,513
14823,2025-01-18 17:17:11.053470,917,596
14824,2025-01-18 17:17:11.053470,918,424
14825,2025-01-18 17:17:11.053470,918,597
14826,2025-01-18 17:17:11.053470,918,260
14827,2025-01-18 17:17:11.053470,918,350
14828,2025-01-18 17:17:11.053470,918,491
14829,2025-01-18 17:17:11.053470,918,248
14830,2025-01-18 17:17:11.053470,918,611
14831,2025-01-18 17:17:11.053470,918,598
14832,2025-01-18 17:17:11.053470,918,379
14833,2025-01-18 17:17:11.053470,918,618
14834,2025-01-18 17:17:11.053470,918,314
14835,2025-01-18 17:17:11.053470,918,249
14836,2025-01-18 17:17:11.053470,918,315
14837,2025-01-18 17:17:11.053470,918,610
14838,2025-01-18 17:17:11.053470,918,375
14839,2025-01-18 17:17:11.053470,918,362
14840,2025-01-18 17:17:11.053470,918,434
14841,2025-01-18 17:17:11.053470,918,331
14842,2025-01-18 17:17:11.053470,919,500
14843,2025-01-18 17:17:11.053470,919,529
14844,2025-01-18 17:17:11.053470,919,207
14845,2025-01-18 17:17:11.053470,919,610
14846,2025-01-18 17:17:11.053470,919,608
14847,2025-01-18 17:17:11.053470,919,583
14848,2025-01-18 17:17:11.053470,919,381
14849,2025-01-18 17:17:11.053470,919,495
14850,2025-01-18 17:17:11.053470,919,513
14851,2025-01-18 17:17:11.053470,919,423
14852,2025-01-18 17:17:11.053470,919,648
14853,2025-01-18 17:17:11.053470,920,651
14854,2025-01-18 17:17:11.053470,920,374
14855,2025-01-18 17:17:11.053470,920,327
14856,2025-01-18 17:17:11.053470,920,349
14857,2025-01-18 17:17:11.053470,920,631
14858,2025-01-18 17:17:11.053470,920,371
14859,2025-01-18 17:17:11.053470,920,467
14860,2025-01-18 17:17:11.053470,920,588
14861,2025-01-18 17:17:11.053470,920,454
14862,2025-01-18 17:17:11.053470,920,499
14863,2025-01-18 17:17:11.053470,920,438
14864,2025-01-18 17:17:11.054467,920,485
14865,2025-01-18 17:17:11.054467,920,317
14866,2025-01-18 17:17:11.054467,920,197
14867,2025-01-18 17:17:11.054467,920,402
14868,2025-01-18 17:17:11.054467,920,524
14869,2025-01-18 17:17:11.054467,920,214
14870,2025-01-18 17:17:11.054467,921,509
14871,2025-01-18 17:17:11.054467,921,297
14872,2025-01-18 17:17:11.054467,921,230
14873,2025-01-18 17:17:11.054467,921,495
14874,2025-01-18 17:17:11.054467,921,664
14875,2025-01-18 17:17:11.054467,921,478
14876,2025-01-18 17:17:11.054467,921,502
14877,2025-01-18 17:17:11.054467,921,601
14878,2025-01-18 17:17:11.054467,921,204
14879,2025-01-18 17:17:11.054467,921,340
14880,2025-01-18 17:17:11.054467,921,215
14881,2025-01-18 17:17:11.054467,921,541
14882,2025-01-18 17:17:11.054467,921,398
14883,2025-01-18 17:17:11.054467,921,327
14884,2025-01-18 17:17:11.054467,921,510
14885,2025-01-18 17:17:11.054467,922,446
14886,2025-01-18 17:17:11.054467,922,649
14887,2025-01-18 17:17:11.054467,922,540
14888,2025-01-18 17:17:11.054467,922,613
14889,2025-01-18 17:17:11.054467,922,590
14890,2025-01-18 17:17:11.054467,922,396
14891,2025-01-18 17:17:11.054467,922,425
14892,2025-01-18 17:17:11.054467,922,609
14893,2025-01-18 17:17:11.054467,922,305
14894,2025-01-18 17:17:11.054467,922,429
14895,2025-01-18 17:17:11.054467,922,300
14896,2025-01-18 17:17:11.060453,922,518
14897,2025-01-18 17:17:11.060453,922,489
14898,2025-01-18 17:17:11.060453,922,292
14899,2025-01-18 17:17:11.060453,922,355
14900,2025-01-18 17:17:11.060453,922,374
14901,2025-01-18 17:17:11.060453,923,384
14902,2025-01-18 17:17:11.060453,923,578
14903,2025-01-18 17:17:11.060453,923,604
14904,2025-01-18 17:17:11.060453,923,502
14905,2025-01-18 17:17:11.060453,923,599
14906,2025-01-18 17:17:11.060453,923,580
14907,2025-01-18 17:17:11.060453,923,638
14908,2025-01-18 17:17:11.060453,923,240
14909,2025-01-18 17:17:11.060453,923,296
14910,2025-01-18 17:17:11.060453,923,660
14911,2025-01-18 17:17:11.060453,923,459
14912,2025-01-18 17:17:11.060453,923,587
14913,2025-01-18 17:17:11.060453,923,365
14914,2025-01-18 17:17:11.060453,923,306
14915,2025-01-18 17:17:11.060453,924,347
14916,2025-01-18 17:17:11.060453,924,547
14917,2025-01-18 17:17:11.060453,924,616
14918,2025-01-18 17:17:11.060453,924,434
14919,2025-01-18 17:17:11.060453,924,205
14920,2025-01-18 17:17:11.060453,924,612
14921,2025-01-18 17:17:11.060453,924,467
14922,2025-01-18 17:17:11.060453,924,247
14923,2025-01-18 17:17:11.060453,924,299
14924,2025-01-18 17:17:11.060453,924,351
14925,2025-01-18 17:17:11.060453,924,511
14926,2025-01-18 17:17:11.060453,924,509
14927,2025-01-18 17:17:11.060453,924,287
14928,2025-01-18 17:17:11.060453,924,224
14929,2025-01-18 17:17:11.060453,924,602
14930,2025-01-18 17:17:11.060453,924,447
14931,2025-01-18 17:17:11.060453,924,279
14932,2025-01-18 17:17:11.060453,924,489
14933,2025-01-18 17:17:11.060453,925,469
14934,2025-01-18 17:17:11.060453,925,251
14935,2025-01-18 17:17:11.060453,925,272
14936,2025-01-18 17:17:11.060453,925,229
14937,2025-01-18 17:17:11.060453,925,232
14938,2025-01-18 17:17:11.060453,925,584
14939,2025-01-18 17:17:11.060453,925,466
14940,2025-01-18 17:17:11.060453,925,221
14941,2025-01-18 17:17:11.060453,925,652
14942,2025-01-18 17:17:11.060453,925,351
14943,2025-01-18 17:17:11.060453,925,289
14944,2025-01-18 17:17:11.060453,925,458
14945,2025-01-18 17:17:11.060453,925,575
14946,2025-01-18 17:17:11.060453,926,416
14947,2025-01-18 17:17:11.060453,926,466
14948,2025-01-18 17:17:11.060453,926,603
14949,2025-01-18 17:17:11.060453,926,591
14950,2025-01-18 17:17:11.060453,926,263
14951,2025-01-18 17:17:11.060453,926,475
14952,2025-01-18 17:17:11.060453,926,228
14953,2025-01-18 17:17:11.060453,926,632
14954,2025-01-18 17:17:11.060453,926,265
14955,2025-01-18 17:17:11.060453,926,551
14956,2025-01-18 17:17:11.060453,926,255
14957,2025-01-18 17:17:11.060453,926,558
14958,2025-01-18 17:17:11.060453,926,326
14959,2025-01-18 17:17:11.060453,926,311
14960,2025-01-18 17:17:11.060453,926,257
14961,2025-01-18 17:17:11.060453,926,513
14962,2025-01-18 17:17:11.060453,926,226
14963,2025-01-18 17:17:11.060453,926,468
14964,2025-01-18 17:17:11.060453,927,323
14965,2025-01-18 17:17:11.060453,927,611
14966,2025-01-18 17:17:11.060453,927,536
14967,2025-01-18 17:17:11.060453,927,471
14968,2025-01-18 17:17:11.060453,927,225
14969,2025-01-18 17:17:11.060453,927,371
14970,2025-01-18 17:17:11.060453,927,608
14971,2025-01-18 17:17:11.060453,927,305
14972,2025-01-18 17:17:11.060453,927,300
14973,2025-01-18 17:17:11.060453,927,456
14974,2025-01-18 17:17:11.061449,927,285
14975,2025-01-18 17:17:11.061449,927,199
14976,2025-01-18 17:17:11.061449,927,224
14977,2025-01-18 17:17:11.061449,927,290
14978,2025-01-18 17:17:11.061449,927,416
14979,2025-01-18 17:17:11.061449,927,539
14980,2025-01-18 17:17:11.061449,927,635
14981,2025-01-18 17:17:11.061449,927,315
14982,2025-01-18 17:17:11.061449,927,328
14983,2025-01-18 17:17:11.061449,928,287
14984,2025-01-18 17:17:11.061449,928,291
14985,2025-01-18 17:17:11.061449,928,247
14986,2025-01-18 17:17:11.061449,928,594
14987,2025-01-18 17:17:11.061449,928,554
14988,2025-01-18 17:17:11.061449,928,329
14989,2025-01-18 17:17:11.061449,928,567
14990,2025-01-18 17:17:11.061449,928,637
14991,2025-01-18 17:17:11.061449,928,427
14992,2025-01-18 17:17:11.061449,928,196
14993,2025-01-18 17:17:11.061449,928,438
14994,2025-01-18 17:17:11.061449,928,635
14995,2025-01-18 17:17:11.061449,929,451
14996,2025-01-18 17:17:11.061449,929,486
14997,2025-01-18 17:17:11.061449,929,634
14998,2025-01-18 17:17:11.061449,929,437
14999,2025-01-18 17:17:11.061449,929,299
15000,2025-01-18 17:17:11.061449,929,241
15001,2025-01-18 17:17:11.061449,929,266
15002,2025-01-18 17:17:11.061449,929,276
15003,2025-01-18 17:17:11.061449,929,265
15004,2025-01-18 17:17:11.061449,929,317
15005,2025-01-18 17:17:11.061449,929,287
15006,2025-01-18 17:17:11.061449,929,449
15007,2025-01-18 17:17:11.061449,929,568
15008,2025-01-18 17:17:11.061449,929,601
15009,2025-01-18 17:17:11.061449,929,577
15010,2025-01-18 17:17:11.061449,929,402
15011,2025-01-18 17:17:11.061449,929,358
15012,2025-01-18 17:17:11.061449,929,321
15013,2025-01-18 17:17:11.061449,929,599
15014,2025-01-18 17:17:11.061449,930,203
15015,2025-01-18 17:17:11.061449,930,200
15016,2025-01-18 17:17:11.061449,930,484
15017,2025-01-18 17:17:11.061449,930,270
15018,2025-01-18 17:17:11.061449,930,283
15019,2025-01-18 17:17:11.061449,930,485
15020,2025-01-18 17:17:11.061449,930,628
15021,2025-01-18 17:17:11.061449,930,449
15022,2025-01-18 17:17:11.061449,930,566
15023,2025-01-18 17:17:11.061449,930,534
15024,2025-01-18 17:17:11.061449,930,557
15025,2025-01-18 17:17:11.061449,930,458
15026,2025-01-18 17:17:11.061449,931,393
15027,2025-01-18 17:17:11.061449,931,402
15028,2025-01-18 17:17:11.061449,931,661
15029,2025-01-18 17:17:11.061449,931,627
15030,2025-01-18 17:17:11.061449,931,292
15031,2025-01-18 17:17:11.061449,931,405
15032,2025-01-18 17:17:11.061449,931,346
15033,2025-01-18 17:17:11.061449,931,286
15034,2025-01-18 17:17:11.061449,931,604
15035,2025-01-18 17:17:11.061449,931,323
15036,2025-01-18 17:17:11.061449,931,373
15037,2025-01-18 17:17:11.061449,932,597
15038,2025-01-18 17:17:11.061449,932,317
15039,2025-01-18 17:17:11.061449,932,539
15040,2025-01-18 17:17:11.061449,932,473
15041,2025-01-18 17:17:11.061449,932,559
15042,2025-01-18 17:17:11.061449,932,368
15043,2025-01-18 17:17:11.061449,932,273
15044,2025-01-18 17:17:11.061449,932,417
15045,2025-01-18 17:17:11.061449,932,223
15046,2025-01-18 17:17:11.061449,932,236
15047,2025-01-18 17:17:11.061449,933,597
15048,2025-01-18 17:17:11.061449,933,535
15049,2025-01-18 17:17:11.061449,933,593
15050,2025-01-18 17:17:11.061449,933,622
15051,2025-01-18 17:17:11.061449,933,271
15052,2025-01-18 17:17:11.061449,933,478
15053,2025-01-18 17:17:11.061449,933,204
15054,2025-01-18 17:17:11.061449,933,333
15055,2025-01-18 17:17:11.061449,933,641
15056,2025-01-18 17:17:11.061449,933,214
15057,2025-01-18 17:17:11.061449,933,651
15058,2025-01-18 17:17:11.061449,933,521
15059,2025-01-18 17:17:11.061449,933,200
15060,2025-01-18 17:17:11.061449,933,410
15061,2025-01-18 17:17:11.061449,933,366
15062,2025-01-18 17:17:11.061449,933,211
15063,2025-01-18 17:17:11.061449,933,611
15064,2025-01-18 17:17:11.061449,933,487
15065,2025-01-18 17:17:11.061449,933,413
15066,2025-01-18 17:17:11.061449,934,337
15067,2025-01-18 17:17:11.061449,934,343
15068,2025-01-18 17:17:11.061449,934,393
15069,2025-01-18 17:17:11.062446,934,405
15070,2025-01-18 17:17:11.062446,934,250
15071,2025-01-18 17:17:11.062446,934,369
15072,2025-01-18 17:17:11.062446,934,251
15073,2025-01-18 17:17:11.062446,934,541
15074,2025-01-18 17:17:11.062446,934,620
15075,2025-01-18 17:17:11.062446,934,387
15076,2025-01-18 17:17:11.062446,934,298
15077,2025-01-18 17:17:11.062446,934,347
15078,2025-01-18 17:17:11.062446,934,467
15079,2025-01-18 17:17:11.062446,934,324
15080,2025-01-18 17:17:11.062446,934,452
15081,2025-01-18 17:17:11.062446,934,257
15082,2025-01-18 17:17:11.062446,934,293
15083,2025-01-18 17:17:11.062446,934,644
15084,2025-01-18 17:17:11.062446,935,628
15085,2025-01-18 17:17:11.062446,935,431
15086,2025-01-18 17:17:11.062446,935,647
15087,2025-01-18 17:17:11.062446,935,224
15088,2025-01-18 17:17:11.062446,935,492
15089,2025-01-18 17:17:11.062446,935,207
15090,2025-01-18 17:17:11.062446,935,528
15091,2025-01-18 17:17:11.062446,935,454
15092,2025-01-18 17:17:11.062446,935,517
15093,2025-01-18 17:17:11.062446,935,627
15094,2025-01-18 17:17:11.062446,935,453
15095,2025-01-18 17:17:11.062446,935,614
15096,2025-01-18 17:17:11.062446,935,227
15097,2025-01-18 17:17:11.062446,935,245
15098,2025-01-18 17:17:11.062446,935,389
15099,2025-01-18 17:17:11.062446,935,388
15100,2025-01-18 17:17:11.062446,935,483
15101,2025-01-18 17:17:11.062446,936,323
15102,2025-01-18 17:17:11.062446,936,531
15103,2025-01-18 17:17:11.062446,936,475
15104,2025-01-18 17:17:11.062446,936,643
15105,2025-01-18 17:17:11.062446,936,339
15106,2025-01-18 17:17:11.062446,936,539
15107,2025-01-18 17:17:11.062446,936,460
15108,2025-01-18 17:17:11.062446,936,369
15109,2025-01-18 17:17:11.062446,936,383
15110,2025-01-18 17:17:11.062446,936,641
15111,2025-01-18 17:17:11.062446,936,600
15112,2025-01-18 17:17:11.062446,936,541
15113,2025-01-18 17:17:11.062446,936,634
15114,2025-01-18 17:17:11.062446,936,554
15115,2025-01-18 17:17:11.062446,936,548
15116,2025-01-18 17:17:11.062446,936,654
15117,2025-01-18 17:17:11.062446,936,200
15118,2025-01-18 17:17:11.062446,936,470
15119,2025-01-18 17:17:11.062446,936,210
15120,2025-01-18 17:17:11.062446,937,564
15121,2025-01-18 17:17:11.062446,937,638
15122,2025-01-18 17:17:11.062446,937,624
15123,2025-01-18 17:17:11.062446,937,218
15124,2025-01-18 17:17:11.062446,937,310
15125,2025-01-18 17:17:11.062446,937,412
15126,2025-01-18 17:17:11.062446,937,446
15127,2025-01-18 17:17:11.062446,937,208
15128,2025-01-18 17:17:11.062446,937,510
15129,2025-01-18 17:17:11.062446,937,401
15130,2025-01-18 17:17:11.062446,937,402
15131,2025-01-18 17:17:11.062446,937,345
15132,2025-01-18 17:17:11.062446,937,318
15133,2025-01-18 17:17:11.062446,937,395
15134,2025-01-18 17:17:11.062446,937,565
15135,2025-01-18 17:17:11.062446,938,339
15136,2025-01-18 17:17:11.062446,938,636
15137,2025-01-18 17:17:11.062446,938,575
15138,2025-01-18 17:17:11.062446,938,511
15139,2025-01-18 17:17:11.062446,938,471
15140,2025-01-18 17:17:11.062446,938,655
15141,2025-01-18 17:17:11.062446,938,484
15142,2025-01-18 17:17:11.062446,938,426
15143,2025-01-18 17:17:11.062446,938,331
15144,2025-01-18 17:17:11.062446,938,618
15145,2025-01-18 17:17:11.062446,938,473
15146,2025-01-18 17:17:11.062446,938,399
15147,2025-01-18 17:17:11.062446,938,197
15148,2025-01-18 17:17:11.062446,938,557
15149,2025-01-18 17:17:11.062446,938,293
15150,2025-01-18 17:17:11.062446,938,386
15151,2025-01-18 17:17:11.062446,938,224
15152,2025-01-18 17:17:11.062446,938,619
15153,2025-01-18 17:17:11.062446,938,428
15154,2025-01-18 17:17:11.062446,939,641
15155,2025-01-18 17:17:11.062446,939,270
15156,2025-01-18 17:17:11.062446,939,546
15157,2025-01-18 17:17:11.062446,939,549
15158,2025-01-18 17:17:11.062446,939,259
15159,2025-01-18 17:17:11.062446,939,214
15160,2025-01-18 17:17:11.062446,939,284
15161,2025-01-18 17:17:11.062446,939,472
15162,2025-01-18 17:17:11.062446,939,226
15163,2025-01-18 17:17:11.062446,939,256
15164,2025-01-18 17:17:11.062446,939,215
15165,2025-01-18 17:17:11.063443,939,585
15166,2025-01-18 17:17:11.063443,940,453
15167,2025-01-18 17:17:11.063443,940,497
15168,2025-01-18 17:17:11.063443,940,550
15169,2025-01-18 17:17:11.063443,940,647
15170,2025-01-18 17:17:11.063443,940,358
15171,2025-01-18 17:17:11.063443,940,660
15172,2025-01-18 17:17:11.063443,940,548
15173,2025-01-18 17:17:11.063443,940,600
15174,2025-01-18 17:17:11.063443,940,634
15175,2025-01-18 17:17:11.063443,940,290
15176,2025-01-18 17:17:11.063443,940,484
15177,2025-01-18 17:17:11.063443,940,392
15178,2025-01-18 17:17:11.063443,940,661
15179,2025-01-18 17:17:11.063443,940,447
15180,2025-01-18 17:17:11.063443,940,303
15181,2025-01-18 17:17:11.063443,940,571
15182,2025-01-18 17:17:11.063443,941,455
15183,2025-01-18 17:17:11.063443,941,658
15184,2025-01-18 17:17:11.063443,941,560
15185,2025-01-18 17:17:11.063443,941,210
15186,2025-01-18 17:17:11.063443,941,418
15187,2025-01-18 17:17:11.063443,941,318
15188,2025-01-18 17:17:11.063443,941,253
15189,2025-01-18 17:17:11.063443,941,567
15190,2025-01-18 17:17:11.063443,941,480
15191,2025-01-18 17:17:11.063443,941,206
15192,2025-01-18 17:17:11.063443,941,528
15193,2025-01-18 17:17:11.063443,941,529
15194,2025-01-18 17:17:11.063443,941,571
15195,2025-01-18 17:17:11.063443,941,304
15196,2025-01-18 17:17:11.063443,941,348
15197,2025-01-18 17:17:11.063443,941,553
15198,2025-01-18 17:17:11.063443,941,487
15199,2025-01-18 17:17:11.063443,942,328
15200,2025-01-18 17:17:11.063443,942,340
15201,2025-01-18 17:17:11.063443,942,241
15202,2025-01-18 17:17:11.063443,942,283
15203,2025-01-18 17:17:11.063443,942,205
15204,2025-01-18 17:17:11.063443,942,423
15205,2025-01-18 17:17:11.063443,942,545
15206,2025-01-18 17:17:11.063443,942,467
15207,2025-01-18 17:17:11.063443,942,480
15208,2025-01-18 17:17:11.063443,942,377
15209,2025-01-18 17:17:11.063443,942,277
15210,2025-01-18 17:17:11.063443,942,406
15211,2025-01-18 17:17:11.063443,942,636
15212,2025-01-18 17:17:11.063443,942,439
15213,2025-01-18 17:17:11.063443,942,402
15214,2025-01-18 17:17:11.063443,942,617
15215,2025-01-18 17:17:11.063443,942,358
15216,2025-01-18 17:17:11.063443,942,581
15217,2025-01-18 17:17:11.063443,942,571
15218,2025-01-18 17:17:11.063443,942,599
15219,2025-01-18 17:17:11.063443,943,484
15220,2025-01-18 17:17:11.063443,943,323
15221,2025-01-18 17:17:11.063443,943,283
15222,2025-01-18 17:17:11.063443,943,406
15223,2025-01-18 17:17:11.063443,943,380
15224,2025-01-18 17:17:11.063443,943,362
15225,2025-01-18 17:17:11.063443,943,462
15226,2025-01-18 17:17:11.063443,943,393
15227,2025-01-18 17:17:11.063443,943,270
15228,2025-01-18 17:17:11.063443,943,335
15229,2025-01-18 17:17:11.068430,943,383
15230,2025-01-18 17:17:11.068430,943,341
15231,2025-01-18 17:17:11.068430,943,441
15232,2025-01-18 17:17:11.068430,943,576
15233,2025-01-18 17:17:11.068430,944,293
15234,2025-01-18 17:17:11.068430,944,400
15235,2025-01-18 17:17:11.068430,944,240
15236,2025-01-18 17:17:11.068430,944,525
15237,2025-01-18 17:17:11.068430,944,268
15238,2025-01-18 17:17:11.068430,944,536
15239,2025-01-18 17:17:11.068430,944,462
15240,2025-01-18 17:17:11.068430,944,487
15241,2025-01-18 17:17:11.068430,944,490
15242,2025-01-18 17:17:11.068430,944,346
15243,2025-01-18 17:17:11.068430,944,516
15244,2025-01-18 17:17:11.068430,944,429
15245,2025-01-18 17:17:11.068430,944,366
15246,2025-01-18 17:17:11.068430,944,481
15247,2025-01-18 17:17:11.068430,944,625
15248,2025-01-18 17:17:11.068430,945,338
15249,2025-01-18 17:17:11.068430,945,619
15250,2025-01-18 17:17:11.068430,945,431
15251,2025-01-18 17:17:11.068430,945,435
15252,2025-01-18 17:17:11.068430,945,415
15253,2025-01-18 17:17:11.068430,945,524
15254,2025-01-18 17:17:11.068430,945,561
15255,2025-01-18 17:17:11.068430,945,347
15256,2025-01-18 17:17:11.068430,945,371
15257,2025-01-18 17:17:11.068430,945,576
15258,2025-01-18 17:17:11.068430,945,657
15259,2025-01-18 17:17:11.068430,945,327
15260,2025-01-18 17:17:11.068430,945,194
15261,2025-01-18 17:17:11.068430,945,527
15262,2025-01-18 17:17:11.068430,945,267
15263,2025-01-18 17:17:11.068430,945,640
15264,2025-01-18 17:17:11.068430,945,408
15265,2025-01-18 17:17:11.068430,945,502
15266,2025-01-18 17:17:11.068430,945,247
15267,2025-01-18 17:17:11.068430,945,602
15268,2025-01-18 17:17:11.068430,946,580
15269,2025-01-18 17:17:11.068430,946,333
15270,2025-01-18 17:17:11.068430,946,563
15271,2025-01-18 17:17:11.068430,946,492
15272,2025-01-18 17:17:11.068430,946,225
15273,2025-01-18 17:17:11.068430,946,660
15274,2025-01-18 17:17:11.068430,946,367
15275,2025-01-18 17:17:11.068430,946,644
15276,2025-01-18 17:17:11.068430,946,390
15277,2025-01-18 17:17:11.068430,946,468
15278,2025-01-18 17:17:11.068430,947,354
15279,2025-01-18 17:17:11.069428,947,200
15280,2025-01-18 17:17:11.069428,947,320
15281,2025-01-18 17:17:11.069428,947,532
15282,2025-01-18 17:17:11.069428,947,390
15283,2025-01-18 17:17:11.069428,947,254
15284,2025-01-18 17:17:11.069428,947,315
15285,2025-01-18 17:17:11.069428,947,238
15286,2025-01-18 17:17:11.069428,947,548
15287,2025-01-18 17:17:11.069428,947,304
15288,2025-01-18 17:17:11.069428,947,306
15289,2025-01-18 17:17:11.069428,947,272
15290,2025-01-18 17:17:11.069428,947,524
15291,2025-01-18 17:17:11.069428,948,228
15292,2025-01-18 17:17:11.069428,948,436
15293,2025-01-18 17:17:11.069428,948,581
15294,2025-01-18 17:17:11.069428,948,216
15295,2025-01-18 17:17:11.069428,948,421
15296,2025-01-18 17:17:11.069428,948,233
15297,2025-01-18 17:17:11.069428,948,539
15298,2025-01-18 17:17:11.069428,948,196
15299,2025-01-18 17:17:11.069428,948,626
15300,2025-01-18 17:17:11.069428,948,487
15301,2025-01-18 17:17:11.069428,948,556
15302,2025-01-18 17:17:11.069428,948,505
15303,2025-01-18 17:17:11.069428,948,316
15304,2025-01-18 17:17:11.069428,948,514
15305,2025-01-18 17:17:11.069428,949,349
15306,2025-01-18 17:17:11.069428,949,485
15307,2025-01-18 17:17:11.069428,949,397
15308,2025-01-18 17:17:11.069428,949,279
15309,2025-01-18 17:17:11.069428,949,330
15310,2025-01-18 17:17:11.069428,949,213
15311,2025-01-18 17:17:11.069428,949,572
15312,2025-01-18 17:17:11.069428,949,641
15313,2025-01-18 17:17:11.069428,949,247
15314,2025-01-18 17:17:11.069428,949,362
15315,2025-01-18 17:17:11.069428,949,606
15316,2025-01-18 17:17:11.069428,949,624
15317,2025-01-18 17:17:11.069428,949,469
15318,2025-01-18 17:17:11.069428,949,318
15319,2025-01-18 17:17:11.069428,949,416
15320,2025-01-18 17:17:11.069428,949,228
15321,2025-01-18 17:17:11.069428,949,351
15322,2025-01-18 17:17:11.069428,950,431
15323,2025-01-18 17:17:11.069428,950,587
15324,2025-01-18 17:17:11.069428,950,505
15325,2025-01-18 17:17:11.069428,950,451
15326,2025-01-18 17:17:11.069428,950,585
15327,2025-01-18 17:17:11.069428,950,525
15328,2025-01-18 17:17:11.069428,950,441
15329,2025-01-18 17:17:11.069428,950,284
15330,2025-01-18 17:17:11.069428,950,244
15331,2025-01-18 17:17:11.069428,950,387
15332,2025-01-18 17:17:11.069428,950,517
15333,2025-01-18 17:17:11.069428,950,234
15334,2025-01-18 17:17:11.069428,950,598
15335,2025-01-18 17:17:11.069428,950,406
15336,2025-01-18 17:17:11.069428,950,339
15337,2025-01-18 17:17:11.069428,950,405
15338,2025-01-18 17:17:11.069428,950,213
15339,2025-01-18 17:17:11.069428,950,519
15340,2025-01-18 17:17:11.069428,951,518
15341,2025-01-18 17:17:11.069428,951,586
15342,2025-01-18 17:17:11.069428,951,520
15343,2025-01-18 17:17:11.069428,951,436
15344,2025-01-18 17:17:11.069428,951,298
15345,2025-01-18 17:17:11.069428,951,419
15346,2025-01-18 17:17:11.069428,951,567
15347,2025-01-18 17:17:11.069428,951,267
15348,2025-01-18 17:17:11.069428,951,217
15349,2025-01-18 17:17:11.069428,951,327
15350,2025-01-18 17:17:11.069428,951,247
15351,2025-01-18 17:17:11.069428,951,511
15352,2025-01-18 17:17:11.069428,951,258
15353,2025-01-18 17:17:11.069428,951,435
15354,2025-01-18 17:17:11.069428,951,531
15355,2025-01-18 17:17:11.069428,952,266
15356,2025-01-18 17:17:11.069428,952,335
15357,2025-01-18 17:17:11.069428,952,202
15358,2025-01-18 17:17:11.069428,952,329
15359,2025-01-18 17:17:11.069428,952,258
15360,2025-01-18 17:17:11.069428,952,378
15361,2025-01-18 17:17:11.069428,952,623
15362,2025-01-18 17:17:11.069428,952,647
15363,2025-01-18 17:17:11.069428,952,586
15364,2025-01-18 17:17:11.069428,952,257
15365,2025-01-18 17:17:11.069428,953,350
15366,2025-01-18 17:17:11.069428,953,655
15367,2025-01-18 17:17:11.069428,953,333
15368,2025-01-18 17:17:11.069428,953,201
15369,2025-01-18 17:17:11.069428,953,417
15370,2025-01-18 17:17:11.069428,953,646
15371,2025-01-18 17:17:11.069428,953,434
15372,2025-01-18 17:17:11.069428,953,419
15373,2025-01-18 17:17:11.069428,953,234
15374,2025-01-18 17:17:11.069428,953,368
15375,2025-01-18 17:17:11.070424,953,306
15376,2025-01-18 17:17:11.070424,953,343
15377,2025-01-18 17:17:11.070424,953,312
15378,2025-01-18 17:17:11.070424,953,378
15379,2025-01-18 17:17:11.070424,953,512
15380,2025-01-18 17:17:11.070424,953,311
15381,2025-01-18 17:17:11.070424,953,531
15382,2025-01-18 17:17:11.070424,954,596
15383,2025-01-18 17:17:11.070424,954,361
15384,2025-01-18 17:17:11.070424,954,548
15385,2025-01-18 17:17:11.070424,954,309
15386,2025-01-18 17:17:11.070424,954,200
15387,2025-01-18 17:17:11.070424,954,391
15388,2025-01-18 17:17:11.070424,954,273
15389,2025-01-18 17:17:11.070424,954,453
15390,2025-01-18 17:17:11.070424,954,521
15391,2025-01-18 17:17:11.070424,954,386
15392,2025-01-18 17:17:11.070424,954,407
15393,2025-01-18 17:17:11.070424,954,526
15394,2025-01-18 17:17:11.070424,954,447
15395,2025-01-18 17:17:11.070424,954,563
15396,2025-01-18 17:17:11.070424,954,237
15397,2025-01-18 17:17:11.070424,954,395
15398,2025-01-18 17:17:11.070424,954,656
15399,2025-01-18 17:17:11.070424,954,557
15400,2025-01-18 17:17:11.070424,954,603
15401,2025-01-18 17:17:11.070424,955,555
15402,2025-01-18 17:17:11.070424,955,594
15403,2025-01-18 17:17:11.070424,955,221
15404,2025-01-18 17:17:11.070424,955,667
15405,2025-01-18 17:17:11.070424,955,376
15406,2025-01-18 17:17:11.070424,955,571
15407,2025-01-18 17:17:11.070424,955,298
15408,2025-01-18 17:17:11.070424,955,262
15409,2025-01-18 17:17:11.070424,955,487
15410,2025-01-18 17:17:11.070424,955,246
15411,2025-01-18 17:17:11.070424,955,562
15412,2025-01-18 17:17:11.070424,955,306
15413,2025-01-18 17:17:11.070424,955,489
15414,2025-01-18 17:17:11.070424,955,543
15415,2025-01-18 17:17:11.070424,955,266
15416,2025-01-18 17:17:11.070424,955,395
15417,2025-01-18 17:17:11.070424,955,648
15418,2025-01-18 17:17:11.070424,956,664
15419,2025-01-18 17:17:11.070424,956,221
15420,2025-01-18 17:17:11.070424,956,254
15421,2025-01-18 17:17:11.070424,956,588
15422,2025-01-18 17:17:11.070424,956,255
15423,2025-01-18 17:17:11.070424,956,474
15424,2025-01-18 17:17:11.070424,956,241
15425,2025-01-18 17:17:11.070424,956,351
15426,2025-01-18 17:17:11.070424,956,539
15427,2025-01-18 17:17:11.070424,956,207
15428,2025-01-18 17:17:11.070424,957,247
15429,2025-01-18 17:17:11.070424,957,506
15430,2025-01-18 17:17:11.070424,957,374
15431,2025-01-18 17:17:11.070424,957,322
15432,2025-01-18 17:17:11.070424,957,640
15433,2025-01-18 17:17:11.070424,957,421
15434,2025-01-18 17:17:11.070424,957,550
15435,2025-01-18 17:17:11.070424,957,394
15436,2025-01-18 17:17:11.070424,957,576
15437,2025-01-18 17:17:11.070424,957,588
15438,2025-01-18 17:17:11.070424,957,632
15439,2025-01-18 17:17:11.070424,957,345
15440,2025-01-18 17:17:11.070424,957,645
15441,2025-01-18 17:17:11.070424,957,589
15442,2025-01-18 17:17:11.070424,957,457
15443,2025-01-18 17:17:11.070424,957,314
15444,2025-01-18 17:17:11.070424,957,243
15445,2025-01-18 17:17:11.070424,958,585
15446,2025-01-18 17:17:11.070424,958,468
15447,2025-01-18 17:17:11.070424,958,310
15448,2025-01-18 17:17:11.070424,958,633
15449,2025-01-18 17:17:11.070424,958,290
15450,2025-01-18 17:17:11.070424,958,437
15451,2025-01-18 17:17:11.070424,958,509
15452,2025-01-18 17:17:11.070424,958,466
15453,2025-01-18 17:17:11.070424,958,556
15454,2025-01-18 17:17:11.070424,958,529
15455,2025-01-18 17:17:11.070424,958,606
15456,2025-01-18 17:17:11.070424,958,663
15457,2025-01-18 17:17:11.070424,958,543
15458,2025-01-18 17:17:11.070424,958,491
15459,2025-01-18 17:17:11.070424,958,519
15460,2025-01-18 17:17:11.070424,958,333
15461,2025-01-18 17:17:11.070424,958,643
15462,2025-01-18 17:17:11.070424,958,313
15463,2025-01-18 17:17:11.070424,958,279
15464,2025-01-18 17:17:11.070424,958,476
15465,2025-01-18 17:17:11.070424,959,653
15466,2025-01-18 17:17:11.070424,959,619
15467,2025-01-18 17:17:11.070424,959,373
15468,2025-01-18 17:17:11.070424,959,430
15469,2025-01-18 17:17:11.070424,959,597
15470,2025-01-18 17:17:11.070424,959,253
15471,2025-01-18 17:17:11.071422,959,595
15472,2025-01-18 17:17:11.071422,959,519
15473,2025-01-18 17:17:11.071422,959,610
15474,2025-01-18 17:17:11.071422,959,494
15475,2025-01-18 17:17:11.071422,959,440
15476,2025-01-18 17:17:11.071422,959,424
15477,2025-01-18 17:17:11.071422,959,376
15478,2025-01-18 17:17:11.071422,959,453
15479,2025-01-18 17:17:11.071422,960,514
15480,2025-01-18 17:17:11.071422,960,299
15481,2025-01-18 17:17:11.071422,960,496
15482,2025-01-18 17:17:11.071422,960,243
15483,2025-01-18 17:17:11.071422,960,618
15484,2025-01-18 17:17:11.071422,960,528
15485,2025-01-18 17:17:11.071422,960,352
15486,2025-01-18 17:17:11.071422,960,339
15487,2025-01-18 17:17:11.071422,960,495
15488,2025-01-18 17:17:11.071422,960,659
15489,2025-01-18 17:17:11.071422,960,623
15490,2025-01-18 17:17:11.071422,960,628
15491,2025-01-18 17:17:11.071422,960,427
15492,2025-01-18 17:17:11.071422,960,458
15493,2025-01-18 17:17:11.071422,960,376
15494,2025-01-18 17:17:11.071422,960,224
15495,2025-01-18 17:17:11.071422,960,644
15496,2025-01-18 17:17:11.071422,960,494
15497,2025-01-18 17:17:11.071422,961,448
15498,2025-01-18 17:17:11.071422,961,360
15499,2025-01-18 17:17:11.071422,961,242
15500,2025-01-18 17:17:11.071422,961,326
15501,2025-01-18 17:17:11.071422,961,541
15502,2025-01-18 17:17:11.071422,961,403
15503,2025-01-18 17:17:11.071422,961,472
15504,2025-01-18 17:17:11.071422,961,563
15505,2025-01-18 17:17:11.071422,961,434
15506,2025-01-18 17:17:11.071422,961,305
15507,2025-01-18 17:17:11.071422,962,576
15508,2025-01-18 17:17:11.071422,962,415
15509,2025-01-18 17:17:11.071422,962,530
15510,2025-01-18 17:17:11.071422,962,592
15511,2025-01-18 17:17:11.071422,962,352
15512,2025-01-18 17:17:11.071422,962,269
15513,2025-01-18 17:17:11.071422,962,410
15514,2025-01-18 17:17:11.071422,962,201
15515,2025-01-18 17:17:11.071422,962,203
15516,2025-01-18 17:17:11.071422,962,197
15517,2025-01-18 17:17:11.071422,962,502
15518,2025-01-18 17:17:11.071422,962,358
15519,2025-01-18 17:17:11.071422,962,641
15520,2025-01-18 17:17:11.071422,962,414
15521,2025-01-18 17:17:11.071422,962,432
15522,2025-01-18 17:17:11.071422,962,567
15523,2025-01-18 17:17:11.071422,962,433
15524,2025-01-18 17:17:11.071422,962,213
15525,2025-01-18 17:17:11.071422,962,306
15526,2025-01-18 17:17:11.071422,963,667
15527,2025-01-18 17:17:11.071422,963,628
15528,2025-01-18 17:17:11.071422,963,592
15529,2025-01-18 17:17:11.071422,963,353
15530,2025-01-18 17:17:11.071422,963,562
15531,2025-01-18 17:17:11.071422,963,274
15532,2025-01-18 17:17:11.071422,963,343
15533,2025-01-18 17:17:11.071422,963,364
15534,2025-01-18 17:17:11.071422,963,207
15535,2025-01-18 17:17:11.071422,963,547
15536,2025-01-18 17:17:11.071422,964,471
15537,2025-01-18 17:17:11.071422,964,639
15538,2025-01-18 17:17:11.071422,964,592
15539,2025-01-18 17:17:11.071422,964,474
15540,2025-01-18 17:17:11.071422,964,439
15541,2025-01-18 17:17:11.071422,964,547
15542,2025-01-18 17:17:11.071422,964,481
15543,2025-01-18 17:17:11.071422,964,494
15544,2025-01-18 17:17:11.071422,964,598
15545,2025-01-18 17:17:11.071422,964,370
15546,2025-01-18 17:17:11.071422,964,459
15547,2025-01-18 17:17:11.071422,964,516
15548,2025-01-18 17:17:11.071422,964,648
15549,2025-01-18 17:17:11.071422,964,482
15550,2025-01-18 17:17:11.071422,964,418
15551,2025-01-18 17:17:11.071422,965,242
15552,2025-01-18 17:17:11.071422,965,507
15553,2025-01-18 17:17:11.071422,965,331
15554,2025-01-18 17:17:11.071422,965,392
15555,2025-01-18 17:17:11.071422,965,480
15556,2025-01-18 17:17:11.071422,965,583
15557,2025-01-18 17:17:11.071422,965,536
15558,2025-01-18 17:17:11.071422,965,597
15559,2025-01-18 17:17:11.071422,965,213
15560,2025-01-18 17:17:11.071422,965,324
15561,2025-01-18 17:17:11.071422,965,290
15562,2025-01-18 17:17:11.077406,965,372
15563,2025-01-18 17:17:11.077406,965,426
15564,2025-01-18 17:17:11.077406,965,657
15565,2025-01-18 17:17:11.078404,965,618
15566,2025-01-18 17:17:11.078404,965,400
15567,2025-01-18 17:17:11.078404,965,218
15568,2025-01-18 17:17:11.078404,965,605
15569,2025-01-18 17:17:11.078404,965,640
15570,2025-01-18 17:17:11.078404,965,475
15571,2025-01-18 17:17:11.078404,966,398
15572,2025-01-18 17:17:11.078404,966,472
15573,2025-01-18 17:17:11.078404,966,621
15574,2025-01-18 17:17:11.078404,966,534
15575,2025-01-18 17:17:11.078404,966,492
15576,2025-01-18 17:17:11.078404,966,481
15577,2025-01-18 17:17:11.078404,966,633
15578,2025-01-18 17:17:11.078404,966,566
15579,2025-01-18 17:17:11.078404,966,624
15580,2025-01-18 17:17:11.078404,966,576
15581,2025-01-18 17:17:11.078404,966,304
15582,2025-01-18 17:17:11.078404,966,544
15583,2025-01-18 17:17:11.078404,966,308
15584,2025-01-18 17:17:11.078404,966,215
15585,2025-01-18 17:17:11.078404,966,461
15586,2025-01-18 17:17:11.078404,966,548
15587,2025-01-18 17:17:11.078404,966,490
15588,2025-01-18 17:17:11.078404,966,369
15589,2025-01-18 17:17:11.078404,966,519
15590,2025-01-18 17:17:11.078404,967,502
15591,2025-01-18 17:17:11.078404,967,324
15592,2025-01-18 17:17:11.078404,967,290
15593,2025-01-18 17:17:11.078404,967,378
15594,2025-01-18 17:17:11.078404,967,261
15595,2025-01-18 17:17:11.078404,967,211
15596,2025-01-18 17:17:11.078404,967,239
15597,2025-01-18 17:17:11.078404,967,291
15598,2025-01-18 17:17:11.078404,967,589
15599,2025-01-18 17:17:11.078404,967,359
15600,2025-01-18 17:17:11.078404,967,570
15601,2025-01-18 17:17:11.078404,967,343
15602,2025-01-18 17:17:11.078404,967,293
15603,2025-01-18 17:17:11.078404,967,587
15604,2025-01-18 17:17:11.078404,967,484
15605,2025-01-18 17:17:11.078404,967,287
15606,2025-01-18 17:17:11.078404,967,455
15607,2025-01-18 17:17:11.078404,967,593
15608,2025-01-18 17:17:11.078404,968,609
15609,2025-01-18 17:17:11.078404,968,354
15610,2025-01-18 17:17:11.078404,968,396
15611,2025-01-18 17:17:11.078404,968,585
15612,2025-01-18 17:17:11.078404,968,262
15613,2025-01-18 17:17:11.078404,968,476
15614,2025-01-18 17:17:11.078404,968,285
15615,2025-01-18 17:17:11.078404,968,418
15616,2025-01-18 17:17:11.078404,968,465
15617,2025-01-18 17:17:11.078404,968,331
15618,2025-01-18 17:17:11.078404,968,214
15619,2025-01-18 17:17:11.078404,968,345
15620,2025-01-18 17:17:11.078404,968,640
15621,2025-01-18 17:17:11.078404,968,564
15622,2025-01-18 17:17:11.078404,968,519
15623,2025-01-18 17:17:11.078404,968,617
15624,2025-01-18 17:17:11.078404,969,301
15625,2025-01-18 17:17:11.078404,969,472
15626,2025-01-18 17:17:11.078404,969,563
15627,2025-01-18 17:17:11.078404,969,199
15628,2025-01-18 17:17:11.078404,969,317
15629,2025-01-18 17:17:11.078404,969,290
15630,2025-01-18 17:17:11.078404,969,661
15631,2025-01-18 17:17:11.078404,969,321
15632,2025-01-18 17:17:11.078404,969,519
15633,2025-01-18 17:17:11.078404,969,363
15634,2025-01-18 17:17:11.078404,969,506
15635,2025-01-18 17:17:11.078404,969,634
15636,2025-01-18 17:17:11.078404,969,325
15637,2025-01-18 17:17:11.078404,970,605
15638,2025-01-18 17:17:11.078404,970,540
15639,2025-01-18 17:17:11.078404,970,327
15640,2025-01-18 17:17:11.078404,970,574
15641,2025-01-18 17:17:11.078404,970,546
15642,2025-01-18 17:17:11.078404,970,530
15643,2025-01-18 17:17:11.078404,970,201
15644,2025-01-18 17:17:11.078404,970,346
15645,2025-01-18 17:17:11.078404,970,303
15646,2025-01-18 17:17:11.078404,970,553
15647,2025-01-18 17:17:11.078404,971,456
15648,2025-01-18 17:17:11.078404,971,322
15649,2025-01-18 17:17:11.078404,971,647
15650,2025-01-18 17:17:11.078404,971,267
15651,2025-01-18 17:17:11.078404,971,253
15652,2025-01-18 17:17:11.078404,971,648
15653,2025-01-18 17:17:11.078404,971,401
15654,2025-01-18 17:17:11.078404,971,356
15655,2025-01-18 17:17:11.078404,971,355
15656,2025-01-18 17:17:11.078404,971,346
15657,2025-01-18 17:17:11.078404,971,213
15658,2025-01-18 17:17:11.078404,971,513
15659,2025-01-18 17:17:11.078404,971,407
15660,2025-01-18 17:17:11.079400,971,485
15661,2025-01-18 17:17:11.079400,971,492
15662,2025-01-18 17:17:11.079400,971,408
15663,2025-01-18 17:17:11.079400,971,430
15664,2025-01-18 17:17:11.079400,971,210
15665,2025-01-18 17:17:11.079400,972,599
15666,2025-01-18 17:17:11.079400,972,550
15667,2025-01-18 17:17:11.079400,972,322
15668,2025-01-18 17:17:11.079400,972,498
15669,2025-01-18 17:17:11.079400,972,536
15670,2025-01-18 17:17:11.079400,972,513
15671,2025-01-18 17:17:11.079400,972,349
15672,2025-01-18 17:17:11.079400,972,350
15673,2025-01-18 17:17:11.079400,972,293
15674,2025-01-18 17:17:11.079400,972,488
15675,2025-01-18 17:17:11.079400,972,658
15676,2025-01-18 17:17:11.079400,972,237
15677,2025-01-18 17:17:11.079400,972,385
15678,2025-01-18 17:17:11.079400,972,399
15679,2025-01-18 17:17:11.079400,972,447
15680,2025-01-18 17:17:11.079400,973,325
15681,2025-01-18 17:17:11.079400,973,336
15682,2025-01-18 17:17:11.079400,973,249
15683,2025-01-18 17:17:11.079400,973,630
15684,2025-01-18 17:17:11.079400,973,458
15685,2025-01-18 17:17:11.079400,973,366
15686,2025-01-18 17:17:11.079400,973,300
15687,2025-01-18 17:17:11.079400,973,361
15688,2025-01-18 17:17:11.079400,973,334
15689,2025-01-18 17:17:11.079400,973,474
15690,2025-01-18 17:17:11.079400,973,323
15691,2025-01-18 17:17:11.079400,973,478
15692,2025-01-18 17:17:11.079400,973,228
15693,2025-01-18 17:17:11.079400,973,248
15694,2025-01-18 17:17:11.079400,973,420
15695,2025-01-18 17:17:11.079400,973,274
15696,2025-01-18 17:17:11.079400,973,288
15697,2025-01-18 17:17:11.079400,973,440
15698,2025-01-18 17:17:11.079400,974,426
15699,2025-01-18 17:17:11.079400,974,338
15700,2025-01-18 17:17:11.079400,974,377
15701,2025-01-18 17:17:11.079400,974,481
15702,2025-01-18 17:17:11.079400,974,365
15703,2025-01-18 17:17:11.079400,974,434
15704,2025-01-18 17:17:11.079400,974,258
15705,2025-01-18 17:17:11.079400,974,284
15706,2025-01-18 17:17:11.079400,974,279
15707,2025-01-18 17:17:11.079400,974,283
15708,2025-01-18 17:17:11.079400,974,657
15709,2025-01-18 17:17:11.079400,974,373
15710,2025-01-18 17:17:11.079400,974,291
15711,2025-01-18 17:17:11.079400,974,610
15712,2025-01-18 17:17:11.079400,974,581
15713,2025-01-18 17:17:11.079400,974,211
15714,2025-01-18 17:17:11.079400,974,579
15715,2025-01-18 17:17:11.079400,974,297
15716,2025-01-18 17:17:11.079400,975,274
15717,2025-01-18 17:17:11.079400,975,565
15718,2025-01-18 17:17:11.079400,975,253
15719,2025-01-18 17:17:11.079400,975,221
15720,2025-01-18 17:17:11.079400,975,368
15721,2025-01-18 17:17:11.079400,975,545
15722,2025-01-18 17:17:11.079400,975,621
15723,2025-01-18 17:17:11.079400,975,499
15724,2025-01-18 17:17:11.079400,975,410
15725,2025-01-18 17:17:11.079400,975,459
15726,2025-01-18 17:17:11.079400,975,600
15727,2025-01-18 17:17:11.079400,976,347
15728,2025-01-18 17:17:11.079400,976,450
15729,2025-01-18 17:17:11.079400,976,607
15730,2025-01-18 17:17:11.079400,976,575
15731,2025-01-18 17:17:11.079400,976,513
15732,2025-01-18 17:17:11.079400,976,638
15733,2025-01-18 17:17:11.079400,976,612
15734,2025-01-18 17:17:11.079400,976,223
15735,2025-01-18 17:17:11.079400,976,428
15736,2025-01-18 17:17:11.079400,976,563
15737,2025-01-18 17:17:11.079400,976,365
15738,2025-01-18 17:17:11.079400,976,505
15739,2025-01-18 17:17:11.079400,976,356
15740,2025-01-18 17:17:11.079400,976,243
15741,2025-01-18 17:17:11.079400,976,288
15742,2025-01-18 17:17:11.079400,976,287
15743,2025-01-18 17:17:11.079400,976,557
15744,2025-01-18 17:17:11.079400,977,278
15745,2025-01-18 17:17:11.079400,977,523
15746,2025-01-18 17:17:11.079400,977,328
15747,2025-01-18 17:17:11.079400,977,407
15748,2025-01-18 17:17:11.079400,977,255
15749,2025-01-18 17:17:11.079400,977,351
15750,2025-01-18 17:17:11.079400,977,532
15751,2025-01-18 17:17:11.079400,977,315
15752,2025-01-18 17:17:11.079400,977,514
15753,2025-01-18 17:17:11.079400,977,607
15754,2025-01-18 17:17:11.079400,977,588
15755,2025-01-18 17:17:11.079400,977,466
15756,2025-01-18 17:17:11.079400,977,571
15757,2025-01-18 17:17:11.080398,977,525
15758,2025-01-18 17:17:11.080398,977,212
15759,2025-01-18 17:17:11.080398,977,358
15760,2025-01-18 17:17:11.080398,977,494
15761,2025-01-18 17:17:11.080398,977,271
15762,2025-01-18 17:17:11.080398,977,530
15763,2025-01-18 17:17:11.080398,977,197
15764,2025-01-18 17:17:11.080398,978,368
15765,2025-01-18 17:17:11.080398,978,598
15766,2025-01-18 17:17:11.080398,978,648
15767,2025-01-18 17:17:11.080398,978,465
15768,2025-01-18 17:17:11.080398,978,448
15769,2025-01-18 17:17:11.080398,978,631
15770,2025-01-18 17:17:11.080398,978,274
15771,2025-01-18 17:17:11.080398,978,197
15772,2025-01-18 17:17:11.080398,978,474
15773,2025-01-18 17:17:11.080398,978,198
15774,2025-01-18 17:17:11.080398,978,432
15775,2025-01-18 17:17:11.080398,978,664
15776,2025-01-18 17:17:11.080398,978,566
15777,2025-01-18 17:17:11.080398,979,534
15778,2025-01-18 17:17:11.080398,979,435
15779,2025-01-18 17:17:11.080398,979,369
15780,2025-01-18 17:17:11.080398,979,580
15781,2025-01-18 17:17:11.080398,979,642
15782,2025-01-18 17:17:11.080398,979,577
15783,2025-01-18 17:17:11.080398,979,465
15784,2025-01-18 17:17:11.080398,979,317
15785,2025-01-18 17:17:11.080398,979,323
15786,2025-01-18 17:17:11.080398,979,328
15787,2025-01-18 17:17:11.080398,979,269
15788,2025-01-18 17:17:11.080398,979,569
15789,2025-01-18 17:17:11.080398,980,446
15790,2025-01-18 17:17:11.080398,980,333
15791,2025-01-18 17:17:11.080398,980,429
15792,2025-01-18 17:17:11.080398,980,629
15793,2025-01-18 17:17:11.080398,980,468
15794,2025-01-18 17:17:11.080398,980,255
15795,2025-01-18 17:17:11.080398,980,480
15796,2025-01-18 17:17:11.080398,980,475
15797,2025-01-18 17:17:11.080398,980,273
15798,2025-01-18 17:17:11.080398,980,278
15799,2025-01-18 17:17:11.080398,980,572
15800,2025-01-18 17:17:11.080398,981,547
15801,2025-01-18 17:17:11.080398,981,655
15802,2025-01-18 17:17:11.080398,981,497
15803,2025-01-18 17:17:11.080398,981,627
15804,2025-01-18 17:17:11.080398,981,221
15805,2025-01-18 17:17:11.080398,981,644
15806,2025-01-18 17:17:11.080398,981,224
15807,2025-01-18 17:17:11.080398,981,275
15808,2025-01-18 17:17:11.080398,981,436
15809,2025-01-18 17:17:11.080398,981,247
15810,2025-01-18 17:17:11.080398,981,337
15811,2025-01-18 17:17:11.080398,981,560
15812,2025-01-18 17:17:11.080398,981,228
15813,2025-01-18 17:17:11.080398,981,303
15814,2025-01-18 17:17:11.080398,981,468
15815,2025-01-18 17:17:11.080398,981,315
15816,2025-01-18 17:17:11.080398,981,567
15817,2025-01-18 17:17:11.080398,981,645
15818,2025-01-18 17:17:11.080398,982,500
15819,2025-01-18 17:17:11.080398,982,606
15820,2025-01-18 17:17:11.080398,982,360
15821,2025-01-18 17:17:11.080398,982,253
15822,2025-01-18 17:17:11.080398,982,228
15823,2025-01-18 17:17:11.080398,982,650
15824,2025-01-18 17:17:11.080398,982,433
15825,2025-01-18 17:17:11.080398,982,608
15826,2025-01-18 17:17:11.080398,982,592
15827,2025-01-18 17:17:11.080398,982,437
15828,2025-01-18 17:17:11.080398,982,383
15829,2025-01-18 17:17:11.080398,982,494
15830,2025-01-18 17:17:11.080398,983,410
15831,2025-01-18 17:17:11.080398,983,484
15832,2025-01-18 17:17:11.080398,983,265
15833,2025-01-18 17:17:11.080398,983,223
15834,2025-01-18 17:17:11.080398,983,319
15835,2025-01-18 17:17:11.080398,983,521
15836,2025-01-18 17:17:11.080398,983,609
15837,2025-01-18 17:17:11.080398,983,437
15838,2025-01-18 17:17:11.080398,983,238
15839,2025-01-18 17:17:11.080398,983,225
15840,2025-01-18 17:17:11.080398,983,449
15841,2025-01-18 17:17:11.080398,983,386
15842,2025-01-18 17:17:11.080398,983,620
15843,2025-01-18 17:17:11.080398,984,504
15844,2025-01-18 17:17:11.080398,984,480
15845,2025-01-18 17:17:11.080398,984,354
15846,2025-01-18 17:17:11.080398,984,407
15847,2025-01-18 17:17:11.080398,984,399
15848,2025-01-18 17:17:11.080398,984,628
15849,2025-01-18 17:17:11.080398,984,302
15850,2025-01-18 17:17:11.080398,984,235
15851,2025-01-18 17:17:11.080398,984,363
15852,2025-01-18 17:17:11.080398,984,524
15853,2025-01-18 17:17:11.080398,984,539
15854,2025-01-18 17:17:11.081395,984,405
15855,2025-01-18 17:17:11.081395,984,314
15856,2025-01-18 17:17:11.081395,984,260
15857,2025-01-18 17:17:11.081395,984,415
15858,2025-01-18 17:17:11.081395,985,476
15859,2025-01-18 17:17:11.081395,985,552
15860,2025-01-18 17:17:11.081395,985,300
15861,2025-01-18 17:17:11.081395,985,272
15862,2025-01-18 17:17:11.081395,985,601
15863,2025-01-18 17:17:11.081395,985,273
15864,2025-01-18 17:17:11.081395,985,249
15865,2025-01-18 17:17:11.081395,985,224
15866,2025-01-18 17:17:11.081395,985,543
15867,2025-01-18 17:17:11.081395,985,580
15868,2025-01-18 17:17:11.081395,985,624
15869,2025-01-18 17:17:11.081395,985,243
15870,2025-01-18 17:17:11.081395,985,216
15871,2025-01-18 17:17:11.081395,985,315
15872,2025-01-18 17:17:11.081395,985,390
15873,2025-01-18 17:17:11.081395,986,588
15874,2025-01-18 17:17:11.081395,986,606
15875,2025-01-18 17:17:11.081395,986,334
15876,2025-01-18 17:17:11.081395,986,532
15877,2025-01-18 17:17:11.081395,986,378
15878,2025-01-18 17:17:11.081395,986,426
15879,2025-01-18 17:17:11.081395,986,326
15880,2025-01-18 17:17:11.081395,986,445
15881,2025-01-18 17:17:11.081395,986,652
15882,2025-01-18 17:17:11.081395,986,276
15883,2025-01-18 17:17:11.081395,986,629
15884,2025-01-18 17:17:11.081395,986,417
15885,2025-01-18 17:17:11.081395,986,656
15886,2025-01-18 17:17:11.081395,986,553
15887,2025-01-18 17:17:11.081395,986,653
15888,2025-01-18 17:17:11.081395,986,586
15889,2025-01-18 17:17:11.081395,986,541
15890,2025-01-18 17:17:11.081395,987,211
15891,2025-01-18 17:17:11.081395,987,504
15892,2025-01-18 17:17:11.081395,987,400
15893,2025-01-18 17:17:11.081395,987,664
15894,2025-01-18 17:17:11.081395,987,393
15895,2025-01-18 17:17:11.086382,987,524
15896,2025-01-18 17:17:11.086382,987,571
15897,2025-01-18 17:17:11.086382,987,325
15898,2025-01-18 17:17:11.086382,987,392
15899,2025-01-18 17:17:11.086382,987,260
15900,2025-01-18 17:17:11.086382,987,246
15901,2025-01-18 17:17:11.086382,987,486
15902,2025-01-18 17:17:11.086382,987,424
15903,2025-01-18 17:17:11.086382,987,333
15904,2025-01-18 17:17:11.086382,987,283
15905,2025-01-18 17:17:11.086382,987,432
15906,2025-01-18 17:17:11.086382,988,504
15907,2025-01-18 17:17:11.086382,988,269
15908,2025-01-18 17:17:11.086382,988,608
15909,2025-01-18 17:17:11.086382,988,602
15910,2025-01-18 17:17:11.086382,988,244
15911,2025-01-18 17:17:11.086382,988,512
15912,2025-01-18 17:17:11.086382,988,394
15913,2025-01-18 17:17:11.086382,988,338
15914,2025-01-18 17:17:11.086382,988,600
15915,2025-01-18 17:17:11.086382,988,281
15916,2025-01-18 17:17:11.086382,988,540
15917,2025-01-18 17:17:11.086382,988,445
15918,2025-01-18 17:17:11.086382,988,284
15919,2025-01-18 17:17:11.086382,988,240
15920,2025-01-18 17:17:11.086382,988,612
15921,2025-01-18 17:17:11.086382,988,280
15922,2025-01-18 17:17:11.086382,988,414
15923,2025-01-18 17:17:11.086382,988,219
15924,2025-01-18 17:17:11.086382,988,222
15925,2025-01-18 17:17:11.086382,989,217
15926,2025-01-18 17:17:11.086382,989,622
15927,2025-01-18 17:17:11.086382,989,458
15928,2025-01-18 17:17:11.086382,989,431
15929,2025-01-18 17:17:11.086382,989,399
15930,2025-01-18 17:17:11.086382,989,512
15931,2025-01-18 17:17:11.086382,989,565
15932,2025-01-18 17:17:11.086382,989,220
15933,2025-01-18 17:17:11.086382,989,358
15934,2025-01-18 17:17:11.086382,989,339
15935,2025-01-18 17:17:11.086382,989,409
15936,2025-01-18 17:17:11.086382,989,324
15937,2025-01-18 17:17:11.086382,989,225
15938,2025-01-18 17:17:11.086382,989,490
15939,2025-01-18 17:17:11.086382,989,203
15940,2025-01-18 17:17:11.086382,989,582
15941,2025-01-18 17:17:11.086382,989,523
15942,2025-01-18 17:17:11.086382,989,381
15943,2025-01-18 17:17:11.086382,989,484
15944,2025-01-18 17:17:11.086382,989,599
15945,2025-01-18 17:17:11.086382,990,409
15946,2025-01-18 17:17:11.086382,990,510
15947,2025-01-18 17:17:11.086382,990,238
15948,2025-01-18 17:17:11.086382,990,292
15949,2025-01-18 17:17:11.086382,990,488
15950,2025-01-18 17:17:11.086382,990,205
15951,2025-01-18 17:17:11.086382,990,256
15952,2025-01-18 17:17:11.086382,990,632
15953,2025-01-18 17:17:11.086382,990,430
15954,2025-01-18 17:17:11.086382,990,402
15955,2025-01-18 17:17:11.086382,990,280
15956,2025-01-18 17:17:11.086382,990,236
15957,2025-01-18 17:17:11.086382,990,574
15958,2025-01-18 17:17:11.087379,990,365
15959,2025-01-18 17:17:11.087379,990,666
15960,2025-01-18 17:17:11.087379,990,567
15961,2025-01-18 17:17:11.087379,991,563
15962,2025-01-18 17:17:11.087379,991,445
15963,2025-01-18 17:17:11.087379,991,638
15964,2025-01-18 17:17:11.087379,991,267
15965,2025-01-18 17:17:11.087379,991,516
15966,2025-01-18 17:17:11.087379,991,282
15967,2025-01-18 17:17:11.087379,991,216
15968,2025-01-18 17:17:11.087379,991,428
15969,2025-01-18 17:17:11.087379,991,389
15970,2025-01-18 17:17:11.087379,991,622
15971,2025-01-18 17:17:11.087379,991,607
15972,2025-01-18 17:17:11.087379,992,205
15973,2025-01-18 17:17:11.087379,992,623
15974,2025-01-18 17:17:11.087379,992,325
15975,2025-01-18 17:17:11.087379,992,375
15976,2025-01-18 17:17:11.087379,992,232
15977,2025-01-18 17:17:11.087379,992,239
15978,2025-01-18 17:17:11.087379,992,397
15979,2025-01-18 17:17:11.087379,992,631
15980,2025-01-18 17:17:11.087379,992,212
15981,2025-01-18 17:17:11.087379,992,346
15982,2025-01-18 17:17:11.087379,992,497
15983,2025-01-18 17:17:11.087379,992,405
15984,2025-01-18 17:17:11.087379,992,277
15985,2025-01-18 17:17:11.087379,992,229
15986,2025-01-18 17:17:11.087379,992,519
15987,2025-01-18 17:17:11.087379,992,427
15988,2025-01-18 17:17:11.087379,992,458
15989,2025-01-18 17:17:11.087379,992,230
15990,2025-01-18 17:17:11.087379,992,240
15991,2025-01-18 17:17:11.087379,992,527
15992,2025-01-18 17:17:11.087379,993,281
15993,2025-01-18 17:17:11.087379,993,341
15994,2025-01-18 17:17:11.087379,993,280
15995,2025-01-18 17:17:11.087379,993,262
15996,2025-01-18 17:17:11.087379,993,542
15997,2025-01-18 17:17:11.087379,993,551
15998,2025-01-18 17:17:11.087379,993,316
15999,2025-01-18 17:17:11.087379,993,363
16000,2025-01-18 17:17:11.087379,993,593
16001,2025-01-18 17:17:11.087379,993,323
16002,2025-01-18 17:17:11.087379,993,307
16003,2025-01-18 17:17:11.087379,993,541
16004,2025-01-18 17:17:11.087379,993,509
16005,2025-01-18 17:17:11.087379,993,532
16006,2025-01-18 17:17:11.087379,993,203
16007,2025-01-18 17:17:11.087379,994,431
16008,2025-01-18 17:17:11.087379,994,336
16009,2025-01-18 17:17:11.087379,994,306
16010,2025-01-18 17:17:11.087379,994,270
16011,2025-01-18 17:17:11.087379,994,299
16012,2025-01-18 17:17:11.087379,994,495
16013,2025-01-18 17:17:11.087379,994,592
16014,2025-01-18 17:17:11.087379,994,381
16015,2025-01-18 17:17:11.087379,994,536
16016,2025-01-18 17:17:11.087379,994,420
16017,2025-01-18 17:17:11.087379,994,201
16018,2025-01-18 17:17:11.087379,994,547
16019,2025-01-18 17:17:11.087379,994,321
16020,2025-01-18 17:17:11.087379,994,600
16021,2025-01-18 17:17:11.087379,994,472
16022,2025-01-18 17:17:11.087379,994,335
16023,2025-01-18 17:17:11.087379,994,491
16024,2025-01-18 17:17:11.087379,994,476
16025,2025-01-18 17:17:11.087379,994,339
16026,2025-01-18 17:17:11.088377,995,550
16027,2025-01-18 17:17:11.088377,995,402
16028,2025-01-18 17:17:11.088377,995,610
16029,2025-01-18 17:17:11.088377,995,383
16030,2025-01-18 17:17:11.088377,995,388
16031,2025-01-18 17:17:11.088377,995,580
16032,2025-01-18 17:17:11.088377,995,482
16033,2025-01-18 17:17:11.088377,995,544
16034,2025-01-18 17:17:11.088377,995,615
16035,2025-01-18 17:17:11.088377,995,399
16036,2025-01-18 17:17:11.088377,995,334
16037,2025-01-18 17:17:11.088377,995,427
16038,2025-01-18 17:17:11.088377,995,303
16039,2025-01-18 17:17:11.088377,995,232
16040,2025-01-18 17:17:11.088377,996,326
16041,2025-01-18 17:17:11.088377,996,485
16042,2025-01-18 17:17:11.088377,996,370
16043,2025-01-18 17:17:11.088377,996,506
16044,2025-01-18 17:17:11.088377,996,634
16045,2025-01-18 17:17:11.088377,996,453
16046,2025-01-18 17:17:11.088377,996,419
16047,2025-01-18 17:17:11.088377,996,589
16048,2025-01-18 17:17:11.088377,996,537
16049,2025-01-18 17:17:11.088377,996,407
16050,2025-01-18 17:17:11.088377,996,296
16051,2025-01-18 17:17:11.088377,996,540
16052,2025-01-18 17:17:11.088377,996,204
16053,2025-01-18 17:17:11.088377,996,197
16054,2025-01-18 17:17:11.088377,996,391
16055,2025-01-18 17:17:11.088377,996,432
16056,2025-01-18 17:17:11.088377,996,348
16057,2025-01-18 17:17:11.088377,997,607
16058,2025-01-18 17:17:11.088377,997,323
16059,2025-01-18 17:17:11.088377,997,501
16060,2025-01-18 17:17:11.088377,997,453
16061,2025-01-18 17:17:11.088377,997,399
16062,2025-01-18 17:17:11.088377,997,438
16063,2025-01-18 17:17:11.088377,997,284
16064,2025-01-18 17:17:11.088377,997,255
16065,2025-01-18 17:17:11.088377,997,320
16066,2025-01-18 17:17:11.088377,997,559
16067,2025-01-18 17:17:11.088377,997,611
16068,2025-01-18 17:17:11.088377,997,368
16069,2025-01-18 17:17:11.088377,997,530
16070,2025-01-18 17:17:11.088377,997,426
16071,2025-01-18 17:17:11.088377,997,542
16072,2025-01-18 17:17:11.088377,997,519
16073,2025-01-18 17:17:11.088377,997,324
16074,2025-01-18 17:17:11.088377,997,286
16075,2025-01-18 17:17:11.088377,997,516
16076,2025-01-18 17:17:11.088377,998,583
16077,2025-01-18 17:17:11.088377,998,375
16078,2025-01-18 17:17:11.088377,998,490
16079,2025-01-18 17:17:11.088377,998,300
16080,2025-01-18 17:17:11.088377,998,275
16081,2025-01-18 17:17:11.088377,998,601
16082,2025-01-18 17:17:11.088377,998,636
16083,2025-01-18 17:17:11.088377,998,309
16084,2025-01-18 17:17:11.088377,998,544
16085,2025-01-18 17:17:11.088377,998,639
16086,2025-01-18 17:17:11.088377,998,430
16087,2025-01-18 17:17:11.088377,998,234
16088,2025-01-18 17:17:11.088377,998,244
16089,2025-01-18 17:17:11.088377,998,217
16090,2025-01-18 17:17:11.088377,998,420
16091,2025-01-18 17:17:11.088377,998,340
16092,2025-01-18 17:17:11.088377,998,405
16093,2025-01-18 17:17:11.088377,999,603
16094,2025-01-18 17:17:11.088377,999,423
16095,2025-01-18 17:17:11.088377,999,478
16096,2025-01-18 17:17:11.088377,999,265
16097,2025-01-18 17:17:11.088377,999,506
16098,2025-01-18 17:17:11.088377,999,470
16099,2025-01-18 17:17:11.088377,999,378
16100,2025-01-18 17:17:11.088377,999,463
16101,2025-01-18 17:17:11.088377,999,301
16102,2025-01-18 17:17:11.088377,999,377
16103,2025-01-18 17:17:11.089374,999,579
16104,2025-01-18 17:17:11.089374,999,326
16105,2025-01-18 17:17:11.089374,999,619
16106,2025-01-18 17:17:11.089374,999,223
16107,2025-01-18 17:17:11.089374,999,442
16108,2025-01-18 17:17:11.089374,999,314
16109,2025-01-18 17:17:11.089374,999,485
16110,2025-01-18 17:17:11.089374,999,310
16111,2025-01-18 17:17:11.089374,999,229
16112,2025-01-18 17:17:11.089374,1000,264
16113,2025-01-18 17:17:11.089374,1000,225
16114,2025-01-18 17:17:11.089374,1000,429
16115,2025-01-18 17:17:11.089374,1000,283
16116,2025-01-18 17:17:11.089374,1000,559
16117,2025-01-18 17:17:11.089374,1000,261
16118,2025-01-18 17:17:11.089374,1000,661
16119,2025-01-18 17:17:11.089374,1000,279
16120,2025-01-18 17:17:11.089374,1000,586
16121,2025-01-18 17:17:11.089374,1000,253
16122,2025-01-18 17:17:11.089374,1000,542
16123,2025-01-18 17:17:11.089374,1000,480
16124,2025-01-18 17:17:11.089374,1000,211
16125,2025-01-18 17:17:11.089374,1000,609
16126,2025-01-18 17:17:11.089374,1000,207
16127,2025-01-18 17:17:11.089374,1000,268
16128,2025-01-18 17:17:11.089374,1001,539
16129,2025-01-18 17:17:11.089374,1001,337
16130,2025-01-18 17:17:11.089374,1001,220
16131,2025-01-18 17:17:11.089374,1001,458
16132,2025-01-18 17:17:11.089374,1001,592
16133,2025-01-18 17:17:11.089374,1001,655
16134,2025-01-18 17:17:11.089374,1001,426
16135,2025-01-18 17:17:11.089374,1001,636
16136,2025-01-18 17:17:11.089374,1001,576
16137,2025-01-18 17:17:11.089374,1001,505
16138,2025-01-18 17:17:11.089374,1001,596
16139,2025-01-18 17:17:11.089374,1002,599
16140,2025-01-18 17:17:11.089374,1002,513
16141,2025-01-18 17:17:11.089374,1002,425
16142,2025-01-18 17:17:11.089374,1002,638
16143,2025-01-18 17:17:11.089374,1002,227
16144,2025-01-18 17:17:11.089374,1002,573
16145,2025-01-18 17:17:11.089374,1002,478
16146,2025-01-18 17:17:11.089374,1002,621
16147,2025-01-18 17:17:11.089374,1002,380
16148,2025-01-18 17:17:11.089374,1002,650
16149,2025-01-18 17:17:11.089374,1002,497
16150,2025-01-18 17:17:11.089374,1003,556
16151,2025-01-18 17:17:11.089374,1003,202
16152,2025-01-18 17:17:11.089374,1003,659
16153,2025-01-18 17:17:11.089374,1003,422
16154,2025-01-18 17:17:11.089374,1003,250
16155,2025-01-18 17:17:11.089374,1003,454
16156,2025-01-18 17:17:11.089374,1003,579
16157,2025-01-18 17:17:11.089374,1003,396
16158,2025-01-18 17:17:11.089374,1003,251
16159,2025-01-18 17:17:11.089374,1003,225
16160,2025-01-18 17:17:11.089374,1003,198
16161,2025-01-18 17:17:11.089374,1003,356
16162,2025-01-18 17:17:11.089374,1003,541
16163,2025-01-18 17:17:11.089374,1003,573
16164,2025-01-18 17:17:11.089374,1003,628
16165,2025-01-18 17:17:11.089374,1003,492
16166,2025-01-18 17:17:11.089374,1003,574
16167,2025-01-18 17:17:11.089374,1003,380
16168,2025-01-18 17:17:11.089374,1003,397
16169,2025-01-18 17:17:11.089374,1003,459
16170,2025-01-18 17:17:11.089374,1004,263
16171,2025-01-18 17:17:11.089374,1004,546
16172,2025-01-18 17:17:11.089374,1004,543
16173,2025-01-18 17:17:11.089374,1004,427
16174,2025-01-18 17:17:11.089374,1004,232
16175,2025-01-18 17:17:11.089374,1004,417
16176,2025-01-18 17:17:11.089374,1004,282
16177,2025-01-18 17:17:11.089374,1004,482
16178,2025-01-18 17:17:11.089374,1004,429
16179,2025-01-18 17:17:11.089374,1004,234
16180,2025-01-18 17:17:11.089374,1005,364
16181,2025-01-18 17:17:11.089374,1005,201
16182,2025-01-18 17:17:11.089374,1005,402
16183,2025-01-18 17:17:11.089374,1005,268
16184,2025-01-18 17:17:11.089374,1005,533
16185,2025-01-18 17:17:11.089374,1005,244
16186,2025-01-18 17:17:11.089374,1005,647
16187,2025-01-18 17:17:11.089374,1005,221
16188,2025-01-18 17:17:11.089374,1005,256
16189,2025-01-18 17:17:11.089374,1005,216
16190,2025-01-18 17:17:11.089374,1005,546
16191,2025-01-18 17:17:11.089374,1005,270
16192,2025-01-18 17:17:11.089374,1005,439
16193,2025-01-18 17:17:11.089374,1005,374
16194,2025-01-18 17:17:11.089374,1005,261
16195,2025-01-18 17:17:11.090371,1005,613
16196,2025-01-18 17:17:11.090371,1006,245
16197,2025-01-18 17:17:11.090371,1006,283
16198,2025-01-18 17:17:11.090371,1006,492
16199,2025-01-18 17:17:11.090371,1006,556
16200,2025-01-18 17:17:11.090371,1006,199
16201,2025-01-18 17:17:11.090371,1006,562
16202,2025-01-18 17:17:11.090371,1006,225
16203,2025-01-18 17:17:11.090371,1006,201
16204,2025-01-18 17:17:11.090371,1006,615
16205,2025-01-18 17:17:11.090371,1006,323
16206,2025-01-18 17:17:11.090371,1006,493
16207,2025-01-18 17:17:11.090371,1006,524
16208,2025-01-18 17:17:11.090371,1006,557
16209,2025-01-18 17:17:11.090371,1006,534
16210,2025-01-18 17:17:11.090371,1006,363
16211,2025-01-18 17:17:11.090371,1007,324
16212,2025-01-18 17:17:11.090371,1007,507
16213,2025-01-18 17:17:11.090371,1007,662
16214,2025-01-18 17:17:11.090371,1007,569
16215,2025-01-18 17:17:11.090371,1007,541
16216,2025-01-18 17:17:11.090371,1007,355
16217,2025-01-18 17:17:11.090371,1007,587
16218,2025-01-18 17:17:11.090371,1007,285
16219,2025-01-18 17:17:11.090371,1007,571
16220,2025-01-18 17:17:11.090371,1007,440
16221,2025-01-18 17:17:11.090371,1007,433
16222,2025-01-18 17:17:11.090371,1008,624
16223,2025-01-18 17:17:11.090371,1008,244
16224,2025-01-18 17:17:11.090371,1008,614
16225,2025-01-18 17:17:11.090371,1008,354
16226,2025-01-18 17:17:11.090371,1008,366
16227,2025-01-18 17:17:11.090371,1008,277
16228,2025-01-18 17:17:11.095358,1008,504
16229,2025-01-18 17:17:11.095358,1008,476
16230,2025-01-18 17:17:11.095358,1008,524
16231,2025-01-18 17:17:11.095358,1008,250
16232,2025-01-18 17:17:11.095358,1008,552
16233,2025-01-18 17:17:11.095358,1008,608
16234,2025-01-18 17:17:11.095358,1008,330
16235,2025-01-18 17:17:11.095358,1008,485
16236,2025-01-18 17:17:11.095358,1008,217
16237,2025-01-18 17:17:11.095358,1009,624
16238,2025-01-18 17:17:11.095358,1009,486
16239,2025-01-18 17:17:11.095358,1009,442
16240,2025-01-18 17:17:11.095358,1009,508
16241,2025-01-18 17:17:11.095358,1009,315
16242,2025-01-18 17:17:11.095358,1009,529
16243,2025-01-18 17:17:11.095358,1009,224
16244,2025-01-18 17:17:11.095358,1009,503
16245,2025-01-18 17:17:11.095358,1009,540
16246,2025-01-18 17:17:11.095358,1009,226
16247,2025-01-18 17:17:11.095358,1009,256
16248,2025-01-18 17:17:11.095358,1009,380
16249,2025-01-18 17:17:11.095358,1009,220
16250,2025-01-18 17:17:11.095358,1009,241
16251,2025-01-18 17:17:11.095358,1009,485
16252,2025-01-18 17:17:11.095358,1009,370
16253,2025-01-18 17:17:11.095358,1010,663
16254,2025-01-18 17:17:11.095358,1010,281
16255,2025-01-18 17:17:11.095358,1010,358
16256,2025-01-18 17:17:11.095358,1010,656
16257,2025-01-18 17:17:11.095358,1010,568
16258,2025-01-18 17:17:11.095358,1010,395
16259,2025-01-18 17:17:11.095358,1010,521
16260,2025-01-18 17:17:11.095358,1010,235
16261,2025-01-18 17:17:11.095358,1010,405
16262,2025-01-18 17:17:11.095358,1010,659
16263,2025-01-18 17:17:11.095358,1010,608
16264,2025-01-18 17:17:11.095358,1010,392
16265,2025-01-18 17:17:11.095358,1010,286
16266,2025-01-18 17:17:11.095358,1010,232
16267,2025-01-18 17:17:11.096355,1010,529
16268,2025-01-18 17:17:11.096355,1011,663
16269,2025-01-18 17:17:11.096355,1011,388
16270,2025-01-18 17:17:11.096355,1011,569
16271,2025-01-18 17:17:11.096355,1011,234
16272,2025-01-18 17:17:11.096355,1011,381
16273,2025-01-18 17:17:11.096355,1011,352
16274,2025-01-18 17:17:11.096355,1011,552
16275,2025-01-18 17:17:11.096355,1011,469
16276,2025-01-18 17:17:11.096355,1011,300
16277,2025-01-18 17:17:11.096355,1011,261
16278,2025-01-18 17:17:11.096355,1011,527
16279,2025-01-18 17:17:11.096355,1011,656
16280,2025-01-18 17:17:11.096355,1011,297
16281,2025-01-18 17:17:11.096355,1011,398
16282,2025-01-18 17:17:11.096355,1011,622
16283,2025-01-18 17:17:11.096355,1011,302
16284,2025-01-18 17:17:11.096355,1011,603
16285,2025-01-18 17:17:11.096355,1011,295
16286,2025-01-18 17:17:11.096355,1011,570
16287,2025-01-18 17:17:11.096355,1011,486
16288,2025-01-18 17:17:11.096355,1012,264
16289,2025-01-18 17:17:11.096355,1012,664
16290,2025-01-18 17:17:11.096355,1012,235
16291,2025-01-18 17:17:11.096355,1012,257
16292,2025-01-18 17:17:11.096355,1012,634
16293,2025-01-18 17:17:11.096355,1012,285
16294,2025-01-18 17:17:11.096355,1012,310
16295,2025-01-18 17:17:11.096355,1012,627
16296,2025-01-18 17:17:11.096355,1012,430
16297,2025-01-18 17:17:11.096355,1012,328
16298,2025-01-18 17:17:11.096355,1012,508
16299,2025-01-18 17:17:11.096355,1012,613
16300,2025-01-18 17:17:11.096355,1013,552
16301,2025-01-18 17:17:11.096355,1013,241
16302,2025-01-18 17:17:11.096355,1013,653
16303,2025-01-18 17:17:11.096355,1013,618
16304,2025-01-18 17:17:11.096355,1013,279
16305,2025-01-18 17:17:11.096355,1013,406
16306,2025-01-18 17:17:11.096355,1013,234
16307,2025-01-18 17:17:11.096355,1013,303
16308,2025-01-18 17:17:11.096355,1013,600
16309,2025-01-18 17:17:11.096355,1013,647
16310,2025-01-18 17:17:11.096355,1014,256
16311,2025-01-18 17:17:11.096355,1014,422
16312,2025-01-18 17:17:11.096355,1014,232
16313,2025-01-18 17:17:11.096355,1014,415
16314,2025-01-18 17:17:11.096355,1014,324
16315,2025-01-18 17:17:11.096355,1014,226
16316,2025-01-18 17:17:11.096355,1014,649
16317,2025-01-18 17:17:11.096355,1014,287
16318,2025-01-18 17:17:11.096355,1014,369
16319,2025-01-18 17:17:11.096355,1014,617
16320,2025-01-18 17:17:11.096355,1014,470
16321,2025-01-18 17:17:11.096355,1014,268
16322,2025-01-18 17:17:11.096355,1014,418
16323,2025-01-18 17:17:11.096355,1014,213
16324,2025-01-18 17:17:11.096355,1014,314
16325,2025-01-18 17:17:11.096355,1014,346
16326,2025-01-18 17:17:11.096355,1014,375
16327,2025-01-18 17:17:11.096355,1014,280
16328,2025-01-18 17:17:11.096355,1015,666
16329,2025-01-18 17:17:11.096355,1015,338
16330,2025-01-18 17:17:11.096355,1015,423
16331,2025-01-18 17:17:11.096355,1015,587
16332,2025-01-18 17:17:11.096355,1015,448
16333,2025-01-18 17:17:11.096355,1015,459
16334,2025-01-18 17:17:11.096355,1015,321
16335,2025-01-18 17:17:11.096355,1015,228
16336,2025-01-18 17:17:11.096355,1015,411
16337,2025-01-18 17:17:11.096355,1015,656
16338,2025-01-18 17:17:11.096355,1015,567
16339,2025-01-18 17:17:11.096355,1015,333
16340,2025-01-18 17:17:11.096355,1015,297
16341,2025-01-18 17:17:11.096355,1015,263
16342,2025-01-18 17:17:11.096355,1015,422
16343,2025-01-18 17:17:11.096355,1015,636
16344,2025-01-18 17:17:11.096355,1015,325
16345,2025-01-18 17:17:11.096355,1015,427
16346,2025-01-18 17:17:11.096355,1015,349
16347,2025-01-18 17:17:11.096355,1016,454
16348,2025-01-18 17:17:11.096355,1016,622
16349,2025-01-18 17:17:11.096355,1016,352
16350,2025-01-18 17:17:11.096355,1016,417
16351,2025-01-18 17:17:11.096355,1016,537
16352,2025-01-18 17:17:11.096355,1016,212
16353,2025-01-18 17:17:11.096355,1016,228
16354,2025-01-18 17:17:11.096355,1016,396
16355,2025-01-18 17:17:11.096355,1016,553
16356,2025-01-18 17:17:11.096355,1016,367
16357,2025-01-18 17:17:11.096355,1017,542
16358,2025-01-18 17:17:11.096355,1017,361
16359,2025-01-18 17:17:11.096355,1017,430
16360,2025-01-18 17:17:11.096355,1017,530
16361,2025-01-18 17:17:11.096355,1017,557
16362,2025-01-18 17:17:11.096355,1017,478
16363,2025-01-18 17:17:11.097352,1017,324
16364,2025-01-18 17:17:11.097352,1017,451
16365,2025-01-18 17:17:11.097352,1017,282
16366,2025-01-18 17:17:11.097352,1017,521
16367,2025-01-18 17:17:11.097352,1017,562
16368,2025-01-18 17:17:11.097352,1017,363
16369,2025-01-18 17:17:11.097352,1017,512
16370,2025-01-18 17:17:11.097352,1017,510
16371,2025-01-18 17:17:11.097352,1018,280
16372,2025-01-18 17:17:11.097352,1018,448
16373,2025-01-18 17:17:11.097352,1018,445
16374,2025-01-18 17:17:11.097352,1018,633
16375,2025-01-18 17:17:11.097352,1018,529
16376,2025-01-18 17:17:11.097352,1018,417
16377,2025-01-18 17:17:11.097352,1018,272
16378,2025-01-18 17:17:11.097352,1018,622
16379,2025-01-18 17:17:11.097352,1018,407
16380,2025-01-18 17:17:11.097352,1018,582
16381,2025-01-18 17:17:11.097352,1019,287
16382,2025-01-18 17:17:11.097352,1019,543
16383,2025-01-18 17:17:11.097352,1019,242
16384,2025-01-18 17:17:11.097352,1019,470
16385,2025-01-18 17:17:11.097352,1019,539
16386,2025-01-18 17:17:11.097352,1019,568
16387,2025-01-18 17:17:11.097352,1019,307
16388,2025-01-18 17:17:11.097352,1019,479
16389,2025-01-18 17:17:11.097352,1019,320
16390,2025-01-18 17:17:11.097352,1019,557
16391,2025-01-18 17:17:11.097352,1019,584
16392,2025-01-18 17:17:11.097352,1019,202
16393,2025-01-18 17:17:11.097352,1019,263
16394,2025-01-18 17:17:11.097352,1019,311
16395,2025-01-18 17:17:11.097352,1020,355
16396,2025-01-18 17:17:11.097352,1020,409
16397,2025-01-18 17:17:11.097352,1020,568
16398,2025-01-18 17:17:11.097352,1020,592
16399,2025-01-18 17:17:11.097352,1020,285
16400,2025-01-18 17:17:11.097352,1020,560
16401,2025-01-18 17:17:11.097352,1020,256
16402,2025-01-18 17:17:11.097352,1020,649
16403,2025-01-18 17:17:11.097352,1020,237
16404,2025-01-18 17:17:11.097352,1020,524
16405,2025-01-18 17:17:11.097352,1020,427
16406,2025-01-18 17:17:11.097352,1020,647
16407,2025-01-18 17:17:11.097352,1020,325
16408,2025-01-18 17:17:11.097352,1020,411
16409,2025-01-18 17:17:11.097352,1020,559
16410,2025-01-18 17:17:11.097352,1020,547
16411,2025-01-18 17:17:11.097352,1020,338
16412,2025-01-18 17:17:11.097352,1020,335
16413,2025-01-18 17:17:11.097352,1020,430
16414,2025-01-18 17:17:11.097352,1020,414
16415,2025-01-18 17:17:11.097352,1021,419
16416,2025-01-18 17:17:11.097352,1021,358
16417,2025-01-18 17:17:11.097352,1021,330
16418,2025-01-18 17:17:11.097352,1021,437
16419,2025-01-18 17:17:11.097352,1021,485
16420,2025-01-18 17:17:11.097352,1021,547
16421,2025-01-18 17:17:11.097352,1021,466
16422,2025-01-18 17:17:11.097352,1021,614
16423,2025-01-18 17:17:11.097352,1021,624
16424,2025-01-18 17:17:11.097352,1021,610
16425,2025-01-18 17:17:11.097352,1021,399
16426,2025-01-18 17:17:11.097352,1021,477
16427,2025-01-18 17:17:11.097352,1021,232
16428,2025-01-18 17:17:11.097352,1021,417
16429,2025-01-18 17:17:11.097352,1021,244
16430,2025-01-18 17:17:11.097352,1021,564
16431,2025-01-18 17:17:11.097352,1021,200
16432,2025-01-18 17:17:11.097352,1021,517
16433,2025-01-18 17:17:11.097352,1021,555
16434,2025-01-18 17:17:11.097352,1022,512
16435,2025-01-18 17:17:11.097352,1022,456
16436,2025-01-18 17:17:11.097352,1022,327
16437,2025-01-18 17:17:11.097352,1022,370
16438,2025-01-18 17:17:11.097352,1022,283
16439,2025-01-18 17:17:11.097352,1022,568
16440,2025-01-18 17:17:11.097352,1022,255
16441,2025-01-18 17:17:11.097352,1022,608
16442,2025-01-18 17:17:11.097352,1022,586
16443,2025-01-18 17:17:11.097352,1022,300
16444,2025-01-18 17:17:11.097352,1022,656
16445,2025-01-18 17:17:11.097352,1022,263
16446,2025-01-18 17:17:11.097352,1022,458
16447,2025-01-18 17:17:11.097352,1022,593
16448,2025-01-18 17:17:11.097352,1022,393
16449,2025-01-18 17:17:11.097352,1022,548
16450,2025-01-18 17:17:11.097352,1022,506
16451,2025-01-18 17:17:11.097352,1022,219
16452,2025-01-18 17:17:11.097352,1022,607
16453,2025-01-18 17:17:11.097352,1022,561
16454,2025-01-18 17:17:11.097352,1023,254
16455,2025-01-18 17:17:11.097352,1023,649
16456,2025-01-18 17:17:11.097352,1023,318
16457,2025-01-18 17:17:11.097352,1023,514
16458,2025-01-18 17:17:11.097352,1023,360
16459,2025-01-18 17:17:11.097352,1023,236
16460,2025-01-18 17:17:11.098350,1023,619
16461,2025-01-18 17:17:11.098350,1023,238
16462,2025-01-18 17:17:11.098350,1023,650
16463,2025-01-18 17:17:11.098350,1023,419
16464,2025-01-18 17:17:11.098350,1023,250
16465,2025-01-18 17:17:11.098350,1023,350
16466,2025-01-18 17:17:11.098350,1024,337
16467,2025-01-18 17:17:11.098350,1024,503
16468,2025-01-18 17:17:11.098350,1024,664
16469,2025-01-18 17:17:11.098350,1024,573
16470,2025-01-18 17:17:11.098350,1024,563
16471,2025-01-18 17:17:11.098350,1024,608
16472,2025-01-18 17:17:11.098350,1024,591
16473,2025-01-18 17:17:11.098350,1024,386
16474,2025-01-18 17:17:11.098350,1024,451
16475,2025-01-18 17:17:11.098350,1024,233
16476,2025-01-18 17:17:11.098350,1024,585
16477,2025-01-18 17:17:11.098350,1024,261
16478,2025-01-18 17:17:11.098350,1024,482
16479,2025-01-18 17:17:11.098350,1024,428
16480,2025-01-18 17:17:11.098350,1024,605
16481,2025-01-18 17:17:11.098350,1024,518
16482,2025-01-18 17:17:11.098350,1024,412
16483,2025-01-18 17:17:11.098350,1024,201
16484,2025-01-18 17:17:11.098350,1024,601
16485,2025-01-18 17:17:11.098350,1024,343
16486,2025-01-18 17:17:11.098350,1025,658
16487,2025-01-18 17:17:11.098350,1025,446
16488,2025-01-18 17:17:11.098350,1025,303
16489,2025-01-18 17:17:11.098350,1025,559
16490,2025-01-18 17:17:11.098350,1025,460
16491,2025-01-18 17:17:11.098350,1025,617
16492,2025-01-18 17:17:11.098350,1025,477
16493,2025-01-18 17:17:11.098350,1025,541
16494,2025-01-18 17:17:11.098350,1025,544
16495,2025-01-18 17:17:11.098350,1025,620
16496,2025-01-18 17:17:11.098350,1026,443
16497,2025-01-18 17:17:11.098350,1026,394
16498,2025-01-18 17:17:11.098350,1026,624
16499,2025-01-18 17:17:11.098350,1026,398
16500,2025-01-18 17:17:11.098350,1026,256
16501,2025-01-18 17:17:11.098350,1026,250
16502,2025-01-18 17:17:11.098350,1026,329
16503,2025-01-18 17:17:11.098350,1026,395
16504,2025-01-18 17:17:11.098350,1026,433
16505,2025-01-18 17:17:11.098350,1026,665
16506,2025-01-18 17:17:11.098350,1026,435
16507,2025-01-18 17:17:11.098350,1026,438
16508,2025-01-18 17:17:11.098350,1026,239
16509,2025-01-18 17:17:11.098350,1026,200
16510,2025-01-18 17:17:11.098350,1026,540
16511,2025-01-18 17:17:11.098350,1026,578
16512,2025-01-18 17:17:11.098350,1026,249
16513,2025-01-18 17:17:11.098350,1026,635
16514,2025-01-18 17:17:11.098350,1026,353
16515,2025-01-18 17:17:11.098350,1026,506
16516,2025-01-18 17:17:11.098350,1027,638
16517,2025-01-18 17:17:11.098350,1027,278
16518,2025-01-18 17:17:11.098350,1027,369
16519,2025-01-18 17:17:11.098350,1027,228
16520,2025-01-18 17:17:11.098350,1027,533
16521,2025-01-18 17:17:11.098350,1027,571
16522,2025-01-18 17:17:11.098350,1027,285
16523,2025-01-18 17:17:11.098350,1027,606
16524,2025-01-18 17:17:11.098350,1027,407
16525,2025-01-18 17:17:11.098350,1027,347
16526,2025-01-18 17:17:11.098350,1027,516
16527,2025-01-18 17:17:11.098350,1027,493
16528,2025-01-18 17:17:11.098350,1027,422
16529,2025-01-18 17:17:11.098350,1027,614
16530,2025-01-18 17:17:11.098350,1027,263
16531,2025-01-18 17:17:11.098350,1027,551
16532,2025-01-18 17:17:11.098350,1028,438
16533,2025-01-18 17:17:11.098350,1028,354
16534,2025-01-18 17:17:11.098350,1028,638
16535,2025-01-18 17:17:11.098350,1028,486
16536,2025-01-18 17:17:11.098350,1028,483
16537,2025-01-18 17:17:11.098350,1028,544
16538,2025-01-18 17:17:11.098350,1028,556
16539,2025-01-18 17:17:11.098350,1028,519
16540,2025-01-18 17:17:11.098350,1028,261
16541,2025-01-18 17:17:11.098350,1028,371
16542,2025-01-18 17:17:11.098350,1028,495
16543,2025-01-18 17:17:11.098350,1029,339
16544,2025-01-18 17:17:11.098350,1029,428
16545,2025-01-18 17:17:11.098350,1029,465
16546,2025-01-18 17:17:11.098350,1029,432
16547,2025-01-18 17:17:11.098350,1029,277
16548,2025-01-18 17:17:11.098350,1029,283
16549,2025-01-18 17:17:11.098350,1029,252
16550,2025-01-18 17:17:11.098350,1029,381
16551,2025-01-18 17:17:11.098350,1029,375
16552,2025-01-18 17:17:11.098350,1029,263
16553,2025-01-18 17:17:11.098350,1029,409
16554,2025-01-18 17:17:11.098350,1029,645
16555,2025-01-18 17:17:11.098350,1029,584
16556,2025-01-18 17:17:11.098350,1029,482
16557,2025-01-18 17:17:11.099347,1029,231
16558,2025-01-18 17:17:11.099347,1029,214
16559,2025-01-18 17:17:11.099347,1029,559
16560,2025-01-18 17:17:11.099347,1029,330
16561,2025-01-18 17:17:11.103337,1030,326
16562,2025-01-18 17:17:11.103337,1030,455
16563,2025-01-18 17:17:11.103337,1030,622
16564,2025-01-18 17:17:11.103337,1030,543
16565,2025-01-18 17:17:11.103337,1030,354
16566,2025-01-18 17:17:11.103337,1030,552
16567,2025-01-18 17:17:11.103337,1030,578
16568,2025-01-18 17:17:11.103337,1030,249
16569,2025-01-18 17:17:11.103337,1030,209
16570,2025-01-18 17:17:11.104334,1030,526
16571,2025-01-18 17:17:11.104334,1030,280
16572,2025-01-18 17:17:11.104334,1031,312
16573,2025-01-18 17:17:11.104334,1031,443
16574,2025-01-18 17:17:11.104334,1031,620
16575,2025-01-18 17:17:11.104334,1031,256
16576,2025-01-18 17:17:11.104334,1031,537
16577,2025-01-18 17:17:11.104334,1031,437
16578,2025-01-18 17:17:11.104334,1031,322
16579,2025-01-18 17:17:11.104334,1031,366
16580,2025-01-18 17:17:11.104334,1031,250
16581,2025-01-18 17:17:11.104334,1031,619
16582,2025-01-18 17:17:11.104334,1031,476
16583,2025-01-18 17:17:11.104334,1031,199
16584,2025-01-18 17:17:11.104334,1031,416
16585,2025-01-18 17:17:11.104334,1031,234
16586,2025-01-18 17:17:11.104334,1031,229
16587,2025-01-18 17:17:11.104334,1032,513
16588,2025-01-18 17:17:11.104334,1032,319
16589,2025-01-18 17:17:11.104334,1032,455
16590,2025-01-18 17:17:11.104334,1032,521
16591,2025-01-18 17:17:11.104334,1032,582
16592,2025-01-18 17:17:11.104334,1032,617
16593,2025-01-18 17:17:11.104334,1032,281
16594,2025-01-18 17:17:11.104334,1032,396
16595,2025-01-18 17:17:11.104334,1032,459
16596,2025-01-18 17:17:11.104334,1032,635
16597,2025-01-18 17:17:11.104334,1032,501
16598,2025-01-18 17:17:11.104334,1032,544
16599,2025-01-18 17:17:11.104334,1032,526
16600,2025-01-18 17:17:11.104334,1032,222
16601,2025-01-18 17:17:11.104334,1032,487
16602,2025-01-18 17:17:11.104334,1032,625
16603,2025-01-18 17:17:11.104334,1032,528
16604,2025-01-18 17:17:11.104334,1032,475
16605,2025-01-18 17:17:11.104334,1032,472
16606,2025-01-18 17:17:11.104334,1033,493
16607,2025-01-18 17:17:11.104334,1033,390
16608,2025-01-18 17:17:11.104334,1033,523
16609,2025-01-18 17:17:11.104334,1033,609
16610,2025-01-18 17:17:11.104334,1033,507
16611,2025-01-18 17:17:11.104334,1033,314
16612,2025-01-18 17:17:11.104334,1033,440
16613,2025-01-18 17:17:11.104334,1033,567
16614,2025-01-18 17:17:11.104334,1033,405
16615,2025-01-18 17:17:11.104334,1033,349
16616,2025-01-18 17:17:11.104334,1033,263
16617,2025-01-18 17:17:11.104334,1034,599
16618,2025-01-18 17:17:11.104334,1034,447
16619,2025-01-18 17:17:11.104334,1034,497
16620,2025-01-18 17:17:11.104334,1034,559
16621,2025-01-18 17:17:11.104334,1034,460
16622,2025-01-18 17:17:11.104334,1034,622
16623,2025-01-18 17:17:11.104334,1034,595
16624,2025-01-18 17:17:11.104334,1034,589
16625,2025-01-18 17:17:11.104334,1034,428
16626,2025-01-18 17:17:11.104334,1034,487
16627,2025-01-18 17:17:11.104334,1034,472
16628,2025-01-18 17:17:11.104334,1034,635
16629,2025-01-18 17:17:11.104334,1034,494
16630,2025-01-18 17:17:11.104334,1035,600
16631,2025-01-18 17:17:11.104334,1035,310
16632,2025-01-18 17:17:11.104334,1035,423
16633,2025-01-18 17:17:11.104334,1035,286
16634,2025-01-18 17:17:11.104334,1035,325
16635,2025-01-18 17:17:11.104334,1035,323
16636,2025-01-18 17:17:11.104334,1035,417
16637,2025-01-18 17:17:11.104334,1035,300
16638,2025-01-18 17:17:11.104334,1035,406
16639,2025-01-18 17:17:11.104334,1035,531
16640,2025-01-18 17:17:11.104334,1035,557
16641,2025-01-18 17:17:11.104334,1035,434
16642,2025-01-18 17:17:11.104334,1035,285
16643,2025-01-18 17:17:11.104334,1036,562
16644,2025-01-18 17:17:11.104334,1036,322
16645,2025-01-18 17:17:11.104334,1036,498
16646,2025-01-18 17:17:11.104334,1036,570
16647,2025-01-18 17:17:11.104334,1036,478
16648,2025-01-18 17:17:11.104334,1036,368
16649,2025-01-18 17:17:11.104334,1036,649
16650,2025-01-18 17:17:11.104334,1036,421
16651,2025-01-18 17:17:11.104334,1036,295
16652,2025-01-18 17:17:11.104334,1036,332
16653,2025-01-18 17:17:11.104334,1036,597
16654,2025-01-18 17:17:11.104334,1036,661
16655,2025-01-18 17:17:11.104334,1036,500
16656,2025-01-18 17:17:11.104334,1036,226
16657,2025-01-18 17:17:11.104334,1036,452
16658,2025-01-18 17:17:11.104334,1036,333
16659,2025-01-18 17:17:11.104334,1036,429
16660,2025-01-18 17:17:11.104334,1037,496
16661,2025-01-18 17:17:11.104334,1037,256
16662,2025-01-18 17:17:11.104334,1037,429
16663,2025-01-18 17:17:11.105331,1037,421
16664,2025-01-18 17:17:11.105331,1037,452
16665,2025-01-18 17:17:11.105331,1037,232
16666,2025-01-18 17:17:11.105331,1037,317
16667,2025-01-18 17:17:11.105331,1037,321
16668,2025-01-18 17:17:11.105331,1037,222
16669,2025-01-18 17:17:11.105331,1037,391
16670,2025-01-18 17:17:11.105331,1037,561
16671,2025-01-18 17:17:11.105331,1037,397
16672,2025-01-18 17:17:11.105331,1037,308
16673,2025-01-18 17:17:11.105331,1038,495
16674,2025-01-18 17:17:11.105331,1038,490
16675,2025-01-18 17:17:11.105331,1038,315
16676,2025-01-18 17:17:11.105331,1038,356
16677,2025-01-18 17:17:11.105331,1038,518
16678,2025-01-18 17:17:11.105331,1038,633
16679,2025-01-18 17:17:11.105331,1038,253
16680,2025-01-18 17:17:11.105331,1038,612
16681,2025-01-18 17:17:11.105331,1038,328
16682,2025-01-18 17:17:11.105331,1038,500
16683,2025-01-18 17:17:11.105331,1038,508
16684,2025-01-18 17:17:11.105331,1038,419
16685,2025-01-18 17:17:11.105331,1038,235
16686,2025-01-18 17:17:11.105331,1038,211
16687,2025-01-18 17:17:11.105331,1038,619
16688,2025-01-18 17:17:11.105331,1038,563
16689,2025-01-18 17:17:11.105331,1039,378
16690,2025-01-18 17:17:11.105331,1039,463
16691,2025-01-18 17:17:11.105331,1039,468
16692,2025-01-18 17:17:11.105331,1039,266
16693,2025-01-18 17:17:11.105331,1039,394
16694,2025-01-18 17:17:11.105331,1039,477
16695,2025-01-18 17:17:11.105331,1039,343
16696,2025-01-18 17:17:11.105331,1039,469
16697,2025-01-18 17:17:11.105331,1039,613
16698,2025-01-18 17:17:11.105331,1039,199
16699,2025-01-18 17:17:11.105331,1039,428
16700,2025-01-18 17:17:11.105331,1039,242
16701,2025-01-18 17:17:11.105331,1039,280
16702,2025-01-18 17:17:11.105331,1039,288
16703,2025-01-18 17:17:11.105331,1039,554
16704,2025-01-18 17:17:11.105331,1039,299
16705,2025-01-18 17:17:11.105331,1039,626
16706,2025-01-18 17:17:11.105331,1040,328
16707,2025-01-18 17:17:11.105331,1040,223
16708,2025-01-18 17:17:11.105331,1040,574
16709,2025-01-18 17:17:11.105331,1040,480
16710,2025-01-18 17:17:11.105331,1040,446
16711,2025-01-18 17:17:11.105331,1040,594
16712,2025-01-18 17:17:11.105331,1040,231
16713,2025-01-18 17:17:11.105331,1040,339
16714,2025-01-18 17:17:11.105331,1040,321
16715,2025-01-18 17:17:11.105331,1040,452
16716,2025-01-18 17:17:11.105331,1040,520
16717,2025-01-18 17:17:11.105331,1040,563
16718,2025-01-18 17:17:11.105331,1041,279
16719,2025-01-18 17:17:11.105331,1041,429
16720,2025-01-18 17:17:11.105331,1041,640
16721,2025-01-18 17:17:11.105331,1041,457
16722,2025-01-18 17:17:11.105331,1041,503
16723,2025-01-18 17:17:11.105331,1041,481
16724,2025-01-18 17:17:11.105331,1041,567
16725,2025-01-18 17:17:11.105331,1041,536
16726,2025-01-18 17:17:11.105331,1041,335
16727,2025-01-18 17:17:11.105331,1041,201
16728,2025-01-18 17:17:11.105331,1041,254
16729,2025-01-18 17:17:11.105331,1042,223
16730,2025-01-18 17:17:11.105331,1042,649
16731,2025-01-18 17:17:11.105331,1042,374
16732,2025-01-18 17:17:11.105331,1042,376
16733,2025-01-18 17:17:11.105331,1042,213
16734,2025-01-18 17:17:11.105331,1042,530
16735,2025-01-18 17:17:11.105331,1042,425
16736,2025-01-18 17:17:11.105331,1042,337
16737,2025-01-18 17:17:11.105331,1042,544
16738,2025-01-18 17:17:11.105331,1042,521
16739,2025-01-18 17:17:11.105331,1042,414
16740,2025-01-18 17:17:11.105331,1042,445
16741,2025-01-18 17:17:11.105331,1043,489
16742,2025-01-18 17:17:11.105331,1043,526
16743,2025-01-18 17:17:11.105331,1043,433
16744,2025-01-18 17:17:11.105331,1043,218
16745,2025-01-18 17:17:11.105331,1043,280
16746,2025-01-18 17:17:11.105331,1043,500
16747,2025-01-18 17:17:11.105331,1043,647
16748,2025-01-18 17:17:11.105331,1043,216
16749,2025-01-18 17:17:11.105331,1043,219
16750,2025-01-18 17:17:11.105331,1043,223
16751,2025-01-18 17:17:11.105331,1043,479
16752,2025-01-18 17:17:11.105331,1043,551
16753,2025-01-18 17:17:11.105331,1044,319
16754,2025-01-18 17:17:11.105331,1044,405
16755,2025-01-18 17:17:11.105331,1044,213
16756,2025-01-18 17:17:11.105331,1044,436
16757,2025-01-18 17:17:11.105331,1044,532
16758,2025-01-18 17:17:11.105331,1044,345
16759,2025-01-18 17:17:11.105331,1044,567
16760,2025-01-18 17:17:11.105331,1044,477
16761,2025-01-18 17:17:11.106328,1044,530
16762,2025-01-18 17:17:11.106328,1044,424
16763,2025-01-18 17:17:11.106328,1044,401
16764,2025-01-18 17:17:11.106328,1044,652
16765,2025-01-18 17:17:11.106328,1044,338
16766,2025-01-18 17:17:11.106328,1044,465
16767,2025-01-18 17:17:11.106328,1044,381
16768,2025-01-18 17:17:11.106328,1044,294
16769,2025-01-18 17:17:11.106328,1044,554
16770,2025-01-18 17:17:11.106328,1045,546
16771,2025-01-18 17:17:11.106328,1045,335
16772,2025-01-18 17:17:11.106328,1045,231
16773,2025-01-18 17:17:11.106328,1045,538
16774,2025-01-18 17:17:11.106328,1045,418
16775,2025-01-18 17:17:11.106328,1045,537
16776,2025-01-18 17:17:11.106328,1045,647
16777,2025-01-18 17:17:11.106328,1045,352
16778,2025-01-18 17:17:11.106328,1045,562
16779,2025-01-18 17:17:11.106328,1045,645
16780,2025-01-18 17:17:11.106328,1045,570
16781,2025-01-18 17:17:11.106328,1045,350
16782,2025-01-18 17:17:11.106328,1045,431
16783,2025-01-18 17:17:11.106328,1046,344
16784,2025-01-18 17:17:11.106328,1046,354
16785,2025-01-18 17:17:11.106328,1046,310
16786,2025-01-18 17:17:11.106328,1046,355
16787,2025-01-18 17:17:11.106328,1046,263
16788,2025-01-18 17:17:11.106328,1046,446
16789,2025-01-18 17:17:11.106328,1046,336
16790,2025-01-18 17:17:11.106328,1046,614
16791,2025-01-18 17:17:11.106328,1046,204
16792,2025-01-18 17:17:11.106328,1046,250
16793,2025-01-18 17:17:11.106328,1046,482
16794,2025-01-18 17:17:11.106328,1046,246
16795,2025-01-18 17:17:11.106328,1046,212
16796,2025-01-18 17:17:11.106328,1046,580
16797,2025-01-18 17:17:11.106328,1046,249
16798,2025-01-18 17:17:11.106328,1046,444
16799,2025-01-18 17:17:11.106328,1046,279
16800,2025-01-18 17:17:11.106328,1046,441
16801,2025-01-18 17:17:11.106328,1046,352
16802,2025-01-18 17:17:11.106328,1046,304
16803,2025-01-18 17:17:11.106328,1047,299
16804,2025-01-18 17:17:11.106328,1047,210
16805,2025-01-18 17:17:11.106328,1047,369
16806,2025-01-18 17:17:11.106328,1047,601
16807,2025-01-18 17:17:11.106328,1047,524
16808,2025-01-18 17:17:11.106328,1047,436
16809,2025-01-18 17:17:11.106328,1047,650
16810,2025-01-18 17:17:11.106328,1047,335
16811,2025-01-18 17:17:11.106328,1047,571
16812,2025-01-18 17:17:11.106328,1047,542
16813,2025-01-18 17:17:11.106328,1047,331
16814,2025-01-18 17:17:11.106328,1047,339
16815,2025-01-18 17:17:11.106328,1047,548
16816,2025-01-18 17:17:11.106328,1047,465
16817,2025-01-18 17:17:11.106328,1047,298
16818,2025-01-18 17:17:11.106328,1047,456
16819,2025-01-18 17:17:11.106328,1047,256
16820,2025-01-18 17:17:11.106328,1047,376
16821,2025-01-18 17:17:11.106328,1047,511
16822,2025-01-18 17:17:11.106328,1047,400
16823,2025-01-18 17:17:11.106328,1048,223
16824,2025-01-18 17:17:11.106328,1048,659
16825,2025-01-18 17:17:11.106328,1048,294
16826,2025-01-18 17:17:11.106328,1048,360
16827,2025-01-18 17:17:11.106328,1048,359
16828,2025-01-18 17:17:11.106328,1048,425
16829,2025-01-18 17:17:11.106328,1048,591
16830,2025-01-18 17:17:11.106328,1048,550
16831,2025-01-18 17:17:11.106328,1048,665
16832,2025-01-18 17:17:11.106328,1048,432
16833,2025-01-18 17:17:11.106328,1048,229
16834,2025-01-18 17:17:11.106328,1048,543
16835,2025-01-18 17:17:11.106328,1049,630
16836,2025-01-18 17:17:11.106328,1049,292
16837,2025-01-18 17:17:11.106328,1049,316
16838,2025-01-18 17:17:11.106328,1049,361
16839,2025-01-18 17:17:11.106328,1049,631
16840,2025-01-18 17:17:11.106328,1049,198
16841,2025-01-18 17:17:11.106328,1049,470
16842,2025-01-18 17:17:11.106328,1049,411
16843,2025-01-18 17:17:11.106328,1049,534
16844,2025-01-18 17:17:11.106328,1049,317
16845,2025-01-18 17:17:11.106328,1049,390
16846,2025-01-18 17:17:11.106328,1049,563
16847,2025-01-18 17:17:11.106328,1050,639
16848,2025-01-18 17:17:11.106328,1050,466
16849,2025-01-18 17:17:11.106328,1050,428
16850,2025-01-18 17:17:11.106328,1050,403
16851,2025-01-18 17:17:11.106328,1050,248
16852,2025-01-18 17:17:11.106328,1050,348
16853,2025-01-18 17:17:11.106328,1050,341
16854,2025-01-18 17:17:11.106328,1050,570
16855,2025-01-18 17:17:11.106328,1050,370
16856,2025-01-18 17:17:11.106328,1050,469
16857,2025-01-18 17:17:11.106328,1050,349
16858,2025-01-18 17:17:11.106328,1050,265
16859,2025-01-18 17:17:11.107326,1050,329
16860,2025-01-18 17:17:11.107326,1050,449
16861,2025-01-18 17:17:11.107326,1050,328
16862,2025-01-18 17:17:11.107326,1050,547
16863,2025-01-18 17:17:11.107326,1050,559
16864,2025-01-18 17:17:11.107326,1051,411
16865,2025-01-18 17:17:11.107326,1051,361
16866,2025-01-18 17:17:11.107326,1051,345
16867,2025-01-18 17:17:11.107326,1051,579
16868,2025-01-18 17:17:11.107326,1051,303
16869,2025-01-18 17:17:11.107326,1051,587
16870,2025-01-18 17:17:11.107326,1051,429
16871,2025-01-18 17:17:11.107326,1051,491
16872,2025-01-18 17:17:11.107326,1051,476
16873,2025-01-18 17:17:11.107326,1051,577
16874,2025-01-18 17:17:11.107326,1051,634
16875,2025-01-18 17:17:11.107326,1051,453
16876,2025-01-18 17:17:11.107326,1051,205
16877,2025-01-18 17:17:11.107326,1051,263
16878,2025-01-18 17:17:11.107326,1052,239
16879,2025-01-18 17:17:11.107326,1052,488
16880,2025-01-18 17:17:11.107326,1052,270
16881,2025-01-18 17:17:11.107326,1052,643
16882,2025-01-18 17:17:11.107326,1052,331
16883,2025-01-18 17:17:11.107326,1052,477
16884,2025-01-18 17:17:11.107326,1052,524
16885,2025-01-18 17:17:11.107326,1052,564
16886,2025-01-18 17:17:11.107326,1052,431
16887,2025-01-18 17:17:11.107326,1052,571
16888,2025-01-18 17:17:11.107326,1052,574
16889,2025-01-18 17:17:11.107326,1052,284
16890,2025-01-18 17:17:11.107326,1052,408
16891,2025-01-18 17:17:11.107326,1052,537
16892,2025-01-18 17:17:11.107326,1052,269
16893,2025-01-18 17:17:11.107326,1052,579
16894,2025-01-18 17:17:11.112313,1053,457
16895,2025-01-18 17:17:11.112313,1053,268
16896,2025-01-18 17:17:11.112313,1053,304
16897,2025-01-18 17:17:11.112313,1053,596
16898,2025-01-18 17:17:11.112313,1053,249
16899,2025-01-18 17:17:11.112313,1053,269
16900,2025-01-18 17:17:11.112313,1053,474
16901,2025-01-18 17:17:11.112313,1053,621
16902,2025-01-18 17:17:11.112313,1053,417
16903,2025-01-18 17:17:11.112313,1053,357
16904,2025-01-18 17:17:11.112313,1054,544
16905,2025-01-18 17:17:11.112313,1054,649
16906,2025-01-18 17:17:11.112313,1054,496
16907,2025-01-18 17:17:11.112313,1054,208
16908,2025-01-18 17:17:11.112313,1054,443
16909,2025-01-18 17:17:11.112313,1054,655
16910,2025-01-18 17:17:11.112313,1054,340
16911,2025-01-18 17:17:11.112313,1054,333
16912,2025-01-18 17:17:11.112313,1054,652
16913,2025-01-18 17:17:11.112313,1054,364
16914,2025-01-18 17:17:11.112313,1054,440
16915,2025-01-18 17:17:11.112313,1054,551
16916,2025-01-18 17:17:11.112313,1054,565
16917,2025-01-18 17:17:11.112313,1054,409
16918,2025-01-18 17:17:11.112313,1054,324
16919,2025-01-18 17:17:11.112313,1055,257
16920,2025-01-18 17:17:11.112313,1055,277
16921,2025-01-18 17:17:11.112313,1055,434
16922,2025-01-18 17:17:11.112313,1055,662
16923,2025-01-18 17:17:11.112313,1055,497
16924,2025-01-18 17:17:11.112313,1055,485
16925,2025-01-18 17:17:11.112313,1055,220
16926,2025-01-18 17:17:11.112313,1055,345
16927,2025-01-18 17:17:11.112313,1055,273
16928,2025-01-18 17:17:11.112313,1055,379
16929,2025-01-18 17:17:11.112313,1055,555
16930,2025-01-18 17:17:11.112313,1055,631
16931,2025-01-18 17:17:11.112313,1056,382
16932,2025-01-18 17:17:11.112313,1056,554
16933,2025-01-18 17:17:11.112313,1056,418
16934,2025-01-18 17:17:11.112313,1056,298
16935,2025-01-18 17:17:11.112313,1056,626
16936,2025-01-18 17:17:11.112313,1056,244
16937,2025-01-18 17:17:11.112313,1056,337
16938,2025-01-18 17:17:11.112313,1056,268
16939,2025-01-18 17:17:11.112313,1056,408
16940,2025-01-18 17:17:11.112313,1056,283
16941,2025-01-18 17:17:11.112313,1056,578
16942,2025-01-18 17:17:11.112313,1056,492
16943,2025-01-18 17:17:11.112313,1056,599
16944,2025-01-18 17:17:11.112313,1056,580
16945,2025-01-18 17:17:11.112313,1056,264
16946,2025-01-18 17:17:11.112313,1056,420
16947,2025-01-18 17:17:11.112313,1057,373
16948,2025-01-18 17:17:11.112313,1057,535
16949,2025-01-18 17:17:11.112313,1057,463
16950,2025-01-18 17:17:11.112313,1057,659
16951,2025-01-18 17:17:11.112313,1057,245
16952,2025-01-18 17:17:11.113310,1057,249
16953,2025-01-18 17:17:11.113310,1057,206
16954,2025-01-18 17:17:11.113310,1057,577
16955,2025-01-18 17:17:11.113310,1057,237
16956,2025-01-18 17:17:11.113310,1057,219
16957,2025-01-18 17:17:11.113310,1057,400
16958,2025-01-18 17:17:11.113310,1057,227
16959,2025-01-18 17:17:11.113310,1057,526
16960,2025-01-18 17:17:11.113310,1057,415
16961,2025-01-18 17:17:11.113310,1057,601
16962,2025-01-18 17:17:11.113310,1057,481
16963,2025-01-18 17:17:11.113310,1057,196
16964,2025-01-18 17:17:11.113310,1057,532
16965,2025-01-18 17:17:11.113310,1058,423
16966,2025-01-18 17:17:11.113310,1058,207
16967,2025-01-18 17:17:11.113310,1058,600
16968,2025-01-18 17:17:11.113310,1058,420
16969,2025-01-18 17:17:11.113310,1058,200
16970,2025-01-18 17:17:11.113310,1058,579
16971,2025-01-18 17:17:11.113310,1058,331
16972,2025-01-18 17:17:11.113310,1058,303
16973,2025-01-18 17:17:11.113310,1058,386
16974,2025-01-18 17:17:11.113310,1058,401
16975,2025-01-18 17:17:11.113310,1058,353
16976,2025-01-18 17:17:11.113310,1058,218
16977,2025-01-18 17:17:11.113310,1058,447
16978,2025-01-18 17:17:11.113310,1058,439
16979,2025-01-18 17:17:11.113310,1058,440
16980,2025-01-18 17:17:11.113310,1059,271
16981,2025-01-18 17:17:11.113310,1059,221
16982,2025-01-18 17:17:11.113310,1059,467
16983,2025-01-18 17:17:11.113310,1059,482
16984,2025-01-18 17:17:11.113310,1059,394
16985,2025-01-18 17:17:11.113310,1059,633
16986,2025-01-18 17:17:11.113310,1059,241
16987,2025-01-18 17:17:11.113310,1059,654
16988,2025-01-18 17:17:11.113310,1059,559
16989,2025-01-18 17:17:11.113310,1059,359
16990,2025-01-18 17:17:11.113310,1059,582
16991,2025-01-18 17:17:11.113310,1059,489
16992,2025-01-18 17:17:11.113310,1060,540
16993,2025-01-18 17:17:11.113310,1060,521
16994,2025-01-18 17:17:11.113310,1060,566
16995,2025-01-18 17:17:11.113310,1060,554
16996,2025-01-18 17:17:11.113310,1060,246
16997,2025-01-18 17:17:11.113310,1060,284
16998,2025-01-18 17:17:11.113310,1060,353
16999,2025-01-18 17:17:11.113310,1060,200
17000,2025-01-18 17:17:11.113310,1060,356
17001,2025-01-18 17:17:11.113310,1060,469
17002,2025-01-18 17:17:11.113310,1060,277
17003,2025-01-18 17:17:11.113310,1060,337
17004,2025-01-18 17:17:11.113310,1060,580
17005,2025-01-18 17:17:11.113310,1061,620
17006,2025-01-18 17:17:11.113310,1061,280
17007,2025-01-18 17:17:11.113310,1061,277
17008,2025-01-18 17:17:11.113310,1061,661
17009,2025-01-18 17:17:11.113310,1061,319
17010,2025-01-18 17:17:11.113310,1061,406
17011,2025-01-18 17:17:11.113310,1061,617
17012,2025-01-18 17:17:11.113310,1061,540
17013,2025-01-18 17:17:11.113310,1061,439
17014,2025-01-18 17:17:11.113310,1061,589
17015,2025-01-18 17:17:11.113310,1061,229
17016,2025-01-18 17:17:11.113310,1061,607
17017,2025-01-18 17:17:11.113310,1061,411
17018,2025-01-18 17:17:11.113310,1061,295
17019,2025-01-18 17:17:11.113310,1061,455
17020,2025-01-18 17:17:11.113310,1061,290
17021,2025-01-18 17:17:11.113310,1061,629
17022,2025-01-18 17:17:11.113310,1061,393
17023,2025-01-18 17:17:11.113310,1061,217
17024,2025-01-18 17:17:11.113310,1061,364
17025,2025-01-18 17:17:11.113310,1062,360
17026,2025-01-18 17:17:11.113310,1062,661
17027,2025-01-18 17:17:11.113310,1062,386
17028,2025-01-18 17:17:11.113310,1062,271
17029,2025-01-18 17:17:11.113310,1062,511
17030,2025-01-18 17:17:11.113310,1062,290
17031,2025-01-18 17:17:11.113310,1062,292
17032,2025-01-18 17:17:11.113310,1062,530
17033,2025-01-18 17:17:11.113310,1062,503
17034,2025-01-18 17:17:11.113310,1062,278
17035,2025-01-18 17:17:11.113310,1062,497
17036,2025-01-18 17:17:11.113310,1062,421
17037,2025-01-18 17:17:11.113310,1062,226
17038,2025-01-18 17:17:11.113310,1062,415
17039,2025-01-18 17:17:11.113310,1062,592
17040,2025-01-18 17:17:11.113310,1062,255
17041,2025-01-18 17:17:11.113310,1062,520
17042,2025-01-18 17:17:11.113310,1062,506
17043,2025-01-18 17:17:11.113310,1063,625
17044,2025-01-18 17:17:11.113310,1063,350
17045,2025-01-18 17:17:11.113310,1063,463
17046,2025-01-18 17:17:11.113310,1063,532
17047,2025-01-18 17:17:11.113310,1063,397
17048,2025-01-18 17:17:11.113310,1063,232
17049,2025-01-18 17:17:11.114307,1063,634
17050,2025-01-18 17:17:11.114307,1063,520
17051,2025-01-18 17:17:11.114307,1063,468
17052,2025-01-18 17:17:11.114307,1063,475
17053,2025-01-18 17:17:11.114307,1063,511
17054,2025-01-18 17:17:11.114307,1064,430
17055,2025-01-18 17:17:11.114307,1064,515
17056,2025-01-18 17:17:11.114307,1064,276
17057,2025-01-18 17:17:11.114307,1064,479
17058,2025-01-18 17:17:11.114307,1064,384
17059,2025-01-18 17:17:11.114307,1064,419
17060,2025-01-18 17:17:11.114307,1064,414
17061,2025-01-18 17:17:11.114307,1064,526
17062,2025-01-18 17:17:11.114307,1064,314
17063,2025-01-18 17:17:11.114307,1064,477
17064,2025-01-18 17:17:11.114307,1065,448
17065,2025-01-18 17:17:11.114307,1065,197
17066,2025-01-18 17:17:11.114307,1065,301
17067,2025-01-18 17:17:11.114307,1065,454
17068,2025-01-18 17:17:11.114307,1065,423
17069,2025-01-18 17:17:11.114307,1065,640
17070,2025-01-18 17:17:11.114307,1065,654
17071,2025-01-18 17:17:11.114307,1065,294
17072,2025-01-18 17:17:11.114307,1065,557
17073,2025-01-18 17:17:11.114307,1065,585
17074,2025-01-18 17:17:11.114307,1065,570
17075,2025-01-18 17:17:11.114307,1065,327
17076,2025-01-18 17:17:11.114307,1065,569
17077,2025-01-18 17:17:11.114307,1065,457
17078,2025-01-18 17:17:11.114307,1065,453
17079,2025-01-18 17:17:11.114307,1065,474
17080,2025-01-18 17:17:11.114307,1066,293
17081,2025-01-18 17:17:11.114307,1066,254
17082,2025-01-18 17:17:11.114307,1066,272
17083,2025-01-18 17:17:11.114307,1066,643
17084,2025-01-18 17:17:11.114307,1066,648
17085,2025-01-18 17:17:11.114307,1066,206
17086,2025-01-18 17:17:11.114307,1066,266
17087,2025-01-18 17:17:11.114307,1066,638
17088,2025-01-18 17:17:11.114307,1066,426
17089,2025-01-18 17:17:11.114307,1066,248
17090,2025-01-18 17:17:11.114307,1066,471
17091,2025-01-18 17:17:11.114307,1066,640
17092,2025-01-18 17:17:11.114307,1066,369
17093,2025-01-18 17:17:11.114307,1067,198
17094,2025-01-18 17:17:11.114307,1067,517
17095,2025-01-18 17:17:11.114307,1067,489
17096,2025-01-18 17:17:11.114307,1067,224
17097,2025-01-18 17:17:11.114307,1067,608
17098,2025-01-18 17:17:11.114307,1067,493
17099,2025-01-18 17:17:11.114307,1067,226
17100,2025-01-18 17:17:11.114307,1067,592
17101,2025-01-18 17:17:11.114307,1067,560
17102,2025-01-18 17:17:11.114307,1067,378
17103,2025-01-18 17:17:11.114307,1067,553
17104,2025-01-18 17:17:11.114307,1067,204
17105,2025-01-18 17:17:11.114307,1068,405
17106,2025-01-18 17:17:11.114307,1068,429
17107,2025-01-18 17:17:11.114307,1068,638
17108,2025-01-18 17:17:11.114307,1068,396
17109,2025-01-18 17:17:11.114307,1068,338
17110,2025-01-18 17:17:11.114307,1068,262
17111,2025-01-18 17:17:11.114307,1068,387
17112,2025-01-18 17:17:11.114307,1068,612
17113,2025-01-18 17:17:11.114307,1068,514
17114,2025-01-18 17:17:11.114307,1068,213
17115,2025-01-18 17:17:11.114307,1068,662
17116,2025-01-18 17:17:11.114307,1069,656
17117,2025-01-18 17:17:11.114307,1069,534
17118,2025-01-18 17:17:11.114307,1069,569
17119,2025-01-18 17:17:11.114307,1069,462
17120,2025-01-18 17:17:11.114307,1069,572
17121,2025-01-18 17:17:11.114307,1069,532
17122,2025-01-18 17:17:11.114307,1069,236
17123,2025-01-18 17:17:11.114307,1069,476
17124,2025-01-18 17:17:11.114307,1069,503
17125,2025-01-18 17:17:11.114307,1069,448
17126,2025-01-18 17:17:11.114307,1069,637
17127,2025-01-18 17:17:11.114307,1069,623
17128,2025-01-18 17:17:11.114307,1069,605
17129,2025-01-18 17:17:11.114307,1070,460
17130,2025-01-18 17:17:11.114307,1070,606
17131,2025-01-18 17:17:11.114307,1070,356
17132,2025-01-18 17:17:11.114307,1070,396
17133,2025-01-18 17:17:11.114307,1070,363
17134,2025-01-18 17:17:11.114307,1070,558
17135,2025-01-18 17:17:11.114307,1070,343
17136,2025-01-18 17:17:11.114307,1070,582
17137,2025-01-18 17:17:11.114307,1070,316
17138,2025-01-18 17:17:11.114307,1070,352
17139,2025-01-18 17:17:11.114307,1070,283
17140,2025-01-18 17:17:11.114307,1070,631
17141,2025-01-18 17:17:11.114307,1070,400
17142,2025-01-18 17:17:11.114307,1070,553
17143,2025-01-18 17:17:11.114307,1070,634
17144,2025-01-18 17:17:11.114307,1070,547
17145,2025-01-18 17:17:11.114307,1070,257
17146,2025-01-18 17:17:11.115304,1070,332
17147,2025-01-18 17:17:11.115304,1070,459
17148,2025-01-18 17:17:11.115304,1070,443
17149,2025-01-18 17:17:11.115304,1071,655
17150,2025-01-18 17:17:11.115304,1071,627
17151,2025-01-18 17:17:11.115304,1071,641
17152,2025-01-18 17:17:11.115304,1071,554
17153,2025-01-18 17:17:11.115304,1071,339
17154,2025-01-18 17:17:11.115304,1071,438
17155,2025-01-18 17:17:11.115304,1071,523
17156,2025-01-18 17:17:11.115304,1071,527
17157,2025-01-18 17:17:11.115304,1071,297
17158,2025-01-18 17:17:11.115304,1071,622
17159,2025-01-18 17:17:11.115304,1071,567
17160,2025-01-18 17:17:11.115304,1071,558
17161,2025-01-18 17:17:11.115304,1071,201
17162,2025-01-18 17:17:11.115304,1071,451
17163,2025-01-18 17:17:11.115304,1072,428
17164,2025-01-18 17:17:11.115304,1072,399
17165,2025-01-18 17:17:11.115304,1072,623
17166,2025-01-18 17:17:11.115304,1072,241
17167,2025-01-18 17:17:11.115304,1072,378
17168,2025-01-18 17:17:11.115304,1072,553
17169,2025-01-18 17:17:11.115304,1072,531
17170,2025-01-18 17:17:11.115304,1072,222
17171,2025-01-18 17:17:11.115304,1072,600
17172,2025-01-18 17:17:11.115304,1072,629
17173,2025-01-18 17:17:11.115304,1072,242
17174,2025-01-18 17:17:11.115304,1072,277
17175,2025-01-18 17:17:11.115304,1073,235
17176,2025-01-18 17:17:11.115304,1073,318
17177,2025-01-18 17:17:11.115304,1073,482
17178,2025-01-18 17:17:11.115304,1073,281
17179,2025-01-18 17:17:11.115304,1073,525
17180,2025-01-18 17:17:11.115304,1073,485
17181,2025-01-18 17:17:11.115304,1073,207
17182,2025-01-18 17:17:11.115304,1073,614
17183,2025-01-18 17:17:11.115304,1073,639
17184,2025-01-18 17:17:11.115304,1073,242
17185,2025-01-18 17:17:11.115304,1073,436
17186,2025-01-18 17:17:11.115304,1073,427
17187,2025-01-18 17:17:11.115304,1073,651
17188,2025-01-18 17:17:11.115304,1073,658
17189,2025-01-18 17:17:11.115304,1073,380
17190,2025-01-18 17:17:11.115304,1073,317
17191,2025-01-18 17:17:11.115304,1073,420
17192,2025-01-18 17:17:11.115304,1073,434
17193,2025-01-18 17:17:11.115304,1074,289
17194,2025-01-18 17:17:11.115304,1074,295
17195,2025-01-18 17:17:11.115304,1074,280
17196,2025-01-18 17:17:11.115304,1074,371
17197,2025-01-18 17:17:11.115304,1074,229
17198,2025-01-18 17:17:11.115304,1074,523
17199,2025-01-18 17:17:11.115304,1074,632
17200,2025-01-18 17:17:11.115304,1074,663
17201,2025-01-18 17:17:11.115304,1074,658
17202,2025-01-18 17:17:11.115304,1074,538
17203,2025-01-18 17:17:11.115304,1074,396
17204,2025-01-18 17:17:11.115304,1074,257
17205,2025-01-18 17:17:11.115304,1074,508
17206,2025-01-18 17:17:11.115304,1074,323
17207,2025-01-18 17:17:11.115304,1074,614
17208,2025-01-18 17:17:11.115304,1075,411
17209,2025-01-18 17:17:11.115304,1075,278
17210,2025-01-18 17:17:11.115304,1075,602
17211,2025-01-18 17:17:11.115304,1075,342
17212,2025-01-18 17:17:11.115304,1075,314
17213,2025-01-18 17:17:11.115304,1075,659
17214,2025-01-18 17:17:11.115304,1075,452
17215,2025-01-18 17:17:11.115304,1075,338
17216,2025-01-18 17:17:11.115304,1075,620
17217,2025-01-18 17:17:11.115304,1075,253
17218,2025-01-18 17:17:11.115304,1075,375
17219,2025-01-18 17:17:11.115304,1075,392
17220,2025-01-18 17:17:11.115304,1075,450
17221,2025-01-18 17:17:11.115304,1075,593
17222,2025-01-18 17:17:11.115304,1075,462
17223,2025-01-18 17:17:11.115304,1075,655
17224,2025-01-18 17:17:11.115304,1075,395
17225,2025-01-18 17:17:11.115304,1075,607
17226,2025-01-18 17:17:11.115304,1076,417
17227,2025-01-18 17:17:11.120292,1076,509
17228,2025-01-18 17:17:11.120292,1076,535
17229,2025-01-18 17:17:11.120292,1076,308
17230,2025-01-18 17:17:11.121290,1076,218
17231,2025-01-18 17:17:11.121290,1076,644
17232,2025-01-18 17:17:11.121290,1076,367
17233,2025-01-18 17:17:11.121290,1076,315
17234,2025-01-18 17:17:11.121290,1076,560
17235,2025-01-18 17:17:11.121290,1076,280
17236,2025-01-18 17:17:11.121290,1076,433
17237,2025-01-18 17:17:11.121290,1076,241
17238,2025-01-18 17:17:11.121290,1076,400
17239,2025-01-18 17:17:11.121290,1076,416
17240,2025-01-18 17:17:11.121290,1076,343
17241,2025-01-18 17:17:11.121290,1076,459
17242,2025-01-18 17:17:11.121290,1077,408
17243,2025-01-18 17:17:11.121290,1077,276
17244,2025-01-18 17:17:11.121290,1077,283
17245,2025-01-18 17:17:11.121290,1077,463
17246,2025-01-18 17:17:11.121290,1077,664
17247,2025-01-18 17:17:11.121290,1077,197
17248,2025-01-18 17:17:11.121290,1077,305
17249,2025-01-18 17:17:11.121290,1077,649
17250,2025-01-18 17:17:11.121290,1077,362
17251,2025-01-18 17:17:11.121290,1077,637
17252,2025-01-18 17:17:11.121290,1077,449
17253,2025-01-18 17:17:11.121290,1077,280
17254,2025-01-18 17:17:11.121290,1077,655
17255,2025-01-18 17:17:11.121290,1077,373
17256,2025-01-18 17:17:11.121290,1077,326
17257,2025-01-18 17:17:11.121290,1077,566
17258,2025-01-18 17:17:11.121290,1077,628
17259,2025-01-18 17:17:11.121290,1077,285
17260,2025-01-18 17:17:11.121290,1077,405
17261,2025-01-18 17:17:11.121290,1078,256
17262,2025-01-18 17:17:11.121290,1078,455
17263,2025-01-18 17:17:11.121290,1078,564
17264,2025-01-18 17:17:11.121290,1078,570
17265,2025-01-18 17:17:11.121290,1078,391
17266,2025-01-18 17:17:11.121290,1078,657
17267,2025-01-18 17:17:11.121290,1078,454
17268,2025-01-18 17:17:11.121290,1078,339
17269,2025-01-18 17:17:11.121290,1078,607
17270,2025-01-18 17:17:11.121290,1078,406
17271,2025-01-18 17:17:11.121290,1078,532
17272,2025-01-18 17:17:11.121290,1079,409
17273,2025-01-18 17:17:11.121290,1079,242
17274,2025-01-18 17:17:11.121290,1079,541
17275,2025-01-18 17:17:11.121290,1079,247
17276,2025-01-18 17:17:11.121290,1079,239
17277,2025-01-18 17:17:11.121290,1079,456
17278,2025-01-18 17:17:11.121290,1079,226
17279,2025-01-18 17:17:11.121290,1079,539
17280,2025-01-18 17:17:11.121290,1079,364
17281,2025-01-18 17:17:11.121290,1079,301
17282,2025-01-18 17:17:11.121290,1079,617
17283,2025-01-18 17:17:11.121290,1079,342
17284,2025-01-18 17:17:11.121290,1079,426
17285,2025-01-18 17:17:11.121290,1079,611
17286,2025-01-18 17:17:11.121290,1079,396
17287,2025-01-18 17:17:11.121290,1079,447
17288,2025-01-18 17:17:11.121290,1079,547
17289,2025-01-18 17:17:11.121290,1079,489
17290,2025-01-18 17:17:11.121290,1079,630
17291,2025-01-18 17:17:11.121290,1079,379
17292,2025-01-18 17:17:11.121290,1080,446
17293,2025-01-18 17:17:11.121290,1080,483
17294,2025-01-18 17:17:11.121290,1080,307
17295,2025-01-18 17:17:11.121290,1080,570
17296,2025-01-18 17:17:11.121290,1080,526
17297,2025-01-18 17:17:11.121290,1080,487
17298,2025-01-18 17:17:11.121290,1080,580
17299,2025-01-18 17:17:11.121290,1080,314
17300,2025-01-18 17:17:11.121290,1080,655
17301,2025-01-18 17:17:11.121290,1080,270
17302,2025-01-18 17:17:11.121290,1080,493
17303,2025-01-18 17:17:11.121290,1080,229
17304,2025-01-18 17:17:11.121290,1081,415
17305,2025-01-18 17:17:11.121290,1081,426
17306,2025-01-18 17:17:11.121290,1081,467
17307,2025-01-18 17:17:11.121290,1081,409
17308,2025-01-18 17:17:11.121290,1081,594
17309,2025-01-18 17:17:11.121290,1081,609
17310,2025-01-18 17:17:11.121290,1081,416
17311,2025-01-18 17:17:11.121290,1081,571
17312,2025-01-18 17:17:11.121290,1081,225
17313,2025-01-18 17:17:11.121290,1081,562
17314,2025-01-18 17:17:11.121290,1081,431
17315,2025-01-18 17:17:11.121290,1081,639
17316,2025-01-18 17:17:11.121290,1081,293
17317,2025-01-18 17:17:11.121290,1082,372
17318,2025-01-18 17:17:11.121290,1082,415
17319,2025-01-18 17:17:11.121290,1082,215
17320,2025-01-18 17:17:11.121290,1082,558
17321,2025-01-18 17:17:11.121290,1082,449
17322,2025-01-18 17:17:11.121290,1082,649
17323,2025-01-18 17:17:11.121290,1082,322
17324,2025-01-18 17:17:11.121290,1082,547
17325,2025-01-18 17:17:11.121290,1082,416
17326,2025-01-18 17:17:11.121290,1082,445
17327,2025-01-18 17:17:11.122286,1082,624
17328,2025-01-18 17:17:11.122286,1083,222
17329,2025-01-18 17:17:11.122286,1083,444
17330,2025-01-18 17:17:11.122286,1083,325
17331,2025-01-18 17:17:11.122286,1083,575
17332,2025-01-18 17:17:11.122286,1083,450
17333,2025-01-18 17:17:11.122286,1083,371
17334,2025-01-18 17:17:11.122286,1083,511
17335,2025-01-18 17:17:11.122286,1083,438
17336,2025-01-18 17:17:11.122286,1083,386
17337,2025-01-18 17:17:11.122286,1083,311
17338,2025-01-18 17:17:11.122286,1083,430
17339,2025-01-18 17:17:11.122286,1083,364
17340,2025-01-18 17:17:11.122286,1083,484
17341,2025-01-18 17:17:11.122286,1083,502
17342,2025-01-18 17:17:11.122286,1083,304
17343,2025-01-18 17:17:11.122286,1083,218
17344,2025-01-18 17:17:11.122286,1083,631
17345,2025-01-18 17:17:11.122286,1084,388
17346,2025-01-18 17:17:11.122286,1084,454
17347,2025-01-18 17:17:11.122286,1084,304
17348,2025-01-18 17:17:11.122286,1084,252
17349,2025-01-18 17:17:11.122286,1084,235
17350,2025-01-18 17:17:11.122286,1084,610
17351,2025-01-18 17:17:11.122286,1084,557
17352,2025-01-18 17:17:11.122286,1084,321
17353,2025-01-18 17:17:11.122286,1084,554
17354,2025-01-18 17:17:11.122286,1084,358
17355,2025-01-18 17:17:11.122286,1084,411
17356,2025-01-18 17:17:11.122286,1084,336
17357,2025-01-18 17:17:11.122286,1084,282
17358,2025-01-18 17:17:11.122286,1084,533
17359,2025-01-18 17:17:11.122286,1084,543
17360,2025-01-18 17:17:11.122286,1084,460
17361,2025-01-18 17:17:11.122286,1084,408
17362,2025-01-18 17:17:11.122286,1084,467
17363,2025-01-18 17:17:11.122286,1085,341
17364,2025-01-18 17:17:11.122286,1085,361
17365,2025-01-18 17:17:11.122286,1085,293
17366,2025-01-18 17:17:11.122286,1085,256
17367,2025-01-18 17:17:11.122286,1085,290
17368,2025-01-18 17:17:11.122286,1085,495
17369,2025-01-18 17:17:11.122286,1085,561
17370,2025-01-18 17:17:11.122286,1085,226
17371,2025-01-18 17:17:11.122286,1085,422
17372,2025-01-18 17:17:11.122286,1085,297
17373,2025-01-18 17:17:11.122286,1085,496
17374,2025-01-18 17:17:11.122286,1085,347
17375,2025-01-18 17:17:11.122286,1085,236
17376,2025-01-18 17:17:11.122286,1085,594
17377,2025-01-18 17:17:11.122286,1085,558
17378,2025-01-18 17:17:11.122286,1085,616
17379,2025-01-18 17:17:11.122286,1085,423
17380,2025-01-18 17:17:11.122286,1085,366
17381,2025-01-18 17:17:11.122286,1086,652
17382,2025-01-18 17:17:11.122286,1086,601
17383,2025-01-18 17:17:11.122286,1086,360
17384,2025-01-18 17:17:11.122286,1086,624
17385,2025-01-18 17:17:11.122286,1086,487
17386,2025-01-18 17:17:11.122286,1086,464
17387,2025-01-18 17:17:11.122286,1086,307
17388,2025-01-18 17:17:11.122286,1086,426
17389,2025-01-18 17:17:11.122286,1086,569
17390,2025-01-18 17:17:11.122286,1086,292
17391,2025-01-18 17:17:11.122286,1087,257
17392,2025-01-18 17:17:11.122286,1087,642
17393,2025-01-18 17:17:11.122286,1087,283
17394,2025-01-18 17:17:11.122286,1087,631
17395,2025-01-18 17:17:11.122286,1087,517
17396,2025-01-18 17:17:11.122286,1087,404
17397,2025-01-18 17:17:11.122286,1087,254
17398,2025-01-18 17:17:11.122286,1087,452
17399,2025-01-18 17:17:11.122286,1087,267
17400,2025-01-18 17:17:11.122286,1087,369
17401,2025-01-18 17:17:11.122286,1087,234
17402,2025-01-18 17:17:11.122286,1088,405
17403,2025-01-18 17:17:11.122286,1088,248
17404,2025-01-18 17:17:11.122286,1088,277
17405,2025-01-18 17:17:11.122286,1088,414
17406,2025-01-18 17:17:11.122286,1088,287
17407,2025-01-18 17:17:11.122286,1088,492
17408,2025-01-18 17:17:11.122286,1088,498
17409,2025-01-18 17:17:11.122286,1088,607
17410,2025-01-18 17:17:11.122286,1088,512
17411,2025-01-18 17:17:11.122286,1088,313
17412,2025-01-18 17:17:11.122286,1088,588
17413,2025-01-18 17:17:11.122286,1089,300
17414,2025-01-18 17:17:11.122286,1089,339
17415,2025-01-18 17:17:11.122286,1089,303
17416,2025-01-18 17:17:11.122286,1089,294
17417,2025-01-18 17:17:11.122286,1089,560
17418,2025-01-18 17:17:11.122286,1089,471
17419,2025-01-18 17:17:11.122286,1089,356
17420,2025-01-18 17:17:11.122286,1089,332
17421,2025-01-18 17:17:11.122286,1089,468
17422,2025-01-18 17:17:11.122286,1089,559
17423,2025-01-18 17:17:11.122286,1089,280
17424,2025-01-18 17:17:11.122286,1089,638
17425,2025-01-18 17:17:11.122286,1089,588
17426,2025-01-18 17:17:11.123283,1090,569
17427,2025-01-18 17:17:11.123283,1090,634
17428,2025-01-18 17:17:11.123283,1090,604
17429,2025-01-18 17:17:11.123283,1090,596
17430,2025-01-18 17:17:11.123283,1090,206
17431,2025-01-18 17:17:11.123283,1090,642
17432,2025-01-18 17:17:11.123283,1090,355
17433,2025-01-18 17:17:11.123283,1090,403
17434,2025-01-18 17:17:11.123283,1090,303
17435,2025-01-18 17:17:11.123283,1090,339
17436,2025-01-18 17:17:11.123283,1090,338
17437,2025-01-18 17:17:11.123283,1090,389
17438,2025-01-18 17:17:11.123283,1090,422
17439,2025-01-18 17:17:11.123283,1090,216
17440,2025-01-18 17:17:11.123283,1090,563
17441,2025-01-18 17:17:11.123283,1090,195
17442,2025-01-18 17:17:11.123283,1090,243
17443,2025-01-18 17:17:11.123283,1090,595
17444,2025-01-18 17:17:11.123283,1090,399
17445,2025-01-18 17:17:11.123283,1090,286
17446,2025-01-18 17:17:11.123283,1091,414
17447,2025-01-18 17:17:11.123283,1091,373
17448,2025-01-18 17:17:11.123283,1091,620
17449,2025-01-18 17:17:11.123283,1091,514
17450,2025-01-18 17:17:11.123283,1091,453
17451,2025-01-18 17:17:11.123283,1091,420
17452,2025-01-18 17:17:11.123283,1091,308
17453,2025-01-18 17:17:11.123283,1091,585
17454,2025-01-18 17:17:11.123283,1091,427
17455,2025-01-18 17:17:11.123283,1091,266
17456,2025-01-18 17:17:11.123283,1091,344
17457,2025-01-18 17:17:11.123283,1091,480
17458,2025-01-18 17:17:11.123283,1091,445
17459,2025-01-18 17:17:11.123283,1091,463
17460,2025-01-18 17:17:11.123283,1091,209
17461,2025-01-18 17:17:11.123283,1091,353
17462,2025-01-18 17:17:11.123283,1091,304
17463,2025-01-18 17:17:11.123283,1092,208
17464,2025-01-18 17:17:11.123283,1092,380
17465,2025-01-18 17:17:11.123283,1092,368
17466,2025-01-18 17:17:11.123283,1092,210
17467,2025-01-18 17:17:11.123283,1092,554
17468,2025-01-18 17:17:11.123283,1092,399
17469,2025-01-18 17:17:11.123283,1092,388
17470,2025-01-18 17:17:11.123283,1092,336
17471,2025-01-18 17:17:11.123283,1092,333
17472,2025-01-18 17:17:11.123283,1092,497
17473,2025-01-18 17:17:11.123283,1092,639
17474,2025-01-18 17:17:11.123283,1092,262
17475,2025-01-18 17:17:11.123283,1092,417
17476,2025-01-18 17:17:11.123283,1092,552
17477,2025-01-18 17:17:11.123283,1092,384
17478,2025-01-18 17:17:11.123283,1092,572
17479,2025-01-18 17:17:11.123283,1092,547
17480,2025-01-18 17:17:11.123283,1092,286
17481,2025-01-18 17:17:11.123283,1093,454
17482,2025-01-18 17:17:11.123283,1093,259
17483,2025-01-18 17:17:11.123283,1093,612
17484,2025-01-18 17:17:11.123283,1093,209
17485,2025-01-18 17:17:11.123283,1093,235
17486,2025-01-18 17:17:11.123283,1093,207
17487,2025-01-18 17:17:11.123283,1093,494
17488,2025-01-18 17:17:11.123283,1093,224
17489,2025-01-18 17:17:11.123283,1093,347
17490,2025-01-18 17:17:11.123283,1093,210
17491,2025-01-18 17:17:11.123283,1093,310
17492,2025-01-18 17:17:11.123283,1093,629
17493,2025-01-18 17:17:11.123283,1093,418
17494,2025-01-18 17:17:11.123283,1093,421
17495,2025-01-18 17:17:11.123283,1093,220
17496,2025-01-18 17:17:11.123283,1093,515
17497,2025-01-18 17:17:11.123283,1093,608
17498,2025-01-18 17:17:11.123283,1094,613
17499,2025-01-18 17:17:11.123283,1094,383
17500,2025-01-18 17:17:11.123283,1094,266
17501,2025-01-18 17:17:11.123283,1094,252
17502,2025-01-18 17:17:11.123283,1094,332
17503,2025-01-18 17:17:11.123283,1094,333
17504,2025-01-18 17:17:11.123283,1094,210
17505,2025-01-18 17:17:11.123283,1094,646
17506,2025-01-18 17:17:11.123283,1094,314
17507,2025-01-18 17:17:11.123283,1094,331
17508,2025-01-18 17:17:11.123283,1094,451
17509,2025-01-18 17:17:11.123283,1094,498
17510,2025-01-18 17:17:11.123283,1094,459
17511,2025-01-18 17:17:11.123283,1094,548
17512,2025-01-18 17:17:11.123283,1095,610
17513,2025-01-18 17:17:11.123283,1095,429
17514,2025-01-18 17:17:11.123283,1095,608
17515,2025-01-18 17:17:11.123283,1095,415
17516,2025-01-18 17:17:11.123283,1095,298
17517,2025-01-18 17:17:11.123283,1095,217
17518,2025-01-18 17:17:11.123283,1095,287
17519,2025-01-18 17:17:11.123283,1095,381
17520,2025-01-18 17:17:11.123283,1095,504
17521,2025-01-18 17:17:11.123283,1095,516
17522,2025-01-18 17:17:11.124280,1095,468
17523,2025-01-18 17:17:11.124280,1095,508
17524,2025-01-18 17:17:11.124280,1095,564
17525,2025-01-18 17:17:11.124280,1095,667
17526,2025-01-18 17:17:11.124280,1095,629
17527,2025-01-18 17:17:11.124280,1095,606
17528,2025-01-18 17:17:11.124280,1095,411
17529,2025-01-18 17:17:11.124280,1095,406
17530,2025-01-18 17:17:11.124280,1095,327
17531,2025-01-18 17:17:11.124280,1095,617
17532,2025-01-18 17:17:11.124280,1096,553
17533,2025-01-18 17:17:11.124280,1096,513
17534,2025-01-18 17:17:11.124280,1096,213
17535,2025-01-18 17:17:11.124280,1096,499
17536,2025-01-18 17:17:11.124280,1096,210
17537,2025-01-18 17:17:11.124280,1096,517
17538,2025-01-18 17:17:11.124280,1096,501
17539,2025-01-18 17:17:11.124280,1096,200
17540,2025-01-18 17:17:11.124280,1096,375
17541,2025-01-18 17:17:11.124280,1096,633
17542,2025-01-18 17:17:11.124280,1096,655
17543,2025-01-18 17:17:11.124280,1096,606
17544,2025-01-18 17:17:11.124280,1096,287
17545,2025-01-18 17:17:11.124280,1096,400
17546,2025-01-18 17:17:11.124280,1096,497
17547,2025-01-18 17:17:11.124280,1096,340
17548,2025-01-18 17:17:11.124280,1096,549
17549,2025-01-18 17:17:11.124280,1097,406
17550,2025-01-18 17:17:11.124280,1097,427
17551,2025-01-18 17:17:11.124280,1097,568
17552,2025-01-18 17:17:11.124280,1097,376
17553,2025-01-18 17:17:11.124280,1097,488
17554,2025-01-18 17:17:11.124280,1097,465
17555,2025-01-18 17:17:11.124280,1097,532
17556,2025-01-18 17:17:11.124280,1097,352
17557,2025-01-18 17:17:11.124280,1097,607
17558,2025-01-18 17:17:11.124280,1097,426
17559,2025-01-18 17:17:11.124280,1097,226
17560,2025-01-18 17:17:11.129267,1097,455
17561,2025-01-18 17:17:11.129267,1097,358
17562,2025-01-18 17:17:11.129267,1097,267
17563,2025-01-18 17:17:11.129267,1097,201
17564,2025-01-18 17:17:11.129267,1097,573
17565,2025-01-18 17:17:11.129267,1097,558
17566,2025-01-18 17:17:11.129267,1097,497
17567,2025-01-18 17:17:11.129267,1097,483
17568,2025-01-18 17:17:11.129267,1098,443
17569,2025-01-18 17:17:11.129267,1098,552
17570,2025-01-18 17:17:11.129267,1098,284
17571,2025-01-18 17:17:11.129267,1098,493
17572,2025-01-18 17:17:11.129267,1098,222
17573,2025-01-18 17:17:11.129267,1098,297
17574,2025-01-18 17:17:11.129267,1098,601
17575,2025-01-18 17:17:11.129267,1098,607
17576,2025-01-18 17:17:11.129267,1098,627
17577,2025-01-18 17:17:11.129267,1098,579
17578,2025-01-18 17:17:11.129267,1098,387
17579,2025-01-18 17:17:11.129267,1098,366
17580,2025-01-18 17:17:11.129267,1099,294
17581,2025-01-18 17:17:11.129267,1099,290
17582,2025-01-18 17:17:11.129267,1099,558
17583,2025-01-18 17:17:11.129267,1099,622
17584,2025-01-18 17:17:11.129267,1099,484
17585,2025-01-18 17:17:11.129267,1099,442
17586,2025-01-18 17:17:11.129267,1099,579
17587,2025-01-18 17:17:11.129267,1099,644
17588,2025-01-18 17:17:11.129267,1099,197
17589,2025-01-18 17:17:11.129267,1099,663
17590,2025-01-18 17:17:11.129267,1099,399
17591,2025-01-18 17:17:11.129267,1099,249
17592,2025-01-18 17:17:11.129267,1099,596
17593,2025-01-18 17:17:11.129267,1099,277
17594,2025-01-18 17:17:11.129267,1099,297
17595,2025-01-18 17:17:11.129267,1100,486
17596,2025-01-18 17:17:11.129267,1100,576
17597,2025-01-18 17:17:11.129267,1100,556
17598,2025-01-18 17:17:11.129267,1100,403
17599,2025-01-18 17:17:11.129267,1100,281
17600,2025-01-18 17:17:11.129267,1100,394
17601,2025-01-18 17:17:11.129267,1100,641
17602,2025-01-18 17:17:11.129267,1100,552
17603,2025-01-18 17:17:11.129267,1100,345
17604,2025-01-18 17:17:11.129267,1100,553
17605,2025-01-18 17:17:11.129267,1100,200
17606,2025-01-18 17:17:11.129267,1100,367
17607,2025-01-18 17:17:11.130265,1100,234
17608,2025-01-18 17:17:11.130265,1100,443
17609,2025-01-18 17:17:11.130265,1100,434
17610,2025-01-18 17:17:11.130265,1100,500
17611,2025-01-18 17:17:11.130265,1100,357
17612,2025-01-18 17:17:11.130265,1101,381
17613,2025-01-18 17:17:11.130265,1101,398
17614,2025-01-18 17:17:11.130265,1101,253
17615,2025-01-18 17:17:11.130265,1101,359
17616,2025-01-18 17:17:11.130265,1101,258
17617,2025-01-18 17:17:11.130265,1101,575
17618,2025-01-18 17:17:11.130265,1101,266
17619,2025-01-18 17:17:11.130265,1101,499
17620,2025-01-18 17:17:11.130265,1101,632
17621,2025-01-18 17:17:11.130265,1101,552
17622,2025-01-18 17:17:11.130265,1101,367
17623,2025-01-18 17:17:11.130265,1101,462
17624,2025-01-18 17:17:11.130265,1101,557
17625,2025-01-18 17:17:11.130265,1101,528
17626,2025-01-18 17:17:11.130265,1102,560
17627,2025-01-18 17:17:11.130265,1102,334
17628,2025-01-18 17:17:11.130265,1102,479
17629,2025-01-18 17:17:11.130265,1102,365
17630,2025-01-18 17:17:11.130265,1102,551
17631,2025-01-18 17:17:11.130265,1102,288
17632,2025-01-18 17:17:11.130265,1102,371
17633,2025-01-18 17:17:11.130265,1102,432
17634,2025-01-18 17:17:11.130265,1102,338
17635,2025-01-18 17:17:11.130265,1102,333
17636,2025-01-18 17:17:11.130265,1102,429
17637,2025-01-18 17:17:11.130265,1102,507
17638,2025-01-18 17:17:11.130265,1102,452
17639,2025-01-18 17:17:11.130265,1102,253
17640,2025-01-18 17:17:11.130265,1102,590
17641,2025-01-18 17:17:11.130265,1102,204
17642,2025-01-18 17:17:11.130265,1103,201
17643,2025-01-18 17:17:11.130265,1103,391
17644,2025-01-18 17:17:11.130265,1103,589
17645,2025-01-18 17:17:11.130265,1103,593
17646,2025-01-18 17:17:11.130265,1103,640
17647,2025-01-18 17:17:11.130265,1103,419
17648,2025-01-18 17:17:11.130265,1103,660
17649,2025-01-18 17:17:11.130265,1103,667
17650,2025-01-18 17:17:11.130265,1103,634
17651,2025-01-18 17:17:11.130265,1103,610
17652,2025-01-18 17:17:11.130265,1103,281
17653,2025-01-18 17:17:11.130265,1103,327
17654,2025-01-18 17:17:11.130265,1103,411
17655,2025-01-18 17:17:11.130265,1103,253
17656,2025-01-18 17:17:11.130265,1103,214
17657,2025-01-18 17:17:11.130265,1103,247
17658,2025-01-18 17:17:11.130265,1103,212
17659,2025-01-18 17:17:11.130265,1103,596
17660,2025-01-18 17:17:11.130265,1103,621
17661,2025-01-18 17:17:11.130265,1104,345
17662,2025-01-18 17:17:11.130265,1104,351
17663,2025-01-18 17:17:11.130265,1104,285
17664,2025-01-18 17:17:11.130265,1104,546
17665,2025-01-18 17:17:11.130265,1104,512
17666,2025-01-18 17:17:11.130265,1104,515
17667,2025-01-18 17:17:11.130265,1104,617
17668,2025-01-18 17:17:11.130265,1104,199
17669,2025-01-18 17:17:11.130265,1104,212
17670,2025-01-18 17:17:11.130265,1104,438
17671,2025-01-18 17:17:11.130265,1104,623
17672,2025-01-18 17:17:11.130265,1104,520
17673,2025-01-18 17:17:11.130265,1104,547
17674,2025-01-18 17:17:11.130265,1104,289
17675,2025-01-18 17:17:11.130265,1104,278
17676,2025-01-18 17:17:11.130265,1104,365
17677,2025-01-18 17:17:11.130265,1104,605
17678,2025-01-18 17:17:11.130265,1104,307
17679,2025-01-18 17:17:11.130265,1104,402
17680,2025-01-18 17:17:11.130265,1105,276
17681,2025-01-18 17:17:11.130265,1105,626
17682,2025-01-18 17:17:11.130265,1105,332
17683,2025-01-18 17:17:11.130265,1105,320
17684,2025-01-18 17:17:11.130265,1105,517
17685,2025-01-18 17:17:11.130265,1105,468
17686,2025-01-18 17:17:11.130265,1105,397
17687,2025-01-18 17:17:11.130265,1105,633
17688,2025-01-18 17:17:11.130265,1105,338
17689,2025-01-18 17:17:11.130265,1105,523
17690,2025-01-18 17:17:11.130265,1105,645
17691,2025-01-18 17:17:11.130265,1105,518
17692,2025-01-18 17:17:11.130265,1105,549
17693,2025-01-18 17:17:11.130265,1105,531
17694,2025-01-18 17:17:11.130265,1105,315
17695,2025-01-18 17:17:11.130265,1105,493
17696,2025-01-18 17:17:11.130265,1105,641
17697,2025-01-18 17:17:11.130265,1105,417
17698,2025-01-18 17:17:11.130265,1105,447
17699,2025-01-18 17:17:11.130265,1105,484
17700,2025-01-18 17:17:11.130265,1106,321
17701,2025-01-18 17:17:11.130265,1106,637
17702,2025-01-18 17:17:11.130265,1106,323
17703,2025-01-18 17:17:11.130265,1106,318
17704,2025-01-18 17:17:11.131262,1106,332
17705,2025-01-18 17:17:11.131262,1106,197
17706,2025-01-18 17:17:11.131262,1106,374
17707,2025-01-18 17:17:11.131262,1106,474
17708,2025-01-18 17:17:11.131262,1106,591
17709,2025-01-18 17:17:11.131262,1106,542
17710,2025-01-18 17:17:11.131262,1106,256
17711,2025-01-18 17:17:11.131262,1107,510
17712,2025-01-18 17:17:11.131262,1107,474
17713,2025-01-18 17:17:11.131262,1107,657
17714,2025-01-18 17:17:11.131262,1107,503
17715,2025-01-18 17:17:11.131262,1107,593
17716,2025-01-18 17:17:11.131262,1107,204
17717,2025-01-18 17:17:11.131262,1107,525
17718,2025-01-18 17:17:11.131262,1107,300
17719,2025-01-18 17:17:11.131262,1107,211
17720,2025-01-18 17:17:11.131262,1107,224
17721,2025-01-18 17:17:11.131262,1107,457
17722,2025-01-18 17:17:11.131262,1107,611
17723,2025-01-18 17:17:11.131262,1107,485
17724,2025-01-18 17:17:11.131262,1107,227
17725,2025-01-18 17:17:11.131262,1107,241
17726,2025-01-18 17:17:11.131262,1107,282
17727,2025-01-18 17:17:11.131262,1107,418
17728,2025-01-18 17:17:11.131262,1107,434
17729,2025-01-18 17:17:11.131262,1107,645
17730,2025-01-18 17:17:11.131262,1107,508
17731,2025-01-18 17:17:11.131262,1108,367
17732,2025-01-18 17:17:11.131262,1108,493
17733,2025-01-18 17:17:11.131262,1108,654
17734,2025-01-18 17:17:11.131262,1108,208
17735,2025-01-18 17:17:11.131262,1108,214
17736,2025-01-18 17:17:11.131262,1108,580
17737,2025-01-18 17:17:11.131262,1108,269
17738,2025-01-18 17:17:11.131262,1108,544
17739,2025-01-18 17:17:11.131262,1108,288
17740,2025-01-18 17:17:11.131262,1108,579
17741,2025-01-18 17:17:11.131262,1108,437
17742,2025-01-18 17:17:11.131262,1108,435
17743,2025-01-18 17:17:11.131262,1108,511
17744,2025-01-18 17:17:11.131262,1109,197
17745,2025-01-18 17:17:11.131262,1109,552
17746,2025-01-18 17:17:11.131262,1109,293
17747,2025-01-18 17:17:11.131262,1109,252
17748,2025-01-18 17:17:11.131262,1109,617
17749,2025-01-18 17:17:11.131262,1109,591
17750,2025-01-18 17:17:11.131262,1109,415
17751,2025-01-18 17:17:11.131262,1109,323
17752,2025-01-18 17:17:11.131262,1109,288
17753,2025-01-18 17:17:11.131262,1109,419
17754,2025-01-18 17:17:11.131262,1109,631
17755,2025-01-18 17:17:11.131262,1109,482
17756,2025-01-18 17:17:11.131262,1109,627
17757,2025-01-18 17:17:11.131262,1109,483
17758,2025-01-18 17:17:11.131262,1109,567
17759,2025-01-18 17:17:11.131262,1110,358
17760,2025-01-18 17:17:11.131262,1110,217
17761,2025-01-18 17:17:11.131262,1110,376
17762,2025-01-18 17:17:11.131262,1110,551
17763,2025-01-18 17:17:11.131262,1110,504
17764,2025-01-18 17:17:11.131262,1110,595
17765,2025-01-18 17:17:11.131262,1110,455
17766,2025-01-18 17:17:11.131262,1110,568
17767,2025-01-18 17:17:11.131262,1110,351
17768,2025-01-18 17:17:11.131262,1110,395
17769,2025-01-18 17:17:11.131262,1110,359
17770,2025-01-18 17:17:11.131262,1110,357
17771,2025-01-18 17:17:11.131262,1110,501
17772,2025-01-18 17:17:11.131262,1110,654
17773,2025-01-18 17:17:11.131262,1110,593
17774,2025-01-18 17:17:11.131262,1110,650
17775,2025-01-18 17:17:11.131262,1110,355
17776,2025-01-18 17:17:11.131262,1110,486
17777,2025-01-18 17:17:11.131262,1111,296
17778,2025-01-18 17:17:11.131262,1111,275
17779,2025-01-18 17:17:11.131262,1111,469
17780,2025-01-18 17:17:11.131262,1111,660
17781,2025-01-18 17:17:11.131262,1111,284
17782,2025-01-18 17:17:11.131262,1111,405
17783,2025-01-18 17:17:11.131262,1111,505
17784,2025-01-18 17:17:11.131262,1111,526
17785,2025-01-18 17:17:11.131262,1111,577
17786,2025-01-18 17:17:11.131262,1111,651
17787,2025-01-18 17:17:11.131262,1111,580
17788,2025-01-18 17:17:11.131262,1111,446
17789,2025-01-18 17:17:11.131262,1112,336
17790,2025-01-18 17:17:11.131262,1112,485
17791,2025-01-18 17:17:11.131262,1112,586
17792,2025-01-18 17:17:11.131262,1112,531
17793,2025-01-18 17:17:11.131262,1112,524
17794,2025-01-18 17:17:11.131262,1112,438
17795,2025-01-18 17:17:11.131262,1112,381
17796,2025-01-18 17:17:11.131262,1112,459
17797,2025-01-18 17:17:11.131262,1112,204
17798,2025-01-18 17:17:11.131262,1112,274
17799,2025-01-18 17:17:11.131262,1112,578
17800,2025-01-18 17:17:11.131262,1112,482
17801,2025-01-18 17:17:11.131262,1113,496
17802,2025-01-18 17:17:11.131262,1113,612
17803,2025-01-18 17:17:11.132259,1113,657
17804,2025-01-18 17:17:11.132259,1113,625
17805,2025-01-18 17:17:11.132259,1113,271
17806,2025-01-18 17:17:11.132259,1113,425
17807,2025-01-18 17:17:11.132259,1113,321
17808,2025-01-18 17:17:11.132259,1113,460
17809,2025-01-18 17:17:11.132259,1113,330
17810,2025-01-18 17:17:11.132259,1113,416
17811,2025-01-18 17:17:11.132259,1113,502
17812,2025-01-18 17:17:11.132259,1113,446
17813,2025-01-18 17:17:11.132259,1113,610
17814,2025-01-18 17:17:11.132259,1113,593
17815,2025-01-18 17:17:11.132259,1113,214
17816,2025-01-18 17:17:11.132259,1113,220
17817,2025-01-18 17:17:11.132259,1113,346
17818,2025-01-18 17:17:11.132259,1113,317
17819,2025-01-18 17:17:11.132259,1113,662
17820,2025-01-18 17:17:11.132259,1113,572
17821,2025-01-18 17:17:11.132259,1114,440
17822,2025-01-18 17:17:11.132259,1114,210
17823,2025-01-18 17:17:11.132259,1114,357
17824,2025-01-18 17:17:11.132259,1114,281
17825,2025-01-18 17:17:11.132259,1114,549
17826,2025-01-18 17:17:11.132259,1114,488
17827,2025-01-18 17:17:11.132259,1114,602
17828,2025-01-18 17:17:11.132259,1114,377
17829,2025-01-18 17:17:11.132259,1114,648
17830,2025-01-18 17:17:11.132259,1114,575
17831,2025-01-18 17:17:11.132259,1114,654
17832,2025-01-18 17:17:11.132259,1114,644
17833,2025-01-18 17:17:11.132259,1114,469
17834,2025-01-18 17:17:11.132259,1114,550
17835,2025-01-18 17:17:11.132259,1114,331
17836,2025-01-18 17:17:11.132259,1114,195
17837,2025-01-18 17:17:11.132259,1115,253
17838,2025-01-18 17:17:11.132259,1115,204
17839,2025-01-18 17:17:11.132259,1115,528
17840,2025-01-18 17:17:11.132259,1115,509
17841,2025-01-18 17:17:11.132259,1115,610
17842,2025-01-18 17:17:11.132259,1115,556
17843,2025-01-18 17:17:11.132259,1115,348
17844,2025-01-18 17:17:11.132259,1115,606
17845,2025-01-18 17:17:11.132259,1115,389
17846,2025-01-18 17:17:11.132259,1115,570
17847,2025-01-18 17:17:11.132259,1115,541
17848,2025-01-18 17:17:11.132259,1115,634
17849,2025-01-18 17:17:11.132259,1115,421
17850,2025-01-18 17:17:11.132259,1115,637
17851,2025-01-18 17:17:11.132259,1115,340
17852,2025-01-18 17:17:11.132259,1115,572
17853,2025-01-18 17:17:11.132259,1116,251
17854,2025-01-18 17:17:11.132259,1116,617
17855,2025-01-18 17:17:11.132259,1116,215
17856,2025-01-18 17:17:11.132259,1116,224
17857,2025-01-18 17:17:11.132259,1116,302
17858,2025-01-18 17:17:11.132259,1116,434
17859,2025-01-18 17:17:11.132259,1116,470
17860,2025-01-18 17:17:11.132259,1116,298
17861,2025-01-18 17:17:11.132259,1116,457
17862,2025-01-18 17:17:11.132259,1116,491
17863,2025-01-18 17:17:11.132259,1116,282
17864,2025-01-18 17:17:11.132259,1116,279
17865,2025-01-18 17:17:11.132259,1116,357
17866,2025-01-18 17:17:11.132259,1117,194
17867,2025-01-18 17:17:11.132259,1117,252
17868,2025-01-18 17:17:11.132259,1117,591
17869,2025-01-18 17:17:11.132259,1117,544
17870,2025-01-18 17:17:11.132259,1117,448
17871,2025-01-18 17:17:11.132259,1117,596
17872,2025-01-18 17:17:11.132259,1117,588
17873,2025-01-18 17:17:11.132259,1117,515
17874,2025-01-18 17:17:11.132259,1117,486
17875,2025-01-18 17:17:11.132259,1117,451
17876,2025-01-18 17:17:11.132259,1117,357
17877,2025-01-18 17:17:11.132259,1117,587
17878,2025-01-18 17:17:11.132259,1117,481
17879,2025-01-18 17:17:11.132259,1118,642
17880,2025-01-18 17:17:11.132259,1118,251
17881,2025-01-18 17:17:11.132259,1118,206
17882,2025-01-18 17:17:11.132259,1118,579
17883,2025-01-18 17:17:11.132259,1118,491
17884,2025-01-18 17:17:11.132259,1118,581
17885,2025-01-18 17:17:11.132259,1118,254
17886,2025-01-18 17:17:11.132259,1118,335
17887,2025-01-18 17:17:11.132259,1118,258
17888,2025-01-18 17:17:11.132259,1118,244
17889,2025-01-18 17:17:11.132259,1118,393
17890,2025-01-18 17:17:11.132259,1118,213
17891,2025-01-18 17:17:11.132259,1118,439
17892,2025-01-18 17:17:11.132259,1119,334
17893,2025-01-18 17:17:11.138243,1119,306
17894,2025-01-18 17:17:11.138243,1119,208
17895,2025-01-18 17:17:11.138243,1119,481
17896,2025-01-18 17:17:11.138243,1119,395
17897,2025-01-18 17:17:11.138243,1119,255
17898,2025-01-18 17:17:11.138243,1119,390
17899,2025-01-18 17:17:11.138243,1119,314
17900,2025-01-18 17:17:11.138243,1119,483
17901,2025-01-18 17:17:11.138243,1119,561
17902,2025-01-18 17:17:11.138243,1119,638
17903,2025-01-18 17:17:11.138243,1119,435
17904,2025-01-18 17:17:11.138243,1119,636
17905,2025-01-18 17:17:11.138243,1120,388
17906,2025-01-18 17:17:11.138243,1120,605
17907,2025-01-18 17:17:11.138243,1120,547
17908,2025-01-18 17:17:11.138243,1120,635
17909,2025-01-18 17:17:11.138243,1120,627
17910,2025-01-18 17:17:11.138243,1120,215
17911,2025-01-18 17:17:11.138243,1120,239
17912,2025-01-18 17:17:11.138243,1120,423
17913,2025-01-18 17:17:11.138243,1120,464
17914,2025-01-18 17:17:11.138243,1120,655
17915,2025-01-18 17:17:11.138243,1120,290
17916,2025-01-18 17:17:11.138243,1120,642
17917,2025-01-18 17:17:11.138243,1120,465
17918,2025-01-18 17:17:11.138243,1120,225
17919,2025-01-18 17:17:11.138243,1120,573
17920,2025-01-18 17:17:11.138243,1120,210
17921,2025-01-18 17:17:11.138243,1120,521
17922,2025-01-18 17:17:11.138243,1120,663
17923,2025-01-18 17:17:11.138243,1121,256
17924,2025-01-18 17:17:11.138243,1121,563
17925,2025-01-18 17:17:11.138243,1121,336
17926,2025-01-18 17:17:11.138243,1121,468
17927,2025-01-18 17:17:11.138243,1121,406
17928,2025-01-18 17:17:11.138243,1121,431
17929,2025-01-18 17:17:11.138243,1121,630
17930,2025-01-18 17:17:11.138243,1121,292
17931,2025-01-18 17:17:11.138243,1121,299
17932,2025-01-18 17:17:11.138243,1121,332
17933,2025-01-18 17:17:11.138243,1121,628
17934,2025-01-18 17:17:11.138243,1122,454
17935,2025-01-18 17:17:11.138243,1122,415
17936,2025-01-18 17:17:11.138243,1122,197
17937,2025-01-18 17:17:11.138243,1122,230
17938,2025-01-18 17:17:11.138243,1122,354
17939,2025-01-18 17:17:11.138243,1122,270
17940,2025-01-18 17:17:11.138243,1122,508
17941,2025-01-18 17:17:11.138243,1122,254
17942,2025-01-18 17:17:11.138243,1122,327
17943,2025-01-18 17:17:11.138243,1122,417
17944,2025-01-18 17:17:11.138243,1122,446
17945,2025-01-18 17:17:11.138243,1122,665
17946,2025-01-18 17:17:11.138243,1122,242
17947,2025-01-18 17:17:11.138243,1122,491
17948,2025-01-18 17:17:11.138243,1122,353
17949,2025-01-18 17:17:11.138243,1122,475
17950,2025-01-18 17:17:11.138243,1122,315
17951,2025-01-18 17:17:11.138243,1122,336
17952,2025-01-18 17:17:11.138243,1122,306
17953,2025-01-18 17:17:11.138243,1123,428
17954,2025-01-18 17:17:11.138243,1123,492
17955,2025-01-18 17:17:11.138243,1123,263
17956,2025-01-18 17:17:11.138243,1123,227
17957,2025-01-18 17:17:11.138243,1123,441
17958,2025-01-18 17:17:11.138243,1123,266
17959,2025-01-18 17:17:11.138243,1123,353
17960,2025-01-18 17:17:11.138243,1123,641
17961,2025-01-18 17:17:11.138243,1123,585
17962,2025-01-18 17:17:11.138243,1123,367
17963,2025-01-18 17:17:11.138243,1123,647
17964,2025-01-18 17:17:11.138243,1123,551
17965,2025-01-18 17:17:11.138243,1124,659
17966,2025-01-18 17:17:11.138243,1124,529
17967,2025-01-18 17:17:11.138243,1124,486
17968,2025-01-18 17:17:11.138243,1124,509
17969,2025-01-18 17:17:11.138243,1124,333
17970,2025-01-18 17:17:11.138243,1124,645
17971,2025-01-18 17:17:11.138243,1124,515
17972,2025-01-18 17:17:11.138243,1124,537
17973,2025-01-18 17:17:11.138243,1124,288
17974,2025-01-18 17:17:11.138243,1124,505
17975,2025-01-18 17:17:11.138243,1124,611
17976,2025-01-18 17:17:11.138243,1124,444
17977,2025-01-18 17:17:11.138243,1124,621
17978,2025-01-18 17:17:11.138243,1124,257
17979,2025-01-18 17:17:11.138243,1124,663
17980,2025-01-18 17:17:11.139241,1124,542
17981,2025-01-18 17:17:11.139241,1124,219
17982,2025-01-18 17:17:11.139241,1125,618
17983,2025-01-18 17:17:11.139241,1125,201
17984,2025-01-18 17:17:11.139241,1125,428
17985,2025-01-18 17:17:11.139241,1125,652
17986,2025-01-18 17:17:11.139241,1125,610
17987,2025-01-18 17:17:11.139241,1125,223
17988,2025-01-18 17:17:11.139241,1125,460
17989,2025-01-18 17:17:11.139241,1125,357
17990,2025-01-18 17:17:11.139241,1125,297
17991,2025-01-18 17:17:11.139241,1125,311
17992,2025-01-18 17:17:11.139241,1126,541
17993,2025-01-18 17:17:11.139241,1126,568
17994,2025-01-18 17:17:11.139241,1126,459
17995,2025-01-18 17:17:11.139241,1126,643
17996,2025-01-18 17:17:11.139241,1126,416
17997,2025-01-18 17:17:11.139241,1126,621
17998,2025-01-18 17:17:11.139241,1126,430
17999,2025-01-18 17:17:11.139241,1126,567
18000,2025-01-18 17:17:11.139241,1126,249
18001,2025-01-18 17:17:11.139241,1126,426
18002,2025-01-18 17:17:11.139241,1126,526
18003,2025-01-18 17:17:11.139241,1127,370
18004,2025-01-18 17:17:11.139241,1127,628
18005,2025-01-18 17:17:11.139241,1127,624
18006,2025-01-18 17:17:11.139241,1127,459
18007,2025-01-18 17:17:11.139241,1127,305
18008,2025-01-18 17:17:11.139241,1127,610
18009,2025-01-18 17:17:11.139241,1127,293
18010,2025-01-18 17:17:11.139241,1127,366
18011,2025-01-18 17:17:11.139241,1127,398
18012,2025-01-18 17:17:11.139241,1127,578
18013,2025-01-18 17:17:11.139241,1127,400
18014,2025-01-18 17:17:11.139241,1127,300
18015,2025-01-18 17:17:11.139241,1127,533
18016,2025-01-18 17:17:11.139241,1127,655
18017,2025-01-18 17:17:11.139241,1127,302
18018,2025-01-18 17:17:11.139241,1127,389
18019,2025-01-18 17:17:11.139241,1128,649
18020,2025-01-18 17:17:11.139241,1128,352
18021,2025-01-18 17:17:11.139241,1128,451
18022,2025-01-18 17:17:11.139241,1128,488
18023,2025-01-18 17:17:11.139241,1128,493
18024,2025-01-18 17:17:11.139241,1128,263
18025,2025-01-18 17:17:11.139241,1128,225
18026,2025-01-18 17:17:11.139241,1128,236
18027,2025-01-18 17:17:11.139241,1128,355
18028,2025-01-18 17:17:11.139241,1128,245
18029,2025-01-18 17:17:11.139241,1128,294
18030,2025-01-18 17:17:11.139241,1128,590
18031,2025-01-18 17:17:11.139241,1128,476
18032,2025-01-18 17:17:11.139241,1129,315
18033,2025-01-18 17:17:11.139241,1129,526
18034,2025-01-18 17:17:11.139241,1129,666
18035,2025-01-18 17:17:11.139241,1129,448
18036,2025-01-18 17:17:11.139241,1129,441
18037,2025-01-18 17:17:11.139241,1129,256
18038,2025-01-18 17:17:11.139241,1129,504
18039,2025-01-18 17:17:11.139241,1129,635
18040,2025-01-18 17:17:11.139241,1129,244
18041,2025-01-18 17:17:11.139241,1129,341
18042,2025-01-18 17:17:11.139241,1129,344
18043,2025-01-18 17:17:11.139241,1129,565
18044,2025-01-18 17:17:11.139241,1129,388
18045,2025-01-18 17:17:11.139241,1129,306
18046,2025-01-18 17:17:11.139241,1129,197
18047,2025-01-18 17:17:11.139241,1129,380
18048,2025-01-18 17:17:11.139241,1130,305
18049,2025-01-18 17:17:11.139241,1130,310
18050,2025-01-18 17:17:11.139241,1130,403
18051,2025-01-18 17:17:11.139241,1130,555
18052,2025-01-18 17:17:11.139241,1130,271
18053,2025-01-18 17:17:11.139241,1130,656
18054,2025-01-18 17:17:11.139241,1130,514
18055,2025-01-18 17:17:11.139241,1130,209
18056,2025-01-18 17:17:11.139241,1130,198
18057,2025-01-18 17:17:11.139241,1130,248
18058,2025-01-18 17:17:11.139241,1131,514
18059,2025-01-18 17:17:11.139241,1131,315
18060,2025-01-18 17:17:11.139241,1131,274
18061,2025-01-18 17:17:11.139241,1131,391
18062,2025-01-18 17:17:11.139241,1131,325
18063,2025-01-18 17:17:11.139241,1131,285
18064,2025-01-18 17:17:11.139241,1131,299
18065,2025-01-18 17:17:11.139241,1131,196
18066,2025-01-18 17:17:11.139241,1131,647
18067,2025-01-18 17:17:11.139241,1131,385
18068,2025-01-18 17:17:11.139241,1131,251
18069,2025-01-18 17:17:11.139241,1131,659
18070,2025-01-18 17:17:11.139241,1131,646
18071,2025-01-18 17:17:11.139241,1131,404
18072,2025-01-18 17:17:11.139241,1131,436
18073,2025-01-18 17:17:11.139241,1131,460
18074,2025-01-18 17:17:11.139241,1132,259
18075,2025-01-18 17:17:11.140238,1132,214
18076,2025-01-18 17:17:11.140238,1132,396
18077,2025-01-18 17:17:11.140238,1132,436
18078,2025-01-18 17:17:11.140238,1132,408
18079,2025-01-18 17:17:11.140238,1132,196
18080,2025-01-18 17:17:11.140238,1132,617
18081,2025-01-18 17:17:11.140238,1132,649
18082,2025-01-18 17:17:11.140238,1132,642
18083,2025-01-18 17:17:11.140238,1132,475
18084,2025-01-18 17:17:11.140238,1132,330
18085,2025-01-18 17:17:11.140238,1132,551
18086,2025-01-18 17:17:11.140238,1133,496
18087,2025-01-18 17:17:11.140238,1133,493
18088,2025-01-18 17:17:11.140238,1133,482
18089,2025-01-18 17:17:11.140238,1133,470
18090,2025-01-18 17:17:11.140238,1133,530
18091,2025-01-18 17:17:11.140238,1133,385
18092,2025-01-18 17:17:11.140238,1133,507
18093,2025-01-18 17:17:11.140238,1133,511
18094,2025-01-18 17:17:11.140238,1133,230
18095,2025-01-18 17:17:11.140238,1133,351
18096,2025-01-18 17:17:11.140238,1134,646
18097,2025-01-18 17:17:11.140238,1134,370
18098,2025-01-18 17:17:11.140238,1134,405
18099,2025-01-18 17:17:11.140238,1134,643
18100,2025-01-18 17:17:11.140238,1134,225
18101,2025-01-18 17:17:11.140238,1134,576
18102,2025-01-18 17:17:11.140238,1134,650
18103,2025-01-18 17:17:11.140238,1134,382
18104,2025-01-18 17:17:11.140238,1134,357
18105,2025-01-18 17:17:11.140238,1134,584
18106,2025-01-18 17:17:11.140238,1134,333
18107,2025-01-18 17:17:11.140238,1134,408
18108,2025-01-18 17:17:11.140238,1134,466
18109,2025-01-18 17:17:11.140238,1134,200
18110,2025-01-18 17:17:11.140238,1135,663
18111,2025-01-18 17:17:11.140238,1135,260
18112,2025-01-18 17:17:11.140238,1135,464
18113,2025-01-18 17:17:11.140238,1135,594
18114,2025-01-18 17:17:11.140238,1135,654
18115,2025-01-18 17:17:11.140238,1135,342
18116,2025-01-18 17:17:11.140238,1135,492
18117,2025-01-18 17:17:11.140238,1135,545
18118,2025-01-18 17:17:11.140238,1135,246
18119,2025-01-18 17:17:11.140238,1135,266
18120,2025-01-18 17:17:11.140238,1135,301
18121,2025-01-18 17:17:11.140238,1135,450
18122,2025-01-18 17:17:11.140238,1135,577
18123,2025-01-18 17:17:11.140238,1135,199
18124,2025-01-18 17:17:11.140238,1135,205
18125,2025-01-18 17:17:11.140238,1136,645
18126,2025-01-18 17:17:11.140238,1136,230
18127,2025-01-18 17:17:11.140238,1136,637
18128,2025-01-18 17:17:11.140238,1136,264
18129,2025-01-18 17:17:11.140238,1136,665
18130,2025-01-18 17:17:11.140238,1136,391
18131,2025-01-18 17:17:11.140238,1136,328
18132,2025-01-18 17:17:11.140238,1136,576
18133,2025-01-18 17:17:11.140238,1136,586
18134,2025-01-18 17:17:11.140238,1136,469
18135,2025-01-18 17:17:11.140238,1137,640
18136,2025-01-18 17:17:11.140238,1137,390
18137,2025-01-18 17:17:11.140238,1137,476
18138,2025-01-18 17:17:11.140238,1137,227
18139,2025-01-18 17:17:11.140238,1137,568
18140,2025-01-18 17:17:11.140238,1137,560
18141,2025-01-18 17:17:11.140238,1137,511
18142,2025-01-18 17:17:11.140238,1137,570
18143,2025-01-18 17:17:11.140238,1137,341
18144,2025-01-18 17:17:11.140238,1137,613
18145,2025-01-18 17:17:11.140238,1137,522
18146,2025-01-18 17:17:11.140238,1137,254
18147,2025-01-18 17:17:11.140238,1137,216
18148,2025-01-18 17:17:11.140238,1137,367
18149,2025-01-18 17:17:11.140238,1137,393
18150,2025-01-18 17:17:11.140238,1137,272
18151,2025-01-18 17:17:11.140238,1137,344
18152,2025-01-18 17:17:11.140238,1137,603
18153,2025-01-18 17:17:11.140238,1137,218
18154,2025-01-18 17:17:11.140238,1137,351
18155,2025-01-18 17:17:11.140238,1138,660
18156,2025-01-18 17:17:11.140238,1138,503
18157,2025-01-18 17:17:11.140238,1138,448
18158,2025-01-18 17:17:11.140238,1138,463
18159,2025-01-18 17:17:11.140238,1138,457
18160,2025-01-18 17:17:11.140238,1138,525
18161,2025-01-18 17:17:11.140238,1138,213
18162,2025-01-18 17:17:11.140238,1138,585
18163,2025-01-18 17:17:11.140238,1138,639
18164,2025-01-18 17:17:11.140238,1138,344
18165,2025-01-18 17:17:11.140238,1138,437
18166,2025-01-18 17:17:11.140238,1138,453
18167,2025-01-18 17:17:11.140238,1138,317
18168,2025-01-18 17:17:11.140238,1138,569
18169,2025-01-18 17:17:11.140238,1139,413
18170,2025-01-18 17:17:11.140238,1139,370
18171,2025-01-18 17:17:11.140238,1139,540
18172,2025-01-18 17:17:11.141235,1139,354
18173,2025-01-18 17:17:11.141235,1139,491
18174,2025-01-18 17:17:11.141235,1139,352
18175,2025-01-18 17:17:11.141235,1139,246
18176,2025-01-18 17:17:11.141235,1139,630
18177,2025-01-18 17:17:11.141235,1139,399
18178,2025-01-18 17:17:11.141235,1139,648
18179,2025-01-18 17:17:11.141235,1139,313
18180,2025-01-18 17:17:11.141235,1139,575
18181,2025-01-18 17:17:11.141235,1140,295
18182,2025-01-18 17:17:11.141235,1140,626
18183,2025-01-18 17:17:11.141235,1140,205
18184,2025-01-18 17:17:11.141235,1140,527
18185,2025-01-18 17:17:11.141235,1140,311
18186,2025-01-18 17:17:11.141235,1140,552
18187,2025-01-18 17:17:11.141235,1140,210
18188,2025-01-18 17:17:11.141235,1140,570
18189,2025-01-18 17:17:11.141235,1140,501
18190,2025-01-18 17:17:11.141235,1140,412
18191,2025-01-18 17:17:11.141235,1140,226
18192,2025-01-18 17:17:11.141235,1140,346
18193,2025-01-18 17:17:11.141235,1140,279
18194,2025-01-18 17:17:11.141235,1140,319
18195,2025-01-18 17:17:11.141235,1140,361
18196,2025-01-18 17:17:11.141235,1140,314
18197,2025-01-18 17:17:11.141235,1140,351
18198,2025-01-18 17:17:11.141235,1140,333
18199,2025-01-18 17:17:11.141235,1140,322
18200,2025-01-18 17:17:11.141235,1141,634
18201,2025-01-18 17:17:11.141235,1141,623
18202,2025-01-18 17:17:11.141235,1141,666
18203,2025-01-18 17:17:11.141235,1141,337
18204,2025-01-18 17:17:11.141235,1141,199
18205,2025-01-18 17:17:11.141235,1141,294
18206,2025-01-18 17:17:11.141235,1141,616
18207,2025-01-18 17:17:11.141235,1141,375
18208,2025-01-18 17:17:11.141235,1141,532
18209,2025-01-18 17:17:11.141235,1141,667
18210,2025-01-18 17:17:11.141235,1141,469
18211,2025-01-18 17:17:11.141235,1141,371
18212,2025-01-18 17:17:11.141235,1141,243
18213,2025-01-18 17:17:11.141235,1141,441
18214,2025-01-18 17:17:11.141235,1141,613
18215,2025-01-18 17:17:11.141235,1141,459
18216,2025-01-18 17:17:11.141235,1141,657
18217,2025-01-18 17:17:11.141235,1142,479
18218,2025-01-18 17:17:11.141235,1142,406
18219,2025-01-18 17:17:11.141235,1142,573
18220,2025-01-18 17:17:11.141235,1142,220
18221,2025-01-18 17:17:11.141235,1142,490
18222,2025-01-18 17:17:11.141235,1142,257
18223,2025-01-18 17:17:11.141235,1142,576
18224,2025-01-18 17:17:11.141235,1142,376
18225,2025-01-18 17:17:11.141235,1142,465
18226,2025-01-18 17:17:11.146222,1142,498
18227,2025-01-18 17:17:11.146222,1142,647
18228,2025-01-18 17:17:11.146222,1143,526
18229,2025-01-18 17:17:11.146222,1143,267
18230,2025-01-18 17:17:11.146222,1143,257
18231,2025-01-18 17:17:11.146222,1143,618
18232,2025-01-18 17:17:11.146222,1143,229
18233,2025-01-18 17:17:11.146222,1143,501
18234,2025-01-18 17:17:11.146222,1143,367
18235,2025-01-18 17:17:11.146222,1143,249
18236,2025-01-18 17:17:11.146222,1143,472
18237,2025-01-18 17:17:11.146222,1143,264
18238,2025-01-18 17:17:11.146222,1143,364
18239,2025-01-18 17:17:11.146222,1143,271
18240,2025-01-18 17:17:11.146222,1143,407
18241,2025-01-18 17:17:11.146222,1144,579
18242,2025-01-18 17:17:11.146222,1144,430
18243,2025-01-18 17:17:11.146222,1144,294
18244,2025-01-18 17:17:11.146222,1144,523
18245,2025-01-18 17:17:11.146222,1144,426
18246,2025-01-18 17:17:11.146222,1144,213
18247,2025-01-18 17:17:11.146222,1144,222
18248,2025-01-18 17:17:11.146222,1144,500
18249,2025-01-18 17:17:11.146222,1144,249
18250,2025-01-18 17:17:11.146222,1144,582
18251,2025-01-18 17:17:11.146222,1144,381
18252,2025-01-18 17:17:11.146222,1144,331
18253,2025-01-18 17:17:11.146222,1144,243
18254,2025-01-18 17:17:11.146222,1145,256
18255,2025-01-18 17:17:11.146222,1145,428
18256,2025-01-18 17:17:11.146222,1145,472
18257,2025-01-18 17:17:11.146222,1145,565
18258,2025-01-18 17:17:11.147219,1145,541
18259,2025-01-18 17:17:11.147219,1145,262
18260,2025-01-18 17:17:11.147219,1145,451
18261,2025-01-18 17:17:11.147219,1145,335
18262,2025-01-18 17:17:11.147219,1145,593
18263,2025-01-18 17:17:11.147219,1145,236
18264,2025-01-18 17:17:11.147219,1145,470
18265,2025-01-18 17:17:11.147219,1145,291
18266,2025-01-18 17:17:11.147219,1146,216
18267,2025-01-18 17:17:11.147219,1146,606
18268,2025-01-18 17:17:11.147219,1146,388
18269,2025-01-18 17:17:11.147219,1146,265
18270,2025-01-18 17:17:11.147219,1146,559
18271,2025-01-18 17:17:11.147219,1146,385
18272,2025-01-18 17:17:11.147219,1146,454
18273,2025-01-18 17:17:11.147219,1146,392
18274,2025-01-18 17:17:11.147219,1146,467
18275,2025-01-18 17:17:11.147219,1146,512
18276,2025-01-18 17:17:11.147219,1146,520
18277,2025-01-18 17:17:11.147219,1146,577
18278,2025-01-18 17:17:11.147219,1146,511
18279,2025-01-18 17:17:11.147219,1147,395
18280,2025-01-18 17:17:11.147219,1147,626
18281,2025-01-18 17:17:11.147219,1147,596
18282,2025-01-18 17:17:11.147219,1147,500
18283,2025-01-18 17:17:11.147219,1147,418
18284,2025-01-18 17:17:11.147219,1147,481
18285,2025-01-18 17:17:11.147219,1147,243
18286,2025-01-18 17:17:11.147219,1147,295
18287,2025-01-18 17:17:11.147219,1147,265
18288,2025-01-18 17:17:11.147219,1147,198
18289,2025-01-18 17:17:11.147219,1147,310
18290,2025-01-18 17:17:11.147219,1148,238
18291,2025-01-18 17:17:11.147219,1148,497
18292,2025-01-18 17:17:11.147219,1148,603
18293,2025-01-18 17:17:11.147219,1148,499
18294,2025-01-18 17:17:11.147219,1148,641
18295,2025-01-18 17:17:11.147219,1148,353
18296,2025-01-18 17:17:11.147219,1148,379
18297,2025-01-18 17:17:11.147219,1148,333
18298,2025-01-18 17:17:11.147219,1148,598
18299,2025-01-18 17:17:11.147219,1148,293
18300,2025-01-18 17:17:11.147219,1149,406
18301,2025-01-18 17:17:11.147219,1149,291
18302,2025-01-18 17:17:11.147219,1149,342
18303,2025-01-18 17:17:11.147219,1149,428
18304,2025-01-18 17:17:11.147219,1149,553
18305,2025-01-18 17:17:11.147219,1149,204
18306,2025-01-18 17:17:11.147219,1149,420
18307,2025-01-18 17:17:11.147219,1149,564
18308,2025-01-18 17:17:11.147219,1149,266
18309,2025-01-18 17:17:11.147219,1149,601
18310,2025-01-18 17:17:11.147219,1149,217
18311,2025-01-18 17:17:11.147219,1149,665
18312,2025-01-18 17:17:11.147219,1149,288
18313,2025-01-18 17:17:11.147219,1149,545
18314,2025-01-18 17:17:11.147219,1149,245
18315,2025-01-18 17:17:11.147219,1149,454
18316,2025-01-18 17:17:11.147219,1149,333
18317,2025-01-18 17:17:11.147219,1150,470
18318,2025-01-18 17:17:11.147219,1150,233
18319,2025-01-18 17:17:11.147219,1150,483
18320,2025-01-18 17:17:11.147219,1150,425
18321,2025-01-18 17:17:11.147219,1150,460
18322,2025-01-18 17:17:11.147219,1150,356
18323,2025-01-18 17:17:11.147219,1150,624
18324,2025-01-18 17:17:11.147219,1150,627
18325,2025-01-18 17:17:11.147219,1150,289
18326,2025-01-18 17:17:11.147219,1150,500
18327,2025-01-18 17:17:11.147219,1150,563
18328,2025-01-18 17:17:11.147219,1150,375
18329,2025-01-18 17:17:11.147219,1150,468
18330,2025-01-18 17:17:11.147219,1150,467
18331,2025-01-18 17:17:11.147219,1150,641
18332,2025-01-18 17:17:11.147219,1151,244
18333,2025-01-18 17:17:11.147219,1151,194
18334,2025-01-18 17:17:11.147219,1151,473
18335,2025-01-18 17:17:11.147219,1151,287
18336,2025-01-18 17:17:11.147219,1151,566
18337,2025-01-18 17:17:11.147219,1151,485
18338,2025-01-18 17:17:11.147219,1151,266
18339,2025-01-18 17:17:11.147219,1151,517
18340,2025-01-18 17:17:11.147219,1151,247
18341,2025-01-18 17:17:11.147219,1151,410
18342,2025-01-18 17:17:11.147219,1151,646
18343,2025-01-18 17:17:11.147219,1151,204
18344,2025-01-18 17:17:11.147219,1152,566
18345,2025-01-18 17:17:11.147219,1152,606
18346,2025-01-18 17:17:11.147219,1152,580
18347,2025-01-18 17:17:11.147219,1152,210
18348,2025-01-18 17:17:11.147219,1152,623
18349,2025-01-18 17:17:11.147219,1152,406
18350,2025-01-18 17:17:11.147219,1152,243
18351,2025-01-18 17:17:11.147219,1152,309
18352,2025-01-18 17:17:11.147219,1152,618
18353,2025-01-18 17:17:11.147219,1152,464
18354,2025-01-18 17:17:11.147219,1152,244
18355,2025-01-18 17:17:11.147219,1152,665
18356,2025-01-18 17:17:11.147219,1152,491
18357,2025-01-18 17:17:11.148216,1152,281
18358,2025-01-18 17:17:11.148216,1153,426
18359,2025-01-18 17:17:11.148216,1153,218
18360,2025-01-18 17:17:11.148216,1153,525
18361,2025-01-18 17:17:11.148216,1153,578
18362,2025-01-18 17:17:11.148216,1153,447
18363,2025-01-18 17:17:11.148216,1153,455
18364,2025-01-18 17:17:11.148216,1153,274
18365,2025-01-18 17:17:11.148216,1153,632
18366,2025-01-18 17:17:11.148216,1153,306
18367,2025-01-18 17:17:11.148216,1153,355
18368,2025-01-18 17:17:11.148216,1153,603
18369,2025-01-18 17:17:11.148216,1153,371
18370,2025-01-18 17:17:11.148216,1153,343
18371,2025-01-18 17:17:11.148216,1153,598
18372,2025-01-18 17:17:11.148216,1153,251
18373,2025-01-18 17:17:11.148216,1153,354
18374,2025-01-18 17:17:11.148216,1153,604
18375,2025-01-18 17:17:11.148216,1153,437
18376,2025-01-18 17:17:11.148216,1154,291
18377,2025-01-18 17:17:11.148216,1154,258
18378,2025-01-18 17:17:11.148216,1154,260
18379,2025-01-18 17:17:11.148216,1154,554
18380,2025-01-18 17:17:11.148216,1154,536
18381,2025-01-18 17:17:11.148216,1154,631
18382,2025-01-18 17:17:11.148216,1154,199
18383,2025-01-18 17:17:11.148216,1154,457
18384,2025-01-18 17:17:11.148216,1154,323
18385,2025-01-18 17:17:11.148216,1154,200
18386,2025-01-18 17:17:11.148216,1154,459
18387,2025-01-18 17:17:11.148216,1154,563
18388,2025-01-18 17:17:11.148216,1154,471
18389,2025-01-18 17:17:11.148216,1154,358
18390,2025-01-18 17:17:11.148216,1154,588
18391,2025-01-18 17:17:11.148216,1154,626
18392,2025-01-18 17:17:11.148216,1154,604
18393,2025-01-18 17:17:11.148216,1155,553
18394,2025-01-18 17:17:11.148216,1155,608
18395,2025-01-18 17:17:11.148216,1155,549
18396,2025-01-18 17:17:11.148216,1155,550
18397,2025-01-18 17:17:11.148216,1155,258
18398,2025-01-18 17:17:11.148216,1155,261
18399,2025-01-18 17:17:11.148216,1155,393
18400,2025-01-18 17:17:11.148216,1155,447
18401,2025-01-18 17:17:11.148216,1155,658
18402,2025-01-18 17:17:11.148216,1155,375
18403,2025-01-18 17:17:11.148216,1155,383
18404,2025-01-18 17:17:11.148216,1155,610
18405,2025-01-18 17:17:11.148216,1156,318
18406,2025-01-18 17:17:11.148216,1156,277
18407,2025-01-18 17:17:11.148216,1156,273
18408,2025-01-18 17:17:11.148216,1156,387
18409,2025-01-18 17:17:11.148216,1156,336
18410,2025-01-18 17:17:11.148216,1156,535
18411,2025-01-18 17:17:11.148216,1156,594
18412,2025-01-18 17:17:11.148216,1156,538
18413,2025-01-18 17:17:11.148216,1156,199
18414,2025-01-18 17:17:11.148216,1156,417
18415,2025-01-18 17:17:11.148216,1156,638
18416,2025-01-18 17:17:11.148216,1156,364
18417,2025-01-18 17:17:11.148216,1156,341
18418,2025-01-18 17:17:11.148216,1156,501
18419,2025-01-18 17:17:11.148216,1156,420
18420,2025-01-18 17:17:11.148216,1156,432
18421,2025-01-18 17:17:11.148216,1156,455
18422,2025-01-18 17:17:11.148216,1156,201
18423,2025-01-18 17:17:11.148216,1156,660
18424,2025-01-18 17:17:11.148216,1156,453
18425,2025-01-18 17:17:11.148216,1157,242
18426,2025-01-18 17:17:11.148216,1157,461
18427,2025-01-18 17:17:11.148216,1157,331
18428,2025-01-18 17:17:11.148216,1157,585
18429,2025-01-18 17:17:11.148216,1157,393
18430,2025-01-18 17:17:11.148216,1157,320
18431,2025-01-18 17:17:11.148216,1157,236
18432,2025-01-18 17:17:11.148216,1157,576
18433,2025-01-18 17:17:11.148216,1157,265
18434,2025-01-18 17:17:11.148216,1157,211
18435,2025-01-18 17:17:11.148216,1157,328
18436,2025-01-18 17:17:11.148216,1157,269
18437,2025-01-18 17:17:11.148216,1157,199
18438,2025-01-18 17:17:11.148216,1157,500
18439,2025-01-18 17:17:11.148216,1157,488
18440,2025-01-18 17:17:11.148216,1157,343
18441,2025-01-18 17:17:11.148216,1157,596
18442,2025-01-18 17:17:11.148216,1157,640
18443,2025-01-18 17:17:11.148216,1157,496
18444,2025-01-18 17:17:11.148216,1158,346
18445,2025-01-18 17:17:11.148216,1158,655
18446,2025-01-18 17:17:11.148216,1158,242
18447,2025-01-18 17:17:11.148216,1158,401
18448,2025-01-18 17:17:11.148216,1158,201
18449,2025-01-18 17:17:11.148216,1158,460
18450,2025-01-18 17:17:11.148216,1158,232
18451,2025-01-18 17:17:11.148216,1158,546
18452,2025-01-18 17:17:11.148216,1158,643
18453,2025-01-18 17:17:11.148216,1158,449
18454,2025-01-18 17:17:11.148216,1158,606
18455,2025-01-18 17:17:11.149214,1158,467
18456,2025-01-18 17:17:11.149214,1158,365
18457,2025-01-18 17:17:11.149214,1158,268
18458,2025-01-18 17:17:11.149214,1158,408
18459,2025-01-18 17:17:11.149214,1158,538
18460,2025-01-18 17:17:11.149214,1158,497
18461,2025-01-18 17:17:11.149214,1159,278
18462,2025-01-18 17:17:11.149214,1159,205
18463,2025-01-18 17:17:11.149214,1159,410
18464,2025-01-18 17:17:11.149214,1159,463
18465,2025-01-18 17:17:11.149214,1159,586
18466,2025-01-18 17:17:11.149214,1159,535
18467,2025-01-18 17:17:11.149214,1159,296
18468,2025-01-18 17:17:11.149214,1159,532
18469,2025-01-18 17:17:11.149214,1159,331
18470,2025-01-18 17:17:11.149214,1159,216
18471,2025-01-18 17:17:11.149214,1159,303
18472,2025-01-18 17:17:11.149214,1159,307
18473,2025-01-18 17:17:11.149214,1159,383
18474,2025-01-18 17:17:11.149214,1160,490
18475,2025-01-18 17:17:11.149214,1160,272
18476,2025-01-18 17:17:11.149214,1160,481
18477,2025-01-18 17:17:11.149214,1160,647
18478,2025-01-18 17:17:11.149214,1160,290
18479,2025-01-18 17:17:11.149214,1160,451
18480,2025-01-18 17:17:11.149214,1160,266
18481,2025-01-18 17:17:11.149214,1160,464
18482,2025-01-18 17:17:11.149214,1160,498
18483,2025-01-18 17:17:11.149214,1160,214
18484,2025-01-18 17:17:11.149214,1161,640
18485,2025-01-18 17:17:11.149214,1161,454
18486,2025-01-18 17:17:11.149214,1161,645
18487,2025-01-18 17:17:11.149214,1161,524
18488,2025-01-18 17:17:11.149214,1161,575
18489,2025-01-18 17:17:11.149214,1161,281
18490,2025-01-18 17:17:11.149214,1161,550
18491,2025-01-18 17:17:11.149214,1161,332
18492,2025-01-18 17:17:11.149214,1161,444
18493,2025-01-18 17:17:11.149214,1161,296
18494,2025-01-18 17:17:11.149214,1161,243
18495,2025-01-18 17:17:11.149214,1162,244
18496,2025-01-18 17:17:11.149214,1162,615
18497,2025-01-18 17:17:11.149214,1162,397
18498,2025-01-18 17:17:11.149214,1162,419
18499,2025-01-18 17:17:11.149214,1162,404
18500,2025-01-18 17:17:11.149214,1162,367
18501,2025-01-18 17:17:11.149214,1162,625
18502,2025-01-18 17:17:11.149214,1162,232
18503,2025-01-18 17:17:11.149214,1162,212
18504,2025-01-18 17:17:11.149214,1162,638
18505,2025-01-18 17:17:11.149214,1162,591
18506,2025-01-18 17:17:11.149214,1162,458
18507,2025-01-18 17:17:11.149214,1162,511
18508,2025-01-18 17:17:11.149214,1162,321
18509,2025-01-18 17:17:11.149214,1162,472
18510,2025-01-18 17:17:11.149214,1162,531
18511,2025-01-18 17:17:11.149214,1162,557
18512,2025-01-18 17:17:11.149214,1162,624
18513,2025-01-18 17:17:11.149214,1162,272
18514,2025-01-18 17:17:11.149214,1162,594
18515,2025-01-18 17:17:11.149214,1163,578
18516,2025-01-18 17:17:11.149214,1163,429
18517,2025-01-18 17:17:11.149214,1163,464
18518,2025-01-18 17:17:11.149214,1163,485
18519,2025-01-18 17:17:11.149214,1163,588
18520,2025-01-18 17:17:11.149214,1163,601
18521,2025-01-18 17:17:11.149214,1163,575
18522,2025-01-18 17:17:11.149214,1163,229
18523,2025-01-18 17:17:11.149214,1163,230
18524,2025-01-18 17:17:11.149214,1163,246
18525,2025-01-18 17:17:11.149214,1163,376
18526,2025-01-18 17:17:11.149214,1163,371
18527,2025-01-18 17:17:11.149214,1163,653
18528,2025-01-18 17:17:11.149214,1163,604
18529,2025-01-18 17:17:11.149214,1163,663
18530,2025-01-18 17:17:11.149214,1163,649
18531,2025-01-18 17:17:11.149214,1163,581
18532,2025-01-18 17:17:11.149214,1163,404
18533,2025-01-18 17:17:11.149214,1164,511
18534,2025-01-18 17:17:11.149214,1164,628
18535,2025-01-18 17:17:11.149214,1164,527
18536,2025-01-18 17:17:11.149214,1164,292
18537,2025-01-18 17:17:11.149214,1164,271
18538,2025-01-18 17:17:11.149214,1164,339
18539,2025-01-18 17:17:11.149214,1164,393
18540,2025-01-18 17:17:11.149214,1164,311
18541,2025-01-18 17:17:11.149214,1164,607
18542,2025-01-18 17:17:11.149214,1164,665
18543,2025-01-18 17:17:11.149214,1164,434
18544,2025-01-18 17:17:11.149214,1164,616
18545,2025-01-18 17:17:11.149214,1164,498
18546,2025-01-18 17:17:11.149214,1165,503
18547,2025-01-18 17:17:11.149214,1165,537
18548,2025-01-18 17:17:11.149214,1165,480
18549,2025-01-18 17:17:11.149214,1165,508
18550,2025-01-18 17:17:11.149214,1165,244
18551,2025-01-18 17:17:11.149214,1165,271
18552,2025-01-18 17:17:11.149214,1165,558
18553,2025-01-18 17:17:11.150211,1165,306
18554,2025-01-18 17:17:11.150211,1165,315
18555,2025-01-18 17:17:11.150211,1165,251
18556,2025-01-18 17:17:11.150211,1165,509
18557,2025-01-18 17:17:11.150211,1165,457
18558,2025-01-18 17:17:11.150211,1165,289
18559,2025-01-18 17:17:11.155198,1165,594
18560,2025-01-18 17:17:11.155198,1165,301
18561,2025-01-18 17:17:11.155198,1165,319
18562,2025-01-18 17:17:11.155198,1165,490
18563,2025-01-18 17:17:11.155198,1165,258
18564,2025-01-18 17:17:11.155198,1165,531
18565,2025-01-18 17:17:11.155198,1166,223
18566,2025-01-18 17:17:11.155198,1166,387
18567,2025-01-18 17:17:11.155198,1166,446
18568,2025-01-18 17:17:11.155198,1166,450
18569,2025-01-18 17:17:11.155198,1166,197
18570,2025-01-18 17:17:11.155198,1166,285
18571,2025-01-18 17:17:11.155198,1166,427
18572,2025-01-18 17:17:11.155198,1166,628
18573,2025-01-18 17:17:11.155198,1166,583
18574,2025-01-18 17:17:11.155198,1166,199
18575,2025-01-18 17:17:11.155198,1166,428
18576,2025-01-18 17:17:11.155198,1167,356
18577,2025-01-18 17:17:11.155198,1167,603
18578,2025-01-18 17:17:11.155198,1167,596
18579,2025-01-18 17:17:11.156195,1167,280
18580,2025-01-18 17:17:11.156195,1167,352
18581,2025-01-18 17:17:11.156195,1167,341
18582,2025-01-18 17:17:11.156195,1167,422
18583,2025-01-18 17:17:11.156195,1167,540
18584,2025-01-18 17:17:11.156195,1167,328
18585,2025-01-18 17:17:11.156195,1167,635
18586,2025-01-18 17:17:11.156195,1167,396
18587,2025-01-18 17:17:11.156195,1167,496
18588,2025-01-18 17:17:11.156195,1167,226
18589,2025-01-18 17:17:11.156195,1167,421
18590,2025-01-18 17:17:11.156195,1168,197
18591,2025-01-18 17:17:11.156195,1168,236
18592,2025-01-18 17:17:11.156195,1168,249
18593,2025-01-18 17:17:11.156195,1168,477
18594,2025-01-18 17:17:11.156195,1168,452
18595,2025-01-18 17:17:11.156195,1168,629
18596,2025-01-18 17:17:11.156195,1168,297
18597,2025-01-18 17:17:11.156195,1168,402
18598,2025-01-18 17:17:11.156195,1168,614
18599,2025-01-18 17:17:11.156195,1168,290
18600,2025-01-18 17:17:11.156195,1169,535
18601,2025-01-18 17:17:11.156195,1169,509
18602,2025-01-18 17:17:11.156195,1169,293
18603,2025-01-18 17:17:11.156195,1169,416
18604,2025-01-18 17:17:11.156195,1169,495
18605,2025-01-18 17:17:11.156195,1169,396
18606,2025-01-18 17:17:11.156195,1169,256
18607,2025-01-18 17:17:11.156195,1169,343
18608,2025-01-18 17:17:11.156195,1169,358
18609,2025-01-18 17:17:11.156195,1169,321
18610,2025-01-18 17:17:11.156195,1169,488
18611,2025-01-18 17:17:11.156195,1169,403
18612,2025-01-18 17:17:11.156195,1169,350
18613,2025-01-18 17:17:11.156195,1169,428
18614,2025-01-18 17:17:11.156195,1170,602
18615,2025-01-18 17:17:11.156195,1170,207
18616,2025-01-18 17:17:11.156195,1170,539
18617,2025-01-18 17:17:11.156195,1170,278
18618,2025-01-18 17:17:11.156195,1170,567
18619,2025-01-18 17:17:11.156195,1170,511
18620,2025-01-18 17:17:11.156195,1170,265
18621,2025-01-18 17:17:11.156195,1170,196
18622,2025-01-18 17:17:11.156195,1170,468
18623,2025-01-18 17:17:11.156195,1170,386
18624,2025-01-18 17:17:11.156195,1170,240
18625,2025-01-18 17:17:11.156195,1170,607
18626,2025-01-18 17:17:11.156195,1170,505
18627,2025-01-18 17:17:11.156195,1170,523
18628,2025-01-18 17:17:11.156195,1171,405
18629,2025-01-18 17:17:11.156195,1171,575
18630,2025-01-18 17:17:11.156195,1171,642
18631,2025-01-18 17:17:11.156195,1171,354
18632,2025-01-18 17:17:11.156195,1171,392
18633,2025-01-18 17:17:11.156195,1171,230
18634,2025-01-18 17:17:11.156195,1171,206
18635,2025-01-18 17:17:11.156195,1171,561
18636,2025-01-18 17:17:11.156195,1171,587
18637,2025-01-18 17:17:11.156195,1171,546
18638,2025-01-18 17:17:11.156195,1171,404
18639,2025-01-18 17:17:11.156195,1171,269
18640,2025-01-18 17:17:11.156195,1171,606
18641,2025-01-18 17:17:11.156195,1171,444
18642,2025-01-18 17:17:11.156195,1171,422
18643,2025-01-18 17:17:11.156195,1171,232
18644,2025-01-18 17:17:11.156195,1171,303
18645,2025-01-18 17:17:11.156195,1172,365
18646,2025-01-18 17:17:11.156195,1172,339
18647,2025-01-18 17:17:11.156195,1172,345
18648,2025-01-18 17:17:11.156195,1172,485
18649,2025-01-18 17:17:11.156195,1172,503
18650,2025-01-18 17:17:11.156195,1172,352
18651,2025-01-18 17:17:11.156195,1172,547
18652,2025-01-18 17:17:11.156195,1172,519
18653,2025-01-18 17:17:11.156195,1172,293
18654,2025-01-18 17:17:11.156195,1172,244
18655,2025-01-18 17:17:11.156195,1172,550
18656,2025-01-18 17:17:11.156195,1172,257
18657,2025-01-18 17:17:11.156195,1172,624
18658,2025-01-18 17:17:11.156195,1172,636
18659,2025-01-18 17:17:11.156195,1172,616
18660,2025-01-18 17:17:11.156195,1172,354
18661,2025-01-18 17:17:11.156195,1173,398
18662,2025-01-18 17:17:11.156195,1173,472
18663,2025-01-18 17:17:11.156195,1173,219
18664,2025-01-18 17:17:11.156195,1173,485
18665,2025-01-18 17:17:11.156195,1173,419
18666,2025-01-18 17:17:11.156195,1173,562
18667,2025-01-18 17:17:11.156195,1173,629
18668,2025-01-18 17:17:11.156195,1173,318
18669,2025-01-18 17:17:11.156195,1173,371
18670,2025-01-18 17:17:11.156195,1173,244
18671,2025-01-18 17:17:11.156195,1173,654
18672,2025-01-18 17:17:11.156195,1173,310
18673,2025-01-18 17:17:11.156195,1173,384
18674,2025-01-18 17:17:11.156195,1173,625
18675,2025-01-18 17:17:11.156195,1173,650
18676,2025-01-18 17:17:11.157192,1173,232
18677,2025-01-18 17:17:11.157192,1173,406
18678,2025-01-18 17:17:11.157192,1173,576
18679,2025-01-18 17:17:11.157192,1173,469
18680,2025-01-18 17:17:11.157192,1173,329
18681,2025-01-18 17:17:11.157192,1174,194
18682,2025-01-18 17:17:11.157192,1174,556
18683,2025-01-18 17:17:11.157192,1174,294
18684,2025-01-18 17:17:11.157192,1174,311
18685,2025-01-18 17:17:11.157192,1174,609
18686,2025-01-18 17:17:11.157192,1174,431
18687,2025-01-18 17:17:11.157192,1174,252
18688,2025-01-18 17:17:11.157192,1174,547
18689,2025-01-18 17:17:11.157192,1174,202
18690,2025-01-18 17:17:11.157192,1174,586
18691,2025-01-18 17:17:11.157192,1174,584
18692,2025-01-18 17:17:11.157192,1174,344
18693,2025-01-18 17:17:11.157192,1174,614
18694,2025-01-18 17:17:11.157192,1175,654
18695,2025-01-18 17:17:11.157192,1175,288
18696,2025-01-18 17:17:11.157192,1175,597
18697,2025-01-18 17:17:11.157192,1175,412
18698,2025-01-18 17:17:11.157192,1175,464
18699,2025-01-18 17:17:11.157192,1175,535
18700,2025-01-18 17:17:11.157192,1175,237
18701,2025-01-18 17:17:11.157192,1175,296
18702,2025-01-18 17:17:11.157192,1175,436
18703,2025-01-18 17:17:11.157192,1175,608
18704,2025-01-18 17:17:11.157192,1175,466
18705,2025-01-18 17:17:11.157192,1175,492
18706,2025-01-18 17:17:11.157192,1175,584
18707,2025-01-18 17:17:11.157192,1175,546
18708,2025-01-18 17:17:11.157192,1175,334
18709,2025-01-18 17:17:11.157192,1175,201
18710,2025-01-18 17:17:11.157192,1175,525
18711,2025-01-18 17:17:11.157192,1175,214
18712,2025-01-18 17:17:11.157192,1175,541
18713,2025-01-18 17:17:11.157192,1175,639
18714,2025-01-18 17:17:11.157192,1176,337
18715,2025-01-18 17:17:11.157192,1176,434
18716,2025-01-18 17:17:11.157192,1176,626
18717,2025-01-18 17:17:11.157192,1176,516
18718,2025-01-18 17:17:11.157192,1176,538
18719,2025-01-18 17:17:11.157192,1176,222
18720,2025-01-18 17:17:11.157192,1176,379
18721,2025-01-18 17:17:11.157192,1176,604
18722,2025-01-18 17:17:11.157192,1176,243
18723,2025-01-18 17:17:11.157192,1176,578
18724,2025-01-18 17:17:11.157192,1176,329
18725,2025-01-18 17:17:11.157192,1176,391
18726,2025-01-18 17:17:11.157192,1176,467
18727,2025-01-18 17:17:11.157192,1176,290
18728,2025-01-18 17:17:11.157192,1176,545
18729,2025-01-18 17:17:11.157192,1176,429
18730,2025-01-18 17:17:11.157192,1176,252
18731,2025-01-18 17:17:11.157192,1176,402
18732,2025-01-18 17:17:11.157192,1177,293
18733,2025-01-18 17:17:11.157192,1177,296
18734,2025-01-18 17:17:11.157192,1177,267
18735,2025-01-18 17:17:11.157192,1177,297
18736,2025-01-18 17:17:11.157192,1177,268
18737,2025-01-18 17:17:11.157192,1177,241
18738,2025-01-18 17:17:11.157192,1177,576
18739,2025-01-18 17:17:11.157192,1177,641
18740,2025-01-18 17:17:11.157192,1177,646
18741,2025-01-18 17:17:11.157192,1177,269
18742,2025-01-18 17:17:11.157192,1177,292
18743,2025-01-18 17:17:11.157192,1177,524
18744,2025-01-18 17:17:11.157192,1177,569
18745,2025-01-18 17:17:11.157192,1177,409
18746,2025-01-18 17:17:11.157192,1178,480
18747,2025-01-18 17:17:11.157192,1178,298
18748,2025-01-18 17:17:11.157192,1178,229
18749,2025-01-18 17:17:11.157192,1178,519
18750,2025-01-18 17:17:11.157192,1178,293
18751,2025-01-18 17:17:11.157192,1178,532
18752,2025-01-18 17:17:11.157192,1178,247
18753,2025-01-18 17:17:11.157192,1178,652
18754,2025-01-18 17:17:11.157192,1178,333
18755,2025-01-18 17:17:11.157192,1178,511
18756,2025-01-18 17:17:11.157192,1178,211
18757,2025-01-18 17:17:11.157192,1178,577
18758,2025-01-18 17:17:11.157192,1179,615
18759,2025-01-18 17:17:11.157192,1179,456
18760,2025-01-18 17:17:11.157192,1179,566
18761,2025-01-18 17:17:11.157192,1179,285
18762,2025-01-18 17:17:11.157192,1179,373
18763,2025-01-18 17:17:11.157192,1179,368
18764,2025-01-18 17:17:11.157192,1179,429
18765,2025-01-18 17:17:11.157192,1179,520
18766,2025-01-18 17:17:11.157192,1179,470
18767,2025-01-18 17:17:11.157192,1179,311
18768,2025-01-18 17:17:11.157192,1179,235
18769,2025-01-18 17:17:11.157192,1180,342
18770,2025-01-18 17:17:11.157192,1180,327
18771,2025-01-18 17:17:11.157192,1180,254
18772,2025-01-18 17:17:11.158190,1180,278
18773,2025-01-18 17:17:11.158190,1180,539
18774,2025-01-18 17:17:11.158190,1180,612
18775,2025-01-18 17:17:11.158190,1180,481
18776,2025-01-18 17:17:11.158190,1180,600
18777,2025-01-18 17:17:11.158190,1180,564
18778,2025-01-18 17:17:11.158190,1180,491
18779,2025-01-18 17:17:11.158190,1180,492
18780,2025-01-18 17:17:11.158190,1180,647
18781,2025-01-18 17:17:11.158190,1181,505
18782,2025-01-18 17:17:11.158190,1181,547
18783,2025-01-18 17:17:11.158190,1181,477
18784,2025-01-18 17:17:11.158190,1181,636
18785,2025-01-18 17:17:11.158190,1181,600
18786,2025-01-18 17:17:11.158190,1181,637
18787,2025-01-18 17:17:11.158190,1181,434
18788,2025-01-18 17:17:11.158190,1181,550
18789,2025-01-18 17:17:11.158190,1181,446
18790,2025-01-18 17:17:11.158190,1181,513
18791,2025-01-18 17:17:11.158190,1181,647
18792,2025-01-18 17:17:11.158190,1181,288
18793,2025-01-18 17:17:11.158190,1181,270
18794,2025-01-18 17:17:11.158190,1181,374
18795,2025-01-18 17:17:11.158190,1181,643
18796,2025-01-18 17:17:11.158190,1181,500
18797,2025-01-18 17:17:11.158190,1182,667
18798,2025-01-18 17:17:11.158190,1182,536
18799,2025-01-18 17:17:11.158190,1182,468
18800,2025-01-18 17:17:11.158190,1182,295
18801,2025-01-18 17:17:11.158190,1182,277
18802,2025-01-18 17:17:11.158190,1182,309
18803,2025-01-18 17:17:11.158190,1182,298
18804,2025-01-18 17:17:11.158190,1182,467
18805,2025-01-18 17:17:11.158190,1182,596
18806,2025-01-18 17:17:11.158190,1182,474
18807,2025-01-18 17:17:11.158190,1182,231
18808,2025-01-18 17:17:11.158190,1182,390
18809,2025-01-18 17:17:11.158190,1182,248
18810,2025-01-18 17:17:11.158190,1182,660
18811,2025-01-18 17:17:11.158190,1182,483
18812,2025-01-18 17:17:11.158190,1182,563
18813,2025-01-18 17:17:11.158190,1182,311
18814,2025-01-18 17:17:11.158190,1182,500
18815,2025-01-18 17:17:11.158190,1182,440
18816,2025-01-18 17:17:11.158190,1182,381
18817,2025-01-18 17:17:11.158190,1183,303
18818,2025-01-18 17:17:11.158190,1183,619
18819,2025-01-18 17:17:11.158190,1183,316
18820,2025-01-18 17:17:11.158190,1183,349
18821,2025-01-18 17:17:11.158190,1183,357
18822,2025-01-18 17:17:11.158190,1183,479
18823,2025-01-18 17:17:11.158190,1183,270
18824,2025-01-18 17:17:11.158190,1183,506
18825,2025-01-18 17:17:11.158190,1183,513
18826,2025-01-18 17:17:11.158190,1183,278
18827,2025-01-18 17:17:11.158190,1183,256
18828,2025-01-18 17:17:11.158190,1183,635
18829,2025-01-18 17:17:11.158190,1183,365
18830,2025-01-18 17:17:11.158190,1183,498
18831,2025-01-18 17:17:11.158190,1183,318
18832,2025-01-18 17:17:11.158190,1183,403
18833,2025-01-18 17:17:11.158190,1183,455
18834,2025-01-18 17:17:11.158190,1184,210
18835,2025-01-18 17:17:11.158190,1184,386
18836,2025-01-18 17:17:11.158190,1184,606
18837,2025-01-18 17:17:11.158190,1184,251
18838,2025-01-18 17:17:11.158190,1184,528
18839,2025-01-18 17:17:11.158190,1184,269
18840,2025-01-18 17:17:11.158190,1184,637
18841,2025-01-18 17:17:11.158190,1184,407
18842,2025-01-18 17:17:11.158190,1184,301
18843,2025-01-18 17:17:11.158190,1184,657
18844,2025-01-18 17:17:11.158190,1184,228
18845,2025-01-18 17:17:11.158190,1184,359
18846,2025-01-18 17:17:11.158190,1184,539
18847,2025-01-18 17:17:11.158190,1184,638
18848,2025-01-18 17:17:11.158190,1184,348
18849,2025-01-18 17:17:11.158190,1184,554
18850,2025-01-18 17:17:11.158190,1184,221
18851,2025-01-18 17:17:11.158190,1184,519
18852,2025-01-18 17:17:11.158190,1185,440
18853,2025-01-18 17:17:11.158190,1185,634
18854,2025-01-18 17:17:11.158190,1185,288
18855,2025-01-18 17:17:11.158190,1185,555
18856,2025-01-18 17:17:11.158190,1185,297
18857,2025-01-18 17:17:11.158190,1185,488
18858,2025-01-18 17:17:11.158190,1185,449
18859,2025-01-18 17:17:11.158190,1185,337
18860,2025-01-18 17:17:11.158190,1185,308
18861,2025-01-18 17:17:11.159188,1185,537
18862,2025-01-18 17:17:11.159188,1185,506
18863,2025-01-18 17:17:11.159188,1185,596
18864,2025-01-18 17:17:11.159188,1185,665
18865,2025-01-18 17:17:11.159188,1185,471
18866,2025-01-18 17:17:11.159188,1185,518
18867,2025-01-18 17:17:11.159188,1186,318
18868,2025-01-18 17:17:11.159188,1186,488
18869,2025-01-18 17:17:11.159188,1186,369
18870,2025-01-18 17:17:11.159188,1186,408
18871,2025-01-18 17:17:11.159188,1186,643
18872,2025-01-18 17:17:11.159188,1186,365
18873,2025-01-18 17:17:11.159188,1186,233
18874,2025-01-18 17:17:11.159188,1186,404
18875,2025-01-18 17:17:11.159188,1186,360
18876,2025-01-18 17:17:11.159188,1186,354
18877,2025-01-18 17:17:11.159188,1187,405
18878,2025-01-18 17:17:11.159188,1187,525
18879,2025-01-18 17:17:11.159188,1187,385
18880,2025-01-18 17:17:11.159188,1187,314
18881,2025-01-18 17:17:11.159188,1187,577
18882,2025-01-18 17:17:11.159188,1187,474
18883,2025-01-18 17:17:11.159188,1187,534
18884,2025-01-18 17:17:11.159188,1187,388
18885,2025-01-18 17:17:11.159188,1187,236
18886,2025-01-18 17:17:11.159188,1187,567
18887,2025-01-18 17:17:11.159188,1187,523
18888,2025-01-18 17:17:11.159188,1187,613
18889,2025-01-18 17:17:11.159188,1187,219
18890,2025-01-18 17:17:11.159188,1187,304
18891,2025-01-18 17:17:11.159188,1187,418
18892,2025-01-18 17:17:11.164174,1187,358
18893,2025-01-18 17:17:11.164174,1187,357
18894,2025-01-18 17:17:11.164174,1188,275
18895,2025-01-18 17:17:11.164174,1188,332
18896,2025-01-18 17:17:11.164174,1188,251
18897,2025-01-18 17:17:11.164174,1188,633
18898,2025-01-18 17:17:11.164174,1188,226
18899,2025-01-18 17:17:11.164174,1188,639
18900,2025-01-18 17:17:11.164174,1188,529
18901,2025-01-18 17:17:11.164174,1188,660
18902,2025-01-18 17:17:11.164174,1188,387
18903,2025-01-18 17:17:11.164174,1188,620
18904,2025-01-18 17:17:11.164174,1188,321
18905,2025-01-18 17:17:11.164174,1188,565
18906,2025-01-18 17:17:11.164174,1188,440
18907,2025-01-18 17:17:11.164174,1188,312
18908,2025-01-18 17:17:11.164174,1188,537
18909,2025-01-18 17:17:11.164174,1188,448
18910,2025-01-18 17:17:11.164174,1188,607
18911,2025-01-18 17:17:11.164174,1188,608
18912,2025-01-18 17:17:11.164174,1189,488
18913,2025-01-18 17:17:11.164174,1189,311
18914,2025-01-18 17:17:11.164174,1189,551
18915,2025-01-18 17:17:11.164174,1189,362
18916,2025-01-18 17:17:11.164174,1189,232
18917,2025-01-18 17:17:11.164174,1189,462
18918,2025-01-18 17:17:11.164174,1189,475
18919,2025-01-18 17:17:11.164174,1189,538
18920,2025-01-18 17:17:11.164174,1189,345
18921,2025-01-18 17:17:11.164174,1189,550
18922,2025-01-18 17:17:11.164174,1189,510
18923,2025-01-18 17:17:11.164174,1189,336
18924,2025-01-18 17:17:11.164174,1189,575
18925,2025-01-18 17:17:11.164174,1189,260
18926,2025-01-18 17:17:11.164174,1189,473
18927,2025-01-18 17:17:11.164174,1189,353
18928,2025-01-18 17:17:11.164174,1189,204
18929,2025-01-18 17:17:11.164174,1190,385
18930,2025-01-18 17:17:11.164174,1190,437
18931,2025-01-18 17:17:11.164174,1190,289
18932,2025-01-18 17:17:11.164174,1190,198
18933,2025-01-18 17:17:11.164174,1190,658
18934,2025-01-18 17:17:11.164174,1190,453
18935,2025-01-18 17:17:11.164174,1190,471
18936,2025-01-18 17:17:11.164174,1190,396
18937,2025-01-18 17:17:11.164174,1190,351
18938,2025-01-18 17:17:11.164174,1190,283
18939,2025-01-18 17:17:11.164174,1190,616
18940,2025-01-18 17:17:11.164174,1190,194
18941,2025-01-18 17:17:11.164174,1190,558
18942,2025-01-18 17:17:11.164174,1190,261
18943,2025-01-18 17:17:11.164174,1190,615
18944,2025-01-18 17:17:11.164174,1190,427
18945,2025-01-18 17:17:11.164174,1190,215
18946,2025-01-18 17:17:11.164174,1191,415
18947,2025-01-18 17:17:11.164174,1191,580
18948,2025-01-18 17:17:11.164174,1191,484
18949,2025-01-18 17:17:11.164174,1191,591
18950,2025-01-18 17:17:11.164174,1191,246
18951,2025-01-18 17:17:11.164174,1191,316
18952,2025-01-18 17:17:11.164174,1191,529
18953,2025-01-18 17:17:11.164174,1191,281
18954,2025-01-18 17:17:11.164174,1191,306
18955,2025-01-18 17:17:11.164174,1191,367
18956,2025-01-18 17:17:11.164174,1191,260
18957,2025-01-18 17:17:11.164174,1191,595
18958,2025-01-18 17:17:11.164174,1191,239
18959,2025-01-18 17:17:11.164174,1191,258
18960,2025-01-18 17:17:11.165172,1191,263
18961,2025-01-18 17:17:11.165172,1191,438
18962,2025-01-18 17:17:11.165172,1191,390
18963,2025-01-18 17:17:11.165172,1191,290
18964,2025-01-18 17:17:11.165172,1191,379
18965,2025-01-18 17:17:11.165172,1191,424
18966,2025-01-18 17:17:11.165172,1192,523
18967,2025-01-18 17:17:11.165172,1192,294
18968,2025-01-18 17:17:11.165172,1192,611
18969,2025-01-18 17:17:11.165172,1192,462
18970,2025-01-18 17:17:11.165172,1192,613
18971,2025-01-18 17:17:11.165172,1192,272
18972,2025-01-18 17:17:11.165172,1192,214
18973,2025-01-18 17:17:11.165172,1192,631
18974,2025-01-18 17:17:11.165172,1192,479
18975,2025-01-18 17:17:11.165172,1192,461
18976,2025-01-18 17:17:11.165172,1193,316
18977,2025-01-18 17:17:11.165172,1193,310
18978,2025-01-18 17:17:11.165172,1193,617
18979,2025-01-18 17:17:11.165172,1193,644
18980,2025-01-18 17:17:11.165172,1193,451
18981,2025-01-18 17:17:11.165172,1193,453
18982,2025-01-18 17:17:11.165172,1193,219
18983,2025-01-18 17:17:11.165172,1193,319
18984,2025-01-18 17:17:11.165172,1193,454
18985,2025-01-18 17:17:11.165172,1193,234
18986,2025-01-18 17:17:11.165172,1193,514
18987,2025-01-18 17:17:11.165172,1193,643
18988,2025-01-18 17:17:11.165172,1193,599
18989,2025-01-18 17:17:11.165172,1193,311
18990,2025-01-18 17:17:11.165172,1193,433
18991,2025-01-18 17:17:11.165172,1193,556
18992,2025-01-18 17:17:11.165172,1193,563
18993,2025-01-18 17:17:11.165172,1194,539
18994,2025-01-18 17:17:11.165172,1194,551
18995,2025-01-18 17:17:11.165172,1194,257
18996,2025-01-18 17:17:11.165172,1194,349
18997,2025-01-18 17:17:11.165172,1194,581
18998,2025-01-18 17:17:11.165172,1194,238
18999,2025-01-18 17:17:11.165172,1194,413
19000,2025-01-18 17:17:11.165172,1194,223
19001,2025-01-18 17:17:11.165172,1194,521
19002,2025-01-18 17:17:11.165172,1194,510
19003,2025-01-18 17:17:11.165172,1194,626
19004,2025-01-18 17:17:11.165172,1194,248
19005,2025-01-18 17:17:11.165172,1194,575
19006,2025-01-18 17:17:11.165172,1194,649
19007,2025-01-18 17:17:11.165172,1194,609
19008,2025-01-18 17:17:11.165172,1195,484
19009,2025-01-18 17:17:11.165172,1195,433
19010,2025-01-18 17:17:11.165172,1195,641
19011,2025-01-18 17:17:11.165172,1195,517
19012,2025-01-18 17:17:11.165172,1195,341
19013,2025-01-18 17:17:11.165172,1195,318
19014,2025-01-18 17:17:11.165172,1195,546
19015,2025-01-18 17:17:11.165172,1195,264
19016,2025-01-18 17:17:11.165172,1195,513
19017,2025-01-18 17:17:11.165172,1195,525
19018,2025-01-18 17:17:11.165172,1195,556
19019,2025-01-18 17:17:11.165172,1195,242
19020,2025-01-18 17:17:11.165172,1195,224
19021,2025-01-18 17:17:11.165172,1195,306
19022,2025-01-18 17:17:11.165172,1195,651
19023,2025-01-18 17:17:11.165172,1195,461
19024,2025-01-18 17:17:11.165172,1195,664
19025,2025-01-18 17:17:11.165172,1196,259
19026,2025-01-18 17:17:11.165172,1196,427
19027,2025-01-18 17:17:11.165172,1196,459
19028,2025-01-18 17:17:11.165172,1196,431
19029,2025-01-18 17:17:11.165172,1196,311
19030,2025-01-18 17:17:11.165172,1196,448
19031,2025-01-18 17:17:11.165172,1196,415
19032,2025-01-18 17:17:11.165172,1196,227
19033,2025-01-18 17:17:11.165172,1196,214
19034,2025-01-18 17:17:11.165172,1196,573
19035,2025-01-18 17:17:11.165172,1196,659
19036,2025-01-18 17:17:11.165172,1197,416
19037,2025-01-18 17:17:11.165172,1197,213
19038,2025-01-18 17:17:11.165172,1197,271
19039,2025-01-18 17:17:11.165172,1197,518
19040,2025-01-18 17:17:11.165172,1197,219
19041,2025-01-18 17:17:11.165172,1197,251
19042,2025-01-18 17:17:11.165172,1197,660
19043,2025-01-18 17:17:11.165172,1197,440
19044,2025-01-18 17:17:11.165172,1197,439
19045,2025-01-18 17:17:11.165172,1197,436
19046,2025-01-18 17:17:11.165172,1197,515
19047,2025-01-18 17:17:11.165172,1197,422
19048,2025-01-18 17:17:11.165172,1198,652
19049,2025-01-18 17:17:11.165172,1198,229
19050,2025-01-18 17:17:11.165172,1198,545
19051,2025-01-18 17:17:11.165172,1198,334
19052,2025-01-18 17:17:11.165172,1198,440
19053,2025-01-18 17:17:11.165172,1198,629
19054,2025-01-18 17:17:11.165172,1198,472
19055,2025-01-18 17:17:11.165172,1198,497
19056,2025-01-18 17:17:11.165172,1198,295
19057,2025-01-18 17:17:11.166168,1198,420
19058,2025-01-18 17:17:11.166168,1198,359
19059,2025-01-18 17:17:11.166168,1198,610
19060,2025-01-18 17:17:11.166168,1198,380
19061,2025-01-18 17:17:11.166168,1198,355
19062,2025-01-18 17:17:11.166168,1198,241
19063,2025-01-18 17:17:11.166168,1198,296
19064,2025-01-18 17:17:11.166168,1199,206
19065,2025-01-18 17:17:11.166168,1199,526
19066,2025-01-18 17:17:11.166168,1199,219
19067,2025-01-18 17:17:11.166168,1199,591
19068,2025-01-18 17:17:11.166168,1199,313
19069,2025-01-18 17:17:11.166168,1199,612
19070,2025-01-18 17:17:11.166168,1199,542
19071,2025-01-18 17:17:11.166168,1199,406
19072,2025-01-18 17:17:11.166168,1199,290
19073,2025-01-18 17:17:11.166168,1199,398
19074,2025-01-18 17:17:11.166168,1199,306
19075,2025-01-18 17:17:11.166168,1199,379
19076,2025-01-18 17:17:11.166168,1199,544
19077,2025-01-18 17:17:11.166168,1199,197
19078,2025-01-18 17:17:11.166168,1199,452
19079,2025-01-18 17:17:11.166168,1199,535
19080,2025-01-18 17:17:11.166168,1199,518
19081,2025-01-18 17:17:11.166168,1199,528
19082,2025-01-18 17:17:11.166168,1199,512
19083,2025-01-18 17:17:11.166168,1200,555
19084,2025-01-18 17:17:11.166168,1200,401
19085,2025-01-18 17:17:11.166168,1200,202
19086,2025-01-18 17:17:11.166168,1200,320
19087,2025-01-18 17:17:11.166168,1200,574
19088,2025-01-18 17:17:11.166168,1200,283
19089,2025-01-18 17:17:11.166168,1200,405
19090,2025-01-18 17:17:11.166168,1200,598
19091,2025-01-18 17:17:11.166168,1200,310
19092,2025-01-18 17:17:11.166168,1200,588
19093,2025-01-18 17:17:11.166168,1200,543
19094,2025-01-18 17:17:11.166168,1200,346
19095,2025-01-18 17:17:11.166168,1200,655
19096,2025-01-18 17:17:11.166168,1200,312
19097,2025-01-18 17:17:11.166168,1200,527
19098,2025-01-18 17:17:11.166168,1200,491
19099,2025-01-18 17:17:11.166168,1200,415
19100,2025-01-18 17:17:11.166168,1200,350
19101,2025-01-18 17:17:11.166168,1200,485
19102,2025-01-18 17:17:11.166168,1200,348
19103,2025-01-18 17:17:11.166168,1201,436
19104,2025-01-18 17:17:11.166168,1201,437
19105,2025-01-18 17:17:11.166168,1201,438
19106,2025-01-18 17:17:11.166168,1201,219
19107,2025-01-18 17:17:11.166168,1201,665
19108,2025-01-18 17:17:11.166168,1201,222
19109,2025-01-18 17:17:11.166168,1201,593
19110,2025-01-18 17:17:11.166168,1201,419
19111,2025-01-18 17:17:11.166168,1201,381
19112,2025-01-18 17:17:11.166168,1201,245
19113,2025-01-18 17:17:11.166168,1201,527
19114,2025-01-18 17:17:11.166168,1201,412
19115,2025-01-18 17:17:11.166168,1202,430
19116,2025-01-18 17:17:11.166168,1202,356
19117,2025-01-18 17:17:11.166168,1202,622
19118,2025-01-18 17:17:11.166168,1202,431
19119,2025-01-18 17:17:11.166168,1202,451
19120,2025-01-18 17:17:11.166168,1202,614
19121,2025-01-18 17:17:11.166168,1202,450
19122,2025-01-18 17:17:11.166168,1202,244
19123,2025-01-18 17:17:11.166168,1202,475
19124,2025-01-18 17:17:11.166168,1202,346
19125,2025-01-18 17:17:11.166168,1202,243
19126,2025-01-18 17:17:11.166168,1202,217
19127,2025-01-18 17:17:11.166168,1202,516
19128,2025-01-18 17:17:11.166168,1202,434
19129,2025-01-18 17:17:11.167166,1203,534
19130,2025-01-18 17:17:11.167166,1203,204
19131,2025-01-18 17:17:11.167166,1203,501
19132,2025-01-18 17:17:11.167166,1203,421
19133,2025-01-18 17:17:11.167166,1203,464
19134,2025-01-18 17:17:11.167166,1203,433
19135,2025-01-18 17:17:11.167166,1203,393
19136,2025-01-18 17:17:11.167166,1203,217
19137,2025-01-18 17:17:11.167166,1203,619
19138,2025-01-18 17:17:11.167166,1203,420
19139,2025-01-18 17:17:11.167166,1203,231
19140,2025-01-18 17:17:11.167166,1203,515
19141,2025-01-18 17:17:11.167166,1203,302
19142,2025-01-18 17:17:11.167166,1203,490
19143,2025-01-18 17:17:11.167166,1203,377
19144,2025-01-18 17:17:11.167166,1203,645
19145,2025-01-18 17:17:11.167166,1203,498
19146,2025-01-18 17:17:11.167166,1204,202
19147,2025-01-18 17:17:11.167166,1204,516
19148,2025-01-18 17:17:11.167166,1204,363
19149,2025-01-18 17:17:11.167166,1204,339
19150,2025-01-18 17:17:11.167166,1204,407
19151,2025-01-18 17:17:11.167166,1204,294
19152,2025-01-18 17:17:11.167166,1204,450
19153,2025-01-18 17:17:11.167166,1204,208
19154,2025-01-18 17:17:11.167166,1204,484
19155,2025-01-18 17:17:11.167166,1204,237
19156,2025-01-18 17:17:11.167166,1204,329
19157,2025-01-18 17:17:11.167166,1205,586
19158,2025-01-18 17:17:11.167166,1205,227
19159,2025-01-18 17:17:11.167166,1205,450
19160,2025-01-18 17:17:11.167166,1205,424
19161,2025-01-18 17:17:11.167166,1205,514
19162,2025-01-18 17:17:11.167166,1205,654
19163,2025-01-18 17:17:11.167166,1205,488
19164,2025-01-18 17:17:11.167166,1205,506
19165,2025-01-18 17:17:11.167166,1205,265
19166,2025-01-18 17:17:11.167166,1205,427
19167,2025-01-18 17:17:11.167166,1205,559
19168,2025-01-18 17:17:11.167166,1205,578
19169,2025-01-18 17:17:11.167166,1205,209
19170,2025-01-18 17:17:11.167166,1206,244
19171,2025-01-18 17:17:11.167166,1206,315
19172,2025-01-18 17:17:11.167166,1206,236
19173,2025-01-18 17:17:11.167166,1206,415
19174,2025-01-18 17:17:11.167166,1206,557
19175,2025-01-18 17:17:11.167166,1206,643
19176,2025-01-18 17:17:11.167166,1206,575
19177,2025-01-18 17:17:11.167166,1206,282
19178,2025-01-18 17:17:11.167166,1206,614
19179,2025-01-18 17:17:11.167166,1206,330
19180,2025-01-18 17:17:11.167166,1206,222
19181,2025-01-18 17:17:11.167166,1206,368
19182,2025-01-18 17:17:11.167166,1206,354
19183,2025-01-18 17:17:11.167166,1206,367
19184,2025-01-18 17:17:11.167166,1207,575
19185,2025-01-18 17:17:11.167166,1207,310
19186,2025-01-18 17:17:11.167166,1207,406
19187,2025-01-18 17:17:11.167166,1207,632
19188,2025-01-18 17:17:11.167166,1207,501
19189,2025-01-18 17:17:11.167166,1207,397
19190,2025-01-18 17:17:11.167166,1207,633
19191,2025-01-18 17:17:11.167166,1207,522
19192,2025-01-18 17:17:11.167166,1207,467
19193,2025-01-18 17:17:11.167166,1207,553
19194,2025-01-18 17:17:11.167166,1208,632
19195,2025-01-18 17:17:11.167166,1208,199
19196,2025-01-18 17:17:11.167166,1208,439
19197,2025-01-18 17:17:11.167166,1208,666
19198,2025-01-18 17:17:11.167166,1208,346
19199,2025-01-18 17:17:11.167166,1208,261
19200,2025-01-18 17:17:11.167166,1208,595
19201,2025-01-18 17:17:11.167166,1208,620
19202,2025-01-18 17:17:11.167166,1208,333
19203,2025-01-18 17:17:11.167166,1208,277
19204,2025-01-18 17:17:11.167166,1208,273
19205,2025-01-18 17:17:11.168163,1208,542
19206,2025-01-18 17:17:11.168163,1209,538
19207,2025-01-18 17:17:11.168163,1209,290
19208,2025-01-18 17:17:11.168163,1209,277
19209,2025-01-18 17:17:11.168163,1209,542
19210,2025-01-18 17:17:11.168163,1209,564
19211,2025-01-18 17:17:11.168163,1209,354
19212,2025-01-18 17:17:11.168163,1209,448
19213,2025-01-18 17:17:11.168163,1209,227
19214,2025-01-18 17:17:11.168163,1209,241
19215,2025-01-18 17:17:11.168163,1209,346
19216,2025-01-18 17:17:11.168163,1209,655
19217,2025-01-18 17:17:11.168163,1209,359
19218,2025-01-18 17:17:11.168163,1210,243
19219,2025-01-18 17:17:11.168163,1210,453
19220,2025-01-18 17:17:11.168163,1210,578
19221,2025-01-18 17:17:11.168163,1210,237
19222,2025-01-18 17:17:11.168163,1210,662
19223,2025-01-18 17:17:11.168163,1210,379
19224,2025-01-18 17:17:11.168163,1210,611
19225,2025-01-18 17:17:11.173150,1210,619
19226,2025-01-18 17:17:11.173150,1210,666
19227,2025-01-18 17:17:11.173150,1210,631
19228,2025-01-18 17:17:11.173150,1210,554
19229,2025-01-18 17:17:11.173150,1210,468
19230,2025-01-18 17:17:11.173150,1210,440
19231,2025-01-18 17:17:11.173150,1210,481
19232,2025-01-18 17:17:11.173150,1210,647
19233,2025-01-18 17:17:11.173150,1210,249
19234,2025-01-18 17:17:11.173150,1210,643
19235,2025-01-18 17:17:11.173150,1210,206
19236,2025-01-18 17:17:11.173150,1211,213
19237,2025-01-18 17:17:11.173150,1211,214
19238,2025-01-18 17:17:11.173150,1211,655
19239,2025-01-18 17:17:11.173150,1211,662
19240,2025-01-18 17:17:11.173150,1211,593
19241,2025-01-18 17:17:11.173150,1211,454
19242,2025-01-18 17:17:11.173150,1211,245
19243,2025-01-18 17:17:11.173150,1211,498
19244,2025-01-18 17:17:11.173150,1211,298
19245,2025-01-18 17:17:11.173150,1211,408
19246,2025-01-18 17:17:11.173150,1211,357
19247,2025-01-18 17:17:11.173150,1211,347
19248,2025-01-18 17:17:11.173150,1211,520
19249,2025-01-18 17:17:11.173150,1211,505
19250,2025-01-18 17:17:11.173150,1211,535
19251,2025-01-18 17:17:11.173150,1211,592
19252,2025-01-18 17:17:11.173150,1212,425
19253,2025-01-18 17:17:11.173150,1212,546
19254,2025-01-18 17:17:11.173150,1212,547
19255,2025-01-18 17:17:11.173150,1212,561
19256,2025-01-18 17:17:11.173150,1212,532
19257,2025-01-18 17:17:11.173150,1212,273
19258,2025-01-18 17:17:11.173150,1212,338
19259,2025-01-18 17:17:11.173150,1212,225
19260,2025-01-18 17:17:11.173150,1212,491
19261,2025-01-18 17:17:11.173150,1212,594
19262,2025-01-18 17:17:11.173150,1212,301
19263,2025-01-18 17:17:11.173150,1212,281
19264,2025-01-18 17:17:11.173150,1212,200
19265,2025-01-18 17:17:11.173150,1212,489
19266,2025-01-18 17:17:11.173150,1212,451
19267,2025-01-18 17:17:11.173150,1212,606
19268,2025-01-18 17:17:11.173150,1212,340
19269,2025-01-18 17:17:11.173150,1212,252
19270,2025-01-18 17:17:11.173150,1213,197
19271,2025-01-18 17:17:11.173150,1213,565
19272,2025-01-18 17:17:11.173150,1213,341
19273,2025-01-18 17:17:11.173150,1213,389
19274,2025-01-18 17:17:11.173150,1213,300
19275,2025-01-18 17:17:11.173150,1213,636
19276,2025-01-18 17:17:11.173150,1213,209
19277,2025-01-18 17:17:11.173150,1213,608
19278,2025-01-18 17:17:11.173150,1213,343
19279,2025-01-18 17:17:11.173150,1213,432
19280,2025-01-18 17:17:11.173150,1213,614
19281,2025-01-18 17:17:11.173150,1213,254
19282,2025-01-18 17:17:11.173150,1214,332
19283,2025-01-18 17:17:11.173150,1214,259
19284,2025-01-18 17:17:11.173150,1214,196
19285,2025-01-18 17:17:11.173150,1214,395
19286,2025-01-18 17:17:11.173150,1214,614
19287,2025-01-18 17:17:11.173150,1214,488
19288,2025-01-18 17:17:11.173150,1214,649
19289,2025-01-18 17:17:11.173150,1214,367
19290,2025-01-18 17:17:11.173150,1214,248
19291,2025-01-18 17:17:11.173150,1214,312
19292,2025-01-18 17:17:11.173150,1214,499
19293,2025-01-18 17:17:11.173150,1214,548
19294,2025-01-18 17:17:11.173150,1214,662
19295,2025-01-18 17:17:11.173150,1214,634
19296,2025-01-18 17:17:11.173150,1214,341
19297,2025-01-18 17:17:11.173150,1214,281
19298,2025-01-18 17:17:11.173150,1214,275
19299,2025-01-18 17:17:11.173150,1214,227
19300,2025-01-18 17:17:11.173150,1215,335
19301,2025-01-18 17:17:11.173150,1215,289
19302,2025-01-18 17:17:11.174147,1215,554
19303,2025-01-18 17:17:11.174147,1215,644
19304,2025-01-18 17:17:11.174147,1215,410
19305,2025-01-18 17:17:11.174147,1215,573
19306,2025-01-18 17:17:11.174147,1215,622
19307,2025-01-18 17:17:11.174147,1215,518
19308,2025-01-18 17:17:11.174147,1215,437
19309,2025-01-18 17:17:11.174147,1215,578
19310,2025-01-18 17:17:11.174147,1215,364
19311,2025-01-18 17:17:11.174147,1215,242
19312,2025-01-18 17:17:11.174147,1215,569
19313,2025-01-18 17:17:11.174147,1215,359
19314,2025-01-18 17:17:11.174147,1215,224
19315,2025-01-18 17:17:11.174147,1216,314
19316,2025-01-18 17:17:11.174147,1216,604
19317,2025-01-18 17:17:11.174147,1216,296
19318,2025-01-18 17:17:11.174147,1216,261
19319,2025-01-18 17:17:11.174147,1216,639
19320,2025-01-18 17:17:11.174147,1216,239
19321,2025-01-18 17:17:11.174147,1216,222
19322,2025-01-18 17:17:11.174147,1216,368
19323,2025-01-18 17:17:11.174147,1216,476
19324,2025-01-18 17:17:11.174147,1216,493
19325,2025-01-18 17:17:11.174147,1216,374
19326,2025-01-18 17:17:11.174147,1216,206
19327,2025-01-18 17:17:11.174147,1216,588
19328,2025-01-18 17:17:11.174147,1216,562
19329,2025-01-18 17:17:11.174147,1216,248
19330,2025-01-18 17:17:11.174147,1216,216
19331,2025-01-18 17:17:11.174147,1216,225
19332,2025-01-18 17:17:11.174147,1216,618
19333,2025-01-18 17:17:11.174147,1216,391
19334,2025-01-18 17:17:11.174147,1217,256
19335,2025-01-18 17:17:11.174147,1217,510
19336,2025-01-18 17:17:11.174147,1217,539
19337,2025-01-18 17:17:11.174147,1217,452
19338,2025-01-18 17:17:11.174147,1217,420
19339,2025-01-18 17:17:11.174147,1217,337
19340,2025-01-18 17:17:11.174147,1217,404
19341,2025-01-18 17:17:11.174147,1217,303
19342,2025-01-18 17:17:11.174147,1217,512
19343,2025-01-18 17:17:11.174147,1217,294
19344,2025-01-18 17:17:11.174147,1217,572
19345,2025-01-18 17:17:11.174147,1217,223
19346,2025-01-18 17:17:11.174147,1217,367
19347,2025-01-18 17:17:11.174147,1217,448
19348,2025-01-18 17:17:11.174147,1218,599
19349,2025-01-18 17:17:11.174147,1218,538
19350,2025-01-18 17:17:11.174147,1218,479
19351,2025-01-18 17:17:11.174147,1218,330
19352,2025-01-18 17:17:11.174147,1218,216
19353,2025-01-18 17:17:11.174147,1218,571
19354,2025-01-18 17:17:11.174147,1218,592
19355,2025-01-18 17:17:11.174147,1218,520
19356,2025-01-18 17:17:11.174147,1218,543
19357,2025-01-18 17:17:11.174147,1218,387
19358,2025-01-18 17:17:11.174147,1219,632
19359,2025-01-18 17:17:11.174147,1219,481
19360,2025-01-18 17:17:11.174147,1219,663
19361,2025-01-18 17:17:11.174147,1219,557
19362,2025-01-18 17:17:11.174147,1219,665
19363,2025-01-18 17:17:11.174147,1219,220
19364,2025-01-18 17:17:11.174147,1219,198
19365,2025-01-18 17:17:11.174147,1219,582
19366,2025-01-18 17:17:11.174147,1219,666
19367,2025-01-18 17:17:11.174147,1219,247
19368,2025-01-18 17:17:11.174147,1219,473
19369,2025-01-18 17:17:11.174147,1219,349
19370,2025-01-18 17:17:11.174147,1219,437
19371,2025-01-18 17:17:11.174147,1219,319
19372,2025-01-18 17:17:11.174147,1219,664
19373,2025-01-18 17:17:11.174147,1219,326
19374,2025-01-18 17:17:11.174147,1219,534
19375,2025-01-18 17:17:11.174147,1220,378
19376,2025-01-18 17:17:11.174147,1220,616
19377,2025-01-18 17:17:11.174147,1220,425
19378,2025-01-18 17:17:11.174147,1220,550
19379,2025-01-18 17:17:11.174147,1220,649
19380,2025-01-18 17:17:11.174147,1220,501
19381,2025-01-18 17:17:11.174147,1220,492
19382,2025-01-18 17:17:11.174147,1220,666
19383,2025-01-18 17:17:11.174147,1220,466
19384,2025-01-18 17:17:11.174147,1220,535
19385,2025-01-18 17:17:11.174147,1221,587
19386,2025-01-18 17:17:11.174147,1221,645
19387,2025-01-18 17:17:11.174147,1221,623
19388,2025-01-18 17:17:11.174147,1221,288
19389,2025-01-18 17:17:11.174147,1221,621
19390,2025-01-18 17:17:11.174147,1221,272
19391,2025-01-18 17:17:11.174147,1221,271
19392,2025-01-18 17:17:11.174147,1221,424
19393,2025-01-18 17:17:11.174147,1221,613
19394,2025-01-18 17:17:11.174147,1221,620
19395,2025-01-18 17:17:11.174147,1221,586
19396,2025-01-18 17:17:11.174147,1221,223
19397,2025-01-18 17:17:11.175145,1221,252
19398,2025-01-18 17:17:11.175145,1221,524
19399,2025-01-18 17:17:11.175145,1221,328
19400,2025-01-18 17:17:11.175145,1221,518
19401,2025-01-18 17:17:11.175145,1221,581
19402,2025-01-18 17:17:11.175145,1221,443
19403,2025-01-18 17:17:11.175145,1222,409
19404,2025-01-18 17:17:11.175145,1222,475
19405,2025-01-18 17:17:11.175145,1222,252
19406,2025-01-18 17:17:11.175145,1222,198
19407,2025-01-18 17:17:11.175145,1222,546
19408,2025-01-18 17:17:11.175145,1222,268
19409,2025-01-18 17:17:11.175145,1222,540
19410,2025-01-18 17:17:11.175145,1222,254
19411,2025-01-18 17:17:11.175145,1222,665
19412,2025-01-18 17:17:11.175145,1222,629
19413,2025-01-18 17:17:11.175145,1222,367
19414,2025-01-18 17:17:11.175145,1222,437
19415,2025-01-18 17:17:11.175145,1223,358
19416,2025-01-18 17:17:11.175145,1223,652
19417,2025-01-18 17:17:11.175145,1223,314
19418,2025-01-18 17:17:11.175145,1223,490
19419,2025-01-18 17:17:11.175145,1223,581
19420,2025-01-18 17:17:11.175145,1223,300
19421,2025-01-18 17:17:11.175145,1223,285
19422,2025-01-18 17:17:11.175145,1223,227
19423,2025-01-18 17:17:11.175145,1223,411
19424,2025-01-18 17:17:11.175145,1223,211
19425,2025-01-18 17:17:11.175145,1223,213
19426,2025-01-18 17:17:11.175145,1223,414
19427,2025-01-18 17:17:11.175145,1223,591
19428,2025-01-18 17:17:11.175145,1223,296
19429,2025-01-18 17:17:11.175145,1223,620
19430,2025-01-18 17:17:11.175145,1223,522
19431,2025-01-18 17:17:11.175145,1223,482
19432,2025-01-18 17:17:11.175145,1223,498
19433,2025-01-18 17:17:11.175145,1223,238
19434,2025-01-18 17:17:11.175145,1224,217
19435,2025-01-18 17:17:11.175145,1224,326
19436,2025-01-18 17:17:11.175145,1224,223
19437,2025-01-18 17:17:11.175145,1224,665
19438,2025-01-18 17:17:11.175145,1224,609
19439,2025-01-18 17:17:11.175145,1224,274
19440,2025-01-18 17:17:11.175145,1224,635
19441,2025-01-18 17:17:11.175145,1224,645
19442,2025-01-18 17:17:11.175145,1224,215
19443,2025-01-18 17:17:11.175145,1224,276
19444,2025-01-18 17:17:11.175145,1224,220
19445,2025-01-18 17:17:11.175145,1224,541
19446,2025-01-18 17:17:11.175145,1224,431
19447,2025-01-18 17:17:11.175145,1224,437
19448,2025-01-18 17:17:11.175145,1224,403
19449,2025-01-18 17:17:11.175145,1224,335
19450,2025-01-18 17:17:11.175145,1224,289
19451,2025-01-18 17:17:11.175145,1225,271
19452,2025-01-18 17:17:11.175145,1225,647
19453,2025-01-18 17:17:11.175145,1225,317
19454,2025-01-18 17:17:11.175145,1225,384
19455,2025-01-18 17:17:11.175145,1225,625
19456,2025-01-18 17:17:11.175145,1225,372
19457,2025-01-18 17:17:11.175145,1225,387
19458,2025-01-18 17:17:11.175145,1225,591
19459,2025-01-18 17:17:11.175145,1225,582
19460,2025-01-18 17:17:11.175145,1225,257
19461,2025-01-18 17:17:11.175145,1225,226
19462,2025-01-18 17:17:11.175145,1225,246
19463,2025-01-18 17:17:11.175145,1225,277
19464,2025-01-18 17:17:11.175145,1225,657
19465,2025-01-18 17:17:11.175145,1226,322
19466,2025-01-18 17:17:11.175145,1226,355
19467,2025-01-18 17:17:11.175145,1226,461
19468,2025-01-18 17:17:11.175145,1226,338
19469,2025-01-18 17:17:11.175145,1226,539
19470,2025-01-18 17:17:11.175145,1226,503
19471,2025-01-18 17:17:11.175145,1226,295
19472,2025-01-18 17:17:11.175145,1226,557
19473,2025-01-18 17:17:11.175145,1226,283
19474,2025-01-18 17:17:11.175145,1226,583
19475,2025-01-18 17:17:11.175145,1226,451
19476,2025-01-18 17:17:11.175145,1226,413
19477,2025-01-18 17:17:11.175145,1226,316
19478,2025-01-18 17:17:11.175145,1226,367
19479,2025-01-18 17:17:11.175145,1227,299
19480,2025-01-18 17:17:11.175145,1227,430
19481,2025-01-18 17:17:11.175145,1227,220
19482,2025-01-18 17:17:11.175145,1227,317
19483,2025-01-18 17:17:11.175145,1227,589
19484,2025-01-18 17:17:11.175145,1227,469
19485,2025-01-18 17:17:11.175145,1227,198
19486,2025-01-18 17:17:11.175145,1227,494
19487,2025-01-18 17:17:11.175145,1227,265
19488,2025-01-18 17:17:11.175145,1227,339
19489,2025-01-18 17:17:11.175145,1227,436
19490,2025-01-18 17:17:11.175145,1227,273
19491,2025-01-18 17:17:11.176142,1227,271
19492,2025-01-18 17:17:11.176142,1227,441
19493,2025-01-18 17:17:11.176142,1227,473
19494,2025-01-18 17:17:11.176142,1227,585
19495,2025-01-18 17:17:11.176142,1228,575
19496,2025-01-18 17:17:11.176142,1228,510
19497,2025-01-18 17:17:11.176142,1228,579
19498,2025-01-18 17:17:11.176142,1228,417
19499,2025-01-18 17:17:11.176142,1228,476
19500,2025-01-18 17:17:11.176142,1228,222
19501,2025-01-18 17:17:11.176142,1228,604
19502,2025-01-18 17:17:11.176142,1228,593
19503,2025-01-18 17:17:11.176142,1228,370
19504,2025-01-18 17:17:11.176142,1228,401
19505,2025-01-18 17:17:11.176142,1228,367
19506,2025-01-18 17:17:11.176142,1228,488
19507,2025-01-18 17:17:11.176142,1228,625
19508,2025-01-18 17:17:11.176142,1228,567
19509,2025-01-18 17:17:11.176142,1228,665
19510,2025-01-18 17:17:11.176142,1228,549
19511,2025-01-18 17:17:11.176142,1228,360
19512,2025-01-18 17:17:11.176142,1228,479
19513,2025-01-18 17:17:11.176142,1229,270
19514,2025-01-18 17:17:11.176142,1229,298
19515,2025-01-18 17:17:11.176142,1229,602
19516,2025-01-18 17:17:11.176142,1229,609
19517,2025-01-18 17:17:11.176142,1229,245
19518,2025-01-18 17:17:11.176142,1229,255
19519,2025-01-18 17:17:11.176142,1229,237
19520,2025-01-18 17:17:11.176142,1229,486
19521,2025-01-18 17:17:11.176142,1229,564
19522,2025-01-18 17:17:11.176142,1229,532
19523,2025-01-18 17:17:11.176142,1229,605
19524,2025-01-18 17:17:11.176142,1229,425
19525,2025-01-18 17:17:11.176142,1230,497
19526,2025-01-18 17:17:11.176142,1230,644
19527,2025-01-18 17:17:11.176142,1230,294
19528,2025-01-18 17:17:11.176142,1230,350
19529,2025-01-18 17:17:11.176142,1230,396
19530,2025-01-18 17:17:11.176142,1230,434
19531,2025-01-18 17:17:11.176142,1230,494
19532,2025-01-18 17:17:11.176142,1230,666
19533,2025-01-18 17:17:11.176142,1230,404
19534,2025-01-18 17:17:11.176142,1230,559
19535,2025-01-18 17:17:11.176142,1231,665
19536,2025-01-18 17:17:11.176142,1231,490
19537,2025-01-18 17:17:11.176142,1231,431
19538,2025-01-18 17:17:11.176142,1231,268
19539,2025-01-18 17:17:11.176142,1231,399
19540,2025-01-18 17:17:11.176142,1231,423
19541,2025-01-18 17:17:11.176142,1231,212
19542,2025-01-18 17:17:11.176142,1231,498
19543,2025-01-18 17:17:11.176142,1231,286
19544,2025-01-18 17:17:11.176142,1231,396
19545,2025-01-18 17:17:11.176142,1231,455
19546,2025-01-18 17:17:11.176142,1231,512
19547,2025-01-18 17:17:11.176142,1231,472
19548,2025-01-18 17:17:11.176142,1231,240
19549,2025-01-18 17:17:11.176142,1231,624
19550,2025-01-18 17:17:11.176142,1231,387
19551,2025-01-18 17:17:11.176142,1231,265
19552,2025-01-18 17:17:11.176142,1231,632
19553,2025-01-18 17:17:11.176142,1232,488
19554,2025-01-18 17:17:11.176142,1232,530
19555,2025-01-18 17:17:11.176142,1232,287
19556,2025-01-18 17:17:11.176142,1232,593
19557,2025-01-18 17:17:11.176142,1232,384
19558,2025-01-18 17:17:11.181129,1232,344
19559,2025-01-18 17:17:11.181129,1232,663
19560,2025-01-18 17:17:11.181129,1232,225
19561,2025-01-18 17:17:11.181129,1232,271
19562,2025-01-18 17:17:11.181129,1232,212
19563,2025-01-18 17:17:11.181129,1232,205
19564,2025-01-18 17:17:11.181129,1232,288
19565,2025-01-18 17:17:11.181129,1233,303
19566,2025-01-18 17:17:11.181129,1233,614
19567,2025-01-18 17:17:11.181129,1233,385
19568,2025-01-18 17:17:11.181129,1233,446
19569,2025-01-18 17:17:11.181129,1233,554
19570,2025-01-18 17:17:11.181129,1233,658
19571,2025-01-18 17:17:11.181129,1233,481
19572,2025-01-18 17:17:11.181129,1233,220
19573,2025-01-18 17:17:11.181129,1233,630
19574,2025-01-18 17:17:11.181129,1233,421
19575,2025-01-18 17:17:11.181129,1233,335
19576,2025-01-18 17:17:11.181129,1233,410
19577,2025-01-18 17:17:11.181129,1233,277
19578,2025-01-18 17:17:11.181129,1233,627
19579,2025-01-18 17:17:11.181129,1233,585
19580,2025-01-18 17:17:11.181129,1233,241
19581,2025-01-18 17:17:11.181129,1234,302
19582,2025-01-18 17:17:11.181129,1234,356
19583,2025-01-18 17:17:11.181129,1234,534
19584,2025-01-18 17:17:11.181129,1234,490
19585,2025-01-18 17:17:11.181129,1234,312
19586,2025-01-18 17:17:11.181129,1234,363
19587,2025-01-18 17:17:11.181129,1234,526
19588,2025-01-18 17:17:11.181129,1234,643
19589,2025-01-18 17:17:11.181129,1234,385
19590,2025-01-18 17:17:11.181129,1234,412
19591,2025-01-18 17:17:11.181129,1234,223
19592,2025-01-18 17:17:11.181129,1234,194
19593,2025-01-18 17:17:11.181129,1234,381
19594,2025-01-18 17:17:11.181129,1234,350
19595,2025-01-18 17:17:11.181129,1234,300
19596,2025-01-18 17:17:11.181129,1234,583
19597,2025-01-18 17:17:11.181129,1234,288
19598,2025-01-18 17:17:11.181129,1234,231
19599,2025-01-18 17:17:11.182126,1235,310
19600,2025-01-18 17:17:11.182126,1235,280
19601,2025-01-18 17:17:11.182126,1235,286
19602,2025-01-18 17:17:11.182126,1235,554
19603,2025-01-18 17:17:11.182126,1235,255
19604,2025-01-18 17:17:11.182126,1235,372
19605,2025-01-18 17:17:11.182126,1235,231
19606,2025-01-18 17:17:11.182126,1235,418
19607,2025-01-18 17:17:11.182126,1235,546
19608,2025-01-18 17:17:11.182126,1235,321
19609,2025-01-18 17:17:11.182126,1235,490
19610,2025-01-18 17:17:11.182126,1235,225
19611,2025-01-18 17:17:11.182126,1235,600
19612,2025-01-18 17:17:11.182126,1235,276
19613,2025-01-18 17:17:11.182126,1235,333
19614,2025-01-18 17:17:11.182126,1236,298
19615,2025-01-18 17:17:11.182126,1236,547
19616,2025-01-18 17:17:11.182126,1236,598
19617,2025-01-18 17:17:11.182126,1236,261
19618,2025-01-18 17:17:11.182126,1236,207
19619,2025-01-18 17:17:11.182126,1236,231
19620,2025-01-18 17:17:11.182126,1236,484
19621,2025-01-18 17:17:11.182126,1236,623
19622,2025-01-18 17:17:11.182126,1236,665
19623,2025-01-18 17:17:11.182126,1236,481
19624,2025-01-18 17:17:11.182126,1236,637
19625,2025-01-18 17:17:11.182126,1236,407
19626,2025-01-18 17:17:11.182126,1237,358
19627,2025-01-18 17:17:11.182126,1237,652
19628,2025-01-18 17:17:11.182126,1237,382
19629,2025-01-18 17:17:11.182126,1237,461
19630,2025-01-18 17:17:11.182126,1237,508
19631,2025-01-18 17:17:11.182126,1237,314
19632,2025-01-18 17:17:11.182126,1237,477
19633,2025-01-18 17:17:11.182126,1237,381
19634,2025-01-18 17:17:11.182126,1237,653
19635,2025-01-18 17:17:11.182126,1237,224
19636,2025-01-18 17:17:11.182126,1237,519
19637,2025-01-18 17:17:11.182126,1237,533
19638,2025-01-18 17:17:11.182126,1237,365
19639,2025-01-18 17:17:11.182126,1237,481
19640,2025-01-18 17:17:11.182126,1237,441
19641,2025-01-18 17:17:11.182126,1237,252
19642,2025-01-18 17:17:11.182126,1237,656
19643,2025-01-18 17:17:11.182126,1238,377
19644,2025-01-18 17:17:11.182126,1238,273
19645,2025-01-18 17:17:11.182126,1238,608
19646,2025-01-18 17:17:11.182126,1238,486
19647,2025-01-18 17:17:11.182126,1238,466
19648,2025-01-18 17:17:11.182126,1238,445
19649,2025-01-18 17:17:11.182126,1238,370
19650,2025-01-18 17:17:11.182126,1238,544
19651,2025-01-18 17:17:11.182126,1238,613
19652,2025-01-18 17:17:11.182126,1238,467
19653,2025-01-18 17:17:11.182126,1238,549
19654,2025-01-18 17:17:11.182126,1238,470
19655,2025-01-18 17:17:11.182126,1238,588
19656,2025-01-18 17:17:11.182126,1239,516
19657,2025-01-18 17:17:11.182126,1239,300
19658,2025-01-18 17:17:11.182126,1239,513
19659,2025-01-18 17:17:11.182126,1239,430
19660,2025-01-18 17:17:11.182126,1239,556
19661,2025-01-18 17:17:11.182126,1239,596
19662,2025-01-18 17:17:11.182126,1239,256
19663,2025-01-18 17:17:11.182126,1239,233
19664,2025-01-18 17:17:11.182126,1239,448
19665,2025-01-18 17:17:11.182126,1239,345
19666,2025-01-18 17:17:11.183123,1240,396
19667,2025-01-18 17:17:11.183123,1240,650
19668,2025-01-18 17:17:11.183123,1240,401
19669,2025-01-18 17:17:11.183123,1240,503
19670,2025-01-18 17:17:11.183123,1240,658
19671,2025-01-18 17:17:11.183123,1240,194
19672,2025-01-18 17:17:11.183123,1240,652
19673,2025-01-18 17:17:11.183123,1240,470
19674,2025-01-18 17:17:11.183123,1240,463
19675,2025-01-18 17:17:11.183123,1240,218
19676,2025-01-18 17:17:11.183123,1240,329
19677,2025-01-18 17:17:11.183123,1240,597
19678,2025-01-18 17:17:11.183123,1240,575
19679,2025-01-18 17:17:11.183123,1240,417
19680,2025-01-18 17:17:11.183123,1240,523
19681,2025-01-18 17:17:11.183123,1240,629
19682,2025-01-18 17:17:11.183123,1240,643
19683,2025-01-18 17:17:11.183123,1240,614
19684,2025-01-18 17:17:11.183123,1240,467
19685,2025-01-18 17:17:11.183123,1240,388
19686,2025-01-18 17:17:11.183123,1241,431
19687,2025-01-18 17:17:11.183123,1241,316
19688,2025-01-18 17:17:11.183123,1241,284
19689,2025-01-18 17:17:11.183123,1241,298
19690,2025-01-18 17:17:11.183123,1241,609
19691,2025-01-18 17:17:11.183123,1241,387
19692,2025-01-18 17:17:11.183123,1241,219
19693,2025-01-18 17:17:11.183123,1241,658
19694,2025-01-18 17:17:11.183123,1241,522
19695,2025-01-18 17:17:11.183123,1241,448
19696,2025-01-18 17:17:11.183123,1241,589
19697,2025-01-18 17:17:11.183123,1241,500
19698,2025-01-18 17:17:11.183123,1241,253
19699,2025-01-18 17:17:11.183123,1241,278
19700,2025-01-18 17:17:11.183123,1242,438
19701,2025-01-18 17:17:11.183123,1242,328
19702,2025-01-18 17:17:11.183123,1242,415
19703,2025-01-18 17:17:11.183123,1242,237
19704,2025-01-18 17:17:11.183123,1242,475
19705,2025-01-18 17:17:11.183123,1242,487
19706,2025-01-18 17:17:11.183123,1242,253
19707,2025-01-18 17:17:11.183123,1242,483
19708,2025-01-18 17:17:11.183123,1242,652
19709,2025-01-18 17:17:11.183123,1242,276
