id,recipient_email,content,send_date,status,is_public,title,created_at,updated_at,user_id
1,,"Dear Future Me, I hope you have achieved your dreams of becoming a software engineer...",2025-08-07 00:00:00,scheduled,1,,2024-11-18 19:57:39.089757,2024-11-18 19:57:39.089757,1001
2,,"Hey future self, remember to always stay positive and work hard...",2024-08-07 00:00:00,sent,1,,2024-11-18 19:57:39.098231,2024-12-07 23:47:34.291983,1002
3,,"By now, you should have completed your master's degree. I hope you are doing well...",2026-08-07 00:00:00,scheduled,1,,2024-11-18 19:57:39.104571,2024-11-18 19:57:39.104571,1003
4,,"Future me, I hope you are healthy and happy. Don't forget to stay in touch with old friends.",2026-08-08 00:00:00,scheduled,1,,2024-11-18 19:57:39.113122,2024-11-18 19:57:39.113122,1004
5,,"Dear future self, have you traveled to all those places you wanted to visit?",2025-08-09 00:00:00,scheduled,1,,2024-11-18 19:57:39.122226,2024-11-18 19:57:39.122226,1005
6,,"Hi future me, I hope you have found a work-life balance and are enjoying your career.",2025-08-10 00:00:00,scheduled,1,,2024-11-18 19:57:39.132489,2024-11-18 19:57:39.132489,1006
7,,"Remember to keep learning and growing, future self. You are capable of amazing things.",2026-08-11 00:00:00,scheduled,1,,2024-11-18 19:57:39.139989,2024-11-18 19:57:39.139989,1007
8,,"Dear future me, I hope you have maintained your health and fitness goals.",2025-08-12 00:00:00,scheduled,1,,2024-11-18 19:57:39.148789,2024-11-18 19:57:39.148789,1008
9,,"Hey future self, I hope you have built meaningful relationships and are surrounded by loved ones.",2024-08-13 00:00:00,sent,1,,2024-11-18 19:57:39.157360,2024-12-07 23:47:37.178683,1009
10,,"By now, you should have accomplished many of your goals. Keep pushing forward.",2026-08-14 00:00:00,scheduled,1,,2024-11-18 19:57:39.165779,2024-11-18 19:57:39.166403,1010
11,,"Future me, I hope you have learned to appreciate the little things in life.",2025-08-15 00:00:00,scheduled,1,,2024-11-18 19:57:39.178036,2024-11-18 19:57:39.178036,1011
12,,"Dear future self, are you still passionate about your hobbies and interests?",2025-08-16 00:00:00,scheduled,1,,2024-11-18 19:57:39.185434,2024-11-18 19:57:39.185434,1012
13,,"Hey future me, I hope you have taken the time to travel and explore new places.",2026-08-17 00:00:00,scheduled,1,,2024-11-18 19:57:39.194432,2024-11-18 19:57:39.194432,1013
14,,"Future self, remember to always be kind and compassionate to others.",2025-08-18 00:00:00,scheduled,1,,2024-11-18 19:57:39.201382,2024-11-18 19:57:39.201382,1014
15,,"Dear future me, I hope you have found a fulfilling career that you enjoy.",2025-08-19 00:00:00,scheduled,1,,2024-11-18 19:57:39.212373,2024-11-18 19:57:39.212373,1015
16,,"Hi future self, I hope you are living a happy and healthy life with your family.",2025-08-20 00:00:00,scheduled,1,,2024-11-18 19:57:39.220699,2024-11-18 19:57:39.220699,1016
17,,"Remember to stay motivated and never give up on your dreams, future me.",2026-08-21 00:00:00,scheduled,1,,2024-11-18 19:57:39.230194,2024-11-18 19:57:39.230194,1017
18,,"Dear future self, I hope you have found peace and contentment in your life.",2025-08-22 00:00:00,scheduled,1,,2024-11-18 19:57:39.238173,2024-11-18 19:57:39.238173,1018
19,,"Hey future me, I hope you are still curious and eager to learn new things.",2024-08-23 00:00:00,sent,1,,2024-11-18 19:57:39.246753,2024-12-07 23:47:39.780158,1019
20,,"By now, you should have built strong relationships and a supportive network.",2026-08-24 00:00:00,scheduled,1,,2024-11-18 19:57:39.257117,2024-11-18 19:57:39.257117,1020
21,,"Future me, I hope you are grateful for everything you have accomplished.",2025-08-25 00:00:00,scheduled,1,,2024-11-18 19:57:39.263266,2024-11-18 19:57:39.263266,1021
22,,"Dear future self, are you still pursuing your passions and dreams?",2025-08-26 00:00:00,scheduled,1,,2024-11-18 19:57:39.269169,2024-11-18 19:57:39.269169,1022
23,,"Hey future me, I hope you have found balance and happiness in your life.",2026-08-27 00:00:00,scheduled,1,,2024-11-18 19:57:39.279662,2024-11-18 19:57:39.279662,1023
24,,"Future self, remember to stay humble and always be willing to help others.",2025-08-28 00:00:00,scheduled,1,,2024-11-18 19:57:39.286509,2024-11-18 19:57:39.286509,1024
25,,"Dear future me, I hope you have traveled to many beautiful places around the world.",2025-08-29 00:00:00,scheduled,1,,2024-11-18 19:57:39.296843,2024-11-18 19:57:39.296843,1025
26,,"Hi future self, I hope you are proud of the person you have become.",2025-08-30 00:00:00,scheduled,1,,2024-11-18 19:57:39.305058,2024-11-18 19:57:39.305058,1026
27,,"Remember to keep pushing forward and never give up, future me.",2026-08-31 00:00:00,scheduled,1,,2024-11-18 19:57:39.313139,2024-11-18 19:57:39.313139,1027
28,,"Dear future self, I hope you have learned to enjoy the present moment.",2025-09-01 00:00:00,scheduled,1,,2024-11-18 19:57:39.320120,2024-11-18 19:57:39.320120,1028
29,,"Hey future me, I hope you have found a career that you love and are passionate about.",2024-09-02 00:00:00,sent,1,,2024-11-18 19:57:39.327315,2024-12-07 23:47:42.565373,1029
30,,"By now, you should have achieved many of your goals. Keep striving for more.",2026-09-03 00:00:00,scheduled,1,,2024-11-18 19:57:39.333200,2024-11-18 19:57:39.333200,1030
31,,"Future me, I hope you have learned to appreciate the little things in life.",2025-09-04 00:00:00,scheduled,1,,2024-11-18 19:57:39.341327,2024-11-18 19:57:39.341327,1031
32,,"Dear future self, are you still passionate about your hobbies and interests?",2025-09-05 00:00:00,scheduled,1,,2024-11-18 19:57:39.347334,2024-11-18 19:57:39.347334,1032
33,,"Hey future me, I hope you have taken the time to travel and explore new places.",2026-09-06 00:00:00,scheduled,1,,2024-11-18 19:57:39.354351,2024-11-18 19:57:39.354351,1033
34,,"Future self, remember to always be kind and compassionate to others.",2025-09-07 00:00:00,scheduled,1,,2024-11-18 19:57:39.362496,2024-11-18 19:57:39.362496,1034
35,,"Dear future me, I hope you have found a fulfilling career that you enjoy.",2025-09-08 00:00:00,scheduled,1,,2024-11-18 19:57:39.368906,2024-11-18 19:57:39.368906,1035
36,,"Hi future self, I hope you are living a happy and healthy life with your family.",2025-09-09 00:00:00,scheduled,1,,2024-11-18 19:57:39.374890,2024-11-18 19:57:39.374890,1036
37,,"Remember to stay motivated and never give up on your dreams, future me.",2026-09-10 00:00:00,scheduled,1,,2024-11-18 19:57:39.384418,2024-11-18 19:57:39.384418,1037
38,,"Dear future self, I hope you have found peace and contentment in your life.",2025-09-11 00:00:00,scheduled,1,,2024-11-18 19:57:39.391600,2024-11-18 19:57:39.391600,1038
39,,"Hey future me, I hope you are still curious and eager to learn new things.",2024-09-12 00:00:00,sent,1,,2024-11-18 19:57:39.399119,2024-12-07 23:47:45.165396,1039
40,,"By now, you should have built strong relationships and a supportive network.",2026-09-13 00:00:00,scheduled,1,,2024-11-18 19:57:39.407087,2024-11-18 19:57:39.407087,1040
41,,"Future me, I hope you are grateful for everything you have accomplished.",2025-09-14 00:00:00,scheduled,1,,2024-11-18 19:57:39.413310,2024-11-18 19:57:39.413310,1041
42,,"Dear future self, are you still pursuing your passions and dreams?",2025-09-15 00:00:00,scheduled,1,,2024-11-18 19:57:39.421507,2024-11-18 19:57:39.421712,1042
43,,"Hey future me, I hope you have found balance and happiness in your life.",2026-09-16 00:00:00,scheduled,1,,2024-11-18 19:57:39.429950,2024-11-18 19:57:39.429950,1043
44,,"Future self, remember to stay humble and always be willing to help others.",2025-09-17 00:00:00,scheduled,1,,2024-11-18 19:57:39.436070,2024-11-18 19:57:39.436070,1044
45,,"Dear future me, I hope you have traveled to many beautiful places around the world.",2025-09-18 00:00:00,scheduled,1,,2024-11-18 19:57:39.445310,2024-11-18 19:57:39.445310,1045
46,,"Hi future self, I hope you are proud of the person you have become.",2025-09-19 00:00:00,scheduled,1,,2024-11-18 19:57:39.458654,2024-11-18 19:57:39.458654,1046
47,,"Remember to keep pushing forward and never give up, future me.",2026-09-20 00:00:00,scheduled,1,,2024-11-18 19:57:39.469813,2024-11-18 19:57:39.469813,1047
48,,"Dear future self, I hope you have learned to enjoy the present moment.",2025-09-21 00:00:00,scheduled,1,,2024-11-18 19:57:39.483929,2024-11-18 19:57:39.484403,1048
49,,"Hey future me, I hope you have found a career that you love and are passionate about.",2024-09-22 00:00:00,sent,1,,2024-11-18 19:57:39.495740,2024-12-07 23:47:47.954305,1049
50,,"By now, you should have achieved many of your goals. Keep striving for more.",2026-09-23 00:00:00,scheduled,1,,2024-11-18 19:57:39.508166,2024-11-18 19:57:39.508166,1050
51,,"By now, you should have achieved many of your goals. Keep striving for more.",2026-09-23 00:00:00,scheduled,1,,2024-11-18 19:57:39.516188,2024-11-18 19:57:39.516188,1050
52,,"Dear future self, I hope you have maintained strong relationships and continued to grow both personally and professionally.",2025-09-24 00:00:00,scheduled,1,,2024-11-18 19:57:39.527889,2024-11-18 19:57:39.527889,1051
53,,"Hey future me, I hope you are enjoying the life you worked so hard to build. Don't forget to take breaks.",2026-09-25 00:00:00,scheduled,1,,2024-11-18 19:57:39.537966,2024-11-18 19:57:39.537966,1052
54,,"By now, I hope you have achieved your goal of running a marathon and are still staying active.",2025-09-26 00:00:00,scheduled,1,,2024-11-18 19:57:39.551773,2024-11-18 19:57:39.551773,1053
55,,"Dear future me, I hope you have continued to learn new things and challenge yourself every day.",2025-09-27 00:00:00,scheduled,1,,2024-11-18 19:57:39.562348,2024-11-18 19:57:39.562348,1054
56,,"Hey future self, I hope you have found balance in your life and are making time for the people you love.",2026-09-28 00:00:00,scheduled,1,,2024-11-18 19:57:39.575419,2024-11-18 19:57:39.575419,1055
57,,"Future me, I hope you have traveled to at least three new countries and experienced different cultures.",2025-09-29 00:00:00,scheduled,1,,2024-11-18 19:57:39.583825,2024-11-18 19:57:39.583825,1056
58,,"Dear future self, I hope you have achieved financial stability and are able to live comfortably.",2025-09-30 00:00:00,scheduled,1,,2024-11-18 19:57:39.592726,2024-11-18 19:57:39.593247,1057
59,,"Hey future me, remember to stay humble and never forget where you came from. Keep your roots strong.",2026-10-01 00:00:00,scheduled,1,,2024-11-18 19:57:39.602960,2024-11-18 19:57:39.602960,1058
60,,"By now, you should have made significant progress in your career. Keep aiming higher and striving for excellence.",2025-10-02 00:00:00,scheduled,1,,2024-11-18 19:57:39.612019,2024-11-18 19:57:39.612019,1059
61,,"Dear future me, I hope you have maintained your health and are still prioritizing your well-being.",2025-10-03 00:00:00,scheduled,1,,2024-11-18 19:57:39.618727,2024-11-18 19:57:39.618727,1060
62,,"Hey future self, I hope you have continued to stay in touch with old friends and have made new ones along the way.",2026-10-04 00:00:00,scheduled,1,,2024-11-18 19:57:39.629228,2024-11-18 19:57:39.629228,1061
63,,"Future me, I hope you have found a hobby that you love and that brings you joy every day.",2025-10-05 00:00:00,scheduled,1,,2024-11-18 19:57:39.637370,2024-11-18 19:57:39.637370,1062
64,,"Dear future self, I hope you have learned to balance work and play, and are truly enjoying life.",2025-10-06 00:00:00,scheduled,1,,2024-11-18 19:57:39.646163,2024-11-18 19:57:39.646163,1063
65,,"Hey future me, I hope you have taken risks and tried new things. Don't be afraid to step out of your comfort zone.",2026-10-07 00:00:00,scheduled,1,,2024-11-18 19:57:39.652171,2024-11-18 19:57:39.653144,1064
66,,"By now, you should have developed a strong support system. Cherish the people who have stood by you.",2025-10-08 00:00:00,scheduled,1,,2024-11-18 19:57:39.661651,2024-11-18 19:57:39.661651,1065
67,,"Dear future me, I hope you have stayed true to your values and have not compromised on what is important to you.",2025-10-09 00:00:00,scheduled,1,,2024-11-18 19:57:39.667694,2024-11-18 19:57:39.667694,1066
68,,"Hey future self, I hope you have continued to grow and evolve. Never stop learning and improving.",2026-10-10 00:00:00,scheduled,1,,2024-11-18 19:57:39.676661,2024-11-18 19:57:39.676661,1067
69,,"Future me, I hope you have taken the time to appreciate the beauty in everyday life. Slow down and enjoy the moment.",2025-10-11 00:00:00,scheduled,1,,2024-11-18 19:57:39.686181,2024-11-18 19:57:39.686181,1068
70,,"Dear future self, I hope you have continued to be generous and give back to your community.",2025-10-12 00:00:00,scheduled,1,,2024-11-18 19:57:39.694819,2024-11-18 19:57:39.694819,1069
71,,"Hey future me, I hope you have remained optimistic and positive, even when faced with challenges.",2026-10-13 00:00:00,scheduled,1,,2024-11-18 19:57:39.701344,2024-11-18 19:57:39.701344,1070
72,,"By now, you should have a wealth of experiences and stories to tell. Share your journey with others.",2025-10-14 00:00:00,scheduled,1,,2024-11-18 19:57:39.707875,2024-11-18 19:57:39.707875,1071
73,,"Dear future me, I hope you have found true happiness and contentment in whatever you are doing.",2025-10-15 00:00:00,scheduled,1,,2024-11-18 19:57:39.715276,2024-11-18 19:57:39.715276,1072
74,,"Hey future self, I hope you have surrounded yourself with positive and inspiring people who lift you up.",2026-10-16 00:00:00,scheduled,1,,2024-11-18 19:57:39.723201,2024-11-18 19:57:39.723201,1073
75,,"Future me, I hope you have continued to pursue your passions and never settled for less than what you deserve.",2025-10-17 00:00:00,scheduled,1,,2024-11-18 19:57:39.734383,2024-11-18 19:57:39.734383,1074
76,,"Dear future self, I hope you have stayed curious and always sought to learn more about the world around you.",2025-10-18 00:00:00,scheduled,1,,2024-11-18 19:57:39.743585,2024-11-18 19:57:39.743585,1075
77,,"Hey future me, I hope you have continued to grow and evolve as a person. Keep pushing your boundaries.",2026-10-19 00:00:00,scheduled,1,,2024-11-18 19:57:39.749664,2024-11-18 19:57:39.749664,1076
78,,"By now, you should have achieved some of your biggest dreams. Don't stop there, keep aiming higher.",2025-10-20 00:00:00,scheduled,1,,2024-11-18 19:57:39.760462,2024-11-18 19:57:39.760462,1077
79,,"Dear future me, I hope you have maintained your sense of humor and continue to find joy in the little things.",2025-10-21 00:00:00,scheduled,1,,2024-11-18 19:57:39.766478,2024-11-18 19:57:39.766478,1078
80,,"Hey future self, I hope you have stayed true to yourself and have not let others' opinions sway you.",2026-10-22 00:00:00,scheduled,1,,2024-11-18 19:57:39.777220,2024-11-18 19:57:39.777220,1079
81,,"Future me, I hope you have found peace and tranquility in your life. Take time to relax and recharge.",2025-10-23 00:00:00,scheduled,1,,2024-11-18 19:57:39.783051,2024-11-18 19:57:39.783051,1080
82,,"Dear future self, I hope you have continued to be a good friend and have supported those around you.",2025-10-24 00:00:00,scheduled,1,,2024-11-18 19:57:39.792065,2024-11-18 19:57:39.792065,1081
83,,"Hey future me, I hope you have achieved the work-life balance you always wanted. Take care of yourself.",2026-10-25 00:00:00,scheduled,1,,2024-11-18 19:57:39.799573,2024-11-18 19:57:39.799573,1082
84,,"By now, you should have learned to let go of what doesn't serve you and embraced what truly makes you happy.",2025-10-26 00:00:00,scheduled,1,,2024-11-18 19:57:39.805557,2024-11-18 19:57:39.805557,1083
85,,"Dear future me, I hope you have stayed resilient and strong in the face of adversity. Keep moving forward.",2025-10-27 00:00:00,scheduled,1,,2024-11-18 19:57:39.814584,2024-11-18 19:57:39.814584,1084
86,,"Hey future self, I hope you have continued to nurture your creative side and pursued artistic endeavors.",2026-10-28 00:00:00,scheduled,1,,2024-11-18 19:57:39.822001,2024-11-18 19:57:39.822001,1085
87,,"Future me, I hope you have taken the time to explore new interests and have not been afraid to try new things.",2025-10-29 00:00:00,scheduled,1,,2024-11-18 19:57:39.830497,2024-11-18 19:57:39.830497,1086
88,,"Dear future self, I hope you have stayed patient and kind, even when things don't go as planned.",2025-10-30 00:00:00,scheduled,1,,2024-11-18 19:57:39.837077,2024-11-18 19:57:39.837077,1087
89,,"Hey future me, I hope you have found true love and are surrounded by people who genuinely care for you.",2026-10-31 00:00:00,scheduled,1,,2024-11-18 19:57:39.846168,2024-11-18 19:57:39.846576,1088
90,,"By now, you should have made significant strides in your personal growth. Keep evolving and improving.",2025-11-01 00:00:00,scheduled,1,,2024-11-18 19:57:39.854169,2024-11-18 19:57:39.854169,1089
91,,"Dear future me, I hope you have continued to practice gratitude and appreciate the small joys in life.",2025-11-02 00:00:00,scheduled,1,,2024-11-18 19:57:39.862363,2024-11-18 19:57:39.862363,1090
92,,"Hey future self, I hope you have stayed focused and determined, even when faced with obstacles.",2026-11-03 00:00:00,scheduled,1,,2024-11-18 19:57:39.868963,2024-11-18 19:57:39.868963,1091
93,,"Future me, I hope you have found fulfillment in your career and are proud of the work you do.",2025-11-04 00:00:00,scheduled,1,,2024-11-18 19:57:39.876970,2024-11-18 19:57:39.876970,1092
94,,"Dear future self, I hope you have learned to forgive and let go of past grievances. Focus on the present.",2025-11-05 00:00:00,scheduled,1,,2024-11-18 19:57:39.883913,2024-11-18 19:57:39.883913,1093
95,,"Hey future me, I hope you have stayed adventurous and never stopped exploring the world around you.",2026-11-06 00:00:00,scheduled,1,,2024-11-18 19:57:39.891994,2024-11-18 19:57:39.891994,1094
96,,"By now, you should have a wealth of knowledge and experience. Share your wisdom with those who need it.",2025-11-07 00:00:00,scheduled,1,,2024-11-18 19:57:39.898912,2024-11-18 19:57:39.898912,1095
97,,"Dear future me, I hope you have stayed grounded and never lost sight of what truly matters to you.",2025-11-08 00:00:00,scheduled,1,,2024-11-18 19:57:39.906650,2024-11-18 19:57:39.907656,1096
98,,"Hey future self, I hope you have continued to be compassionate and empathetic towards others.",2026-11-09 00:00:00,scheduled,1,,2024-11-18 19:57:39.913511,2024-11-18 19:57:39.914291,1097
99,,"Future me, I hope you have taken the time to reflect on your journey and appreciate how far you've come.",2025-11-10 00:00:00,scheduled,1,,2024-11-18 19:57:39.922457,2024-11-18 19:57:39.922457,1098
100,,"Dear future self, I hope you have stayed resilient and never gave up, no matter how tough things got.",2025-11-11 00:00:00,scheduled,1,,2024-11-18 19:57:39.929621,2024-11-18 19:57:39.929621,1099
101,,"Hey future me, I hope you have achieved your dreams and are living the life you always wanted.",2026-11-12 00:00:00,scheduled,1,,2024-11-18 19:57:39.937812,2024-11-18 19:57:39.937812,1100
102,,"Future me, I hope you have continued to be curious and seek out new experiences and knowledge.",2025-11-13 00:00:00,scheduled,1,,2024-11-18 19:57:39.946184,2024-11-18 19:57:39.946184,1101
103,,"Dear future self, I hope you have maintained your integrity and have always stood up for what you believe in.",2025-11-14 00:00:00,scheduled,1,,2024-11-18 19:57:39.954129,2024-11-18 19:57:39.954129,1102
104,,"Hey future self, I hope you have continued to stay positive and have always looked on the bright side of things.",2026-11-15 00:00:00,scheduled,1,,2024-11-18 19:57:39.967755,2024-11-18 19:57:39.967755,1103
105,,"By now, you should have found your true purpose and are living a life that is meaningful to you.",2025-11-16 00:00:00,scheduled,1,,2024-11-18 19:57:39.972838,2024-11-18 19:57:39.972838,1104
106,,"Dear future me, I hope you have remained humble and kind, no matter how much you have achieved.",2025-11-17 00:00:00,scheduled,1,,2024-11-18 19:57:39.986978,2024-11-18 19:57:39.986978,1105
107,,"Hey future self, I hope you have continued to stay focused on your goals and have never lost sight of your dreams.",2026-11-18 00:00:00,scheduled,1,,2024-11-18 19:57:39.996266,2024-11-18 19:57:39.996266,1106
108,,"Future me, I hope you have learned to let go of the past and embrace the present with open arms.",2025-11-19 00:00:00,scheduled,1,,2024-11-18 19:57:40.004578,2024-11-18 19:57:40.004578,1107
109,,"Dear future self, I hope you have stayed true to your values and have not compromised on what is important to you.",2025-11-20 00:00:00,scheduled,1,,2024-11-18 19:57:40.010971,2024-11-18 19:57:40.010971,1108
110,,"Hey future me, I hope you have continued to challenge yourself and have not settled for mediocrity.",2026-11-21 00:00:00,scheduled,1,,2024-11-18 19:57:40.022344,2024-11-18 19:57:40.022344,1109
111,,"By now, you should have built a life that you are proud of. Keep striving for excellence in everything you do.",2025-11-22 00:00:00,scheduled,1,,2024-11-18 19:57:40.031925,2024-11-18 19:57:40.031925,1110
112,,"Dear future me, I hope you have continued to be a source of inspiration and support for those around you.",2025-11-23 00:00:00,scheduled,1,,2024-11-18 19:57:40.041228,2024-11-18 19:57:40.041228,1111
113,,"Hey future self, I hope you have learned to appreciate the journey and not just focus on the destination.",2026-11-24 00:00:00,scheduled,1,,2024-11-18 19:57:40.047844,2024-11-18 19:57:40.047844,1112
114,,"Future me, I hope you have continued to take risks and push yourself beyond your comfort zone.",2025-11-25 00:00:00,scheduled,1,,2024-11-18 19:57:40.057017,2024-11-18 19:57:40.057017,1113
115,,"Dear future self, I hope you have stayed positive and optimistic, even when faced with challenges and setbacks.",2025-11-26 00:00:00,scheduled,1,,2024-11-18 19:57:40.066555,2024-11-18 19:57:40.066555,1114
116,,"Hey future me, I hope you have continued to pursue your passions and have not let fear hold you back.",2026-11-27 00:00:00,scheduled,1,,2024-11-18 19:57:40.073726,2024-11-18 19:57:40.073726,1115
117,,"By now, you should have learned to appreciate the little things in life and find joy in the simple moments.",2025-11-28 00:00:00,scheduled,1,,2024-11-18 19:57:40.080308,2024-11-18 19:57:40.080308,1116
118,,"Dear future me, I hope you have stayed true to yourself and have not compromised your values for anyone.",2025-11-29 00:00:00,scheduled,1,,2024-11-18 19:57:40.084852,2024-11-18 19:57:40.084852,1117
119,,"Hey future self, I hope you have continued to grow and evolve as a person. Keep pushing your boundaries.",2026-11-30 00:00:00,scheduled,1,,2024-11-18 19:57:40.097841,2024-11-18 19:57:40.098841,1118
120,,"Future me, I hope you have taken the time to appreciate the beauty in everyday life. Slow down and enjoy the moment.",2025-12-01 00:00:00,scheduled,1,,2024-11-18 19:57:40.105801,2024-11-18 19:57:40.105801,1119
121,,"Dear future self, I hope you have continued to be generous and give back to your community.",2025-12-02 00:00:00,scheduled,1,,2024-11-18 19:57:40.113663,2024-11-18 19:57:40.113663,1120
122,,"Hey future me, I hope you have remained optimistic and positive, even when faced with challenges.",2026-12-03 00:00:00,scheduled,1,,2024-11-18 19:57:40.122949,2024-11-18 19:57:40.122949,1121
123,,"By now, you should have a wealth of experiences and stories to tell. Share your journey with others.",2025-12-04 00:00:00,scheduled,1,,2024-11-18 19:57:40.128895,2024-11-18 19:57:40.128895,1122
124,,"Dear future me, I hope you have found true happiness and contentment in whatever you are doing.",2025-12-05 00:00:00,scheduled,1,,2024-11-18 19:57:40.133965,2024-11-18 19:57:40.133965,1123
125,,"Hey future self, I hope you have surrounded yourself with positive and inspiring people who lift you up.",2026-12-06 00:00:00,scheduled,1,,2024-11-18 19:57:40.142462,2024-11-18 19:57:40.142462,1124
126,,"Future me, I hope you have continued to pursue your passions and never settled for less than what you deserve.",2025-12-07 00:00:00,scheduled,1,,2024-11-18 19:57:40.146097,2024-11-18 19:57:40.146097,1125
127,,"Dear future self, I hope you have stayed curious and always sought to learn more about the world around you.",2025-12-08 00:00:00,scheduled,1,,2024-11-18 19:57:40.151847,2024-11-18 19:57:40.151847,1126
128,,"Hey future me, I hope you have continued to grow and evolve as a person. Keep pushing your boundaries.",2026-12-09 00:00:00,scheduled,1,,2024-11-18 19:57:40.160575,2024-11-18 19:57:40.160575,1127
129,,"By now, you should have achieved some of your biggest dreams. Don't stop there, keep aiming higher.",2025-12-10 00:00:00,scheduled,1,,2024-11-18 19:57:40.165648,2024-11-18 19:57:40.165648,1128
130,,"Dear future me, I hope you have maintained your sense of humor and continue to find joy in the little things.",2025-12-11 00:00:00,scheduled,1,,2024-11-18 19:57:40.174307,2024-11-18 19:57:40.174307,1129
131,,"Hey future self, I hope you have stayed true to yourself and have not let others' opinions sway you.",2026-12-12 00:00:00,scheduled,1,,2024-11-18 19:57:40.179780,2024-11-18 19:57:40.179780,1130
132,,"Future me, I hope you have found peace and tranquility in your life. Take time to relax and recharge.",2025-12-13 00:00:00,scheduled,1,,2024-11-18 19:57:40.188771,2024-11-18 19:57:40.188771,1131
133,,"Dear future self, I hope you have continued to be a good friend and have supported those around you.",2025-12-14 00:00:00,scheduled,1,,2024-11-18 19:57:40.194174,2024-11-18 19:57:40.195064,1132
134,,"Hey future me, I hope you have achieved the work-life balance you always wanted. Take care of yourself.",2026-12-15 00:00:00,scheduled,1,,2024-11-18 19:57:40.200156,2024-11-18 19:57:40.200156,1133
135,,"By now, you should have learned to let go of what doesn't serve you and embraced what truly makes you happy.",2025-12-16 00:00:00,scheduled,1,,2024-11-18 19:57:40.208257,2024-11-18 19:57:40.208257,1134
136,,"Dear future me, I hope you have stayed resilient and strong in the face of adversity. Keep moving forward.",2025-12-17 00:00:00,scheduled,1,,2024-11-18 19:57:40.215009,2024-11-18 19:57:40.215009,1135
137,,"Hey future self, I hope you have continued to nurture your creative side and pursued artistic endeavors.",2026-12-18 00:00:00,scheduled,1,,2024-11-18 19:57:40.224595,2024-11-18 19:57:40.224595,1136
138,,"Future me, I hope you have taken the time to explore new interests and have not been afraid to try new things.",2025-12-19 00:00:00,scheduled,1,,2024-11-18 19:57:40.230979,2024-11-18 19:57:40.230979,1137
139,,"Dear future self, I hope you have stayed patient and kind, even when things don't go as planned.",2025-12-20 00:00:00,scheduled,1,,2024-11-18 19:57:40.239905,2024-11-18 19:57:40.239905,1138
140,,"Hey future me, I hope you have found true love and are surrounded by people who genuinely care for you.",2026-12-21 00:00:00,scheduled,1,,2024-11-18 19:57:40.246251,2024-11-18 19:57:40.246251,1139
141,,"By now, you should have made significant strides in your personal growth. Keep evolving and improving.",2025-12-22 00:00:00,scheduled,1,,2024-11-18 19:57:40.253749,2024-11-18 19:57:40.253749,1140
142,,"Dear future me, I hope you have continued to practice gratitude and appreciate the small joys in life.",2025-12-23 00:00:00,scheduled,1,,2024-11-18 19:57:40.262140,2024-11-18 19:57:40.262140,1141
143,,"Hey future self, I hope you have stayed focused and determined, even when faced with obstacles.",2026-12-24 00:00:00,scheduled,1,,2024-11-18 19:57:40.268582,2024-11-18 19:57:40.268582,1142
144,,"Future me, I hope you have found fulfillment in your career and are proud of the work you do.",2025-12-25 00:00:00,scheduled,1,,2024-11-18 19:57:40.277692,2024-11-18 19:57:40.277692,1143
145,,"Dear future self, I hope you have learned to forgive and let go of past grievances. Focus on the present.",2025-12-26 00:00:00,scheduled,1,,2024-11-18 19:57:40.284376,2024-11-18 19:57:40.284376,1144
146,,"Hey future me, I hope you have stayed adventurous and never stopped exploring the world around you.",2026-12-27 00:00:00,scheduled,1,,2024-11-18 19:57:40.293146,2024-11-18 19:57:40.293146,1145
147,,"By now, you should have a wealth of knowledge and experience. Share your wisdom with those who need it.",2025-12-28 00:00:00,scheduled,1,,2024-11-18 19:57:40.298652,2024-11-18 19:57:40.298652,1146
148,,"Dear future me, I hope you have stayed grounded and never lost sight of what truly matters to you.",2025-12-29 00:00:00,scheduled,1,,2024-11-18 19:57:40.307223,2024-11-18 19:57:40.307223,1147
149,,"Hey future self, I hope you have continued to be compassionate and empathetic towards others.",2026-12-30 00:00:00,scheduled,1,,2024-11-18 19:57:40.313919,2024-11-18 19:57:40.313919,1148
150,,"Future me, I hope you have taken the time to reflect on your journey and appreciate how far you've come.",2025-12-31 00:00:00,scheduled,1,,2024-11-18 19:57:40.321941,2024-11-18 19:57:40.321941,1149
151,,"Dear future me, I hope you have found the strength to overcome your fears and have embraced new challenges. I believe in you and your potential.",2026-12-30 00:00:00,scheduled,1,,2024-11-18 19:57:40.326960,2024-11-18 19:57:40.326960,1151
152,,"Hey future self, I hope you have maintained your passion for learning and have not let setbacks deter you from your goals. Keep pushing forward.",2025-12-31 00:00:00,scheduled,1,,2024-11-18 19:57:40.332987,2024-11-18 19:57:40.332987,1152
153,,"Future me, I hope you have found a balance between work and play. Don't forget to take care of your mental and physical health.",2026-01-01 00:00:00,scheduled,1,,2024-11-18 19:57:40.341043,2024-11-18 19:57:40.341043,1153
154,,"Dear future self, I hope you have continued to grow and evolve as a person. Remember to always be kind to yourself and others.",2025-01-02 00:00:00,sent,1,,2024-11-18 19:57:40.347052,2025-01-06 17:27:18.270424,1154
155,,"Hey future me, I hope you have found joy and fulfillment in your career. Keep striving for excellence and never settle for mediocrity.",2026-01-03 00:00:00,scheduled,1,,2024-11-18 19:57:40.355181,2024-11-18 19:57:40.355181,1155
156,,"Future me, I hope you have learned to let go of the past and live in the present. Embrace each moment and make the most of it.",2025-01-04 00:00:00,sent,1,,2024-11-18 19:57:40.361686,2025-01-06 17:27:21.158444,1156
157,,"Dear future self, I hope you have stayed true to your values and have not compromised on what is important to you. Stay strong and keep moving forward.",2025-01-05 00:00:00,sent,1,,2024-11-18 19:57:40.367383,2025-01-06 17:27:23.914116,1157
158,,"Hey future me, I hope you have continued to pursue your passions and have not let fear hold you back. Keep pushing your boundaries.",2026-01-06 00:00:00,scheduled,1,,2024-11-18 19:57:40.376691,2024-11-18 19:57:40.376691,1158
159,,"Future me, I hope you have taken the time to appreciate the beauty in everyday life. Slow down and enjoy the moment.",2025-01-07 00:00:00,sent,1,,2024-11-18 19:57:40.382481,2025-01-06 18:15:27.400432,1159
160,,"Dear future self, I hope you have continued to be generous and give back to your community. Your kindness will make a difference.",2025-01-08 00:00:00,sent,1,,2024-11-18 19:57:40.392003,2025-01-10 17:27:17.895413,1160
161,,"Hey future me, I hope you have remained optimistic and positive, even when faced with challenges. Keep your head up and keep going.",2026-01-09 00:00:00,scheduled,1,,2024-11-18 19:57:40.398021,2024-11-18 19:57:40.398021,1161
162,,"By now, you should have a wealth of experiences and stories to tell. Share your journey with others and inspire them.",2025-01-10 00:00:00,sent,1,,2024-11-18 19:57:40.407155,2025-01-10 17:27:20.534990,1162
163,,"Dear future me, I hope you have found true happiness and contentment in whatever you are doing. Stay positive and keep smiling.",2025-01-11 00:00:00,sent,1,,2024-11-18 19:57:40.413091,2025-01-10 18:15:23.982311,1163
164,,"Hey future self, I hope you have surrounded yourself with positive and inspiring people who lift you up. Stay connected with loved ones.",2026-01-12 00:00:00,scheduled,1,,2024-11-18 19:57:40.420180,2024-11-18 19:57:40.420180,1164
165,,"Future me, I hope you have continued to pursue your dreams and never settled for less than what you deserve. Keep reaching for the stars.",2025-01-13 00:00:00,sent,1,,2024-11-18 19:57:40.428341,2025-01-14 17:29:07.425328,1165
166,,"Dear future self, I hope you have stayed curious and always sought to learn more about the world around you. Keep exploring and discovering.",2025-01-14 00:00:00,sent,1,,2024-11-18 19:57:40.434640,2025-01-14 17:29:10.033737,1166
167,,"Hey future me, I hope you have continued to grow and evolve as a person. Keep pushing your boundaries and striving for self-improvement.",2026-01-15 00:00:00,scheduled,1,,2024-11-18 19:57:40.442551,2024-11-18 19:57:40.442551,1167
168,,"By now, you should have achieved some of your biggest dreams. Don't stop there, keep aiming higher and pursuing your goals.",2025-01-16 00:00:00,sent,1,,2024-11-18 19:57:40.449773,2025-01-18 17:27:15.158089,1168
169,,"Dear future me, I hope you have maintained your sense of humor and continue to find joy in the little things. Stay happy and keep laughing.",2025-01-17 00:00:00,sent,1,,2024-11-18 19:57:40.457699,2025-01-18 17:27:18.109673,1169
170,,"Hey future self, I hope you have stayed true to yourself and have not let others' opinions sway you. Stay strong and confident.",2026-01-18 00:00:00,scheduled,1,,2024-11-18 19:57:40.463666,2024-11-18 19:57:40.463666,1170
171,,"Future me, I hope you have found peace and tranquility in your life. Take time to relax and recharge. Self-care is important.",2025-01-19 00:00:00,scheduled,1,,2024-11-18 19:57:40.472745,2024-11-18 19:57:40.472745,1171
172,,"Dear future self, I hope you have continued to be a good friend and have supported those around you. Your kindness makes a difference.",2025-01-20 00:00:00,scheduled,1,,2024-11-18 19:57:40.479242,2024-11-18 19:57:40.479242,1172
173,,"Hey future me, I hope you have achieved the work-life balance you always wanted. Take care of yourself and enjoy your life.",2026-01-21 00:00:00,scheduled,1,,2024-11-18 19:57:40.486482,2024-11-18 19:57:40.486482,1173
174,,"By now, you should have learned to let go of what doesn't serve you and embraced what truly makes you happy. Stay positive and keep growing.",2025-01-22 00:00:00,scheduled,1,,2024-11-18 19:57:40.496493,2024-11-18 19:57:40.496493,1174
175,,"Dear future me, I hope you have stayed resilient and strong in the face of adversity. Keep moving forward and never give up.",2025-01-23 00:00:00,scheduled,1,,2024-11-18 19:57:40.504937,2024-11-18 19:57:40.504937,1175
176,,"Dear future world and me, It's just a test. So bear with me please.",2026-01-23 00:00:00,scheduled,1,,2024-11-18 19:57:40.511475,2024-11-18 19:57:40.511475,1176
177,,"Dear FutureMe, Do you realise how much spam you have received because you were stoooooopid enough to sign up to this stupid bloody reminder service and they'll have sold your email address on a billion times by now. Aarrrrgh..... do you never learn! Your old self.",2026-02-23 00:00:00,scheduled,1,,2024-11-18 19:57:40.517358,2024-11-18 19:57:40.517358,1177
178,,"Dear FutureMe, i'm a little bit emotional writing this to you . mostly because right now i have a lot on my shoulders, starting to work for going to the academy and getting my life together isnt that easy. i'm 17 right now, turning 18 in august . tbh i knew i wouldn't be excited to get here . everyone wants to grow up and do their big people things, and for me it feels a little overwhelimg, mostly because i have a big exam, and the last time i had one for highschool i was really dissapointed in myself, even tho in the end i am more happier in this highschool. i'm scared that i'm going to dissapoint myself again and fail, thats why i'm going to work hard and try to get where i dream. i found a way to give myself a letter for future me through some nice people that come from around the world, you'll probably remember them. life has already started for 'big me' and its not easy, sometimes it can be horrible, but with good and bad, i'm sure you that will be reading this will remember everything and be warm inside because of the memories, the highschool years and fun, all that corona drama that right now is still hapening . just hoping you won't have to take the exam while corona is still a thing .but when you will get the letter you already know that answer.do you have a license now?i hope i didn't have to take that exam too many times :)). are you still with that blonde guy that gives you butterflies everytime you see him ? does he still make you fall in love with him everyday ? or have you moved on from your first love ? all i know is that he's always going to be in your heart, no matter what happens . i want you to know that no matter what happens and where you end up, i'm proud of you , proud of all the hard work you are probably doing , and i'm sorry if me from now doesn't work hard enough for you , but i try my best . i'm also trying to improve myself, be a better person, love and get to know myself . i wonder if you have accomplished any of those, i hope you have. i love you and can't wait to hear all the answers . i hope that i will not be so scared of the future anymore. hope everything will be a little clearer for future me . kisses from january 2021 me",2026-02-24 00:00:00,scheduled,1,,2024-11-18 19:57:40.525493,2024-11-18 19:57:40.525493,1178
179,,"Dear FutureMe, Women, well, they are... impossible, don't waste your time, dont marry them, dont spend money on them, just **** them, thats all it comes down too. If your still doing this in your 38 years of existance, well, to be frank, your the man... and if your doing this to more than five women a month, you wear the serious bling, and own your own plastic surgery clinic, and have the mintest milf receptionist, im goin 2 hav 2 say your the greatest man it the world... oh... and your going to be priminister too, if your not, i hope you are rootin at least 20 women a month... and show clinton how those interns are really done. Cheer bo H",2027-05-21 00:00:00,scheduled,1,,2024-11-18 19:57:40.532506,2024-11-18 19:57:40.532506,1179
180,,"Dear FutureMe, Did you go Space Yet or what? get off your butt and go bounce on the moon -what the hell is keeping you - too expensive? You need some space buddies. Aliens land yet? - did you get their help go to Space and fly around Mars. Because you know you needed them damn pesky aliens to come down and whisk you off. NASA have their thumb up their ass and deny any real leaps in technology.They still Bullshitting people?? If you did go - How was it? Dark and Spacey hey.. thats what I thought. did you take some pictures with some new kind of 3D Camera. Good job -I will start looking forward to it now. Later Space Cadet. (Happy Birthday by the way)",2027-05-25 00:00:00,scheduled,1,,2024-11-18 19:57:40.541502,2024-11-18 19:57:40.541502,1180
181,,"Dear FutureMe, God is in control. He will help you through this. Fight from victory, be kind and seek God above all!",2027-05-15 00:00:00,scheduled,1,,2024-11-18 19:57:40.547901,2024-11-18 19:57:40.547901,1181
182,,"Dear Spencer, You may or may not still be working within the corporate world. It's only been my fourth day at the office but its quite a lot to adjust to. The whole 9-5, American dream. We've always been conflicted within ourself. Of who we are, what we think we are supposed to do that makes us happy. Who others want to us to be. What we the world and society tells us we are supposed to be and who and what is within the bounds of our dreams. When you are reading this, I want you to ask yourself. Are you happy? Are you on the right path that is leading you to your best life? Your best self? The dream you wanted? The man you were meant to be? If you still find yourself lost with the world, please, promise me. Promise yourself, that you will make the change. To do what is necessary to put you on your path. It is never too late to change. I love you with everything that I am, no matter what. You deserve to be happy. You deserve to be the best version of yourself. Love yourself. Love, Spencer",2025-01-15 00:00:00,sent,1,,2024-11-18 19:57:40.558262,2025-01-18 17:27:21.042621,1182
183,,"Dear Spencer, You may or may not still be working within the corporate world. It's only been my fourth day at the office but its quite a lot to adjust to. The whole 9-5, American dream. We've always been conflicted within ourself. Of who we are, what we think we are supposed to do that makes us happy. Who others want to us to be. What we the world and society tells us we are supposed to be and who and what is within the bounds of our dreams. When you are reading this, I want you to ask yourself. Are you happy? Are you on the right path that is leading you to your best life? Your best self? The dream you wanted? The man you were meant to be? If you still find yourself lost with the world, please, promise me. Promise yourself, that you will make the change. To do what is necessary to put you on your path. It is never too late to change. I love you with everything that I am, no matter what. You deserve to be happy. You deserve to be the best version of yourself. Love yourself. Love, Spencer",2025-01-15 00:00:00,sent,1,,2024-11-18 19:57:40.563955,2025-01-18 17:27:24.027583,1183
184,,"Dear FutureMe, Hello I hope that in the future there will be no bullying. And people will stand up to bullies. I can be an up stander by standing up to bullies. I hope that. I can be an upstander by the time this letter is delivered. And I will uphold the resolution of respect that way.",2025-02-15 00:00:00,scheduled,1,,2024-11-18 19:57:40.573578,2024-11-18 19:57:40.573578,1184
185,,"Dear FutureMe, Hopefully, you're a better version of yourself 10 years from writing this. That you're happy with where you are and what you do, that you've changed for better and you can do something and call yourself something that you're proud of. That you have your life together and you're happy. Maybe you will look physically different and have a different attitude and view on life. Will you stick to your plan or will you take a different path. hopefully you committed to something and got out of your comfort zone and you're proud of yourself.",2025-02-05 00:00:00,scheduled,1,,2024-11-18 19:57:40.580971,2024-11-18 19:57:40.580971,1185
186,,"Dear FutureMe, I am very proud of you! You are very much different now. You are already accepting your mistakes, accepting what you lack and giving more than what you receive. I hope this will not end here. The moment that you read this message, hopefully you are already happy with your life and you are living the life together with the person that you love the most. I want to see you with Ariel still. Godbless on your following Journey!",2028-01-02 00:00:00,scheduled,1,,2024-11-18 19:57:40.590473,2024-11-18 19:57:40.590473,1186
187,,"Dear FutureMe, Hi. when you read this letter, that means you have made it through the hard days you feared. congratulations on this five-year journey. I'm sure your success today is the success you want.",2028-01-02 00:00:00,scheduled,1,,2024-11-18 19:57:40.596469,2024-11-18 19:57:40.596469,1187
188,,"Dear FutureMe, I never dream of what is the best for me , but allow me to open this. I hope that u get a successful life that u deserve 10 years from now and u have someone that could possibly bring an unexpected joy and peace to your little life. The one u could not ask for but gives what u really deserve and treats u of what like a woman is someone to be treated. I know , it is hard to make up that one , but keep always in mind that yourself is the one who making the future u wish for. I hope the most and best for you.",2028-01-03 00:00:00,scheduled,1,,2024-11-18 19:57:40.606746,2024-11-18 19:57:40.606746,1188
189,,"Dear FutureMe, I hope whatever or wherever you are you learn to make peace with yourself. I hope you are strong enough to tell me that I am wrong for believing that you'll never have a place. I hope you find yourself sitting or crowding around the dinner table and not retreating back into a corner . I hope you're feeling comfortable with telling your feelings and calling first your family when you feel suffocated. I hope you don't see yourself as nothing anymore.",2028-03-03 00:00:00,scheduled,1,,2024-11-18 19:57:40.612610,2024-11-18 19:57:40.613013,1189
190,,"Dear future me, I saw this idea on TikTok and thought this would be a wonderful thing to do. I set this up to receive three years into the future. I did this just for the sole reason that I will *hopefully* be officially graduated from law school! I am sure it was one crazy ride to get to where I am, but it will definitely be worth it. I have always dreamed of this moment, always dreamed of becoming a lawyer, always dreamed of being so successful it just does not feel real. I hope we are still with Max, he is one amazing soul. I love everything about him, but I especially love his mind. He is so dang smart its actually crazy and just so so so kind and compassionate and has the same goal and mindset. He definitely keeps me grounded and pulls me back down to earth, especially when my Pisces/Aquarius mind goes dreaming again. But it is good to have dreams, it is good to imagine. I hope everyone in the family is doing well. Three years seems so far away but also so close. So much can happen in three years, good and bad, ugly and beautiful. I know Paps may not be around, that would be asking a lot, but if he is, man I am so gratefully to have spent so much time with him that I did. Same goes with Nans. Paps was really her great love, and we just cannot see her without him. (btw I'm crying writing this so you will probably be bawling reading this). Bunzy should be graduated from college and probably opened up Spuds like he has talked about so much. Mom better be retired and same with Pants. They do everything for me, and probably went above and beyond while I was in law school. Mom is my best friend and there is no doubt in my mind she will be my best friend forever. Although I really love children, I really hope to not have any or have any on the way in three years, give it three more years and then start having children. Maybe be a fur mom to many little kitties running around? And of course be married first, *hopefully* it will be to my beloved Max. Some days will definitely be harder than others, but push through. Really think and work hard and push. Nothing will come easy, everything is priced and I will have to earn it. I really hope I never lost my empathy, open-mindedness, kindness and big heart during these three years. Please do not lose sight on the bigger picture; success. Success not only in school, life and work, but in friends, family and love. Work hard, do not get played and love yourself. Many, many people are counting on you, you are counting on you. Trust me, this life is everything and more.",2028-03-03 00:00:00,scheduled,1,,2024-11-18 19:57:40.619904,2024-11-18 19:57:40.619904,1190
191,,"Dear FutureMe, It's been 2 months since we went into lockdown. The world outside is empty. Tumbleweeds blow through Time Square. The Sidney opera house is silent. The Mona Lisa has to make do with small snippets of attention from a passing security guard who, frankly, isn't convinced she's all that. The only places still bustling are Intensive Care Units. We still don't know when it's all going to end, and my anxiety is mounting. I'm almost paralysed by it. It's impossible to know how much of my fear is altruistic... a kind of existential pain for a world that's suffering. The truth is, I think, that most of my anxiety is shallow, selfish. I'm upset I can't hug my mum, that she's in another country and it could be months, even a year, before I get to see her again. I'm worried that I'm too stupid or lazy to complete my dissertation. My Masters degree hangs in the balance. Complexities surrounding placements and Coronavirus mean that it could be another year before I'm qualified, and this uncertainty panics me. Beneath that is a fear that I'm not sure I even want to be qualified, and that beginning a career in the health service currently feels wholly overwhelming. In a way, the millions of ill and dead and destitute and abused show the folly of my petty worries. My privilege, my luck, to be young and healthy and pursuing a post graduate degree. But the fear still remains, a panic that my body can't forget no matter what my mind tries. I try to forgive myself, because I am unwell. Mental illness is a part of my story. Fear, dread, depression. Sometimes I find myself unable to move. Sometimes it turns into pain, nausea, fever, like my mind is overflowing and poisoning my body. But I meditate, and I breath through it, and I try to live a life that makes sense, that isn't about staying safe. I'm in love too. He squeezes me tight when it all gets to much. He moors me to the surface of the earth so I don't float away. He's something physical to touch. Something beyond the anxious uncertainty of social media with its unread messages and ambiguous emojis. I'm 24 next week. There's something to that. There's something powerful about knowing that time is still passing even as we're all standing still. I enjoy my birthdays. I'll drink champagne, and eat cake. I'll open gifts. I celebrate being as loved as I am. Being young, and beautiful, and being in love with a handsome man who fully embraces even my defects. I won't ask you any questions, future me, even though I have many. I'm sure I know all that I need to. I hope that you still meditate. I hope you are still in love. I hope you are filled with gratitude when you hug your mum. I suppose I am writing to remind myself that there is a future. Now, more than ever, glib remarks about apocalypse and the inevitability of death have become commonplace. It feels as if this virus has turned us all into Nihilists. But I believe in survival, kindness, and the human spirit. And I believe in you. Best Wishes, future you. xx",2038-03-23 00:00:00,scheduled,1,,2024-11-18 19:57:40.627484,2024-11-18 19:57:40.627484,1191
192,,"Dear FutureMe, keep on going even if it's hard",2025-10-23 00:00:00,scheduled,1,,2024-11-18 19:57:40.635660,2024-11-18 19:57:40.635660,1192
193,,"Dear FutureMe, To become who you want to be you have to let go of who you are. Be better. Be inspired. Put that back out into the world. Let your mind flow unrestrained by physical circumstance. Don?t forget to think. With love, your better half",2025-12-23 00:00:00,scheduled,1,,2024-11-18 19:57:40.643140,2024-11-18 19:57:40.643140,1193
194,ojhaprasansha36@gmail.com,"dear future me, this is from PKD. we are a food blogger",2024-12-05 07:20:00,sent,1,,2024-12-05 01:34:43.537929,2024-12-07 23:47:51.488853,1
195,ojhaprasansha36@gmail.com,"dear future me, this is from PKD. we are a food blogger",2024-12-05 07:20:00,sent,1,,2024-12-05 01:35:02.424435,2024-12-07 23:47:55.134058,1
196,ojhaprasansha36@gmail.com,"dear future me, this is from PKD. we are a food blogger",2024-12-05 07:20:00,sent,1,,2024-12-05 01:35:09.666312,2024-12-07 23:47:58.558572,1
197,ojhaprasansha36@gmail.com,"dear future me, this is from PKD. we are a food blogger",2024-12-05 07:20:00,sent,1,,2024-12-05 01:35:14.615375,2024-12-07 23:48:01.988692,1
198,ojhaprasansha36@gmail.com,"dear future me, this is from PKD. we are a food blogger",2024-12-05 07:20:00,sent,1,,2024-12-05 01:35:19.728178,2024-12-07 23:48:05.438760,1
199,ojhaprasansha36@gmail.com,"dear future me, this is from PKD. we are a food blogger",2024-12-05 07:20:00,sent,1,,2024-12-05 01:38:07.448959,2024-12-07 23:48:08.869259,1
200,kristu@wishy.fr,hi future self i love that you are growing,2024-12-05 07:27:00,sent,1,,2024-12-05 01:41:21.245165,2024-12-07 23:48:12.211442,1
201,deepsovakarki@gmail.com,hi future self i love that you are growing,2024-12-05 07:27:00,sent,1,,2024-12-05 01:45:03.913107,2024-12-07 23:48:15.623947,1
202,kristu@wishy.fr,"hi future, i am rich i am rich. i am going to be richest person of the world. i am billionaire, i am trillionaire. i am beautiful.",2024-12-05 08:30:00,sent,1,,2024-12-05 02:43:54.584277,2024-12-07 23:48:19.493526,
203,kristu@wishy.fr,hi i am kristu panta lallalal,2024-12-05 09:08:00,sent,1,,2024-12-05 03:22:25.688466,2024-12-07 23:48:23.455170,1196
204,kristu@wishy.fr,hi i am kristu panta lallalal,2024-12-05 09:08:00,sent,1,,2024-12-05 03:25:16.405940,2024-12-07 23:48:26.867409,1196
205,kristu@wishy.fr,i Write so many letter but nothing is scheduled. why is this not working,2024-12-05 09:17:00,sent,1,,2024-12-05 03:31:56.873509,2024-12-07 23:48:30.341459,1196
206,kristu@wishy.fr,hi my name is kristu panta panta panta,2024-12-05 09:21:00,sent,1,,2024-12-05 03:35:40.964284,2024-12-07 23:48:33.732840,1196
207,karkideepshova@gmail.com,Such a beautiful day it is. dear future me. i will already be rich when i receive this email,2024-12-06 23:46:00,sent,1,,2024-12-06 18:00:18.095720,2024-12-07 23:48:37.179740,1195
208,ojhaprasansha@gmail.com,i lvoe me,2024-12-07 19:08:00,sent,1,,2024-12-07 13:22:52.424557,2024-12-07 23:48:40.525213,1
209,ojhaprasansha@gmail.com,i love me,2024-12-07 19:51:00,sent,1,,2024-12-07 14:05:38.450085,2024-12-07 23:48:44.956281,1
210,ojhaprasansha@gmail.com,i love me,2024-12-07 19:51:00,sent,1,,2024-12-07 14:07:17.804576,2024-12-07 23:48:49.215915,1
211,kristu@wishy.fr,i love me,2024-12-07 19:54:00,sent,1,,2024-12-07 14:08:55.916688,2024-12-07 23:48:53.227711,1
212,kristu@wishy.fr,i love me,2024-12-07 19:54:00,sent,1,,2024-12-07 14:13:50.197949,2024-12-07 23:48:56.878926,1
213,kristu@wishy.fr,i love me,2024-12-07 20:04:00,sent,1,,2024-12-07 14:18:35.789776,2024-12-07 23:49:00.356488,1
214,,"Important state hope alone media. Economy final result alone find lot.
Fast stock hour parent than store. Cause force shoulder course.",2024-09-21 00:00:00,sent,1,Treat few explain.,2024-12-07 19:27:22.880720,2024-12-07 23:49:03.050292,93
215,,"Floor create whose even. Thus green necessary nearly visit better onto.
President admit over draw. Can fish according reality.
Life officer agree never. Western including course person movement.",2024-06-12 00:00:00,sent,1,Plan drug Democrat break turn scene card.,2024-12-07 19:27:22.899303,2024-12-07 23:49:05.695728,1136
216,,"Professor government show. Edge owner home program deep. Weight main catch door hit natural strong.
Power short single anything. Thus us cost thing affect member. Coach evidence new.",2024-11-26 00:00:00,sent,1,Bag try statement project campaign edge else.,2024-12-07 19:27:22.920239,2024-12-07 23:49:08.301849,1237
217,,Authority capital beyond discuss environment outside as ever. Standard new term appear evidence.,2024-11-23 00:00:00,sent,1,Usually behavior walk teacher character.,2024-12-07 19:27:22.947836,2024-12-07 23:49:10.919313,94
218,,Majority there world miss water mother better institution. Son who large sign trouble individual. Simple discuss someone will field model.,2024-04-15 00:00:00,sent,1,Story us main itself team check.,2024-12-07 19:27:22.971450,2024-12-07 23:49:13.487182,1196
219,,"Name ask and ground number. Someone black official.
Seat shake brother time tonight. Few use onto degree rise education. Early issue leader.",2024-03-26 00:00:00,sent,1,Culture college whose training budget.,2024-12-07 19:29:17.370717,2024-12-07 23:49:16.192024,1148
220,,Energy sell financial me reveal including. Season former news close. Effect identify maybe speak pattern make happen.,2024-06-19 00:00:00,sent,1,Police if example send mission just.,2024-12-07 19:29:17.398980,2024-12-07 23:49:18.783882,1027
221,,"Management claim quickly capital happy claim. Question old body. Production trade respond finish lose.
Growth join must yeah sing. Budget race more sense room present might.",2024-07-03 00:00:00,sent,1,Value service know area issue top space.,2024-12-07 19:29:17.419736,2024-12-07 23:49:21.404077,1187
222,,"Those kid spend pass Congress money. Them number result both able. Return might both always final happy.
Perform project less we. Either political even because however treat.",2024-10-24 00:00:00,sent,1,Cold do safe trip behind enjoy everything.,2024-12-07 19:29:17.437929,2024-12-07 23:49:24.054869,145
223,,"Scientist health word cost recent set produce possible. Push similar opportunity hour baby move particular many.
Break some want indeed them prepare. More question onto baby site apply.",2024-01-08 00:00:00,sent,1,Opportunity well forget property various character light.,2024-12-07 19:29:17.466384,2024-12-07 23:49:26.654069,1104
224,karkideepshova@gmail.com,hi yo yo who is this,2024-12-08 05:20:00,sent,1,,2024-12-07 23:35:01.184351,2024-12-07 23:49:30.025719,1
225,karkideepshova@gmail.com,fbdgh,2024-12-08 05:35:00,sent,1,,2024-12-07 23:49:34.347800,2024-12-07 23:50:33.642286,1
226,karkideepshova@gmail.com,hiii futureme,2024-12-08 11:26:00,sent,1,,2024-12-08 05:40:13.827975,2024-12-08 17:27:16.512687,1195
227,user2@example.com,"Dear FutureMe, life is a journey filled with lessons. I hope you’ve learned to embrace every step. This message is especially for user 2.",2025-11-14 00:00:00,scheduled,1,Letter to FutureMe #2,2025-01-14 16:53:44.332638,2025-01-14 16:53:44.332638,2
228,user3@example.com,"Dear FutureMe, I hope you have found happiness in the simple things in life. Remember to cherish every moment. This message is especially for user 3.",2025-04-05 00:00:00,scheduled,1,Letter to FutureMe #3,2025-01-14 16:53:44.332638,2025-01-14 16:53:44.332638,3
229,user4@example.com,"Dear FutureMe, life is a journey filled with lessons. I hope you’ve learned to embrace every step. This message is especially for user 4.",2025-10-31 00:00:00,scheduled,1,Letter to FutureMe #4,2025-01-14 16:53:44.340003,2025-01-14 16:53:44.340003,4
230,user5@example.com,"Dear FutureMe, I hope you have achieved your dreams and continue striving for more. This message is especially for user 5.",2025-08-08 00:00:00,scheduled,1,Letter to FutureMe #5,2025-01-14 16:53:44.341030,2025-01-14 16:53:44.341030,5
231,user6@example.com,"Dear FutureMe, I hope you have achieved your dreams and continue striving for more. This message is especially for user 6.",2025-09-17 00:00:00,scheduled,1,Letter to FutureMe #6,2025-01-14 16:53:44.341927,2025-01-14 16:53:44.341927,6
232,user7@example.com,"Dear FutureMe, always remember that challenges make you stronger. Keep pushing forward. This message is especially for user 7.",2025-04-26 00:00:00,scheduled,1,Letter to FutureMe #7,2025-01-14 16:53:44.342926,2025-01-14 16:53:44.342926,7
233,user8@example.com,"Dear FutureMe, always remember that challenges make you stronger. Keep pushing forward. This message is especially for user 8.",2025-07-09 00:00:00,scheduled,1,Letter to FutureMe #8,2025-01-14 16:53:44.343924,2025-01-14 16:53:44.343924,8
234,user9@example.com,"Dear FutureMe, I hope you have found happiness in the simple things in life. Remember to cherish every moment. This message is especially for user 9.",2025-06-20 00:00:00,scheduled,1,Letter to FutureMe #9,2025-01-14 16:53:44.344132,2025-01-14 16:53:44.344132,9
235,user10@example.com,"Dear FutureMe, life is a journey filled with lessons. I hope you’ve learned to embrace every step. This message is especially for user 10.",2025-10-26 00:00:00,scheduled,1,Letter to FutureMe #10,2025-01-14 16:53:44.345130,2025-01-14 16:53:44.345130,10
236,user11@example.com,"Dear FutureMe, always remember that challenges make you stronger. Keep pushing forward. This message is especially for user 11.",2025-12-11 00:00:00,scheduled,1,Letter to FutureMe #11,2025-01-14 16:53:44.346127,2025-01-14 16:53:44.346127,11
237,user12@example.com,"Dear FutureMe, always remember that challenges make you stronger. Keep pushing forward. This message is especially for user 12.",2025-07-14 00:00:00,scheduled,1,Letter to FutureMe #12,2025-01-14 16:53:44.346901,2025-01-14 16:53:44.346901,12
238,user13@example.com,"Dear FutureMe, I hope you have found happiness in the simple things in life. Remember to cherish every moment. This message is especially for user 13.",2025-04-25 00:00:00,scheduled,1,Letter to FutureMe #13,2025-01-14 16:53:44.346901,2025-01-14 16:53:44.346901,13
239,user14@example.com,"Dear FutureMe, I hope you have achieved your dreams and continue striving for more. This message is especially for user 14.",2025-10-12 00:00:00,scheduled,1,Letter to FutureMe #14,2025-01-14 16:53:44.346901,2025-01-14 16:53:44.346901,14
240,user15@example.com,"Dear FutureMe, always remember that challenges make you stronger. Keep pushing forward. This message is especially for user 15.",2025-05-19 00:00:00,scheduled,1,Letter to FutureMe #15,2025-01-14 16:53:44.346901,2025-01-14 16:53:44.346901,15
241,user16@example.com,"Dear FutureMe, I hope you are surrounded by love and positivity. Never forget your roots. This message is especially for user 16.",2025-07-02 00:00:00,scheduled,1,Letter to FutureMe #16,2025-01-14 16:53:44.351953,2025-01-14 16:53:44.351953,16
242,user17@example.com,"Dear FutureMe, life is a journey filled with lessons. I hope you’ve learned to embrace every step. This message is especially for user 17.",2025-05-10 00:00:00,scheduled,1,Letter to FutureMe #17,2025-01-14 16:53:44.352279,2025-01-14 16:53:44.352279,17
243,user18@example.com,"Dear FutureMe, life is a journey filled with lessons. I hope you’ve learned to embrace every step. This message is especially for user 18.",2025-07-15 00:00:00,scheduled,1,Letter to FutureMe #18,2025-01-14 16:53:44.353279,2025-01-14 16:53:44.353279,18
244,user19@example.com,"Dear FutureMe, life is a journey filled with lessons. I hope you’ve learned to embrace every step. This message is especially for user 19.",2025-03-10 00:00:00,scheduled,1,Letter to FutureMe #19,2025-01-14 16:53:44.353279,2025-01-14 16:53:44.353279,19
245,user20@example.com,"Dear FutureMe, I hope you are surrounded by love and positivity. Never forget your roots. This message is especially for user 20.",2025-08-19 00:00:00,scheduled,1,Letter to FutureMe #20,2025-01-14 16:53:44.354277,2025-01-14 16:53:44.354277,20
246,user21@example.com,"Dear FutureMe, life is a journey filled with lessons. I hope you’ve learned to embrace every step. This message is especially for user 21.",2025-01-28 00:00:00,scheduled,1,Letter to FutureMe #21,2025-01-14 16:53:44.355276,2025-01-14 16:53:44.355276,21
247,user22@example.com,"Dear FutureMe, always remember that challenges make you stronger. Keep pushing forward. This message is especially for user 22.",2025-03-09 00:00:00,scheduled,1,Letter to FutureMe #22,2025-01-14 16:53:44.356681,2025-01-14 16:53:44.356681,22
248,user23@example.com,"Dear FutureMe, I hope you have achieved your dreams and continue striving for more. This message is especially for user 23.",2025-06-28 00:00:00,scheduled,1,Letter to FutureMe #23,2025-01-14 16:53:44.356681,2025-01-14 16:53:44.356681,23
249,user24@example.com,"Dear FutureMe, life is a journey filled with lessons. I hope you’ve learned to embrace every step. This message is especially for user 24.",2025-10-21 00:00:00,scheduled,1,Letter to FutureMe #24,2025-01-14 16:53:44.359580,2025-01-14 16:53:44.359580,24
250,user25@example.com,"Dear FutureMe, I hope you have achieved your dreams and continue striving for more. This message is especially for user 25.",2025-11-22 00:00:00,scheduled,1,Letter to FutureMe #25,2025-01-14 16:53:44.360266,2025-01-14 16:53:44.360266,25
251,user26@example.com,"Dear FutureMe, I hope you have found happiness in the simple things in life. Remember to cherish every moment. This message is especially for user 26.",2025-05-11 00:00:00,scheduled,1,Letter to FutureMe #26,2025-01-14 16:53:44.360266,2025-01-14 16:53:44.360266,26
252,user27@example.com,"Dear FutureMe, I hope you are surrounded by love and positivity. Never forget your roots. This message is especially for user 27.",2025-07-16 00:00:00,scheduled,1,Letter to FutureMe #27,2025-01-14 16:53:44.361683,2025-01-14 16:53:44.361683,27
253,user28@example.com,"Dear FutureMe, I hope you are surrounded by love and positivity. Never forget your roots. This message is especially for user 28.",2025-11-20 00:00:00,scheduled,1,Letter to FutureMe #28,2025-01-14 16:53:44.362680,2025-01-14 16:53:44.362680,28
254,user29@example.com,"Dear FutureMe, I hope you have achieved your dreams and continue striving for more. This message is especially for user 29.",2025-07-25 00:00:00,scheduled,1,Letter to FutureMe #29,2025-01-14 16:53:44.363676,2025-01-14 16:53:44.363676,29
255,user30@example.com,"Dear FutureMe, I hope you have achieved your dreams and continue striving for more. This message is especially for user 30.",2025-10-20 00:00:00,scheduled,1,Letter to FutureMe #30,2025-01-14 16:53:44.364673,2025-01-14 16:53:44.364673,30
256,user31@example.com,"Dear FutureMe, always remember that challenges make you stronger. Keep pushing forward. This message is especially for user 31.",2025-11-08 00:00:00,scheduled,1,Letter to FutureMe #31,2025-01-14 16:53:44.364673,2025-01-14 16:53:44.364673,31
257,user32@example.com,"Dear FutureMe, life is a journey filled with lessons. I hope you’ve learned to embrace every step. This message is especially for user 32.",2025-02-27 00:00:00,scheduled,1,Letter to FutureMe #32,2025-01-14 16:53:44.365387,2025-01-14 16:53:44.365387,32
258,user33@example.com,"Dear FutureMe, I hope you have found happiness in the simple things in life. Remember to cherish every moment. This message is especially for user 33.",2025-02-15 00:00:00,scheduled,1,Letter to FutureMe #33,2025-01-14 16:53:44.365387,2025-01-14 16:53:44.365387,33
259,user34@example.com,"Dear FutureMe, life is a journey filled with lessons. I hope you’ve learned to embrace every step. This message is especially for user 34.",2025-04-25 00:00:00,scheduled,1,Letter to FutureMe #34,2025-01-14 16:53:44.365387,2025-01-14 16:53:44.365387,34
260,user35@example.com,"Dear FutureMe, always remember that challenges make you stronger. Keep pushing forward. This message is especially for user 35.",2025-02-08 00:00:00,scheduled,1,Letter to FutureMe #35,2025-01-14 16:53:44.365387,2025-01-14 16:53:44.365387,35
261,user36@example.com,"Dear FutureMe, I hope you have found happiness in the simple things in life. Remember to cherish every moment. This message is especially for user 36.",2025-06-11 00:00:00,scheduled,1,Letter to FutureMe #36,2025-01-14 16:53:44.368781,2025-01-14 16:53:44.368781,36
262,user37@example.com,"Dear FutureMe, I hope you have found happiness in the simple things in life. Remember to cherish every moment. This message is especially for user 37.",2025-09-05 00:00:00,scheduled,1,Letter to FutureMe #37,2025-01-14 16:53:44.368781,2025-01-14 16:53:44.368781,37
263,user38@example.com,"Dear FutureMe, I hope you have achieved your dreams and continue striving for more. This message is especially for user 38.",2025-12-12 00:00:00,scheduled,1,Letter to FutureMe #38,2025-01-14 16:53:44.369803,2025-01-14 16:53:44.369803,38
264,user39@example.com,"Dear FutureMe, I hope you are surrounded by love and positivity. Never forget your roots. This message is especially for user 39.",2025-10-24 00:00:00,scheduled,1,Letter to FutureMe #39,2025-01-14 16:53:44.370665,2025-01-14 16:53:44.370665,39
265,user40@example.com,"Dear FutureMe, I hope you have achieved your dreams and continue striving for more. This message is especially for user 40.",2025-08-30 00:00:00,scheduled,1,Letter to FutureMe #40,2025-01-14 16:53:44.371722,2025-01-14 16:53:44.371722,40
266,user41@example.com,"Dear FutureMe, I hope you have achieved your dreams and continue striving for more. This message is especially for user 41.",2025-09-17 00:00:00,scheduled,1,Letter to FutureMe #41,2025-01-14 16:53:44.371722,2025-01-14 16:53:44.371722,41
267,user42@example.com,"Dear FutureMe, life is a journey filled with lessons. I hope you’ve learned to embrace every step. This message is especially for user 42.",2025-05-09 00:00:00,scheduled,1,Letter to FutureMe #42,2025-01-14 16:53:44.372661,2025-01-14 16:53:44.372661,42
268,user43@example.com,"Dear FutureMe, I hope you have achieved your dreams and continue striving for more. This message is especially for user 43.",2025-07-07 00:00:00,scheduled,1,Letter to FutureMe #43,2025-01-14 16:53:44.373868,2025-01-14 16:53:44.373868,43
269,user44@example.com,"Dear FutureMe, I hope you have found happiness in the simple things in life. Remember to cherish every moment. This message is especially for user 44.",2025-12-01 00:00:00,scheduled,1,Letter to FutureMe #44,2025-01-14 16:53:44.373868,2025-01-14 16:53:44.373868,44
270,user45@example.com,"Dear FutureMe, life is a journey filled with lessons. I hope you’ve learned to embrace every step. This message is especially for user 45.",2025-09-22 00:00:00,scheduled,1,Letter to FutureMe #45,2025-01-14 16:53:44.373868,2025-01-14 16:53:44.373868,45
271,user46@example.com,"Dear FutureMe, I hope you have found happiness in the simple things in life. Remember to cherish every moment. This message is especially for user 46.",2025-09-19 00:00:00,scheduled,1,Letter to FutureMe #46,2025-01-14 16:53:44.377984,2025-01-14 16:53:44.377984,46
272,user47@example.com,"Dear FutureMe, always remember that challenges make you stronger. Keep pushing forward. This message is especially for user 47.",2025-06-29 00:00:00,scheduled,1,Letter to FutureMe #47,2025-01-14 16:53:44.378981,2025-01-14 16:53:44.378981,47
273,user48@example.com,"Dear FutureMe, I hope you have found happiness in the simple things in life. Remember to cherish every moment. This message is especially for user 48.",2025-03-01 00:00:00,scheduled,1,Letter to FutureMe #48,2025-01-14 16:53:44.379977,2025-01-14 16:53:44.379977,48
274,user49@example.com,"Dear FutureMe, I hope you have achieved your dreams and continue striving for more. This message is especially for user 49.",2025-11-08 00:00:00,scheduled,1,Letter to FutureMe #49,2025-01-14 16:53:44.379977,2025-01-14 16:53:44.379977,49
275,user50@example.com,"Dear FutureMe, I hope you are surrounded by love and positivity. Never forget your roots. This message is especially for user 50.",2025-11-20 00:00:00,scheduled,1,Letter to FutureMe #50,2025-01-14 16:53:44.379977,2025-01-14 16:53:44.379977,50
276,user51@example.com,"Dear FutureMe, life is a journey filled with lessons. I hope you’ve learned to embrace every step. This message is especially for user 51.",2025-10-20 00:00:00,scheduled,1,Letter to FutureMe #51,2025-01-14 16:53:44.379977,2025-01-14 16:53:44.379977,51
277,user52@example.com,"Dear FutureMe, always remember that challenges make you stronger. Keep pushing forward. This message is especially for user 52.",2025-10-06 00:00:00,scheduled,1,Letter to FutureMe #52,2025-01-14 16:53:44.381229,2025-01-14 16:53:44.381229,52
278,user53@example.com,"Dear FutureMe, life is a journey filled with lessons. I hope you’ve learned to embrace every step. This message is especially for user 53.",2025-08-22 00:00:00,scheduled,1,Letter to FutureMe #53,2025-01-14 16:53:44.381229,2025-01-14 16:53:44.381229,53
279,user54@example.com,"Dear FutureMe, I hope you have achieved your dreams and continue striving for more. This message is especially for user 54.",2025-08-22 00:00:00,scheduled,1,Letter to FutureMe #54,2025-01-14 16:53:44.381229,2025-01-14 16:53:44.381229,54
280,user55@example.com,"Dear FutureMe, I hope you are surrounded by love and positivity. Never forget your roots. This message is especially for user 55.",2025-07-10 00:00:00,scheduled,1,Letter to FutureMe #55,2025-01-14 16:53:44.382502,2025-01-14 16:53:44.382502,55
281,user56@example.com,"Dear FutureMe, I hope you have achieved your dreams and continue striving for more. This message is especially for user 56.",2025-01-23 00:00:00,scheduled,1,Letter to FutureMe #56,2025-01-14 16:53:44.383499,2025-01-14 16:53:44.383499,56
282,user57@example.com,"Dear FutureMe, I hope you have achieved your dreams and continue striving for more. This message is especially for user 57.",2025-06-28 00:00:00,scheduled,1,Letter to FutureMe #57,2025-01-14 16:53:44.383499,2025-01-14 16:53:44.383499,57
283,user58@example.com,"Dear FutureMe, I hope you have found happiness in the simple things in life. Remember to cherish every moment. This message is especially for user 58.",2025-01-30 00:00:00,scheduled,1,Letter to FutureMe #58,2025-01-14 16:53:44.383499,2025-01-14 16:53:44.383499,58
284,user59@example.com,"Dear FutureMe, I hope you have achieved your dreams and continue striving for more. This message is especially for user 59.",2025-08-24 00:00:00,scheduled,1,Letter to FutureMe #59,2025-01-14 16:53:44.384511,2025-01-14 16:53:44.384511,59
285,user60@example.com,"Dear FutureMe, I hope you have achieved your dreams and continue striving for more. This message is especially for user 60.",2025-02-24 00:00:00,scheduled,1,Letter to FutureMe #60,2025-01-14 16:53:44.384511,2025-01-14 16:53:44.384511,60
286,user61@example.com,"Dear FutureMe, life is a journey filled with lessons. I hope you’ve learned to embrace every step. This message is especially for user 61.",2025-10-16 00:00:00,scheduled,1,Letter to FutureMe #61,2025-01-14 16:53:44.384511,2025-01-14 16:53:44.384511,61
287,user62@example.com,"Dear FutureMe, I hope you are surrounded by love and positivity. Never forget your roots. This message is especially for user 62.",2025-04-16 00:00:00,scheduled,1,Letter to FutureMe #62,2025-01-14 16:53:44.384511,2025-01-14 16:53:44.384511,62
288,user63@example.com,"Dear FutureMe, I hope you are surrounded by love and positivity. Never forget your roots. This message is especially for user 63.",2025-03-09 00:00:00,scheduled,1,Letter to FutureMe #63,2025-01-14 16:53:44.384511,2025-01-14 16:53:44.384511,63
289,user64@example.com,"Dear FutureMe, always remember that challenges make you stronger. Keep pushing forward. This message is especially for user 64.",2025-09-21 00:00:00,scheduled,1,Letter to FutureMe #64,2025-01-14 16:53:44.387278,2025-01-14 16:53:44.388306,64
290,user65@example.com,"Dear FutureMe, I hope you are surrounded by love and positivity. Never forget your roots. This message is especially for user 65.",2025-08-06 00:00:00,scheduled,1,Letter to FutureMe #65,2025-01-14 16:53:44.388306,2025-01-14 16:53:44.388306,65
291,user66@example.com,"Dear FutureMe, I hope you have found happiness in the simple things in life. Remember to cherish every moment. This message is especially for user 66.",2025-08-23 00:00:00,scheduled,1,Letter to FutureMe #66,2025-01-14 16:53:44.389272,2025-01-14 16:53:44.389272,66
292,user67@example.com,"Dear FutureMe, I hope you have found happiness in the simple things in life. Remember to cherish every moment. This message is especially for user 67.",2025-10-26 00:00:00,scheduled,1,Letter to FutureMe #67,2025-01-14 16:53:44.389272,2025-01-14 16:53:44.389272,67
293,user68@example.com,"Dear FutureMe, I hope you are surrounded by love and positivity. Never forget your roots. This message is especially for user 68.",2025-11-22 00:00:00,scheduled,1,Letter to FutureMe #68,2025-01-14 16:53:44.389272,2025-01-14 16:53:44.389272,68
294,user69@example.com,"Dear FutureMe, I hope you have found happiness in the simple things in life. Remember to cherish every moment. This message is especially for user 69.",2025-06-27 00:00:00,scheduled,1,Letter to FutureMe #69,2025-01-14 16:53:44.390528,2025-01-14 16:53:44.390528,69
295,user70@example.com,"Dear FutureMe, I hope you have achieved your dreams and continue striving for more. This message is especially for user 70.",2025-11-04 00:00:00,scheduled,1,Letter to FutureMe #70,2025-01-14 16:53:44.391399,2025-01-14 16:53:44.391399,70
296,user71@example.com,"Dear FutureMe, life is a journey filled with lessons. I hope you’ve learned to embrace every step. This message is especially for user 71.",2025-06-11 00:00:00,scheduled,1,Letter to FutureMe #71,2025-01-14 16:53:44.391399,2025-01-14 16:53:44.391399,71
297,user72@example.com,"Dear FutureMe, life is a journey filled with lessons. I hope you’ve learned to embrace every step. This message is especially for user 72.",2025-12-02 00:00:00,scheduled,1,Letter to FutureMe #72,2025-01-14 16:53:44.392577,2025-01-14 16:53:44.392577,72
298,user73@example.com,"Dear FutureMe, I hope you have achieved your dreams and continue striving for more. This message is especially for user 73.",2025-01-29 00:00:00,scheduled,1,Letter to FutureMe #73,2025-01-14 16:53:44.392577,2025-01-14 16:53:44.392577,73
299,user74@example.com,"Dear FutureMe, I hope you have achieved your dreams and continue striving for more. This message is especially for user 74.",2025-01-27 00:00:00,scheduled,1,Letter to FutureMe #74,2025-01-14 16:53:44.392577,2025-01-14 16:53:44.392577,74
300,user75@example.com,"Dear FutureMe, life is a journey filled with lessons. I hope you’ve learned to embrace every step. This message is especially for user 75.",2025-11-11 00:00:00,scheduled,1,Letter to FutureMe #75,2025-01-14 16:53:44.392577,2025-01-14 16:53:44.392577,75
301,user76@example.com,"Dear FutureMe, always remember that challenges make you stronger. Keep pushing forward. This message is especially for user 76.",2025-06-14 00:00:00,scheduled,1,Letter to FutureMe #76,2025-01-14 16:53:44.392577,2025-01-14 16:53:44.392577,76
302,user77@example.com,"Dear FutureMe, always remember that challenges make you stronger. Keep pushing forward. This message is especially for user 77.",2025-04-24 00:00:00,scheduled,1,Letter to FutureMe #77,2025-01-14 16:53:44.392577,2025-01-14 16:53:44.392577,77
303,user78@example.com,"Dear FutureMe, life is a journey filled with lessons. I hope you’ve learned to embrace every step. This message is especially for user 78.",2025-04-19 00:00:00,scheduled,1,Letter to FutureMe #78,2025-01-14 16:53:44.392577,2025-01-14 16:53:44.392577,78
304,user79@example.com,"Dear FutureMe, I hope you have found happiness in the simple things in life. Remember to cherish every moment. This message is especially for user 79.",2025-06-17 00:00:00,scheduled,1,Letter to FutureMe #79,2025-01-14 16:53:44.392577,2025-01-14 16:53:44.392577,79
305,user80@example.com,"Dear FutureMe, I hope you have achieved your dreams and continue striving for more. This message is especially for user 80.",2025-03-20 00:00:00,scheduled,1,Letter to FutureMe #80,2025-01-14 16:53:44.397397,2025-01-14 16:53:44.397397,80
306,user81@example.com,"Dear FutureMe, I hope you have found happiness in the simple things in life. Remember to cherish every moment. This message is especially for user 81.",2025-05-24 00:00:00,scheduled,1,Letter to FutureMe #81,2025-01-14 16:53:44.397795,2025-01-14 16:53:44.397795,81
307,user82@example.com,"Dear FutureMe, always remember that challenges make you stronger. Keep pushing forward. This message is especially for user 82.",2025-03-21 00:00:00,scheduled,1,Letter to FutureMe #82,2025-01-14 16:53:44.397795,2025-01-14 16:53:44.397795,82
308,user83@example.com,"Dear FutureMe, always remember that challenges make you stronger. Keep pushing forward. This message is especially for user 83.",2025-08-23 00:00:00,scheduled,1,Letter to FutureMe #83,2025-01-14 16:53:44.397795,2025-01-14 16:53:44.397795,83
309,user84@example.com,"Dear FutureMe, always remember that challenges make you stronger. Keep pushing forward. This message is especially for user 84.",2025-07-17 00:00:00,scheduled,1,Letter to FutureMe #84,2025-01-14 16:53:44.399214,2025-01-14 16:53:44.399214,84
310,user85@example.com,"Dear FutureMe, I hope you are surrounded by love and positivity. Never forget your roots. This message is especially for user 85.",2025-05-06 00:00:00,scheduled,1,Letter to FutureMe #85,2025-01-14 16:53:44.399214,2025-01-14 16:53:44.400214,85
311,user86@example.com,"Dear FutureMe, I hope you have found happiness in the simple things in life. Remember to cherish every moment. This message is especially for user 86.",2025-08-09 00:00:00,scheduled,1,Letter to FutureMe #86,2025-01-14 16:53:44.400214,2025-01-14 16:53:44.400214,86
312,user87@example.com,"Dear FutureMe, life is a journey filled with lessons. I hope you’ve learned to embrace every step. This message is especially for user 87.",2025-12-20 00:00:00,scheduled,1,Letter to FutureMe #87,2025-01-14 16:53:44.400214,2025-01-14 16:53:44.401200,87
313,user88@example.com,"Dear FutureMe, I hope you have achieved your dreams and continue striving for more. This message is especially for user 88.",2025-07-06 00:00:00,scheduled,1,Letter to FutureMe #88,2025-01-14 16:53:44.401200,2025-01-14 16:53:44.401200,88
314,user89@example.com,"Dear FutureMe, always remember that challenges make you stronger. Keep pushing forward. This message is especially for user 89.",2025-04-24 00:00:00,scheduled,1,Letter to FutureMe #89,2025-01-14 16:53:44.401200,2025-01-14 16:53:44.401200,89
315,user90@example.com,"Dear FutureMe, always remember that challenges make you stronger. Keep pushing forward. This message is especially for user 90.",2025-02-21 00:00:00,scheduled,1,Letter to FutureMe #90,2025-01-14 16:53:44.401200,2025-01-14 16:53:44.401200,90
316,user91@example.com,"Dear FutureMe, always remember that challenges make you stronger. Keep pushing forward. This message is especially for user 91.",2025-11-10 00:00:00,scheduled,1,Letter to FutureMe #91,2025-01-14 16:53:44.401200,2025-01-14 16:53:44.401200,91
317,user92@example.com,"Dear FutureMe, I hope you are surrounded by love and positivity. Never forget your roots. This message is especially for user 92.",2025-05-22 00:00:00,scheduled,1,Letter to FutureMe #92,2025-01-14 16:53:44.403953,2025-01-14 16:53:44.403953,92
318,user93@example.com,"Dear FutureMe, I hope you are surrounded by love and positivity. Never forget your roots. This message is especially for user 93.",2025-04-23 00:00:00,scheduled,1,Letter to FutureMe #93,2025-01-14 16:53:44.404951,2025-01-14 16:53:44.404951,93
319,user94@example.com,"Dear FutureMe, I hope you have found happiness in the simple things in life. Remember to cherish every moment. This message is especially for user 94.",2025-07-20 00:00:00,scheduled,1,Letter to FutureMe #94,2025-01-14 16:53:44.406600,2025-01-14 16:53:44.406600,94
320,user95@example.com,"Dear FutureMe, I hope you have found happiness in the simple things in life. Remember to cherish every moment. This message is especially for user 95.",2025-02-18 00:00:00,scheduled,1,Letter to FutureMe #95,2025-01-14 16:53:44.406600,2025-01-14 16:53:44.406600,95
321,user96@example.com,"Dear FutureMe, I hope you have achieved your dreams and continue striving for more. This message is especially for user 96.",2025-03-05 00:00:00,scheduled,1,Letter to FutureMe #96,2025-01-14 16:53:44.408974,2025-01-14 16:53:44.408974,96
322,user97@example.com,"Dear FutureMe, always remember that challenges make you stronger. Keep pushing forward. This message is especially for user 97.",2025-03-19 00:00:00,scheduled,1,Letter to FutureMe #97,2025-01-14 16:53:44.409973,2025-01-14 16:53:44.409973,97
323,user98@example.com,"Dear FutureMe, I hope you have achieved your dreams and continue striving for more. This message is especially for user 98.",2025-05-02 00:00:00,scheduled,1,Letter to FutureMe #98,2025-01-14 16:53:44.409973,2025-01-14 16:53:44.409973,98
324,user99@example.com,"Dear FutureMe, I hope you have achieved your dreams and continue striving for more. This message is especially for user 99.",2025-01-27 00:00:00,scheduled,1,Letter to FutureMe #99,2025-01-14 16:53:44.409973,2025-01-14 16:53:44.409973,99
325,user100@example.com,"Dear FutureMe, I hope you are surrounded by love and positivity. Never forget your roots. This message is especially for user 100.",2025-01-23 00:00:00,scheduled,1,Letter to FutureMe #100,2025-01-14 16:53:44.410968,2025-01-14 16:53:44.410968,100
326,user101@example.com,"Dear FutureMe, I hope you have achieved your dreams and continue striving for more. This message is especially for user 101.",2025-02-05 00:00:00,scheduled,1,Letter to FutureMe #101,2025-01-14 16:53:44.411252,2025-01-14 16:53:44.411252,101
327,user102@example.com,"Dear FutureMe, life is a journey filled with lessons. I hope you’ve learned to embrace every step. This message is especially for user 102.",2025-06-21 00:00:00,scheduled,1,Letter to FutureMe #102,2025-01-14 16:53:44.411252,2025-01-14 16:53:44.411252,102
328,user103@example.com,"Dear FutureMe, I hope you are surrounded by love and positivity. Never forget your roots. This message is especially for user 103.",2025-09-20 00:00:00,scheduled,1,Letter to FutureMe #103,2025-01-14 16:53:44.412472,2025-01-14 16:53:44.412472,103
329,user104@example.com,"Dear FutureMe, life is a journey filled with lessons. I hope you’ve learned to embrace every step. This message is especially for user 104.",2025-08-24 00:00:00,scheduled,1,Letter to FutureMe #104,2025-01-14 16:53:44.412472,2025-01-14 16:53:44.412472,104
330,user105@example.com,"Dear FutureMe, I hope you have found happiness in the simple things in life. Remember to cherish every moment. This message is especially for user 105.",2025-06-12 00:00:00,scheduled,1,Letter to FutureMe #105,2025-01-14 16:53:44.413469,2025-01-14 16:53:44.413469,105
331,user106@example.com,"Dear FutureMe, I hope you have found happiness in the simple things in life. Remember to cherish every moment. This message is especially for user 106.",2025-09-06 00:00:00,scheduled,1,Letter to FutureMe #106,2025-01-14 16:53:44.413469,2025-01-14 16:53:44.413469,106
332,user107@example.com,"Dear FutureMe, I hope you have achieved your dreams and continue striving for more. This message is especially for user 107.",2025-03-19 00:00:00,scheduled,1,Letter to FutureMe #107,2025-01-14 16:53:44.413469,2025-01-14 16:53:44.413469,107
333,user108@example.com,"Dear FutureMe, life is a journey filled with lessons. I hope you’ve learned to embrace every step. This message is especially for user 108.",2025-10-07 00:00:00,scheduled,1,Letter to FutureMe #108,2025-01-14 16:53:44.414489,2025-01-14 16:53:44.414489,108
334,user109@example.com,"Dear FutureMe, always remember that challenges make you stronger. Keep pushing forward. This message is especially for user 109.",2025-03-05 00:00:00,scheduled,1,Letter to FutureMe #109,2025-01-14 16:53:44.414489,2025-01-14 16:53:44.414489,109
335,user110@example.com,"Dear FutureMe, always remember that challenges make you stronger. Keep pushing forward. This message is especially for user 110.",2025-05-06 00:00:00,scheduled,1,Letter to FutureMe #110,2025-01-14 16:53:44.414489,2025-01-14 16:53:44.414489,110
336,user111@example.com,"Dear FutureMe, life is a journey filled with lessons. I hope you’ve learned to embrace every step. This message is especially for user 111.",2025-05-12 00:00:00,scheduled,1,Letter to FutureMe #111,2025-01-14 16:53:44.414489,2025-01-14 16:53:44.414489,111
337,user112@example.com,"Dear FutureMe, I hope you have achieved your dreams and continue striving for more. This message is especially for user 112.",2025-11-08 00:00:00,scheduled,1,Letter to FutureMe #112,2025-01-14 16:53:44.414489,2025-01-14 16:53:44.414489,112
338,user113@example.com,"Dear FutureMe, life is a journey filled with lessons. I hope you’ve learned to embrace every step. This message is especially for user 113.",2025-06-14 00:00:00,scheduled,1,Letter to FutureMe #113,2025-01-14 16:53:44.426508,2025-01-14 16:53:44.426508,113
339,user114@example.com,"Dear FutureMe, always remember that challenges make you stronger. Keep pushing forward. This message is especially for user 114.",2025-03-02 00:00:00,scheduled,1,Letter to FutureMe #114,2025-01-14 16:53:44.429179,2025-01-14 16:53:44.429179,114
340,user115@example.com,"Dear FutureMe, I hope you are surrounded by love and positivity. Never forget your roots. This message is especially for user 115.",2025-07-28 00:00:00,scheduled,1,Letter to FutureMe #115,2025-01-14 16:53:44.429652,2025-01-14 16:53:44.429652,115
341,user116@example.com,"Dear FutureMe, I hope you are surrounded by love and positivity. Never forget your roots. This message is especially for user 116.",2025-09-28 00:00:00,scheduled,1,Letter to FutureMe #116,2025-01-14 16:53:44.430652,2025-01-14 16:53:44.430652,116
342,user117@example.com,"Dear FutureMe, life is a journey filled with lessons. I hope you’ve learned to embrace every step. This message is especially for user 117.",2025-11-11 00:00:00,scheduled,1,Letter to FutureMe #117,2025-01-14 16:53:44.430652,2025-01-14 16:53:44.430652,117
343,user118@example.com,"Dear FutureMe, I hope you have achieved your dreams and continue striving for more. This message is especially for user 118.",2025-06-27 00:00:00,scheduled,1,Letter to FutureMe #118,2025-01-14 16:53:44.430652,2025-01-14 16:53:44.430652,118
344,user119@example.com,"Dear FutureMe, life is a journey filled with lessons. I hope you’ve learned to embrace every step. This message is especially for user 119.",2025-06-12 00:00:00,scheduled,1,Letter to FutureMe #119,2025-01-14 16:53:44.430652,2025-01-14 16:53:44.430652,119
345,user120@example.com,"Dear FutureMe, life is a journey filled with lessons. I hope you’ve learned to embrace every step. This message is especially for user 120.",2025-06-20 00:00:00,scheduled,1,Letter to FutureMe #120,2025-01-14 16:53:44.430652,2025-01-14 16:53:44.430652,120
346,user121@example.com,"Dear FutureMe, always remember that challenges make you stronger. Keep pushing forward. This message is especially for user 121.",2025-10-07 00:00:00,scheduled,1,Letter to FutureMe #121,2025-01-14 16:53:44.430652,2025-01-14 16:53:44.430652,121
347,user122@example.com,"Dear FutureMe, I hope you are surrounded by love and positivity. Never forget your roots. This message is especially for user 122.",2025-07-25 00:00:00,scheduled,1,Letter to FutureMe #122,2025-01-14 16:53:44.430652,2025-01-14 16:53:44.430652,122
348,user123@example.com,"Dear FutureMe, I hope you have achieved your dreams and continue striving for more. This message is especially for user 123.",2025-08-03 00:00:00,scheduled,1,Letter to FutureMe #123,2025-01-14 16:53:44.430652,2025-01-14 16:53:44.430652,123
349,user124@example.com,"Dear FutureMe, always remember that challenges make you stronger. Keep pushing forward. This message is especially for user 124.",2025-12-03 00:00:00,scheduled,1,Letter to FutureMe #124,2025-01-14 16:53:44.432650,2025-01-14 16:53:44.432650,124
350,user125@example.com,"Dear FutureMe, always remember that challenges make you stronger. Keep pushing forward. This message is especially for user 125.",2025-08-17 00:00:00,scheduled,1,Letter to FutureMe #125,2025-01-14 16:53:44.433471,2025-01-14 16:53:44.433471,125
351,user126@example.com,"Dear FutureMe, I hope you have found happiness in the simple things in life. Remember to cherish every moment. This message is especially for user 126.",2025-01-17 00:00:00,sent,1,Letter to FutureMe #126,2025-01-14 16:53:44.437328,2025-01-18 17:27:27.848545,126
352,user127@example.com,"Dear FutureMe, I hope you have achieved your dreams and continue striving for more. This message is especially for user 127.",2025-09-26 00:00:00,scheduled,1,Letter to FutureMe #127,2025-01-14 16:53:44.438323,2025-01-14 16:53:44.438323,127
353,user128@example.com,"Dear FutureMe, I hope you have found happiness in the simple things in life. Remember to cherish every moment. This message is especially for user 128.",2025-06-30 00:00:00,scheduled,1,Letter to FutureMe #128,2025-01-14 16:53:44.439320,2025-01-14 16:53:44.439320,128
354,user129@example.com,"Dear FutureMe, life is a journey filled with lessons. I hope you’ve learned to embrace every step. This message is especially for user 129.",2025-10-10 00:00:00,scheduled,1,Letter to FutureMe #129,2025-01-14 16:53:44.440318,2025-01-14 16:53:44.440318,129
355,user130@example.com,"Dear FutureMe, life is a journey filled with lessons. I hope you’ve learned to embrace every step. This message is especially for user 130.",2025-08-21 00:00:00,scheduled,1,Letter to FutureMe #130,2025-01-14 16:53:44.441316,2025-01-14 16:53:44.441316,130
356,user131@example.com,"Dear FutureMe, life is a journey filled with lessons. I hope you’ve learned to embrace every step. This message is especially for user 131.",2025-10-30 00:00:00,scheduled,1,Letter to FutureMe #131,2025-01-14 16:53:44.442311,2025-01-14 16:53:44.442311,131
357,user132@example.com,"Dear FutureMe, I hope you have found happiness in the simple things in life. Remember to cherish every moment. This message is especially for user 132.",2025-06-07 00:00:00,scheduled,1,Letter to FutureMe #132,2025-01-14 16:53:44.442311,2025-01-14 16:53:44.442311,132
358,user133@example.com,"Dear FutureMe, life is a journey filled with lessons. I hope you’ve learned to embrace every step. This message is especially for user 133.",2025-12-15 00:00:00,scheduled,1,Letter to FutureMe #133,2025-01-14 16:53:44.443311,2025-01-14 16:53:44.443311,133
359,user134@example.com,"Dear FutureMe, I hope you are surrounded by love and positivity. Never forget your roots. This message is especially for user 134.",2025-10-25 00:00:00,scheduled,1,Letter to FutureMe #134,2025-01-14 16:53:44.444905,2025-01-14 16:53:44.444905,134
360,user135@example.com,"Dear FutureMe, I hope you have found happiness in the simple things in life. Remember to cherish every moment. This message is especially for user 135.",2025-11-16 00:00:00,scheduled,1,Letter to FutureMe #135,2025-01-14 16:53:44.444905,2025-01-14 16:53:44.444905,135
361,user136@example.com,"Dear FutureMe, I hope you have achieved your dreams and continue striving for more. This message is especially for user 136.",2025-04-25 00:00:00,scheduled,1,Letter to FutureMe #136,2025-01-14 16:53:44.444905,2025-01-14 16:53:44.444905,136
362,user137@example.com,"Dear FutureMe, always remember that challenges make you stronger. Keep pushing forward. This message is especially for user 137.",2025-07-06 00:00:00,scheduled,1,Letter to FutureMe #137,2025-01-14 16:53:44.444905,2025-01-14 16:53:44.444905,137
363,user138@example.com,"Dear FutureMe, I hope you have achieved your dreams and continue striving for more. This message is especially for user 138.",2025-04-18 00:00:00,scheduled,1,Letter to FutureMe #138,2025-01-14 16:53:44.447368,2025-01-14 16:53:44.447368,138
364,user139@example.com,"Dear FutureMe, I hope you have achieved your dreams and continue striving for more. This message is especially for user 139.",2025-04-08 00:00:00,scheduled,1,Letter to FutureMe #139,2025-01-14 16:53:44.448157,2025-01-14 16:53:44.448157,139
365,user140@example.com,"Dear FutureMe, I hope you have achieved your dreams and continue striving for more. This message is especially for user 140.",2025-02-23 00:00:00,scheduled,1,Letter to FutureMe #140,2025-01-14 16:53:44.449018,2025-01-14 16:53:44.449018,140
366,user141@example.com,"Dear FutureMe, I hope you have achieved your dreams and continue striving for more. This message is especially for user 141.",2025-05-13 00:00:00,scheduled,1,Letter to FutureMe #141,2025-01-14 16:53:44.450015,2025-01-14 16:53:44.450015,141
367,user142@example.com,"Dear FutureMe, I hope you are surrounded by love and positivity. Never forget your roots. This message is especially for user 142.",2025-06-21 00:00:00,scheduled,1,Letter to FutureMe #142,2025-01-14 16:53:44.450015,2025-01-14 16:53:44.450015,142
368,user143@example.com,"Dear FutureMe, I hope you are surrounded by love and positivity. Never forget your roots. This message is especially for user 143.",2025-01-05 00:00:00,sent,1,Letter to FutureMe #143,2025-01-14 16:53:44.450015,2025-01-14 16:53:44.450015,143
369,user144@example.com,"Dear FutureMe, always remember that challenges make you stronger. Keep pushing forward. This message is especially for user 144.",2025-10-11 00:00:00,scheduled,1,Letter to FutureMe #144,2025-01-14 16:53:44.451012,2025-01-14 16:53:44.451012,144
370,user145@example.com,"Dear FutureMe, life is a journey filled with lessons. I hope you’ve learned to embrace every step. This message is especially for user 145.",2025-07-23 00:00:00,scheduled,1,Letter to FutureMe #145,2025-01-14 16:53:44.451012,2025-01-14 16:53:44.451012,145
371,user146@example.com,"Dear FutureMe, always remember that challenges make you stronger. Keep pushing forward. This message is especially for user 146.",2025-09-23 00:00:00,scheduled,1,Letter to FutureMe #146,2025-01-14 16:53:44.452033,2025-01-14 16:53:44.452033,146
372,user147@example.com,"Dear FutureMe, I hope you are surrounded by love and positivity. Never forget your roots. This message is especially for user 147.",2025-08-01 00:00:00,scheduled,1,Letter to FutureMe #147,2025-01-14 16:53:44.452033,2025-01-14 16:53:44.452033,147
373,user148@example.com,"Dear FutureMe, life is a journey filled with lessons. I hope you’ve learned to embrace every step. This message is especially for user 148.",2025-09-06 00:00:00,scheduled,1,Letter to FutureMe #148,2025-01-14 16:53:44.452033,2025-01-14 16:53:44.452033,148
374,user149@example.com,"Dear FutureMe, I hope you have found happiness in the simple things in life. Remember to cherish every moment. This message is especially for user 149.",2025-03-30 00:00:00,scheduled,1,Letter to FutureMe #149,2025-01-14 16:53:44.452033,2025-01-14 16:53:44.452033,149
375,user150@example.com,"Dear FutureMe, always remember that challenges make you stronger. Keep pushing forward. This message is especially for user 150.",2025-06-04 00:00:00,scheduled,1,Letter to FutureMe #150,2025-01-14 16:53:44.453993,2025-01-14 16:53:44.453993,150
376,user151@example.com,"Dear FutureMe, always remember that challenges make you stronger. Keep pushing forward. This message is especially for user 151.",2025-08-31 00:00:00,scheduled,1,Letter to FutureMe #151,2025-01-14 16:53:44.455986,2025-01-14 16:53:44.455986,151
377,user152@example.com,"Dear FutureMe, life is a journey filled with lessons. I hope you’ve learned to embrace every step. This message is especially for user 152.",2025-04-06 00:00:00,scheduled,1,Letter to FutureMe #152,2025-01-14 16:53:44.455986,2025-01-14 16:53:44.456984,152
378,user153@example.com,"Dear FutureMe, I hope you have achieved your dreams and continue striving for more. This message is especially for user 153.",2025-07-25 00:00:00,scheduled,1,Letter to FutureMe #153,2025-01-14 16:53:44.456984,2025-01-14 16:53:44.456984,153
379,user154@example.com,"Dear FutureMe, I hope you have achieved your dreams and continue striving for more. This message is especially for user 154.",2025-09-25 00:00:00,scheduled,1,Letter to FutureMe #154,2025-01-14 16:53:44.456984,2025-01-14 16:53:44.456984,154
380,user155@example.com,"Dear FutureMe, always remember that challenges make you stronger. Keep pushing forward. This message is especially for user 155.",2025-04-22 00:00:00,scheduled,1,Letter to FutureMe #155,2025-01-14 16:53:44.457981,2025-01-14 16:53:44.457981,155
381,user156@example.com,"Dear FutureMe, always remember that challenges make you stronger. Keep pushing forward. This message is especially for user 156.",2025-10-06 00:00:00,scheduled,1,Letter to FutureMe #156,2025-01-14 16:53:44.457981,2025-01-14 16:53:44.457981,156
382,user157@example.com,"Dear FutureMe, I hope you have achieved your dreams and continue striving for more. This message is especially for user 157.",2025-10-10 00:00:00,scheduled,1,Letter to FutureMe #157,2025-01-14 16:53:44.457981,2025-01-14 16:53:44.457981,157
383,user158@example.com,"Dear FutureMe, I hope you have achieved your dreams and continue striving for more. This message is especially for user 158.",2025-01-10 00:00:00,sent,1,Letter to FutureMe #158,2025-01-14 16:53:44.458977,2025-01-14 16:53:44.458977,158
384,user159@example.com,"Dear FutureMe, life is a journey filled with lessons. I hope you’ve learned to embrace every step. This message is especially for user 159.",2025-10-17 00:00:00,scheduled,1,Letter to FutureMe #159,2025-01-14 16:53:44.459977,2025-01-14 16:53:44.460662,159
385,user160@example.com,"Dear FutureMe, I hope you have found happiness in the simple things in life. Remember to cherish every moment. This message is especially for user 160.",2025-11-14 00:00:00,scheduled,1,Letter to FutureMe #160,2025-01-14 16:53:44.460662,2025-01-14 16:53:44.460662,160
386,user161@example.com,"Dear FutureMe, always remember that challenges make you stronger. Keep pushing forward. This message is especially for user 161.",2025-07-04 00:00:00,scheduled,1,Letter to FutureMe #161,2025-01-14 16:53:44.460662,2025-01-14 16:53:44.460662,161
387,user162@example.com,"Dear FutureMe, I hope you have achieved your dreams and continue striving for more. This message is especially for user 162.",2025-06-02 00:00:00,scheduled,1,Letter to FutureMe #162,2025-01-14 16:53:44.463261,2025-01-14 16:53:44.463261,162
388,user163@example.com,"Dear FutureMe, I hope you have achieved your dreams and continue striving for more. This message is especially for user 163.",2025-06-16 00:00:00,scheduled,1,Letter to FutureMe #163,2025-01-14 16:53:44.463900,2025-01-14 16:53:44.463900,163
389,user164@example.com,"Dear FutureMe, I hope you have found happiness in the simple things in life. Remember to cherish every moment. This message is especially for user 164.",2025-08-29 00:00:00,scheduled,1,Letter to FutureMe #164,2025-01-14 16:53:44.464454,2025-01-14 16:53:44.464454,164
390,user165@example.com,"Dear FutureMe, I hope you are surrounded by love and positivity. Never forget your roots. This message is especially for user 165.",2025-03-10 00:00:00,scheduled,1,Letter to FutureMe #165,2025-01-14 16:53:44.464454,2025-01-14 16:53:44.464454,165
391,user166@example.com,"Dear FutureMe, I hope you have found happiness in the simple things in life. Remember to cherish every moment. This message is especially for user 166.",2025-06-12 00:00:00,scheduled,1,Letter to FutureMe #166,2025-01-14 16:53:44.464454,2025-01-14 16:53:44.464454,166
392,user167@example.com,"Dear FutureMe, life is a journey filled with lessons. I hope you’ve learned to embrace every step. This message is especially for user 167.",2025-07-28 00:00:00,scheduled,1,Letter to FutureMe #167,2025-01-14 16:53:44.464454,2025-01-14 16:53:44.464454,167
393,user168@example.com,"Dear FutureMe, I hope you have found happiness in the simple things in life. Remember to cherish every moment. This message is especially for user 168.",2025-04-12 00:00:00,scheduled,1,Letter to FutureMe #168,2025-01-14 16:53:44.465456,2025-01-14 16:53:44.465456,168
394,user169@example.com,"Dear FutureMe, I hope you are surrounded by love and positivity. Never forget your roots. This message is especially for user 169.",2025-05-02 00:00:00,scheduled,1,Letter to FutureMe #169,2025-01-14 16:53:44.465456,2025-01-14 16:53:44.465456,169
395,user170@example.com,"Dear FutureMe, life is a journey filled with lessons. I hope you’ve learned to embrace every step. This message is especially for user 170.",2025-06-29 00:00:00,scheduled,1,Letter to FutureMe #170,2025-01-14 16:53:44.465456,2025-01-14 16:53:44.465456,170
396,user171@example.com,"Dear FutureMe, always remember that challenges make you stronger. Keep pushing forward. This message is especially for user 171.",2025-01-17 00:00:00,sent,1,Letter to FutureMe #171,2025-01-14 16:53:44.465456,2025-01-18 17:27:31.628915,171
397,user172@example.com,"Dear FutureMe, I hope you are surrounded by love and positivity. Never forget your roots. This message is especially for user 172.",2025-03-30 00:00:00,scheduled,1,Letter to FutureMe #172,2025-01-14 16:53:44.465456,2025-01-14 16:53:44.465456,172
398,user173@example.com,"Dear FutureMe, I hope you have achieved your dreams and continue striving for more. This message is especially for user 173.",2025-08-05 00:00:00,scheduled,1,Letter to FutureMe #173,2025-01-14 16:53:44.466453,2025-01-14 16:53:44.466453,173
399,user174@example.com,"Dear FutureMe, I hope you have achieved your dreams and continue striving for more. This message is especially for user 174.",2025-07-30 00:00:00,scheduled,1,Letter to FutureMe #174,2025-01-14 16:53:44.466453,2025-01-14 16:53:44.466453,174
400,user175@example.com,"Dear FutureMe, I hope you have found happiness in the simple things in life. Remember to cherish every moment. This message is especially for user 175.",2025-08-05 00:00:00,scheduled,1,Letter to FutureMe #175,2025-01-14 16:53:44.466453,2025-01-14 16:53:44.466453,175
401,user176@example.com,"Dear FutureMe, I hope you have achieved your dreams and continue striving for more. This message is especially for user 176.",2025-02-09 00:00:00,scheduled,1,Letter to FutureMe #176,2025-01-14 16:53:44.466453,2025-01-14 16:53:44.466453,176
402,user177@example.com,"Dear FutureMe, I hope you are surrounded by love and positivity. Never forget your roots. This message is especially for user 177.",2025-11-15 00:00:00,scheduled,1,Letter to FutureMe #177,2025-01-14 16:53:44.467448,2025-01-14 16:53:44.467448,177
403,user178@example.com,"Dear FutureMe, I hope you are surrounded by love and positivity. Never forget your roots. This message is especially for user 178.",2025-08-19 00:00:00,scheduled,1,Letter to FutureMe #178,2025-01-14 16:53:44.467448,2025-01-14 16:53:44.467448,178
404,user179@example.com,"Dear FutureMe, I hope you are surrounded by love and positivity. Never forget your roots. This message is especially for user 179.",2025-06-27 00:00:00,scheduled,1,Letter to FutureMe #179,2025-01-14 16:53:44.467448,2025-01-14 16:53:44.467448,179
405,user180@example.com,"Dear FutureMe, I hope you have achieved your dreams and continue striving for more. This message is especially for user 180.",2025-02-17 00:00:00,scheduled,1,Letter to FutureMe #180,2025-01-14 16:53:44.468169,2025-01-14 16:53:44.468169,180
406,user181@example.com,"Dear FutureMe, I hope you have achieved your dreams and continue striving for more. This message is especially for user 181.",2025-08-10 00:00:00,scheduled,1,Letter to FutureMe #181,2025-01-14 16:53:44.468169,2025-01-14 16:53:44.468169,181
407,user182@example.com,"Dear FutureMe, always remember that challenges make you stronger. Keep pushing forward. This message is especially for user 182.",2025-10-06 00:00:00,scheduled,1,Letter to FutureMe #182,2025-01-14 16:53:44.468169,2025-01-14 16:53:44.468169,182
408,user183@example.com,"Dear FutureMe, I hope you are surrounded by love and positivity. Never forget your roots. This message is especially for user 183.",2025-07-14 00:00:00,scheduled,1,Letter to FutureMe #183,2025-01-14 16:53:44.468169,2025-01-14 16:53:44.468169,183
409,user184@example.com,"Dear FutureMe, life is a journey filled with lessons. I hope you’ve learned to embrace every step. This message is especially for user 184.",2025-11-21 00:00:00,scheduled,1,Letter to FutureMe #184,2025-01-14 16:53:44.469989,2025-01-14 16:53:44.470130,184
410,user185@example.com,"Dear FutureMe, I hope you have found happiness in the simple things in life. Remember to cherish every moment. This message is especially for user 185.",2025-01-11 00:00:00,sent,1,Letter to FutureMe #185,2025-01-14 16:53:44.470130,2025-01-14 16:53:44.470130,185
411,user186@example.com,"Dear FutureMe, I hope you have achieved your dreams and continue striving for more. This message is especially for user 186.",2025-04-24 00:00:00,scheduled,1,Letter to FutureMe #186,2025-01-14 16:53:44.470130,2025-01-14 16:53:44.470130,186
412,user187@example.com,"Dear FutureMe, life is a journey filled with lessons. I hope you’ve learned to embrace every step. This message is especially for user 187.",2025-08-10 00:00:00,scheduled,1,Letter to FutureMe #187,2025-01-14 16:53:44.470130,2025-01-14 16:53:44.470130,187
413,user188@example.com,"Dear FutureMe, I hope you are surrounded by love and positivity. Never forget your roots. This message is especially for user 188.",2025-09-08 00:00:00,scheduled,1,Letter to FutureMe #188,2025-01-14 16:53:44.471129,2025-01-14 16:53:44.471129,188
414,user189@example.com,"Dear FutureMe, I hope you have found happiness in the simple things in life. Remember to cherish every moment. This message is especially for user 189.",2025-08-13 00:00:00,scheduled,1,Letter to FutureMe #189,2025-01-14 16:53:44.472126,2025-01-14 16:53:44.472126,189
415,user190@example.com,"Dear FutureMe, I hope you have achieved your dreams and continue striving for more. This message is especially for user 190.",2025-10-02 00:00:00,scheduled,1,Letter to FutureMe #190,2025-01-14 16:53:44.473477,2025-01-14 16:53:44.473477,190
416,user191@example.com,"Dear FutureMe, life is a journey filled with lessons. I hope you’ve learned to embrace every step. This message is especially for user 191.",2025-01-03 00:00:00,sent,1,Letter to FutureMe #191,2025-01-14 16:53:44.473477,2025-01-14 16:53:44.473477,191
417,user192@example.com,"Dear FutureMe, I hope you have achieved your dreams and continue striving for more. This message is especially for user 192.",2025-04-23 00:00:00,scheduled,1,Letter to FutureMe #192,2025-01-14 16:53:44.473477,2025-01-14 16:53:44.473477,192
418,user193@example.com,"Dear FutureMe, I hope you have found happiness in the simple things in life. Remember to cherish every moment. This message is especially for user 193.",2025-02-10 00:00:00,scheduled,1,Letter to FutureMe #193,2025-01-14 16:53:44.473477,2025-01-14 16:53:44.473477,193
419,user194@example.com,"Dear FutureMe, I hope you have found happiness in the simple things in life. Remember to cherish every moment. This message is especially for user 194.",2025-08-25 00:00:00,scheduled,1,Letter to FutureMe #194,2025-01-14 16:53:44.473477,2025-01-14 16:53:44.473477,194
420,user195@example.com,"Dear FutureMe, Will you stick to your plan or will you take a different path. hopefully you committed to something and got out of your comfort zone and you're proud of yourself. This message is especially for user 195.",2025-08-29 00:00:00,scheduled,1,Letter to FutureMe #195,2025-01-14 17:20:52.379461,2025-01-14 17:20:52.379461,195
421,user196@example.com,"Dear FutureMe, Will you stick to your plan or will you take a different path. hopefully you committed to something and got out of your comfort zone and you're proud of yourself. This message is especially for user 196.",2025-09-21 00:00:00,scheduled,1,Letter to FutureMe #196,2025-01-14 17:20:52.380460,2025-01-14 17:20:52.380460,196
422,user197@example.com,"Dear FutureMe, You need some space buddies. Aliens land yet? - did you get their help go to Space and fly around Mars. to come down and whisk you off. NASA have their thumb up their ass and deny any real leaps in technology.They still Bullshitting people?? If you did go - what I thought. did you take some pictures with some new kind of 3D Camera. Good job -I will start looking forward to it now. Later Space Cadet. (Happy Birthday by the way) This message is especially for user 197.",2025-06-01 00:00:00,scheduled,1,Letter to FutureMe #197,2025-01-14 17:20:52.381457,2025-01-14 17:20:52.381457,197
423,user198@example.com,"Dear FutureMe, I never dream of what is the best for me. I hope the most and best for you. This message is especially for user 198.",2025-11-05 00:00:00,scheduled,1,Letter to FutureMe #198,2025-01-14 17:20:52.382453,2025-01-14 17:20:52.382453,198
424,user199@example.com,"Dear FutureMe, Important state hope alone media.Fast stock hour parent than store. Cause force shoulder course. This message is especially for user 199.",2025-10-22 00:00:00,scheduled,1,Letter to FutureMe #199,2025-01-14 17:20:52.382453,2025-01-14 17:20:52.382453,199
425,user200@example.com,"Dear FutureMe, Important state hope alone media.Fast stock hour parent than store. Cause force shoulder course. This message is especially for user 200.",2025-12-24 00:00:00,scheduled,1,Letter to FutureMe #200,2025-01-14 17:20:52.383576,2025-01-14 17:20:52.383576,200
426,user201@example.com,"Dear FutureMe, Important state hope alone media.Fast stock hour parent than store. Cause force shoulder course. This message is especially for user 201.",2025-03-01 00:00:00,scheduled,1,Letter to FutureMe #201,2025-01-14 17:20:52.384474,2025-01-14 17:20:52.384474,201
427,user202@example.com,"Dear FutureMe, I never dream of what is the best for me. I hope the most and best for you. This message is especially for user 202.",2025-01-15 00:00:00,sent,1,Letter to FutureMe #202,2025-01-14 17:20:52.385238,2025-01-18 17:27:36.112023,202
428,user203@example.com,"Dear FutureMe, You are already accepting your mistakes, accepting what you lack and giving more than what you receive. I hope this will not end here. The moment that you read this message, hopefully you are already happy with your life and you are living the life together with the person that you love the most. I want to see you with Ariel still. Godbless on your following Journey! This message is especially for user 203.",2025-10-06 00:00:00,scheduled,1,Letter to FutureMe #203,2025-01-14 17:20:52.386078,2025-01-14 17:20:52.386078,203
429,user204@example.com,"Dear FutureMe, I never dream of what is the best for me. I hope the most and best for you. This message is especially for user 204.",2025-01-07 00:00:00,sent,1,Letter to FutureMe #204,2025-01-14 17:20:52.386433,2025-01-14 17:20:52.386433,204
430,user205@example.com,"Dear FutureMe, Important state hope alone media.Fast stock hour parent than store. Cause force shoulder course. This message is especially for user 205.",2025-10-27 00:00:00,scheduled,1,Letter to FutureMe #205,2025-01-14 17:20:52.386999,2025-01-14 17:20:52.386999,205
431,user206@example.com,"Dear FutureMe, I never dream of what is the best for me. I hope the most and best for you. This message is especially for user 206.",2025-03-16 00:00:00,scheduled,1,Letter to FutureMe #206,2025-01-14 17:20:52.387995,2025-01-14 17:20:52.387995,206
432,user207@example.com,"Dear FutureMe, You need some space buddies. Aliens land yet? - did you get their help go to Space and fly around Mars. to come down and whisk you off. NASA have their thumb up their ass and deny any real leaps in technology.They still Bullshitting people?? If you did go - what I thought. did you take some pictures with some new kind of 3D Camera. Good job -I will start looking forward to it now. Later Space Cadet. (Happy Birthday by the way) This message is especially for user 207.",2025-06-15 00:00:00,scheduled,1,Letter to FutureMe #207,2025-01-14 17:20:52.387995,2025-01-14 17:20:52.387995,207
433,user208@example.com,"Dear FutureMe, Will you stick to your plan or will you take a different path. hopefully you committed to something and got out of your comfort zone and you're proud of yourself. This message is especially for user 208.",2025-12-15 00:00:00,scheduled,1,Letter to FutureMe #208,2025-01-14 17:20:52.389208,2025-01-14 17:20:52.389208,208
434,user209@example.com,"Dear FutureMe, I never dream of what is the best for me. I hope the most and best for you. This message is especially for user 209.",2025-10-21 00:00:00,scheduled,1,Letter to FutureMe #209,2025-01-14 17:20:52.389208,2025-01-14 17:20:52.389208,209
435,user210@example.com,"Dear FutureMe, You need some space buddies. Aliens land yet? - did you get their help go to Space and fly around Mars. to come down and whisk you off. NASA have their thumb up their ass and deny any real leaps in technology.They still Bullshitting people?? If you did go - what I thought. did you take some pictures with some new kind of 3D Camera. Good job -I will start looking forward to it now. Later Space Cadet. (Happy Birthday by the way) This message is especially for user 210.",2025-05-09 00:00:00,scheduled,1,Letter to FutureMe #210,2025-01-14 17:20:52.389990,2025-01-14 17:20:52.389990,210
436,user211@example.com,"Dear FutureMe, Will you stick to your plan or will you take a different path. hopefully you committed to something and got out of your comfort zone and you're proud of yourself. This message is especially for user 211.",2025-12-13 00:00:00,scheduled,1,Letter to FutureMe #211,2025-01-14 17:20:52.389990,2025-01-14 17:20:52.389990,211
437,user212@example.com,"Dear FutureMe, Important state hope alone media.Fast stock hour parent than store. Cause force shoulder course. This message is especially for user 212.",2025-08-15 00:00:00,scheduled,1,Letter to FutureMe #212,2025-01-14 17:20:52.390987,2025-01-14 17:20:52.390987,212
438,user213@example.com,"Dear FutureMe, Important state hope alone media.Fast stock hour parent than store. Cause force shoulder course. This message is especially for user 213.",2025-08-30 00:00:00,scheduled,1,Letter to FutureMe #213,2025-01-14 17:20:52.390987,2025-01-14 17:20:52.390987,213
439,user214@example.com,"Dear FutureMe, You need some space buddies. Aliens land yet? - did you get their help go to Space and fly around Mars. to come down and whisk you off. NASA have their thumb up their ass and deny any real leaps in technology.They still Bullshitting people?? If you did go - what I thought. did you take some pictures with some new kind of 3D Camera. Good job -I will start looking forward to it now. Later Space Cadet. (Happy Birthday by the way) This message is especially for user 214.",2025-10-19 00:00:00,scheduled,1,Letter to FutureMe #214,2025-01-14 17:20:52.391984,2025-01-14 17:20:52.391984,214
440,user215@example.com,"Dear FutureMe, Will you stick to your plan or will you take a different path. hopefully you committed to something and got out of your comfort zone and you're proud of yourself. This message is especially for user 215.",2025-01-19 00:00:00,scheduled,1,Letter to FutureMe #215,2025-01-14 17:20:52.391984,2025-01-14 17:20:52.391984,215
441,user216@example.com,"Dear FutureMe, I never dream of what is the best for me. I hope the most and best for you. This message is especially for user 216.",2025-08-14 00:00:00,scheduled,1,Letter to FutureMe #216,2025-01-14 17:20:52.392980,2025-01-14 17:20:52.392980,216
442,user217@example.com,"Dear FutureMe, I never dream of what is the best for me. I hope the most and best for you. This message is especially for user 217.",2025-07-04 00:00:00,scheduled,1,Letter to FutureMe #217,2025-01-14 17:20:52.392980,2025-01-14 17:20:52.392980,217
443,user218@example.com,"Dear FutureMe, You need some space buddies. Aliens land yet? - did you get their help go to Space and fly around Mars. to come down and whisk you off. NASA have their thumb up their ass and deny any real leaps in technology.They still Bullshitting people?? If you did go - what I thought. did you take some pictures with some new kind of 3D Camera. Good job -I will start looking forward to it now. Later Space Cadet. (Happy Birthday by the way) This message is especially for user 218.",2025-04-29 00:00:00,scheduled,1,Letter to FutureMe #218,2025-01-14 17:20:52.393978,2025-01-14 17:20:52.393978,218
444,user219@example.com,"Dear FutureMe, Will you stick to your plan or will you take a different path. hopefully you committed to something and got out of your comfort zone and you're proud of yourself. This message is especially for user 219.",2025-12-07 00:00:00,scheduled,1,Letter to FutureMe #219,2025-01-14 17:20:52.393978,2025-01-14 17:20:52.393978,219
445,user220@example.com,"Dear FutureMe, Important state hope alone media.Fast stock hour parent than store. Cause force shoulder course. This message is especially for user 220.",2025-04-08 00:00:00,scheduled,1,Letter to FutureMe #220,2025-01-14 17:20:52.394978,2025-01-14 17:20:52.394978,220
446,user221@example.com,"Dear FutureMe, Will you stick to your plan or will you take a different path. hopefully you committed to something and got out of your comfort zone and you're proud of yourself. This message is especially for user 221.",2025-03-17 00:00:00,scheduled,1,Letter to FutureMe #221,2025-01-14 17:20:52.396694,2025-01-14 17:20:52.396694,221
447,user222@example.com,"Dear FutureMe, You are already accepting your mistakes, accepting what you lack and giving more than what you receive. I hope this will not end here. The moment that you read this message, hopefully you are already happy with your life and you are living the life together with the person that you love the most. I want to see you with Ariel still. Godbless on your following Journey! This message is especially for user 222.",2025-07-07 00:00:00,scheduled,1,Letter to FutureMe #222,2025-01-14 17:20:52.396971,2025-01-14 17:20:52.396971,222
448,user223@example.com,"Dear FutureMe, Will you stick to your plan or will you take a different path. hopefully you committed to something and got out of your comfort zone and you're proud of yourself. This message is especially for user 223.",2025-04-24 00:00:00,scheduled,1,Letter to FutureMe #223,2025-01-14 17:20:52.397968,2025-01-14 17:20:52.397968,223
449,user224@example.com,"Dear FutureMe, Important state hope alone media.Fast stock hour parent than store. Cause force shoulder course. This message is especially for user 224.",2025-08-14 00:00:00,scheduled,1,Letter to FutureMe #224,2025-01-14 17:20:52.397968,2025-01-14 17:20:52.397968,224
450,user225@example.com,"Dear FutureMe, Important state hope alone media.Fast stock hour parent than store. Cause force shoulder course. This message is especially for user 225.",2025-04-13 00:00:00,scheduled,1,Letter to FutureMe #225,2025-01-14 17:20:52.397968,2025-01-14 17:20:52.397968,225
451,user226@example.com,"Dear FutureMe, You are already accepting your mistakes, accepting what you lack and giving more than what you receive. I hope this will not end here. The moment that you read this message, hopefully you are already happy with your life and you are living the life together with the person that you love the most. I want to see you with Ariel still. Godbless on your following Journey! This message is especially for user 226.",2025-08-07 00:00:00,scheduled,1,Letter to FutureMe #226,2025-01-14 17:20:52.399159,2025-01-14 17:20:52.399159,226
452,user227@example.com,"Dear FutureMe, I never dream of what is the best for me. I hope the most and best for you. This message is especially for user 227.",2025-01-01 00:00:00,sent,1,Letter to FutureMe #227,2025-01-14 17:20:52.399998,2025-01-14 17:20:52.399998,227
453,user228@example.com,"Dear FutureMe, I never dream of what is the best for me. I hope the most and best for you. This message is especially for user 228.",2025-07-26 00:00:00,scheduled,1,Letter to FutureMe #228,2025-01-14 17:20:52.399998,2025-01-14 17:20:52.399998,228
454,user229@example.com,"Dear FutureMe, I never dream of what is the best for me. I hope the most and best for you. This message is especially for user 229.",2025-04-04 00:00:00,scheduled,1,Letter to FutureMe #229,2025-01-14 17:20:52.399998,2025-01-14 17:20:52.399998,229
455,user230@example.com,"Dear FutureMe, You need some space buddies. Aliens land yet? - did you get their help go to Space and fly around Mars. to come down and whisk you off. NASA have their thumb up their ass and deny any real leaps in technology.They still Bullshitting people?? If you did go - what I thought. did you take some pictures with some new kind of 3D Camera. Good job -I will start looking forward to it now. Later Space Cadet. (Happy Birthday by the way) This message is especially for user 230.",2025-02-25 00:00:00,scheduled,1,Letter to FutureMe #230,2025-01-14 17:20:52.400996,2025-01-14 17:20:52.400996,230
456,user231@example.com,"Dear FutureMe, You need some space buddies. Aliens land yet? - did you get their help go to Space and fly around Mars. to come down and whisk you off. NASA have their thumb up their ass and deny any real leaps in technology.They still Bullshitting people?? If you did go - what I thought. did you take some pictures with some new kind of 3D Camera. Good job -I will start looking forward to it now. Later Space Cadet. (Happy Birthday by the way) This message is especially for user 231.",2025-05-17 00:00:00,scheduled,1,Letter to FutureMe #231,2025-01-14 17:20:52.400996,2025-01-14 17:20:52.400996,231
457,user232@example.com,"Dear FutureMe, Important state hope alone media.Fast stock hour parent than store. Cause force shoulder course. This message is especially for user 232.",2025-02-04 00:00:00,scheduled,1,Letter to FutureMe #232,2025-01-14 17:20:52.402012,2025-01-14 17:20:52.402012,232
458,user233@example.com,"Dear FutureMe, You are already accepting your mistakes, accepting what you lack and giving more than what you receive. I hope this will not end here. The moment that you read this message, hopefully you are already happy with your life and you are living the life together with the person that you love the most. I want to see you with Ariel still. Godbless on your following Journey! This message is especially for user 233.",2025-09-11 00:00:00,scheduled,1,Letter to FutureMe #233,2025-01-14 17:20:52.402012,2025-01-14 17:20:52.402012,233
459,user234@example.com,"Dear FutureMe, You are already accepting your mistakes, accepting what you lack and giving more than what you receive. I hope this will not end here. The moment that you read this message, hopefully you are already happy with your life and you are living the life together with the person that you love the most. I want to see you with Ariel still. Godbless on your following Journey! This message is especially for user 234.",2025-07-30 00:00:00,scheduled,1,Letter to FutureMe #234,2025-01-14 17:20:52.402990,2025-01-14 17:20:52.402990,234
460,user235@example.com,"Dear FutureMe, You are already accepting your mistakes, accepting what you lack and giving more than what you receive. I hope this will not end here. The moment that you read this message, hopefully you are already happy with your life and you are living the life together with the person that you love the most. I want to see you with Ariel still. Godbless on your following Journey! This message is especially for user 235.",2025-09-20 00:00:00,scheduled,1,Letter to FutureMe #235,2025-01-14 17:20:52.402990,2025-01-14 17:20:52.402990,235
461,user236@example.com,"Dear FutureMe, I never dream of what is the best for me. I hope the most and best for you. This message is especially for user 236.",2025-09-20 00:00:00,scheduled,1,Letter to FutureMe #236,2025-01-14 17:20:52.402990,2025-01-14 17:20:52.402990,236
462,user237@example.com,"Dear FutureMe, Important state hope alone media.Fast stock hour parent than store. Cause force shoulder course. This message is especially for user 237.",2025-08-22 00:00:00,scheduled,1,Letter to FutureMe #237,2025-01-14 17:20:52.402990,2025-01-14 17:20:52.402990,237
463,user238@example.com,"Dear FutureMe, You need some space buddies. Aliens land yet? - did you get their help go to Space and fly around Mars. to come down and whisk you off. NASA have their thumb up their ass and deny any real leaps in technology.They still Bullshitting people?? If you did go - what I thought. did you take some pictures with some new kind of 3D Camera. Good job -I will start looking forward to it now. Later Space Cadet. (Happy Birthday by the way) This message is especially for user 238.",2025-09-20 00:00:00,scheduled,1,Letter to FutureMe #238,2025-01-14 17:20:52.403989,2025-01-14 17:20:52.403989,238
464,user239@example.com,"Dear FutureMe, You need some space buddies. Aliens land yet? - did you get their help go to Space and fly around Mars. to come down and whisk you off. NASA have their thumb up their ass and deny any real leaps in technology.They still Bullshitting people?? If you did go - what I thought. did you take some pictures with some new kind of 3D Camera. Good job -I will start looking forward to it now. Later Space Cadet. (Happy Birthday by the way) This message is especially for user 239.",2025-11-23 00:00:00,scheduled,1,Letter to FutureMe #239,2025-01-14 17:20:52.404027,2025-01-14 17:20:52.404027,239
465,user240@example.com,"Dear FutureMe, You need some space buddies. Aliens land yet? - did you get their help go to Space and fly around Mars. to come down and whisk you off. NASA have their thumb up their ass and deny any real leaps in technology.They still Bullshitting people?? If you did go - what I thought. did you take some pictures with some new kind of 3D Camera. Good job -I will start looking forward to it now. Later Space Cadet. (Happy Birthday by the way) This message is especially for user 240.",2025-05-29 00:00:00,scheduled,1,Letter to FutureMe #240,2025-01-14 17:20:52.404618,2025-01-14 17:20:52.404618,240
466,user241@example.com,"Dear FutureMe, Will you stick to your plan or will you take a different path. hopefully you committed to something and got out of your comfort zone and you're proud of yourself. This message is especially for user 241.",2025-05-15 00:00:00,scheduled,1,Letter to FutureMe #241,2025-01-14 17:20:52.405026,2025-01-14 17:20:52.405026,241
467,user242@example.com,"Dear FutureMe, Will you stick to your plan or will you take a different path. hopefully you committed to something and got out of your comfort zone and you're proud of yourself. This message is especially for user 242.",2025-05-21 00:00:00,scheduled,1,Letter to FutureMe #242,2025-01-14 17:20:52.405026,2025-01-14 17:20:52.405026,242
468,user243@example.com,"Dear FutureMe, Important state hope alone media.Fast stock hour parent than store. Cause force shoulder course. This message is especially for user 243.",2025-12-17 00:00:00,scheduled,1,Letter to FutureMe #243,2025-01-14 17:20:52.406023,2025-01-14 17:20:52.406023,243
469,user244@example.com,"Dear FutureMe, I never dream of what is the best for me. I hope the most and best for you. This message is especially for user 244.",2025-12-23 00:00:00,scheduled,1,Letter to FutureMe #244,2025-01-14 17:20:52.406023,2025-01-14 17:20:52.406023,244
470,user245@example.com,"Dear FutureMe, Important state hope alone media.Fast stock hour parent than store. Cause force shoulder course. This message is especially for user 245.",2025-10-13 00:00:00,scheduled,1,Letter to FutureMe #245,2025-01-14 17:20:52.406023,2025-01-14 17:20:52.406023,245
471,user246@example.com,"Dear FutureMe, Will you stick to your plan or will you take a different path. hopefully you committed to something and got out of your comfort zone and you're proud of yourself. This message is especially for user 246.",2025-02-09 00:00:00,scheduled,1,Letter to FutureMe #246,2025-01-14 17:20:52.407019,2025-01-14 17:20:52.407019,246
472,user247@example.com,"Dear FutureMe, Important state hope alone media.Fast stock hour parent than store. Cause force shoulder course. This message is especially for user 247.",2025-01-01 00:00:00,sent,1,Letter to FutureMe #247,2025-01-14 17:20:52.407019,2025-01-14 17:20:52.407019,247
473,user248@example.com,"Dear FutureMe, Will you stick to your plan or will you take a different path. hopefully you committed to something and got out of your comfort zone and you're proud of yourself. This message is especially for user 248.",2025-08-23 00:00:00,scheduled,1,Letter to FutureMe #248,2025-01-14 17:20:52.407019,2025-01-14 17:20:52.407019,248
474,user249@example.com,"Dear FutureMe, I never dream of what is the best for me. I hope the most and best for you. This message is especially for user 249.",2025-08-07 00:00:00,scheduled,1,Letter to FutureMe #249,2025-01-14 17:20:52.407019,2025-01-14 17:20:52.407019,249
